BoS_end_time,ticker,win/loss,sum_profits
1/1/2024 5:15,ONGUSDT,-0.02,-0.02
1/1/2024 5:45,NEARUSDT,-0.0235,-0.0435
1/1/2024 5:45,LPTUSDT,-0.0212,-0.0647
1/1/2024 5:45,POWRUSDT,-0.0226,-0.0873
1/1/2024 5:45,COMBOUSDT,-0.0212,-0.1085
1/1/2024 5:45,DODOXUSDT,-0.0265,-0.135
1/1/2024 5:45,ETCUSDT,-0.0224,-0.1574
1/1/2024 5:45,RIFUSDT,-0.021,-0.1784
1/1/2024 6:00,EDUUSDT,-0.0212,-0.1996
1/1/2024 6:00,GMXUSDT,-0.021,-0.2206
1/1/2024 6:30,MDTUSDT,-0.0247,-0.2453
1/1/2024 7:15,RLCUSDT,0.0493,-0.196
1/1/2024 7:15,RIFUSDT,-0.0346,-0.2306
1/1/2024 8:15,TLMUSDT,-0.0233,-0.2539
1/1/2024 8:45,KEYUSDT,-0.0241,-0.278
1/1/2024 10:45,FTMUSDT,0.0458,-0.2322
1/1/2024 11:45,GMTUSDT,0.0458,-0.1864
1/1/2024 12:30,SLPUSDT,0.0492,-0.1372
1/1/2024 12:30,MTLUSDT,0.048,-0.0892
1/1/2024 12:30,ADAUSDT,-0.022,-0.1112
1/1/2024 12:45,AGIXUSDT,0.0402,-0.071
1/1/2024 12:45,FETUSDT,0.0258,-0.0452
1/1/2024 12:45,OCEANUSDT,0.0481,0.0029
1/1/2024 13:15,TWTUSDT,0.041,0.0439
1/1/2024 13:30,JOEUSDT,0.0482,0.0921
1/1/2024 14:45,DOGEUSDT,0.05,0.1421
1/1/2024 14:45,ARUSDT,0.005,0.1471
1/1/2024 15:00,CHZUSDT,0.0401,0.1872
1/1/2024 15:00,ALICEUSDT,0.0385,0.2257
1/1/2024 15:15,HIGHUSDT,0.0409,0.2666
1/1/2024 15:15,JOEUSDT,0.0436,0.3102
1/1/2024 15:15,SUPERUSDT,0.0486,0.3588
1/1/2024 15:30,APEUSDT,0.0452,0.404
1/1/2024 15:30,1000FLOKIUSDT,0.05,0.454
1/1/2024 15:45,ARKMUSDT,0.0466,0.5006
1/1/2024 15:45,AXSUSDT,0.0469,0.5475
1/1/2024 15:45,OCEANUSDT,0.0443,0.5918
1/1/2024 15:45,1000PEPEUSDT,0.0479,0.6397
1/1/2024 16:00,DEFIUSDT,-0.0205,0.6192
1/1/2024 16:00,ATOMUSDT,0.0491,0.6683
1/1/2024 16:00,1000LUNCUSDT,0.0499,0.7182
1/1/2024 17:15,DGBUSDT,0.0475,0.7657
1/1/2024 17:15,PHBUSDT,0.0477,0.8134
1/1/2024 17:45,FETUSDT,0.0495,0.8629
1/1/2024 17:45,HIGHUSDT,0.0399,0.9028
1/1/2024 17:45,SUPERUSDT,0.0428,0.9456
1/1/2024 18:00,HFTUSDT,0.0442,0.9898
1/1/2024 18:00,QNTUSDT,-0.0215,0.9683
1/1/2024 18:00,EDUUSDT,0.0438,1.0121
1/1/2024 18:00,GLMRUSDT,0.0397,1.0518
1/1/2024 18:00,DARUSDT,0.0398,1.0916
1/1/2024 18:00,BTCUSDT,0.0256,1.1172
1/1/2024 18:00,BONDUSDT,0.0486,1.1658
1/1/2024 18:00,SNXUSDT,0.0461,1.2119
1/1/2024 18:00,AAVEUSDT,0.0416,1.2535
1/1/2024 18:00,1000SHIBUSDT,0.0345,1.288
1/1/2024 18:00,1000FLOKIUSDT,0.0449,1.3329
1/1/2024 18:00,PEOPLEUSDT,0.0338,1.3667
1/1/2024 18:00,DOGEUSDT,0.0418,1.4085
1/1/2024 18:00,MTLUSDT,0.0453,1.4538
1/1/2024 18:00,DOTUSDT,0.0388,1.4926
1/1/2024 18:00,ARKMUSDT,0.0453,1.5379
1/1/2024 18:00,KNCUSDT,0.0475,1.5854
1/1/2024 18:00,ILVUSDT,-0.027,1.5584
1/1/2024 18:00,ETHUSDT,0.0365,1.5949
1/1/2024 18:00,LTCUSDT,0.0447,1.6396
1/1/2024 18:00,RUNEUSDT,-0.031,1.6086
1/1/2024 18:00,AXSUSDT,0.0452,1.6538
1/1/2024 18:00,CELRUSDT,0.0478,1.7016
1/1/2024 18:00,STPTUSDT,0.0465,1.7481
1/1/2024 18:00,AVAXUSDT,0.0484,1.7965
1/1/2024 18:00,GALAUSDT,0.049,1.8455
1/1/2024 18:00,LUNA2USDT,0.0442,1.8897
1/1/2024 18:00,OCEANUSDT,0.0474,1.9371
1/1/2024 18:00,ZILUSDT,0.0393,1.9764
1/1/2024 18:15,XVGUSDT,-0.022,1.9544
1/1/2024 18:15,BEAMXUSDT,0.0378,1.9922
1/1/2024 18:15,ONEUSDT,0.0479,2.0401
1/1/2024 18:15,UMAUSDT,0.0463,2.0864
1/1/2024 18:15,DEFIUSDT,-0.0228,2.0636
1/1/2024 18:15,BADGERUSDT,0.0427,2.1063
1/1/2024 18:30,APTUSDT,0.0383,2.1446
1/1/2024 19:00,OMGUSDT,0.0476,2.1922
1/1/2024 19:00,UNIUSDT,-0.0211,2.1711
1/1/2024 19:15,LEVERUSDT,-0.0216,2.1495
1/1/2024 19:30,CYBERUSDT,0.0468,2.1963
1/1/2024 19:45,DEFIUSDT,-0.021,2.1753
1/1/2024 20:00,DENTUSDT,0.0415,2.2168
1/1/2024 20:15,BNTUSDT,0.0473,2.2641
1/1/2024 20:45,BLURUSDT,0.0482,2.3123
1/1/2024 21:45,SNXUSDT,0.0485,2.3608
1/1/2024 22:00,BANDUSDT,0.0486,2.4094
1/1/2024 22:15,ALGOUSDT,0.0462,2.4556
1/1/2024 22:30,AAVEUSDT,0.0492,2.5048
1/1/2024 22:45,AGIXUSDT,0.05,2.5548
1/1/2024 22:45,FXSUSDT,0.0484,2.6032
1/1/2024 23:00,PENDLEUSDT,0.0499,2.6531
1/1/2024 23:00,SPELLUSDT,0.0488,2.7019
1/1/2024 23:15,BTCUSDT,0.044,2.7459
1/1/2024 23:15,LTCUSDT,-0.0203,2.7256
1/1/2024 23:15,AXSUSDT,0.0441,2.7697
1/1/2024 23:15,BTCDOMUSDT,0.0481,2.8178
1/1/2024 23:15,AVAXUSDT,0.0458,2.8636
1/1/2024 23:15,ADAUSDT,-0.0248,2.8388
1/1/2024 23:15,TRXUSDT,0.0479,2.8867
1/1/2024 23:30,APEUSDT,0.0491,2.9358
1/1/2024 23:30,STGUSDT,0.0498,2.9856
1/1/2024 23:30,ARKUSDT,0.0492,3.0348
1/1/2024 23:30,THETAUSDT,0.0495,3.0843
1/1/2024 23:30,COTIUSDT,-0.0212,3.0631
1/1/2024 23:30,GALAUSDT,-0.022,3.0411
1/1/2024 23:45,IDUSDT,0.0459,3.087
1/2/2024 0:00,DOGEUSDT,0.049,3.136
1/2/2024 0:00,BADGERUSDT,0.0485,3.1845
1/2/2024 0:15,1000SHIBUSDT,-0.0209,3.1636
1/2/2024 0:15,DGBUSDT,0.05,3.2136
1/2/2024 0:15,REEFUSDT,-0.0228,3.1908
1/2/2024 0:30,GLMRUSDT,0.0409,3.2317
1/2/2024 0:30,UNIUSDT,-0.0233,3.2084
1/2/2024 0:30,XEMUSDT,0.05,3.2584
1/2/2024 0:30,DOTUSDT,-0.0232,3.2352
1/2/2024 0:45,POLYXUSDT,-0.0226,3.2126
1/2/2024 0:45,STRAXUSDT,0.046,3.2586
1/2/2024 2:00,OGNUSDT,-0.0255,3.2331
1/2/2024 3:45,CFXUSDT,0.0398,3.2729
1/2/2024 4:00,DENTUSDT,-0.0235,3.2494
1/2/2024 4:00,MDTUSDT,0.0444,3.2938
1/2/2024 4:15,PEOPLEUSDT,-0.021,3.2728
1/2/2024 4:15,BELUSDT,-0.02,3.2528
1/2/2024 4:15,ARKMUSDT,-0.0203,3.2325
1/2/2024 4:15,SANDUSDT,-0.0214,3.2111
1/2/2024 4:30,BONDUSDT,0.0269,3.238
1/2/2024 4:30,LQTYUSDT,-0.0228,3.2152
1/2/2024 4:30,YFIUSDT,-0.0225,3.1927
1/2/2024 4:45,AMBUSDT,-0.0206,3.1721
1/2/2024 4:45,CHZUSDT,-0.0265,3.1456
1/2/2024 4:45,IOSTUSDT,-0.0215,3.1241
1/2/2024 4:45,CRVUSDT,-0.022,3.1021
1/2/2024 5:00,BNXUSDT,-0.0211,3.081
1/2/2024 5:15,OCEANUSDT,-0.0204,3.0606
1/2/2024 5:45,CYBERUSDT,-0.03,3.0306
1/2/2024 6:00,PENDLEUSDT,-0.0273,3.0033
1/2/2024 6:15,CFXUSDT,0.0431,3.0464
1/2/2024 6:15,HBARUSDT,0.0482,3.0946
1/2/2024 6:45,WLDUSDT,-0.0216,3.073
1/2/2024 7:30,MAVUSDT,0.0436,3.1166
1/2/2024 7:30,LINKUSDT,-0.022,3.0946
1/2/2024 8:00,XMRUSDT,-0.0233,3.0713
1/2/2024 8:15,AGIXUSDT,-0.0361,3.0352
1/2/2024 8:30,BALUSDT,-0.0215,3.0137
1/2/2024 8:45,FXSUSDT,-0.0229,2.9908
1/2/2024 9:15,APTUSDT,-0.0213,2.9695
1/2/2024 9:30,STGUSDT,-0.0377,2.9318
1/2/2024 10:15,KEYUSDT,0.0471,2.9789
1/2/2024 10:45,BATUSDT,-0.0249,2.954
1/2/2024 10:45,TUSDT,-0.0253,2.9287
1/2/2024 10:45,GASUSDT,-0.0235,2.9052
1/2/2024 11:00,HOTUSDT,-0.0353,2.8699
1/2/2024 11:30,ARPAUSDT,0.0464,2.9163
1/2/2024 13:45,IOTXUSDT,-0.0203,2.896
1/2/2024 14:15,XVGUSDT,0.0398,2.9358
1/2/2024 14:15,SNXUSDT,0.0493,2.9851
1/2/2024 14:15,UNIUSDT,0.0488,3.0339
1/2/2024 14:15,ARPAUSDT,-0.0249,3.009
1/2/2024 14:30,HFTUSDT,0.0465,3.0555
1/2/2024 14:30,IOTAUSDT,-0.0229,3.0326
1/2/2024 14:30,AMBUSDT,0.0498,3.0824
1/2/2024 14:30,KEYUSDT,-0.034,3.0484
1/2/2024 14:30,HOOKUSDT,-0.0241,3.0243
1/2/2024 14:30,KLAYUSDT,0.0447,3.069
1/2/2024 14:30,BICOUSDT,0.0474,3.1164
1/2/2024 14:30,JASMYUSDT,0.0437,3.1601
1/2/2024 18:15,HIGHUSDT,-0.0218,3.1383
1/2/2024 18:30,REEFUSDT,-0.0262,3.1121
1/2/2024 18:30,DYDXUSDT,-0.0228,3.0893
1/2/2024 18:45,MKRUSDT,0.0176,3.1069
1/2/2024 19:15,NKNUSDT,-0.0207,3.0862
1/2/2024 19:15,XTZUSDT,-0.0218,3.0644
1/2/2024 19:15,GALAUSDT,-0.0206,3.0438
1/2/2024 19:15,1000PEPEUSDT,-0.0216,3.0222
1/2/2024 19:30,GLMRUSDT,-0.025,2.9972
1/2/2024 20:00,JOEUSDT,-0.0225,2.9747
1/2/2024 20:30,HFTUSDT,-0.0209,2.9538
1/2/2024 20:30,XLMUSDT,-0.0213,2.9325
1/2/2024 20:30,CHZUSDT,-0.0217,2.9108
1/2/2024 20:30,SFPUSDT,-0.02,2.8908
1/2/2024 20:30,LITUSDT,-0.0234,2.8674
1/2/2024 20:30,UNIUSDT,-0.0215,2.8459
1/2/2024 20:30,1000FLOKIUSDT,-0.0239,2.822
1/2/2024 20:30,KEYUSDT,-0.02,2.802
1/2/2024 20:30,POWRUSDT,-0.041,2.761
1/2/2024 20:30,ALICEUSDT,-0.0224,2.7386
1/2/2024 20:30,ROSEUSDT,-0.0223,2.7163
1/2/2024 20:30,SANDUSDT,-0.0264,2.6899
1/2/2024 20:30,DYDXUSDT,-0.0244,2.6655
1/2/2024 20:30,FLOWUSDT,-0.0255,2.64
1/2/2024 20:30,1000PEPEUSDT,-0.0291,2.6109
1/2/2024 20:45,INJUSDT,-0.022,2.5889
1/2/2024 20:45,APEUSDT,-0.0274,2.5615
1/2/2024 20:45,FTMUSDT,-0.0211,2.5404
1/2/2024 20:45,SSVUSDT,-0.0215,2.5189
1/2/2024 20:45,BONDUSDT,-0.0214,2.4975
1/2/2024 20:45,OPUSDT,-0.022,2.4755
1/2/2024 20:45,1000SHIBUSDT,-0.0213,2.4542
1/2/2024 20:45,BICOUSDT,-0.0204,2.4338
1/2/2024 20:45,BADGERUSDT,-0.0215,2.4123
1/2/2024 20:45,JASMYUSDT,-0.0213,2.391
1/2/2024 20:45,LRCUSDT,-0.0204,2.3706
1/2/2024 21:00,LTCUSDT,-0.0261,2.3445
1/2/2024 22:30,ICXUSDT,0.0462,2.3907
1/2/2024 23:15,JOEUSDT,-0.0295,2.3612
1/3/2024 0:15,LQTYUSDT,-0.0213,2.3399
1/3/2024 1:45,BANDUSDT,-0.0232,2.3167
1/3/2024 3:00,CTKUSDT,0.0492,2.3659
1/3/2024 3:15,ICXUSDT,-0.02,2.3459
1/3/2024 3:30,RUNEUSDT,0.0484,2.3943
1/3/2024 4:00,IOSTUSDT,0.0457,2.44
1/3/2024 4:00,CELOUSDT,0.0472,2.4872
1/3/2024 4:00,RENUSDT,0.046,2.5332
1/3/2024 5:30,MOVRUSDT,-0.0234,2.5098
1/3/2024 5:30,TLMUSDT,-0.0396,2.4702
1/3/2024 6:00,OXTUSDT,0.0458,2.516
1/3/2024 6:15,APEUSDT,-0.02,2.496
1/3/2024 6:30,STGUSDT,-0.0263,2.4697
1/3/2024 7:00,WAXPUSDT,-0.0208,2.4489
1/3/2024 7:30,GMTUSDT,0.0466,2.4955
1/3/2024 8:00,HOOKUSDT,-0.0209,2.4746
1/3/2024 9:00,RENUSDT,-0.0223,2.4523
1/3/2024 9:15,ALICEUSDT,-0.0209,2.4314
1/3/2024 10:00,BICOUSDT,-0.0328,2.3986
1/4/2024 3:00,TRXUSDT,-0.0248,2.3738
1/4/2024 5:30,COMBOUSDT,-0.0206,2.3532
1/4/2024 6:15,GASUSDT,-0.0213,2.3319
1/4/2024 8:00,RIFUSDT,0.0486,2.3805
1/4/2024 14:45,OMGUSDT,-0.0261,2.3544
1/4/2024 14:45,ILVUSDT,0.0436,2.398
1/4/2024 16:30,AGLDUSDT,0.0483,2.4463
1/4/2024 17:00,ETHUSDT,-0.021,2.4253
1/4/2024 17:15,ATOMUSDT,-0.0203,2.405
1/4/2024 17:15,ANKRUSDT,-0.0204,2.3846
1/4/2024 17:30,API3USDT,-0.0301,2.3545
1/4/2024 17:30,ALICEUSDT,-0.0213,2.3332
1/4/2024 18:30,DASHUSDT,-0.0243,2.3089
1/4/2024 19:15,XRPUSDT,-0.0212,2.2877
1/4/2024 19:15,XMRUSDT,-0.0223,2.2654
1/4/2024 19:15,ATOMUSDT,-0.0219,2.2435
1/4/2024 19:45,BANDUSDT,-0.0209,2.2226
1/4/2024 20:15,MAGICUSDT,-0.0204,2.2022
1/4/2024 20:30,XRPUSDT,-0.0252,2.177
1/4/2024 20:30,ICXUSDT,-0.022,2.155
1/4/2024 20:30,ILVUSDT,-0.0234,2.1316
1/4/2024 20:30,BADGERUSDT,-0.0287,2.1029
1/4/2024 22:00,XLMUSDT,-0.0234,2.0795
1/4/2024 22:00,XRPUSDT,-0.02,2.0595
1/4/2024 22:00,WAVESUSDT,-0.0215,2.038
1/4/2024 23:15,ILVUSDT,-0.0202,2.0178
1/5/2024 0:00,KNCUSDT,-0.0266,1.9912
1/5/2024 0:15,DARUSDT,-0.052,1.9392
1/5/2024 5:45,ARUSDT,-0.0214,1.9178
1/5/2024 5:45,IMXUSDT,0.0451,1.9629
1/5/2024 6:15,XVGUSDT,-0.0208,1.9421
1/5/2024 6:15,HOOKUSDT,-0.0208,1.9213
1/5/2024 6:15,STMXUSDT,0.0476,1.9689
1/5/2024 6:15,KLAYUSDT,-0.0209,1.948
1/5/2024 6:15,ILVUSDT,-0.0218,1.9262
1/5/2024 6:15,VETUSDT,-0.021,1.9052
1/5/2024 8:00,RDNTUSDT,-0.0234,1.8818
1/5/2024 8:30,STMXUSDT,0.05,1.9318
1/5/2024 10:00,SNXUSDT,0.05,1.9818
1/5/2024 10:15,AGLDUSDT,-0.0238,1.958
1/5/2024 10:30,ILVUSDT,0.0458,2.0038
1/5/2024 10:30,SUIUSDT,-0.0215,1.9823
1/5/2024 14:00,BNBUSDT,0.0491,2.0314
1/5/2024 14:15,GMXUSDT,0.0485,2.0799
1/5/2024 14:15,NEOUSDT,-0.0214,2.0585
1/5/2024 14:15,1000XECUSDT,-0.0214,2.0371
1/5/2024 14:15,ETHUSDT,-0.0202,2.0169
1/5/2024 14:15,TWTUSDT,0.0451,2.062
1/5/2024 14:15,ANKRUSDT,0.0432,2.1052
1/5/2024 15:15,BTCDOMUSDT,0.0486,2.1538
1/5/2024 16:45,BATUSDT,-0.0243,2.1295
1/5/2024 16:45,XLMUSDT,-0.0248,2.1047
1/5/2024 16:45,OPUSDT,-0.0378,2.0669
1/5/2024 16:45,MANAUSDT,-0.0217,2.0452
1/5/2024 16:45,LPTUSDT,-0.0252,2.02
1/5/2024 16:45,WAXPUSDT,-0.025,1.995
1/5/2024 16:45,CVXUSDT,-0.0226,1.9724
1/5/2024 16:45,STMXUSDT,-0.0281,1.9443
1/5/2024 16:45,MTLUSDT,-0.0226,1.9217
1/5/2024 16:45,IMXUSDT,-0.0227,1.899
1/5/2024 16:45,BICOUSDT,-0.0237,1.8753
1/5/2024 16:45,SXPUSDT,-0.0255,1.8498
1/5/2024 16:45,KAVAUSDT,-0.0228,1.827
1/5/2024 16:45,ETHUSDT,-0.0234,1.8036
1/5/2024 16:45,SANDUSDT,-0.0246,1.779
1/5/2024 16:45,STPTUSDT,-0.0228,1.7562
1/5/2024 16:45,ETCUSDT,-0.0262,1.73
1/5/2024 16:45,ZILUSDT,-0.0247,1.7053
1/6/2024 0:30,CTSIUSDT,-0.0309,1.6744
1/6/2024 0:45,ORBSUSDT,0.0348,1.7092
1/6/2024 2:30,SNXUSDT,-0.0222,1.687
1/6/2024 4:30,HBARUSDT,0.0472,1.7342
1/6/2024 4:45,BADGERUSDT,0.0419,1.7761
1/6/2024 8:30,XVSUSDT,-0.0357,1.7404
1/6/2024 14:45,BSVUSDT,0.0442,1.7846
1/6/2024 16:00,ONTUSDT,-0.0286,1.756
1/6/2024 17:30,XVGUSDT,-0.0212,1.7348
1/6/2024 17:30,XEMUSDT,-0.02,1.7148
1/6/2024 17:30,CTKUSDT,-0.0203,1.6945
1/6/2024 17:30,EOSUSDT,-0.02,1.6745
1/6/2024 18:45,FILUSDT,-0.0254,1.6491
1/6/2024 21:00,PERPUSDT,-0.0235,1.6256
1/6/2024 22:15,STRAXUSDT,0.0488,1.6744
1/6/2024 22:30,COMPUSDT,-0.0204,1.654
1/6/2024 22:30,ATAUSDT,-0.0245,1.6295
1/7/2024 2:00,GTCUSDT,-0.02,1.6095
1/7/2024 2:45,SXPUSDT,0.0292,1.6387
1/7/2024 2:45,GALAUSDT,-0.0204,1.6183
1/7/2024 4:30,LINAUSDT,-0.0239,1.5944
1/7/2024 6:00,GMXUSDT,-0.0208,1.5736
1/7/2024 6:00,LTCUSDT,-0.0322,1.5414
1/7/2024 7:00,SPELLUSDT,-0.0318,1.5096
1/7/2024 7:15,AMBUSDT,-0.0221,1.4875
1/7/2024 7:30,LEVERUSDT,-0.0225,1.465
1/7/2024 7:45,SLPUSDT,-0.0298,1.4352
1/7/2024 8:15,EDUUSDT,-0.0231,1.4121
1/7/2024 8:15,COMBOUSDT,-0.0213,1.3908
1/7/2024 8:15,ADAUSDT,-0.0219,1.3689
1/7/2024 8:15,FILUSDT,-0.0257,1.3432
1/7/2024 8:45,ASTRUSDT,0.0496,1.3928
1/7/2024 12:00,ARKUSDT,0.0477,1.4405
1/7/2024 12:00,STORJUSDT,0.0457,1.4862
1/7/2024 12:00,ZRXUSDT,-0.0235,1.4627
1/7/2024 14:00,DGBUSDT,0.05,1.5127
1/7/2024 14:00,ONGUSDT,0.0463,1.559
1/7/2024 14:00,STMXUSDT,0.0481,1.6071
1/7/2024 14:00,LOOMUSDT,0.0386,1.6457
1/7/2024 14:15,HIGHUSDT,0.0466,1.6923
1/7/2024 14:15,NMRUSDT,0.0493,1.7416
1/7/2024 14:15,GASUSDT,0.0498,1.7914
1/7/2024 14:15,ARKUSDT,0.0479,1.8393
1/7/2024 14:15,TWTUSDT,0.046,1.8853
1/7/2024 14:30,GRTUSDT,0.0409,1.9262
1/7/2024 14:30,CVXUSDT,0.0484,1.9746
1/7/2024 14:30,LRCUSDT,0.0473,2.0219
1/7/2024 15:15,AXSUSDT,0.0476,2.0695
1/7/2024 15:15,BTCDOMUSDT,0.0477,2.1172
1/7/2024 15:15,ATAUSDT,0.0413,2.1585
1/7/2024 15:30,TRUUSDT,0.05,2.2085
1/7/2024 15:45,ORBSUSDT,0.05,2.2585
1/7/2024 16:45,STEEMUSDT,0.0428,2.3013
1/7/2024 16:45,SNXUSDT,0.0458,2.3471
1/7/2024 16:45,BNXUSDT,0.047,2.3941
1/7/2024 16:45,FXSUSDT,0.0485,2.4426
1/7/2024 21:15,DGBUSDT,0.0484,2.491
1/7/2024 22:00,GASUSDT,0.0482,2.5392
1/7/2024 22:00,ONGUSDT,0.0453,2.5845
1/7/2024 22:00,DEFIUSDT,0.0439,2.6284
1/7/2024 22:00,BICOUSDT,0.0433,2.6717
1/7/2024 22:15,XMRUSDT,-0.0223,2.6494
1/8/2024 0:45,BCHUSDT,-0.0252,2.6242
1/8/2024 2:00,BLZUSDT,-0.0222,2.602
1/8/2024 12:00,CELOUSDT,0.0373,2.6393
1/8/2024 12:00,XMRUSDT,-0.02,2.6193
1/8/2024 14:15,HIGHUSDT,0.0491,2.6684
1/8/2024 14:30,SNXUSDT,-0.0209,2.6475
1/8/2024 14:30,ANKRUSDT,-0.0239,2.6236
1/8/2024 15:30,REEFUSDT,0.0469,2.6705
1/8/2024 15:30,YFIUSDT,0.0464,2.7169
1/8/2024 17:30,IOTAUSDT,0.0494,2.7663
1/8/2024 17:30,STEEMUSDT,0.0453,2.8116
1/8/2024 17:30,GMXUSDT,-0.0208,2.7908
1/8/2024 17:30,FXSUSDT,-0.0237,2.7671
1/8/2024 17:30,RUNEUSDT,0.0498,2.8169
1/8/2024 17:30,LRCUSDT,-0.0233,2.7936
1/8/2024 17:45,GRTUSDT,-0.0242,2.7694
1/8/2024 17:45,CHZUSDT,0.0416,2.811
1/8/2024 17:45,DARUSDT,0.0467,2.8577
1/8/2024 17:45,MANAUSDT,-0.0242,2.8335
1/8/2024 17:45,DOGEUSDT,0.043,2.8765
1/8/2024 17:45,STMXUSDT,0.0377,2.9142
1/8/2024 17:45,RSRUSDT,0.0426,2.9568
1/8/2024 17:45,DEFIUSDT,0.0385,2.9953
1/8/2024 17:45,DOTUSDT,-0.0208,2.9745
1/8/2024 17:45,ICXUSDT,-0.0283,2.9462
1/8/2024 17:45,REEFUSDT,-0.0207,2.9255
1/8/2024 17:45,API3USDT,-0.0213,2.9042
1/8/2024 17:45,ETHUSDT,0.0333,2.9375
1/8/2024 17:45,EOSUSDT,-0.0239,2.9136
1/8/2024 17:45,BANDUSDT,-0.0237,2.8899
1/8/2024 17:45,SUSHIUSDT,0.0455,2.9354
1/8/2024 17:45,ATOMUSDT,-0.0209,2.9145
1/8/2024 17:45,ONTUSDT,-0.0227,2.8918
1/8/2024 17:45,SANDUSDT,-0.0249,2.8669
1/8/2024 17:45,SNTUSDT,0.041,2.9079
1/8/2024 17:45,AVAXUSDT,0.0451,2.953
1/8/2024 17:45,ETCUSDT,0.0422,2.9952
1/8/2024 17:45,C98USDT,0.0403,3.0355
1/8/2024 17:45,ADAUSDT,0.0467,3.0822
1/8/2024 17:45,RVNUSDT,-0.0214,3.0608
1/8/2024 17:45,DASHUSDT,-0.0262,3.0346
1/8/2024 18:00,XVGUSDT,0.0457,3.0803
1/8/2024 18:00,SPELLUSDT,-0.0238,3.0565
1/8/2024 18:00,STPTUSDT,-0.021,3.0355
1/8/2024 18:00,ALPHAUSDT,-0.0232,3.0123
1/8/2024 21:00,CELOUSDT,-0.0242,2.9881
1/8/2024 21:30,AGIXUSDT,-0.0212,2.9669
1/8/2024 21:30,HIGHUSDT,-0.0219,2.945
1/8/2024 21:30,NEOUSDT,-0.0247,2.9203
1/8/2024 21:30,1000XECUSDT,0.0235,2.9438
1/8/2024 21:30,FXSUSDT,-0.021,2.9228
1/8/2024 21:30,ONTUSDT,-0.0245,2.8983
1/8/2024 21:30,ANKRUSDT,-0.0245,2.8738
1/8/2024 21:30,BCHUSDT,0.0352,2.909
1/8/2024 21:30,ZILUSDT,-0.0207,2.8883
1/8/2024 22:00,ETCUSDT,-0.0221,2.8662
1/8/2024 22:15,XLMUSDT,-0.0209,2.8453
1/8/2024 22:15,QTUMUSDT,-0.0205,2.8248
1/8/2024 22:15,XVGUSDT,-0.0244,2.8004
1/8/2024 22:15,IOSTUSDT,-0.0203,2.7801
1/8/2024 22:15,DGBUSDT,-0.0218,2.7583
1/8/2024 22:15,KAVAUSDT,-0.0342,2.7241
1/8/2024 22:15,SUSHIUSDT,-0.0297,2.6944
1/8/2024 22:15,ARKUSDT,-0.023,2.6714
1/8/2024 22:15,AXSUSDT,-0.0224,2.649
1/8/2024 22:15,DODOXUSDT,-0.0267,2.6223
1/8/2024 22:15,HOTUSDT,-0.0248,2.5975
1/8/2024 22:30,IOTXUSDT,-0.0321,2.5654
1/8/2024 22:45,CHZUSDT,-0.0214,2.544
1/8/2024 22:45,NMRUSDT,-0.0238,2.5202
1/8/2024 22:45,GASUSDT,-0.0221,2.4981
1/8/2024 22:45,UMAUSDT,-0.0217,2.4764
1/8/2024 22:45,SXPUSDT,-0.0229,2.4535
1/8/2024 22:45,BELUSDT,-0.0227,2.4308
1/8/2024 22:45,C98USDT,-0.0226,2.4082
1/8/2024 23:00,HIGHUSDT,-0.022,2.3862
1/8/2024 23:00,MTLUSDT,-0.0222,2.364
1/8/2024 23:00,LQTYUSDT,-0.0208,2.3432
1/8/2024 23:00,FLOWUSDT,-0.0212,2.322
1/9/2024 3:00,BTCDOMUSDT,-0.0251,2.2969
1/9/2024 5:15,POLYXUSDT,0.0492,2.3461
1/9/2024 8:00,CELOUSDT,0.0416,2.3877
1/9/2024 8:00,LOOMUSDT,0.0472,2.4349
1/9/2024 8:30,IDUSDT,0.0427,2.4776
1/9/2024 8:30,GASUSDT,0.0474,2.525
1/9/2024 8:30,MAGICUSDT,0.05,2.575
1/9/2024 8:30,HIFIUSDT,0.0448,2.6198
1/9/2024 8:30,POLYXUSDT,0.039,2.6588
1/9/2024 8:30,RDNTUSDT,0.0481,2.7069
1/9/2024 10:45,SKLUSDT,0.0492,2.7561
1/9/2024 12:45,BATUSDT,0.0305,2.7866
1/9/2024 12:45,BALUSDT,-0.0393,2.7473
1/9/2024 12:45,XLMUSDT,0.0278,2.7751
1/9/2024 12:45,IOTAUSDT,0.0207,2.7958
1/9/2024 12:45,AGIXUSDT,-0.0429,2.7529
1/9/2024 12:45,DARUSDT,0.0274,2.7803
1/9/2024 12:45,LITUSDT,0.0248,2.8051
1/9/2024 12:45,UNIUSDT,0.0326,2.8377
1/9/2024 12:45,RADUSDT,-0.0317,2.806
1/9/2024 12:45,ENSUSDT,0.0239,2.8299
1/9/2024 12:45,ONGUSDT,0.0271,2.857
1/9/2024 12:45,CVXUSDT,-0.0375,2.8195
1/9/2024 12:45,ARUSDT,0.0219,2.8414
1/9/2024 12:45,IMXUSDT,0.0271,2.8685
1/9/2024 12:45,NKNUSDT,-0.0342,2.8343
1/9/2024 12:45,EOSUSDT,0.0321,2.8664
1/9/2024 12:45,BANDUSDT,0.0182,2.8846
1/9/2024 12:45,STRAXUSDT,0.0362,2.9208
1/9/2024 12:45,DENTUSDT,0.0325,2.9533
1/9/2024 12:45,BLZUSDT,-0.029,2.9243
1/9/2024 12:45,ONTUSDT,-0.0384,2.8859
1/9/2024 12:45,LOOMUSDT,0.0204,2.9063
1/9/2024 12:45,SNTUSDT,0.021,2.9273
1/9/2024 12:45,FLOWUSDT,0.0332,2.9605
1/9/2024 12:45,LINKUSDT,0.0315,2.992
1/9/2024 12:45,CTSIUSDT,0.0274,3.0194
1/9/2024 12:45,DASHUSDT,0.0272,3.0466
1/9/2024 19:15,SKLUSDT,-0.0217,3.0249
1/9/2024 19:15,DARUSDT,-0.0224,3.0025
1/9/2024 19:15,STEEMUSDT,-0.0242,2.9783
1/9/2024 19:15,API3USDT,-0.0225,2.9558
1/9/2024 19:15,KSMUSDT,-0.0245,2.9313
1/9/2024 19:15,COTIUSDT,-0.02,2.9113
1/9/2024 19:15,ZRXUSDT,-0.0211,2.8902
1/9/2024 19:30,GRTUSDT,-0.0201,2.8701
1/9/2024 19:30,ALICEUSDT,-0.0231,2.847
1/9/2024 19:30,FILUSDT,-0.0226,2.8244
1/9/2024 20:45,QNTUSDT,-0.0244,2.8
1/9/2024 20:45,PERPUSDT,-0.0247,2.7753
1/10/2024 3:45,HIFIUSDT,-0.0204,2.7549
1/10/2024 4:00,HOTUSDT,-0.0236,2.7313
1/10/2024 5:45,APEUSDT,-0.0256,2.7057
1/10/2024 5:45,ATAUSDT,-0.0299,2.6758
1/10/2024 6:15,TWTUSDT,-0.0233,2.6525
1/10/2024 6:30,HIGHUSDT,-0.022,2.6305
1/10/2024 8:00,XRPUSDT,0.0483,2.6788
1/10/2024 9:15,MKRUSDT,-0.0219,2.6569
1/10/2024 11:00,SPELLUSDT,-0.0203,2.6366
1/10/2024 17:30,XVGUSDT,0.044,2.6806
1/10/2024 17:30,LRCUSDT,0.049,2.7296
1/10/2024 18:00,AXSUSDT,0.0478,2.7774
1/10/2024 19:45,KASUSDT,-0.0289,2.7485
1/10/2024 20:00,BLZUSDT,-0.0243,2.7242
1/11/2024 1:15,XLMUSDT,-0.0201,2.7041
1/11/2024 3:45,RSRUSDT,-0.0213,2.6828
1/11/2024 10:15,OMGUSDT,0.0403,2.7231
1/11/2024 10:15,LINAUSDT,-0.02,2.7031
1/11/2024 10:15,RSRUSDT,-0.02,2.6831
1/11/2024 10:15,AGLDUSDT,-0.0224,2.6607
1/11/2024 10:15,REEFUSDT,-0.0253,2.6354
1/11/2024 10:45,BNXUSDT,0.0442,2.6796
1/11/2024 10:45,FLOWUSDT,0.0486,2.7282
1/11/2024 10:45,OXTUSDT,-0.0208,2.7074
1/11/2024 11:45,1000FLOKIUSDT,-0.0216,2.6858
1/11/2024 12:00,ICPUSDT,-0.0218,2.664
1/11/2024 12:00,DOTUSDT,-0.024,2.64
1/11/2024 12:45,HOTUSDT,-0.0212,2.6188
1/11/2024 14:00,BTCUSDT,-0.0294,2.5894
1/11/2024 14:30,DGBUSDT,-0.0211,2.5683
1/12/2024 1:15,FTMUSDT,-0.0285,2.5398
1/12/2024 1:15,POLYXUSDT,-0.0218,2.518
1/12/2024 1:15,ROSEUSDT,-0.0295,2.4885
1/12/2024 3:15,STXUSDT,0.0458,2.5343
1/12/2024 3:45,SKLUSDT,-0.0253,2.509
1/12/2024 13:45,DASHUSDT,-0.0219,2.4871
1/12/2024 14:00,TWTUSDT,-0.0225,2.4646
1/12/2024 14:15,1000SHIBUSDT,-0.0237,2.4409
1/12/2024 14:15,KEYUSDT,-0.0228,2.4181
1/12/2024 14:15,HBARUSDT,-0.0256,2.3925
1/12/2024 14:15,DEFIUSDT,-0.0203,2.3722
1/12/2024 14:15,BELUSDT,-0.0214,2.3508
1/12/2024 14:15,LEVERUSDT,-0.0213,2.3295
1/12/2024 21:00,GMXUSDT,0.0297,2.3592
1/12/2024 21:00,MAGICUSDT,0.039,2.3982
1/12/2024 21:00,ARBUSDT,0.0356,2.4338
1/13/2024 8:00,CELOUSDT,-0.0266,2.4072
1/13/2024 13:30,BAKEUSDT,-0.026,2.3812
1/13/2024 13:45,TRXUSDT,-0.0229,2.3583
1/13/2024 15:15,QNTUSDT,-0.0203,2.338
1/13/2024 17:15,ALGOUSDT,-0.0208,2.3172
1/13/2024 17:45,BELUSDT,-0.0204,2.2968
1/13/2024 18:30,XMRUSDT,0.0495,2.3463
1/13/2024 19:00,HIFIUSDT,-0.0281,2.3182
1/13/2024 19:00,BNBUSDT,-0.0202,2.298
1/13/2024 19:00,OXTUSDT,-0.0212,2.2768
1/13/2024 19:15,EDUUSDT,-0.0215,2.2553
1/13/2024 19:30,CKBUSDT,-0.0211,2.2342
1/13/2024 20:30,IOTAUSDT,-0.02,2.2142
1/13/2024 20:30,ZRXUSDT,-0.0224,2.1918
1/13/2024 21:00,KAVAUSDT,-0.0216,2.1702
1/13/2024 21:00,MDTUSDT,0.0206,2.1908
1/13/2024 21:00,THETAUSDT,-0.0205,2.1703
1/13/2024 21:45,CAKEUSDT,-0.0246,2.1457
1/13/2024 21:45,EDUUSDT,-0.0215,2.1242
1/13/2024 21:45,HIFIUSDT,-0.0236,2.1006
1/13/2024 21:45,ICXUSDT,-0.0212,2.0794
1/13/2024 21:45,AVAXUSDT,-0.0208,2.0586
1/13/2024 22:00,MASKUSDT,0.0493,2.1079
1/13/2024 22:00,FETUSDT,-0.0227,2.0852
1/13/2024 22:15,ICPUSDT,-0.0234,2.0618
1/13/2024 22:15,MKRUSDT,-0.022,2.0398
1/13/2024 22:15,RIFUSDT,-0.0224,2.0174
1/13/2024 22:45,INJUSDT,-0.0304,1.987
1/13/2024 22:45,ILVUSDT,-0.0206,1.9664
1/13/2024 22:45,ANKRUSDT,-0.0216,1.9448
1/13/2024 22:45,ATAUSDT,-0.02,1.9248
1/13/2024 22:45,RVNUSDT,-0.02,1.9048
1/13/2024 23:00,ETHUSDT,-0.0251,1.8797
1/14/2024 0:00,TIAUSDT,-0.0333,1.8464
1/14/2024 2:15,NEOUSDT,-0.0206,1.8258
1/14/2024 3:30,GRTUSDT,-0.0218,1.804
1/14/2024 3:30,MANAUSDT,0.047,1.851
1/14/2024 3:30,LINAUSDT,-0.0245,1.8265
1/14/2024 4:00,IOTAUSDT,-0.0209,1.8056
1/14/2024 4:00,GMXUSDT,0.047,1.8526
1/14/2024 4:15,DARUSDT,-0.0214,1.8312
1/14/2024 4:15,KAVAUSDT,-0.0239,1.8073
1/14/2024 4:15,ZILUSDT,-0.0227,1.7846
1/14/2024 4:30,SPELLUSDT,-0.0244,1.7602
1/14/2024 4:30,NEOUSDT,-0.0201,1.7401
1/14/2024 4:30,LQTYUSDT,-0.0269,1.7132
1/14/2024 4:30,ETCUSDT,0.0458,1.759
1/14/2024 4:30,DASHUSDT,-0.0239,1.7351
1/14/2024 4:45,CELOUSDT,-0.022,1.7131
1/14/2024 5:15,SOLUSDT,0.0442,1.7573
1/14/2024 6:15,COMPUSDT,-0.0242,1.7331
1/14/2024 8:15,BELUSDT,-0.0213,1.7118
1/14/2024 8:30,SUPERUSDT,0.0195,1.7313
1/14/2024 8:30,C98USDT,-0.0259,1.7054
1/14/2024 8:45,AMBUSDT,-0.0238,1.6816
1/14/2024 8:45,XRPUSDT,0.0391,1.7207
1/14/2024 8:45,STPTUSDT,0.0462,1.7669
1/14/2024 9:15,STRAXUSDT,0.0485,1.8154
1/14/2024 9:45,JASMYUSDT,-0.0363,1.7791
1/14/2024 10:00,ARKMUSDT,-0.0209,1.7582
1/14/2024 11:15,YFIUSDT,-0.0244,1.7338
1/14/2024 11:45,SSVUSDT,0.0377,1.7715
1/14/2024 12:15,BICOUSDT,0.0087,1.7802
1/14/2024 12:45,IOTXUSDT,-0.0221,1.7581
1/14/2024 12:45,UMAUSDT,-0.0229,1.7352
1/14/2024 12:45,CKBUSDT,-0.0254,1.7098
1/14/2024 12:45,LUNA2USDT,-0.0202,1.6896
1/14/2024 13:00,ARBUSDT,-0.0235,1.6661
1/14/2024 16:00,KLAYUSDT,-0.02,1.6461
1/14/2024 16:15,RDNTUSDT,0.0484,1.6945
1/14/2024 17:30,LINKUSDT,-0.0218,1.6727
1/14/2024 18:15,OPUSDT,0.0495,1.7222
1/14/2024 18:15,GMXUSDT,0.041,1.7632
1/14/2024 18:15,UNIUSDT,0.0493,1.8125
1/14/2024 18:15,RSRUSDT,0.0448,1.8573
1/14/2024 18:15,IMXUSDT,0.0454,1.9027
1/14/2024 18:15,CELOUSDT,0.05,1.9527
1/14/2024 18:15,BANDUSDT,-0.0234,1.9293
1/14/2024 18:15,TLMUSDT,0.0408,1.9701
1/14/2024 18:15,SEIUSDT,0.0439,2.014
1/14/2024 18:15,ATAUSDT,0.0382,2.0522
1/14/2024 19:00,MKRUSDT,-0.0228,2.0294
1/14/2024 19:00,LRCUSDT,-0.0222,2.0072
1/14/2024 19:00,ARBUSDT,0.0445,2.0517
1/14/2024 19:15,ORDIUSDT,-0.0203,2.0314
1/14/2024 19:30,BONDUSDT,-0.0237,2.0077
1/14/2024 19:45,CHRUSDT,-0.0236,1.9841
1/14/2024 23:00,ASTRUSDT,-0.0201,1.964
1/14/2024 23:00,OPUSDT,-0.0236,1.9404
1/14/2024 23:00,IMXUSDT,-0.0204,1.92
1/14/2024 23:15,TWTUSDT,-0.0201,1.8999
1/15/2024 6:00,FLOWUSDT,-0.0228,1.8771
1/15/2024 8:45,CHZUSDT,-0.0218,1.8553
1/15/2024 9:30,INJUSDT,-0.0223,1.833
1/15/2024 9:30,OGNUSDT,-0.026,1.807
1/15/2024 11:15,ACEUSDT,-0.0286,1.7784
1/15/2024 11:30,MEMEUSDT,-0.0221,1.7563
1/15/2024 11:30,TRXUSDT,-0.0226,1.7337
1/15/2024 12:00,QTUMUSDT,-0.0207,1.713
1/15/2024 12:15,FTMUSDT,-0.0222,1.6908
1/15/2024 14:15,MEMEUSDT,-0.0221,1.6687
1/15/2024 14:30,1INCHUSDT,-0.0205,1.6482
1/15/2024 14:45,BATUSDT,-0.0272,1.621
1/15/2024 15:45,OPUSDT,-0.0302,1.5908
1/15/2024 18:15,TRBUSDT,-0.029,1.5618
1/15/2024 18:15,ATOMUSDT,-0.0288,1.533
1/15/2024 20:15,ARKMUSDT,0.0444,1.5774
1/16/2024 0:00,MINAUSDT,0.0439,1.6213
1/16/2024 1:30,WAXPUSDT,-0.025,1.5963
1/16/2024 1:30,ONGUSDT,-0.0232,1.5731
1/16/2024 3:30,FLMUSDT,-0.02,1.5531
1/16/2024 3:45,GTCUSDT,-0.0228,1.5303
1/16/2024 3:45,FXSUSDT,0.0468,1.5771
1/16/2024 4:00,CKBUSDT,-0.0241,1.553
1/16/2024 5:00,ASTRUSDT,-0.0206,1.5324
1/16/2024 5:00,STPTUSDT,-0.0237,1.5087
1/16/2024 5:15,1000FLOKIUSDT,-0.031,1.4777
1/16/2024 5:15,XEMUSDT,0.0459,1.5236
1/16/2024 5:15,REEFUSDT,-0.0266,1.497
1/16/2024 5:15,KSMUSDT,-0.0241,1.4729
1/16/2024 5:30,NMRUSDT,0.0338,1.5067
1/16/2024 5:30,LINAUSDT,-0.0266,1.4801
1/16/2024 5:30,JASMYUSDT,-0.031,1.4491
1/16/2024 5:45,STEEMUSDT,0.0407,1.4898
1/16/2024 5:45,PEOPLEUSDT,0.0432,1.533
1/16/2024 5:45,SUPERUSDT,0.0475,1.5805
1/16/2024 6:15,XEMUSDT,0.05,1.6305
1/16/2024 6:15,ARPAUSDT,-0.0219,1.6086
1/16/2024 7:30,STPTUSDT,-0.0209,1.5877
1/16/2024 8:15,SANDUSDT,-0.0225,1.5652
1/16/2024 8:30,THETAUSDT,-0.024,1.5412
1/16/2024 8:45,ONEUSDT,-0.023,1.5182
1/16/2024 9:00,ORBSUSDT,-0.0221,1.4961
1/16/2024 9:00,ALICEUSDT,-0.022,1.4741
1/16/2024 10:00,MKRUSDT,0.0495,1.5236
1/16/2024 10:15,PEOPLEUSDT,-0.025,1.4986
1/16/2024 10:45,IOSTUSDT,-0.0241,1.4745
1/16/2024 10:45,IOTXUSDT,0.05,1.5245
1/16/2024 10:45,CFXUSDT,-0.0283,1.4962
1/16/2024 12:00,FTMUSDT,-0.0229,1.4733
1/16/2024 12:00,STMXUSDT,-0.0233,1.45
1/16/2024 12:00,MTLUSDT,-0.0283,1.4217
1/16/2024 12:15,BICOUSDT,-0.0241,1.3976
1/16/2024 13:00,PENDLEUSDT,0.0417,1.4393
1/16/2024 14:30,MKRUSDT,-0.0349,1.4044
1/16/2024 17:15,XMRUSDT,-0.0235,1.3809
1/16/2024 18:00,TLMUSDT,0.0183,1.3992
1/16/2024 20:00,IMXUSDT,0.0461,1.4453
1/16/2024 21:15,HBARUSDT,-0.0218,1.4235
1/16/2024 21:15,STORJUSDT,-0.0239,1.3996
1/16/2024 21:30,PEOPLEUSDT,-0.0242,1.3754
1/16/2024 23:00,STGUSDT,0.0416,1.417
1/16/2024 23:00,LINAUSDT,-0.0323,1.3847
1/16/2024 23:00,KSMUSDT,0.0475,1.4322
1/17/2024 0:15,RUNEUSDT,-0.0216,1.4106
1/17/2024 0:30,LINAUSDT,-0.0218,1.3888
1/17/2024 1:15,STEEMUSDT,-0.0364,1.3524
1/17/2024 1:15,KSMUSDT,-0.0231,1.3293
1/17/2024 1:30,GALAUSDT,-0.0228,1.3065
1/17/2024 1:45,LPTUSDT,-0.0221,1.2844
1/17/2024 1:45,HOOKUSDT,-0.0205,1.2639
1/17/2024 1:45,ZRXUSDT,-0.0237,1.2402
1/17/2024 2:30,XVGUSDT,-0.0251,1.2151
1/17/2024 2:30,KNCUSDT,-0.0221,1.193
1/17/2024 3:00,ASTRUSDT,-0.022,1.171
1/17/2024 5:30,YFIUSDT,-0.0215,1.1495
1/17/2024 5:30,SANDUSDT,0.048,1.1975
1/17/2024 5:45,MASKUSDT,-0.0293,1.1682
1/17/2024 5:45,OMGUSDT,0.0462,1.2144
1/17/2024 5:45,STXUSDT,0.0481,1.2625
1/17/2024 5:45,JOEUSDT,-0.031,1.2315
1/17/2024 5:45,GMTUSDT,0.0322,1.2637
1/17/2024 5:45,1000XECUSDT,0.0395,1.3032
1/17/2024 5:45,ATOMUSDT,0.0456,1.3488
1/17/2024 5:45,ACHUSDT,-0.0251,1.3237
1/17/2024 5:45,STORJUSDT,-0.0349,1.2888
1/17/2024 5:45,ADAUSDT,0.0459,1.3347
1/17/2024 5:45,RIFUSDT,0.0386,1.3733
1/17/2024 5:45,DASHUSDT,-0.0247,1.3486
1/17/2024 5:45,LRCUSDT,0.0369,1.3855
1/17/2024 5:45,ARBUSDT,0.0486,1.4341
1/17/2024 7:45,BSVUSDT,-0.0308,1.4033
1/17/2024 10:15,LINKUSDT,-0.0275,1.3758
1/17/2024 11:15,IDUSDT,0.0487,1.4245
1/17/2024 12:45,DEFIUSDT,-0.0231,1.4014
1/17/2024 12:45,DODOXUSDT,-0.0242,1.3772
1/17/2024 13:30,MKRUSDT,-0.0203,1.3569
1/17/2024 13:45,LDOUSDT,0.0483,1.4052
1/17/2024 15:00,XMRUSDT,-0.0235,1.3817
1/17/2024 15:30,GTCUSDT,0.0489,1.4306
1/17/2024 16:15,CELRUSDT,0.0477,1.4783
1/17/2024 17:00,ROSEUSDT,-0.0221,1.4562
1/17/2024 19:15,GASUSDT,-0.0221,1.4341
1/17/2024 21:00,IOTXUSDT,-0.0205,1.4136
1/17/2024 22:00,SFPUSDT,0.049,1.4626
1/17/2024 22:15,CHZUSDT,-0.0226,1.44
1/17/2024 22:45,HIGHUSDT,-0.0249,1.4151
1/18/2024 0:15,MAGICUSDT,0.0461,1.4612
1/18/2024 1:30,HBARUSDT,-0.0317,1.4295
1/18/2024 1:30,DEFIUSDT,0.0449,1.4744
1/18/2024 1:30,JTOUSDT,0.0378,1.5122
1/18/2024 1:30,ALGOUSDT,-0.0249,1.4873
1/18/2024 1:30,CTSIUSDT,0.041,1.5283
1/18/2024 3:15,YGGUSDT,-0.0227,1.5056
1/18/2024 3:30,CTSIUSDT,-0.0224,1.4832
1/18/2024 5:00,FETUSDT,-0.024,1.4592
1/18/2024 5:00,MAGICUSDT,0.0473,1.5065
1/18/2024 5:00,CFXUSDT,-0.0212,1.4853
1/18/2024 5:45,KNCUSDT,-0.0231,1.4622
1/18/2024 6:15,LDOUSDT,-0.0286,1.4336
1/18/2024 7:00,TRXUSDT,-0.024,1.4096
1/18/2024 9:00,COMPUSDT,-0.0232,1.3864
1/18/2024 9:45,JTOUSDT,0.0479,1.4343
1/18/2024 12:00,OMGUSDT,-0.0211,1.4132
1/18/2024 12:15,AGIXUSDT,-0.0207,1.3925
1/18/2024 12:15,AMBUSDT,-0.0248,1.3677
1/18/2024 12:15,IOSTUSDT,-0.0233,1.3444
1/18/2024 12:15,DGBUSDT,-0.02,1.3244
1/18/2024 12:15,CRVUSDT,0.0468,1.3712
1/18/2024 12:15,ACHUSDT,-0.0263,1.3449
1/18/2024 16:00,KLAYUSDT,0.0378,1.3827
1/18/2024 16:00,API3USDT,0.0395,1.4222
1/18/2024 16:00,LINKUSDT,0.0496,1.4718
1/18/2024 16:15,EDUUSDT,0.0491,1.5209
1/18/2024 16:15,NEARUSDT,0.0497,1.5706
1/18/2024 16:15,SLPUSDT,0.0447,1.6153
1/18/2024 16:15,BANDUSDT,0.0477,1.663
1/18/2024 16:15,ONTUSDT,0.0489,1.7119
1/18/2024 16:15,CYBERUSDT,0.0446,1.7565
1/18/2024 16:30,APTUSDT,0.0457,1.8022
1/18/2024 16:30,NTRNUSDT,0.047,1.8492
1/18/2024 16:30,CELOUSDT,0.0452,1.8944
1/18/2024 16:30,GALAUSDT,0.0436,1.938
1/18/2024 16:30,ATAUSDT,0.044,1.982
1/18/2024 19:30,XMRUSDT,0.0457,2.0277
1/18/2024 19:45,BALUSDT,-0.0294,1.9983
1/18/2024 19:45,QNTUSDT,-0.0239,1.9744
1/18/2024 19:45,IDUSDT,0.0409,2.0153
1/18/2024 19:45,QTUMUSDT,-0.0291,1.9862
1/18/2024 19:45,AAVEUSDT,0.0421,2.0283
1/18/2024 19:45,1000BONKUSDT,0.0319,2.0602
1/18/2024 19:45,DGBUSDT,0.0436,2.1038
1/18/2024 19:45,GTCUSDT,0.0454,2.1492
1/18/2024 19:45,EGLDUSDT,-0.0251,2.1241
1/18/2024 19:45,ORBSUSDT,-0.0306,2.0935
1/18/2024 19:45,DOGEUSDT,-0.0202,2.0733
1/18/2024 19:45,CELOUSDT,0.0456,2.1189
1/18/2024 19:45,ICXUSDT,0.0421,2.161
1/18/2024 19:45,CTKUSDT,0.0427,2.2037
1/18/2024 19:45,ARPAUSDT,0.0457,2.2494
1/18/2024 19:45,NKNUSDT,-0.0333,2.2161
1/18/2024 19:45,API3USDT,-0.0208,2.1953
1/18/2024 19:45,ETHUSDT,-0.0312,2.1641
1/18/2024 19:45,WAVESUSDT,-0.026,2.1381
1/18/2024 19:45,RUNEUSDT,-0.0257,2.1124
1/18/2024 19:45,ARKUSDT,-0.0278,2.0846
1/18/2024 19:45,SNTUSDT,-0.022,2.0626
1/18/2024 19:45,ETCUSDT,0.0433,2.1059
1/18/2024 19:45,XTZUSDT,-0.0223,2.0836
1/18/2024 19:45,KSMUSDT,-0.0268,2.0568
1/18/2024 19:45,HOTUSDT,-0.0268,2.03
1/19/2024 1:15,INJUSDT,-0.0219,2.0081
1/19/2024 2:30,NMRUSDT,-0.0251,1.983
1/19/2024 2:30,XVGUSDT,0.0485,2.0315
1/19/2024 2:30,1000FLOKIUSDT,-0.0234,2.0081
1/19/2024 2:30,LINAUSDT,-0.0215,1.9866
1/19/2024 2:30,HOOKUSDT,-0.0214,1.9652
1/19/2024 2:30,PERPUSDT,-0.0217,1.9435
1/19/2024 2:30,DODOXUSDT,0.0454,1.9889
1/19/2024 2:30,1000LUNCUSDT,-0.0248,1.9641
1/19/2024 3:15,SPELLUSDT,-0.0287,1.9354
1/19/2024 3:15,WAXPUSDT,-0.0229,1.9125
1/19/2024 3:15,EOSUSDT,-0.02,1.8925
1/19/2024 5:15,BNXUSDT,-0.0209,1.8716
1/19/2024 6:30,RDNTUSDT,-0.0244,1.8472
1/19/2024 8:45,LINKUSDT,0.0479,1.8951
1/19/2024 11:15,SLPUSDT,-0.0211,1.874
1/19/2024 12:15,CFXUSDT,0.0371,1.9111
1/19/2024 12:45,LTCUSDT,0.0471,1.9582
1/19/2024 13:15,BTCDOMUSDT,-0.0208,1.9374
1/19/2024 13:45,ETHUSDT,-0.0226,1.9148
1/19/2024 14:00,DUSKUSDT,0.0457,1.9605
1/19/2024 14:00,ORDIUSDT,0.0444,2.0049
1/19/2024 22:15,ZECUSDT,0.0438,2.0487
1/19/2024 22:30,SLPUSDT,0.0435,2.0922
1/19/2024 22:30,LINKUSDT,0.0482,2.1404
1/19/2024 22:45,STMXUSDT,-0.02,2.1204
1/19/2024 23:00,BALUSDT,-0.02,2.1004
1/19/2024 23:00,CVXUSDT,0.05,2.1504
1/19/2024 23:00,ARUSDT,0.0342,2.1846
1/19/2024 23:00,1000XECUSDT,-0.02,2.1646
1/19/2024 23:00,FXSUSDT,0.0496,2.2142
1/19/2024 23:00,ADAUSDT,0.0488,2.263
1/19/2024 23:30,CELOUSDT,-0.0298,2.2332
1/20/2024 1:15,APEUSDT,0.0449,2.2781
1/20/2024 1:15,NMRUSDT,-0.0301,2.248
1/20/2024 1:30,AAVEUSDT,-0.0237,2.2243
1/20/2024 2:30,COMPUSDT,-0.0264,2.1979
1/20/2024 2:30,GMTUSDT,-0.0206,2.1773
1/20/2024 3:45,XMRUSDT,-0.0232,2.1541
1/20/2024 3:45,STORJUSDT,-0.0211,2.133
1/20/2024 5:45,LTCUSDT,-0.0227,2.1103
1/20/2024 6:00,WAVESUSDT,-0.0224,2.0879
1/20/2024 6:15,IOSTUSDT,-0.0243,2.0636
1/20/2024 7:00,GRTUSDT,0.0474,2.111
1/20/2024 7:30,1000BONKUSDT,0.0452,2.1562
1/20/2024 8:30,NKNUSDT,0.0356,2.1918
1/20/2024 8:45,THETAUSDT,-0.0231,2.1687
1/20/2024 9:15,1000XECUSDT,-0.0227,2.146
1/20/2024 9:30,IOTAUSDT,-0.022,2.124
1/20/2024 9:45,XVGUSDT,-0.0204,2.1036
1/20/2024 9:45,HIFIUSDT,-0.0255,2.0781
1/20/2024 9:45,AGLDUSDT,-0.0204,2.0577
1/20/2024 9:45,ETHWUSDT,-0.0426,2.0151
1/20/2024 9:45,TRUUSDT,-0.0252,1.9899
1/20/2024 9:45,TOKENUSDT,-0.0332,1.9567
1/20/2024 12:30,ONGUSDT,-0.0208,1.9359
1/20/2024 13:30,ENJUSDT,-0.0229,1.913
1/20/2024 14:00,GLMRUSDT,-0.0244,1.8886
1/20/2024 14:15,WIFUSDT,-0.0281,1.8605
1/20/2024 14:45,TLMUSDT,0.0488,1.9093
1/20/2024 15:15,DUSKUSDT,-0.02,1.8893
1/20/2024 15:15,AUCTIONUSDT,-0.0215,1.8678
1/20/2024 15:15,ONEUSDT,0.0467,1.9145
1/20/2024 15:15,CTSIUSDT,0.0471,1.9616
1/20/2024 15:45,LINKUSDT,0.0488,2.0104
1/20/2024 16:15,STORJUSDT,-0.0224,1.988
1/20/2024 16:30,INJUSDT,-0.0226,1.9654
1/20/2024 16:45,WOOUSDT,-0.0284,1.937
1/20/2024 17:30,YGGUSDT,-0.0202,1.9168
1/20/2024 19:15,DOGEUSDT,0.0477,1.9645
1/20/2024 20:15,UNFIUSDT,-0.023,1.9415
1/20/2024 20:30,ICPUSDT,-0.0203,1.9212
1/20/2024 20:30,EOSUSDT,-0.024,1.8972
1/20/2024 20:30,LRCUSDT,-0.0214,1.8758
1/20/2024 22:00,LRCUSDT,-0.0212,1.8546
1/20/2024 22:45,IOTAUSDT,-0.02,1.8346
1/20/2024 22:45,ICXUSDT,-0.0231,1.8115
1/20/2024 22:45,FXSUSDT,0.0491,1.8606
1/20/2024 22:45,TRUUSDT,-0.025,1.8356
1/20/2024 22:45,AVAXUSDT,-0.0216,1.814
1/20/2024 23:00,HBARUSDT,-0.0206,1.7934
1/20/2024 23:45,NEARUSDT,0.0474,1.8408
1/21/2024 0:00,BSVUSDT,0.0486,1.8894
1/21/2024 1:15,EOSUSDT,-0.02,1.8694
1/21/2024 1:15,OCEANUSDT,0.0442,1.9136
1/21/2024 2:45,FLOWUSDT,0.0474,1.961
1/21/2024 4:30,ANKRUSDT,-0.021,1.94
1/21/2024 4:30,GALAUSDT,-0.0206,1.9194
1/21/2024 6:00,AGIXUSDT,-0.02,1.8994
1/21/2024 6:00,CELRUSDT,-0.0212,1.8782
1/21/2024 8:30,LITUSDT,-0.0225,1.8557
1/21/2024 8:45,STEEMUSDT,0.0475,1.9032
1/21/2024 8:45,ARUSDT,-0.0217,1.8815
1/21/2024 9:15,ARBUSDT,-0.0234,1.8581
1/21/2024 12:45,WLDUSDT,0.0488,1.9069
1/21/2024 12:45,CELOUSDT,-0.0249,1.882
1/21/2024 13:00,AMBUSDT,-0.0205,1.8615
1/21/2024 13:00,XVSUSDT,0.0292,1.8907
1/21/2024 13:00,LEVERUSDT,0.0455,1.9362
1/21/2024 15:00,ICXUSDT,-0.0261,1.9101
1/21/2024 15:15,PEOPLEUSDT,0.048,1.9581
1/21/2024 15:15,BELUSDT,-0.0216,1.9365
1/21/2024 17:00,ATAUSDT,-0.0214,1.9151
1/21/2024 19:00,TRBUSDT,-0.0211,1.894
1/21/2024 19:30,REEFUSDT,0.0141,1.9081
1/21/2024 19:45,LITUSDT,0.0444,1.9525
1/21/2024 20:15,FETUSDT,0.049,2.0015
1/21/2024 20:15,JASMYUSDT,-0.0206,1.9809
1/21/2024 20:30,SPELLUSDT,0.0488,2.0297
1/21/2024 20:30,SUIUSDT,0.0498,2.0795
1/21/2024 20:45,NMRUSDT,0.041,2.1205
1/21/2024 20:45,GMTUSDT,0.0395,2.16
1/21/2024 20:45,TRBUSDT,-0.0213,2.1387
1/21/2024 22:15,GTCUSDT,-0.02,2.1187
1/21/2024 22:45,WOOUSDT,0.0491,2.1678
1/21/2024 22:45,NFPUSDT,0.0453,2.2131
1/21/2024 22:45,TIAUSDT,-0.0241,2.189
1/21/2024 22:45,WLDUSDT,0.0456,2.2346
1/21/2024 22:45,RADUSDT,0.05,2.2846
1/21/2024 22:45,DGBUSDT,0.05,2.3346
1/21/2024 22:45,XRPUSDT,0.0484,2.383
1/21/2024 22:45,AVAXUSDT,0.045,2.428
1/21/2024 22:45,LUNA2USDT,0.048,2.476
1/21/2024 23:30,BICOUSDT,-0.0204,2.4556
1/21/2024 23:30,ZECUSDT,0.05,2.5056
1/22/2024 0:15,ACEUSDT,0.042,2.5476
1/22/2024 0:15,DOGEUSDT,0.0446,2.5922
1/22/2024 0:15,ANKRUSDT,0.0477,2.6399
1/22/2024 1:00,FTMUSDT,0.0485,2.6884
1/22/2024 1:00,ENSUSDT,-0.0226,2.6658
1/22/2024 1:00,1000LUNCUSDT,0.047,2.7128
1/22/2024 1:15,XVGUSDT,0.0412,2.754
1/22/2024 1:15,SNXUSDT,-0.0258,2.7282
1/22/2024 1:15,OPUSDT,0.0427,2.7709
1/22/2024 1:15,GMXUSDT,0.0414,2.8123
1/22/2024 1:15,JOEUSDT,0.0383,2.8506
1/22/2024 1:15,CKBUSDT,0.0456,2.8962
1/22/2024 1:15,ETHWUSDT,0.0443,2.9405
1/22/2024 1:15,ETHUSDT,0.032,2.9725
1/22/2024 1:15,DYDXUSDT,-0.0273,2.9452
1/22/2024 1:15,XTZUSDT,0.0472,2.9924
1/22/2024 1:15,ADAUSDT,0.0456,3.038
1/22/2024 1:15,DASHUSDT,0.0495,3.0875
1/22/2024 4:45,WOOUSDT,-0.0212,3.0663
1/22/2024 4:45,APEUSDT,0.05,3.1163
1/22/2024 4:45,HFTUSDT,-0.02,3.0963
1/22/2024 4:45,XLMUSDT,-0.025,3.0713
1/22/2024 4:45,FTMUSDT,-0.0225,3.0488
1/22/2024 4:45,ACEUSDT,-0.0209,3.0279
1/22/2024 4:45,OPUSDT,-0.02,3.0079
1/22/2024 4:45,KEYUSDT,0.0475,3.0554
1/22/2024 4:45,HBARUSDT,-0.0233,3.0321
1/22/2024 4:45,BICOUSDT,0.048,3.0801
1/22/2024 4:45,DYDXUSDT,-0.0217,3.0584
1/22/2024 4:45,KSMUSDT,0.05,3.1084
1/22/2024 4:45,ZRXUSDT,-0.0225,3.0859
1/22/2024 4:45,LRCUSDT,-0.02,3.0659
1/22/2024 7:00,BICOUSDT,0.0459,3.1118
1/22/2024 7:00,SUSHIUSDT,0.0455,3.1573
1/22/2024 7:30,RLCUSDT,-0.0224,3.1349
1/22/2024 8:30,STGUSDT,-0.0289,3.106
1/22/2024 8:30,AAVEUSDT,0.0466,3.1526
1/22/2024 8:30,ORBSUSDT,-0.0237,3.1289
1/22/2024 8:30,POWRUSDT,0.0462,3.1751
1/22/2024 8:30,CTKUSDT,0.0425,3.2176
1/22/2024 8:30,THETAUSDT,0.0426,3.2602
1/22/2024 9:45,GMXUSDT,0.0487,3.3089
1/22/2024 9:45,MANAUSDT,0.0483,3.3572
1/22/2024 9:45,LINAUSDT,-0.022,3.3352
1/22/2024 9:45,EGLDUSDT,-0.0248,3.3104
1/22/2024 9:45,KNCUSDT,-0.0208,3.2896
1/22/2024 9:45,ILVUSDT,-0.0212,3.2684
1/22/2024 9:45,KASUSDT,-0.0207,3.2477
1/22/2024 9:45,STPTUSDT,0.048,3.2957
1/22/2024 9:45,USTCUSDT,-0.0205,3.2752
1/22/2024 10:15,LPTUSDT,-0.0282,3.247
1/22/2024 10:15,BELUSDT,-0.0205,3.2265
1/22/2024 10:15,WAVESUSDT,-0.0237,3.2028
1/22/2024 10:15,TLMUSDT,-0.0266,3.1762
1/22/2024 10:15,JASMYUSDT,-0.0207,3.1555
1/22/2024 10:15,XTZUSDT,0.0409,3.1964
1/22/2024 12:00,SKLUSDT,-0.0228,3.1736
1/22/2024 12:00,OCEANUSDT,-0.0206,3.153
1/22/2024 13:30,NEOUSDT,0.0428,3.1958
1/22/2024 18:30,SLPUSDT,0.047,3.2428
1/23/2024 0:30,MASKUSDT,-0.03,3.2128
1/23/2024 0:30,CHZUSDT,-0.024,3.1888
1/23/2024 0:30,SLPUSDT,-0.0239,3.1649
1/23/2024 0:30,ONGUSDT,-0.021,3.1439
1/23/2024 0:30,KLAYUSDT,-0.029,3.1149
1/23/2024 0:30,COMBOUSDT,-0.0204,3.0945
1/23/2024 6:15,CFXUSDT,-0.0241,3.0704
1/23/2024 6:15,STPTUSDT,-0.0225,3.0479
1/23/2024 6:30,CHZUSDT,-0.0293,3.0186
1/23/2024 13:00,GMXUSDT,-0.0239,2.9947
1/23/2024 13:45,JOEUSDT,-0.0223,2.9724
1/23/2024 13:45,LINAUSDT,-0.0234,2.949
1/23/2024 13:45,BNTUSDT,-0.0202,2.9288
1/23/2024 13:45,ETHUSDT,-0.0205,2.9083
1/23/2024 13:45,OGNUSDT,-0.0223,2.886
1/23/2024 14:00,AUCTIONUSDT,-0.0263,2.8597
1/23/2024 14:00,XLMUSDT,-0.0233,2.8364
1/23/2024 14:00,TRXUSDT,-0.0272,2.8092
1/23/2024 14:00,1000PEPEUSDT,-0.0275,2.7817
1/23/2024 23:15,NEARUSDT,-0.0262,2.7555
1/24/2024 0:45,CHRUSDT,-0.0254,2.7301
1/24/2024 0:45,ICPUSDT,-0.0248,2.7053
1/24/2024 5:00,DOGEUSDT,0.042,2.7473
1/24/2024 6:00,CAKEUSDT,-0.0222,2.7251
1/24/2024 6:00,NKNUSDT,-0.0213,2.7038
1/24/2024 6:00,PHBUSDT,-0.0269,2.6769
1/24/2024 6:30,STXUSDT,-0.0234,2.6535
1/24/2024 6:30,MANAUSDT,0.0468,2.7003
1/24/2024 6:30,CTKUSDT,0.0493,2.7496
1/24/2024 7:15,COMPUSDT,0.0338,2.7834
1/24/2024 9:00,IOTAUSDT,0.0451,2.8285
1/24/2024 9:00,UNIUSDT,-0.0286,2.7999
1/24/2024 9:00,SPELLUSDT,-0.0216,2.7783
1/24/2024 9:00,HIFIUSDT,0.0452,2.8235
1/24/2024 9:00,DOGEUSDT,-0.0277,2.7958
1/24/2024 9:00,HOOKUSDT,0.0491,2.8449
1/24/2024 9:00,SUPERUSDT,0.041,2.8859
1/24/2024 9:00,EOSUSDT,-0.0233,2.8626
1/24/2024 9:00,LTCUSDT,-0.0211,2.8415
1/24/2024 9:00,SUIUSDT,0.0485,2.89
1/24/2024 9:00,SUSHIUSDT,-0.0325,2.8575
1/24/2024 9:00,ROSEUSDT,-0.0216,2.8359
1/24/2024 9:00,ONTUSDT,0.0439,2.8798
1/24/2024 9:00,STPTUSDT,-0.0204,2.8594
1/24/2024 9:00,ZRXUSDT,-0.0226,2.8368
1/24/2024 9:00,ALPHAUSDT,-0.0217,2.8151
1/24/2024 9:00,1000LUNCUSDT,0.0438,2.8589
1/24/2024 9:00,FILUSDT,-0.0267,2.8322
1/24/2024 9:15,TUSDT,-0.0318,2.8004
1/24/2024 9:45,MDTUSDT,-0.021,2.7794
1/24/2024 10:00,IOSTUSDT,-0.0205,2.7589
1/24/2024 10:00,HBARUSDT,-0.0203,2.7386
1/24/2024 10:00,COMBOUSDT,-0.0216,2.717
1/24/2024 10:15,HIGHUSDT,-0.0237,2.6933
1/24/2024 10:15,PEOPLEUSDT,-0.0249,2.6684
1/24/2024 10:15,CELOUSDT,-0.0256,2.6428
1/24/2024 10:15,LQTYUSDT,-0.0205,2.6223
1/24/2024 10:15,DENTUSDT,-0.0216,2.6007
1/24/2024 10:15,ALICEUSDT,-0.0259,2.5748
1/24/2024 10:15,CELRUSDT,-0.0235,2.5513
1/24/2024 10:15,THETAUSDT,-0.0215,2.5298
1/24/2024 10:15,LINKUSDT,-0.0204,2.5094
1/24/2024 10:15,ALPHAUSDT,-0.0227,2.4867
1/24/2024 10:15,RVNUSDT,-0.0249,2.4618
1/24/2024 10:30,ONEUSDT,-0.0285,2.4333
1/24/2024 10:30,RSRUSDT,-0.0232,2.4101
1/24/2024 10:30,CTKUSDT,-0.026,2.3841
1/24/2024 10:30,ETHUSDT,-0.0295,2.3546
1/24/2024 10:30,ROSEUSDT,-0.0211,2.3335
1/24/2024 10:30,STORJUSDT,-0.025,2.3085
1/24/2024 10:30,ZENUSDT,-0.0238,2.2847
1/24/2024 12:15,CYBERUSDT,-0.0204,2.2643
1/24/2024 12:30,POWRUSDT,-0.02,2.2443
1/24/2024 12:30,HBARUSDT,-0.0211,2.2232
1/24/2024 12:30,DOTUSDT,-0.02,2.2032
1/24/2024 12:30,CKBUSDT,-0.0221,2.1811
1/24/2024 16:45,PENDLEUSDT,0.0488,2.2299
1/24/2024 16:45,ARBUSDT,-0.025,2.2049
1/24/2024 18:15,AMBUSDT,-0.0245,2.1804
1/24/2024 20:30,AMBUSDT,-0.0202,2.1602
1/24/2024 20:30,DODOXUSDT,-0.0206,2.1396
1/24/2024 20:45,ETHUSDT,-0.0219,2.1177
1/25/2024 1:00,STORJUSDT,0.0449,2.1626
1/25/2024 1:15,XTZUSDT,-0.02,2.1426
1/25/2024 1:15,ATAUSDT,-0.02,2.1226
1/25/2024 4:30,INJUSDT,-0.0202,2.1024
1/25/2024 4:45,APTUSDT,-0.0202,2.0822
1/25/2024 4:45,BLURUSDT,0.0486,2.1308
1/25/2024 4:45,SANDUSDT,-0.0206,2.1102
1/25/2024 5:00,LITUSDT,-0.0223,2.0879
1/25/2024 5:00,MAGICUSDT,-0.0215,2.0664
1/25/2024 5:00,DGBUSDT,-0.02,2.0464
1/25/2024 5:00,GTCUSDT,-0.0268,2.0196
1/25/2024 5:00,AXSUSDT,-0.0281,1.9915
1/25/2024 5:00,ETCUSDT,-0.0238,1.9677
1/25/2024 5:00,DASHUSDT,-0.0215,1.9462
1/25/2024 5:15,KAVAUSDT,-0.0223,1.9239
1/25/2024 5:15,ORDIUSDT,-0.0319,1.892
1/25/2024 9:00,COTIUSDT,-0.0238,1.8682
1/25/2024 9:30,ARKMUSDT,-0.0202,1.848
1/25/2024 9:45,NTRNUSDT,0.046,1.894
1/25/2024 10:00,RADUSDT,-0.0256,1.8684
1/25/2024 10:45,KLAYUSDT,-0.0241,1.8443
1/25/2024 11:15,ICXUSDT,-0.0256,1.8187
1/25/2024 11:15,MKRUSDT,-0.0203,1.7984
1/25/2024 12:00,FXSUSDT,-0.0204,1.778
1/25/2024 12:00,BLURUSDT,-0.02,1.758
1/25/2024 12:30,HFTUSDT,-0.0219,1.7361
1/25/2024 12:30,API3USDT,-0.0236,1.7125
1/25/2024 15:00,XVSUSDT,0.0475,1.76
1/25/2024 15:15,ARKMUSDT,-0.0206,1.7394
1/25/2024 15:30,QNTUSDT,-0.0203,1.7191
1/25/2024 15:30,FXSUSDT,-0.022,1.6971
1/25/2024 15:30,DODOXUSDT,-0.0201,1.677
1/25/2024 15:30,OXTUSDT,-0.0214,1.6556
1/25/2024 16:45,BATUSDT,-0.0236,1.632
1/25/2024 16:45,BALUSDT,-0.0263,1.6057
1/25/2024 16:45,KEYUSDT,-0.02,1.5857
1/25/2024 16:45,IOTXUSDT,-0.024,1.5617
1/25/2024 16:45,LOOMUSDT,-0.02,1.5417
1/25/2024 17:00,MANAUSDT,-0.0235,1.5182
1/25/2024 17:00,XRPUSDT,-0.0229,1.4953
1/25/2024 17:00,NEOUSDT,-0.0267,1.4686
1/25/2024 17:00,FLOWUSDT,-0.0225,1.4461
1/25/2024 17:00,ALGOUSDT,-0.0213,1.4248
1/25/2024 17:00,RVNUSDT,-0.021,1.4038
1/25/2024 21:00,COMPUSDT,0.0451,1.4489
1/25/2024 21:00,NEOUSDT,-0.0217,1.4272
1/25/2024 21:00,LTCUSDT,-0.0211,1.4061
1/25/2024 21:00,COTIUSDT,-0.0221,1.384
1/25/2024 21:00,FILUSDT,-0.0204,1.3636
1/25/2024 22:45,STEEMUSDT,-0.0327,1.3309
1/25/2024 22:45,ONGUSDT,-0.02,1.3109
1/25/2024 22:45,ARPAUSDT,-0.0222,1.2887
1/25/2024 22:45,TRUUSDT,-0.0205,1.2682
1/25/2024 22:45,CYBERUSDT,-0.0203,1.2479
1/25/2024 23:15,ACEUSDT,-0.0245,1.2234
1/26/2024 0:00,CHRUSDT,0.0491,1.2725
1/26/2024 3:15,XMRUSDT,0.0489,1.3214
1/26/2024 4:30,NEARUSDT,0.0447,1.3661
1/26/2024 5:45,KASUSDT,0.049,1.4151
1/26/2024 5:45,OGNUSDT,0.0248,1.4399
1/26/2024 6:00,DASHUSDT,-0.022,1.4179
1/26/2024 6:45,DOTUSDT,-0.0332,1.3847
1/26/2024 8:15,KASUSDT,0.0461,1.4308
1/26/2024 9:30,SFPUSDT,-0.0283,1.4025
1/26/2024 9:45,PENDLEUSDT,-0.0235,1.379
1/26/2024 10:30,SUIUSDT,0.0465,1.4255
1/26/2024 10:45,IDUSDT,0.0424,1.4679
1/26/2024 11:30,BTCDOMUSDT,0.0457,1.5136
1/26/2024 12:45,POLYXUSDT,0.05,1.5636
1/26/2024 13:15,IDUSDT,-0.0236,1.54
1/26/2024 14:00,ATOMUSDT,-0.0238,1.5162
1/26/2024 14:15,APEUSDT,0.05,1.5662
1/26/2024 14:15,ALGOUSDT,-0.0275,1.5387
1/26/2024 14:30,HBARUSDT,0.0481,1.5868
1/26/2024 14:30,RDNTUSDT,-0.0231,1.5637
1/26/2024 14:30,FILUSDT,-0.0202,1.5435
1/26/2024 14:45,BTCUSDT,0.0469,1.5904
1/26/2024 14:45,DOTUSDT,0.0496,1.64
1/26/2024 14:45,LQTYUSDT,0.0451,1.6851
1/26/2024 14:45,BANDUSDT,0.048,1.7331
1/26/2024 14:45,MINAUSDT,0.0497,1.7828
1/26/2024 14:45,CYBERUSDT,-0.0204,1.7624
1/26/2024 14:45,1000PEPEUSDT,-0.0206,1.7418
1/26/2024 15:00,DARUSDT,-0.0229,1.7189
1/26/2024 15:00,DASHUSDT,-0.0216,1.6973
1/26/2024 15:45,STGUSDT,-0.0211,1.6762
1/26/2024 15:45,WAVESUSDT,-0.0221,1.6541
1/26/2024 16:00,BTCUSDT,0.0482,1.7023
1/26/2024 16:00,AAVEUSDT,-0.0246,1.6777
1/26/2024 16:00,SLPUSDT,-0.0321,1.6456
1/26/2024 16:00,ILVUSDT,-0.0263,1.6193
1/26/2024 16:00,ETHUSDT,-0.0215,1.5978
1/26/2024 16:00,LOOMUSDT,-0.0299,1.5679
1/26/2024 16:45,BCHUSDT,-0.0222,1.5457
1/26/2024 18:00,TUSDT,-0.02,1.5257
1/26/2024 18:00,HBARUSDT,0.047,1.5727
1/26/2024 18:00,VETUSDT,-0.0209,1.5518
1/26/2024 18:15,PERPUSDT,-0.0231,1.5287
1/26/2024 18:15,CELRUSDT,-0.0211,1.5076
1/26/2024 18:30,LTCUSDT,-0.021,1.4866
1/26/2024 18:30,1000LUNCUSDT,-0.022,1.4646
1/26/2024 18:30,ARBUSDT,-0.0219,1.4427
1/26/2024 19:15,ORBSUSDT,-0.0227,1.42
1/26/2024 20:00,FTMUSDT,-0.0233,1.3967
1/26/2024 20:00,IOSTUSDT,-0.042,1.3547
1/26/2024 20:00,MEMEUSDT,-0.0242,1.3305
1/26/2024 20:00,POWRUSDT,-0.0207,1.3098
1/26/2024 20:00,IMXUSDT,-0.0203,1.2895
1/26/2024 20:00,BICOUSDT,-0.0263,1.2632
1/26/2024 20:00,BLURUSDT,-0.0207,1.2425
1/26/2024 20:00,MDTUSDT,0.0428,1.2853
1/26/2024 20:00,SNTUSDT,0.0372,1.3225
1/26/2024 20:00,MINAUSDT,-0.0271,1.2954
1/26/2024 20:00,GALAUSDT,-0.0227,1.2727
1/26/2024 20:00,LUNA2USDT,-0.0206,1.2521
1/26/2024 20:00,OCEANUSDT,-0.0227,1.2294
1/26/2024 21:30,CHZUSDT,0.046,1.2754
1/26/2024 21:30,SNTUSDT,0.0496,1.325
1/27/2024 1:15,PEOPLEUSDT,-0.0216,1.3034
1/27/2024 2:30,POWRUSDT,-0.0248,1.2786
1/27/2024 2:30,BICOUSDT,-0.023,1.2556
1/27/2024 3:00,COMPUSDT,-0.0226,1.233
1/27/2024 3:15,SFPUSDT,-0.0238,1.2092
1/27/2024 3:15,JASMYUSDT,-0.0205,1.1887
1/27/2024 3:30,OMGUSDT,-0.035,1.1537
1/27/2024 3:45,CYBERUSDT,-0.0233,1.1304
1/27/2024 4:00,BELUSDT,-0.0211,1.1093
1/27/2024 8:45,DASHUSDT,-0.02,1.0893
1/27/2024 12:30,BLZUSDT,-0.0206,1.0687
1/27/2024 14:15,EGLDUSDT,0.0497,1.1184
1/27/2024 14:15,ZILUSDT,0.046,1.1644
1/27/2024 14:30,UNIUSDT,-0.0231,1.1413
1/27/2024 14:30,FLMUSDT,-0.025,1.1163
1/27/2024 14:30,LTCUSDT,0.0493,1.1656
1/27/2024 14:30,YGGUSDT,-0.0234,1.1422
1/27/2024 14:30,KSMUSDT,0.0365,1.1787
1/27/2024 15:15,ARUSDT,-0.0217,1.157
1/27/2024 15:15,KASUSDT,0.0326,1.1896
1/27/2024 15:30,1INCHUSDT,0.043,1.2326
1/27/2024 15:30,ALGOUSDT,-0.02,1.2126
1/27/2024 16:00,SNXUSDT,-0.0209,1.1917
1/27/2024 16:00,LPTUSDT,-0.0206,1.1711
1/27/2024 16:00,BNTUSDT,0.05,1.2211
1/27/2024 16:00,CTKUSDT,-0.0219,1.1992
1/27/2024 16:15,MEMEUSDT,-0.0208,1.1784
1/27/2024 16:45,ILVUSDT,-0.0224,1.156
1/27/2024 17:00,TRXUSDT,-0.0203,1.1357
1/27/2024 17:30,BATUSDT,0.0484,1.1841
1/27/2024 18:00,BEAMXUSDT,0.0492,1.2333
1/27/2024 18:15,WOOUSDT,-0.0274,1.2059
1/27/2024 18:15,1INCHUSDT,-0.0248,1.1811
1/27/2024 18:15,HIFIUSDT,-0.02,1.1611
1/27/2024 18:15,ARPAUSDT,-0.0423,1.1188
1/27/2024 18:15,YGGUSDT,-0.037,1.0818
1/27/2024 18:15,AXSUSDT,-0.0224,1.0594
1/27/2024 18:15,RDNTUSDT,-0.0215,1.0379
1/27/2024 18:15,ONTUSDT,-0.0221,1.0158
1/27/2024 18:15,BAKEUSDT,-0.0228,0.993
1/27/2024 18:15,ALGOUSDT,-0.02,0.973
1/27/2024 18:15,UNFIUSDT,-0.0224,0.9506
1/27/2024 18:15,VETUSDT,0.0399,0.9905
1/27/2024 18:30,THETAUSDT,-0.0214,0.9691
1/27/2024 18:45,LPTUSDT,-0.0215,0.9476
1/27/2024 19:00,STEEMUSDT,-0.022,0.9256
1/27/2024 19:00,SANDUSDT,0.05,0.9756
1/27/2024 19:00,DODOXUSDT,-0.0333,0.9423
1/27/2024 19:00,LEVERUSDT,0.0422,0.9845
1/27/2024 20:15,BAKEUSDT,-0.0266,0.9579
1/27/2024 20:30,IOTXUSDT,-0.0242,0.9337
1/27/2024 20:45,CVXUSDT,-0.022,0.9117
1/27/2024 21:30,RSRUSDT,-0.02,0.8917
1/27/2024 21:30,RDNTUSDT,-0.02,0.8717
1/27/2024 21:30,ANKRUSDT,0.0153,0.887
1/27/2024 22:15,1000FLOKIUSDT,-0.02,0.867
1/27/2024 22:15,YFIUSDT,0.0417,0.9087
1/27/2024 22:30,SPELLUSDT,-0.021,0.8877
1/27/2024 22:30,DEFIUSDT,-0.0211,0.8666
1/27/2024 22:30,PERPUSDT,-0.0284,0.8382
1/27/2024 22:30,LDOUSDT,0.0454,0.8836
1/27/2024 23:00,SOLUSDT,0.0279,0.9115
1/27/2024 23:00,DASHUSDT,0.0442,0.9557
1/27/2024 23:15,UNIUSDT,-0.0208,0.9349
1/27/2024 23:15,GTCUSDT,0.0364,0.9713
1/28/2024 0:00,SSVUSDT,0.0455,1.0168
1/28/2024 0:00,MANAUSDT,-0.0366,0.9802
1/28/2024 0:45,ALICEUSDT,-0.0218,0.9584
1/28/2024 1:15,STGUSDT,-0.0212,0.9372
1/28/2024 1:15,XVSUSDT,-0.0202,0.917
1/28/2024 1:15,TRBUSDT,-0.0295,0.8875
1/28/2024 1:15,SOLUSDT,0.0449,0.9324
1/28/2024 3:00,XMRUSDT,-0.0205,0.9119
1/28/2024 3:30,AAVEUSDT,-0.0207,0.8912
1/28/2024 3:30,DYDXUSDT,-0.0288,0.8624
1/28/2024 3:45,BALUSDT,-0.0245,0.8379
1/28/2024 3:45,OPUSDT,-0.0263,0.8116
1/28/2024 3:45,BNTUSDT,-0.02,0.7916
1/28/2024 3:45,LDOUSDT,-0.0219,0.7697
1/28/2024 3:45,RUNEUSDT,-0.0227,0.747
1/28/2024 3:45,SUIUSDT,-0.0215,0.7255
1/28/2024 3:45,HOTUSDT,-0.0222,0.7033
1/28/2024 3:45,ARBUSDT,0.0362,0.7395
1/28/2024 4:00,FTMUSDT,-0.0228,0.7167
1/28/2024 4:00,BTCUSDT,0.0452,0.7619
1/28/2024 4:45,SSVUSDT,-0.0239,0.738
1/28/2024 4:45,ETHWUSDT,-0.0212,0.7168
1/28/2024 4:45,ALICEUSDT,-0.02,0.6968
1/28/2024 4:45,RDNTUSDT,-0.0217,0.6751
1/28/2024 4:45,RVNUSDT,-0.02,0.6551
1/28/2024 5:00,BLURUSDT,-0.0235,0.6316
1/28/2024 5:00,TRUUSDT,-0.0288,0.6028
1/28/2024 5:00,HOTUSDT,-0.0242,0.5786
1/28/2024 6:15,DYDXUSDT,-0.0219,0.5567
1/28/2024 7:15,ARBUSDT,-0.0218,0.5349
1/28/2024 7:45,IDUSDT,-0.0231,0.5118
1/28/2024 7:45,XEMUSDT,0.05,0.5618
1/28/2024 7:45,CVXUSDT,-0.0208,0.541
1/28/2024 9:00,ARKUSDT,-0.0249,0.5161
1/28/2024 11:30,CHZUSDT,0.0426,0.5587
1/28/2024 11:30,PEOPLEUSDT,0.0434,0.6021
1/28/2024 14:30,SNXUSDT,-0.021,0.5811
1/28/2024 14:45,BATUSDT,-0.0221,0.559
1/28/2024 14:45,ACEUSDT,-0.0208,0.5382
1/28/2024 14:45,HIGHUSDT,-0.02,0.5182
1/28/2024 14:45,HBARUSDT,0.0487,0.5669
1/28/2024 14:45,DEFIUSDT,-0.021,0.5459
1/28/2024 14:45,PERPUSDT,-0.0203,0.5256
1/28/2024 14:45,TRUUSDT,-0.0207,0.5049
1/28/2024 14:45,REEFUSDT,-0.02,0.4849
1/28/2024 14:45,MDTUSDT,-0.0218,0.4631
1/28/2024 14:45,LEVERUSDT,-0.02,0.4431
1/28/2024 14:45,BCHUSDT,0.0495,0.4926
1/28/2024 14:45,ALPHAUSDT,-0.0208,0.4718
1/28/2024 16:30,AIUSDT,-0.0204,0.4514
1/28/2024 17:15,BLURUSDT,-0.0249,0.4265
1/28/2024 17:30,EDUUSDT,-0.0217,0.4048
1/28/2024 17:30,SANDUSDT,0.0469,0.4517
1/28/2024 18:15,BALUSDT,-0.0225,0.4292
1/28/2024 18:15,QNTUSDT,-0.0251,0.4041
1/28/2024 18:15,HBARUSDT,0.0438,0.4479
1/28/2024 18:15,ETHUSDT,-0.0215,0.4264
1/28/2024 18:15,PHBUSDT,-0.0208,0.4056
1/28/2024 18:15,BADGERUSDT,-0.0264,0.3792
1/28/2024 18:15,SEIUSDT,-0.0226,0.3566
1/28/2024 18:15,ALPHAUSDT,-0.0213,0.3353
1/28/2024 18:15,RVNUSDT,-0.022,0.3133
1/28/2024 19:30,BATUSDT,-0.0287,0.2846
1/28/2024 19:30,HFTUSDT,-0.0229,0.2617
1/28/2024 19:30,QNTUSDT,-0.0345,0.2272
1/28/2024 19:30,STXUSDT,0.0432,0.2704
1/28/2024 19:30,FETUSDT,-0.0277,0.2427
1/28/2024 19:30,HIGHUSDT,-0.02,0.2227
1/28/2024 19:30,GMXUSDT,-0.0238,0.1989
1/28/2024 19:30,NEARUSDT,-0.0229,0.176
1/28/2024 19:30,1000FLOKIUSDT,-0.0241,0.1519
1/28/2024 19:30,BIGTIMEUSDT,-0.0203,0.1316
1/28/2024 19:30,GMTUSDT,-0.0284,0.1032
1/28/2024 19:30,BNBUSDT,-0.0261,0.0771
1/28/2024 19:30,RSRUSDT,-0.0241,0.053
1/28/2024 19:30,1000XECUSDT,-0.0254,0.0276
1/28/2024 19:30,DOTUSDT,-0.0235,0.0041
1/28/2024 19:30,1000RATSUSDT,-0.0204,-0.0163
1/28/2024 19:30,NKNUSDT,-0.0258,-0.0421
1/28/2024 19:30,BLURUSDT,-0.022,-0.0641
1/28/2024 19:30,CKBUSDT,-0.0278,-0.0919
1/28/2024 19:30,ETHWUSDT,-0.0236,-0.1155
1/28/2024 19:30,TRUUSDT,-0.0256,-0.1411
1/28/2024 19:30,ETHUSDT,-0.0276,-0.1687
1/28/2024 19:30,WAVESUSDT,-0.0253,-0.194
1/28/2024 19:30,DENTUSDT,-0.0276,-0.2216
1/28/2024 19:30,YGGUSDT,-0.025,-0.2466
1/28/2024 19:30,ROSEUSDT,-0.0226,-0.2692
1/28/2024 19:30,RENUSDT,-0.0265,-0.2957
1/28/2024 19:30,ACHUSDT,-0.0271,-0.3228
1/28/2024 19:30,BCHUSDT,-0.024,-0.3468
1/28/2024 19:30,C98USDT,-0.0251,-0.3719
1/28/2024 19:30,ADAUSDT,-0.0247,-0.3966
1/28/2024 19:30,ALPHAUSDT,-0.0219,-0.4185
1/28/2024 19:30,CYBERUSDT,-0.0324,-0.4509
1/28/2024 19:30,OCEANUSDT,-0.0218,-0.4727
1/28/2024 19:30,ATAUSDT,-0.029,-0.5017
1/28/2024 22:15,STXUSDT,0.05,-0.4517
1/28/2024 22:30,PEOPLEUSDT,-0.0295,-0.4812
1/28/2024 22:30,KLAYUSDT,-0.0235,-0.5047
1/28/2024 22:30,TRBUSDT,-0.0265,-0.5312
1/28/2024 22:30,ARBUSDT,-0.0248,-0.556
1/29/2024 0:00,TUSDT,-0.024,-0.58
1/29/2024 0:00,XEMUSDT,-0.0364,-0.6164
1/29/2024 0:00,TOKENUSDT,-0.0258,-0.6422
1/29/2024 1:30,DOTUSDT,-0.022,-0.6642
1/29/2024 3:15,GLMRUSDT,-0.0207,-0.6849
1/29/2024 4:30,KSMUSDT,0.0399,-0.645
1/29/2024 5:00,NEOUSDT,-0.0203,-0.6653
1/29/2024 5:00,CKBUSDT,-0.0231,-0.6884
1/29/2024 5:15,EGLDUSDT,-0.0207,-0.7091
1/29/2024 6:15,STGUSDT,-0.0247,-0.7338
1/29/2024 7:00,1INCHUSDT,-0.0224,-0.7562
1/29/2024 7:00,IMXUSDT,-0.0257,-0.7819
1/29/2024 7:30,COMPUSDT,0.0414,-0.7405
1/29/2024 7:30,PENDLEUSDT,-0.0298,-0.7703
1/29/2024 7:30,XMRUSDT,0.038,-0.7323
1/29/2024 7:30,THETAUSDT,-0.036,-0.7683
1/29/2024 7:30,ALPHAUSDT,-0.022,-0.7903
1/29/2024 7:30,USTCUSDT,0.0455,-0.7448
1/29/2024 8:30,1INCHUSDT,-0.0227,-0.7675
1/29/2024 11:45,MINAUSDT,-0.0224,-0.7899
1/29/2024 19:00,LINAUSDT,-0.0369,-0.8268
1/29/2024 19:00,EGLDUSDT,0.0491,-0.7777
1/29/2024 19:00,ZRXUSDT,-0.0207,-0.7984
1/29/2024 19:00,OGNUSDT,0.0175,-0.7809
1/29/2024 19:30,1000RATSUSDT,-0.0208,-0.8017
1/29/2024 20:30,CHRUSDT,-0.0216,-0.8233
1/29/2024 20:30,BELUSDT,-0.0293,-0.8526
1/29/2024 20:30,MINAUSDT,-0.0298,-0.8824
1/29/2024 20:45,COMPUSDT,0.0435,-0.8389
1/29/2024 20:45,AAVEUSDT,-0.023,-0.8619
1/29/2024 20:45,SPELLUSDT,-0.024,-0.8859
1/29/2024 20:45,DEFIUSDT,0.0476,-0.8383
1/29/2024 20:45,REEFUSDT,-0.0324,-0.8707
1/29/2024 20:45,DODOXUSDT,-0.0218,-0.8925
1/29/2024 21:30,LOOMUSDT,-0.02,-0.9125
1/29/2024 21:45,ASTRUSDT,0.0408,-0.8717
1/29/2024 22:15,AGIXUSDT,0.0204,-0.8513
1/29/2024 22:15,GRTUSDT,-0.0221,-0.8734
1/29/2024 22:15,STEEMUSDT,-0.02,-0.8934
1/29/2024 22:15,SNXUSDT,-0.0209,-0.9143
1/29/2024 22:15,WLDUSDT,-0.02,-0.9343
1/29/2024 22:15,DGBUSDT,-0.024,-0.9583
1/29/2024 22:15,ETHUSDT,0.0494,-0.9089
1/29/2024 22:15,TWTUSDT,-0.0251,-0.934
1/29/2024 22:15,THETAUSDT,-0.0225,-0.9565
1/29/2024 23:45,BATUSDT,-0.02,-0.9765
1/30/2024 0:00,ASTRUSDT,-0.0361,-1.0126
1/30/2024 0:00,EGLDUSDT,-0.0209,-1.0335
1/30/2024 0:00,ARKUSDT,0.0003,-1.0332
1/30/2024 0:15,BLURUSDT,0.0406,-0.9926
1/30/2024 0:15,ADAUSDT,-0.02,-1.0126
1/30/2024 1:00,BTCUSDT,-0.0213,-1.0339
1/30/2024 1:15,FETUSDT,-0.027,-1.0609
1/30/2024 1:30,OPUSDT,-0.0263,-1.0872
1/30/2024 1:30,RIFUSDT,-0.0255,-1.1127
1/30/2024 2:30,SSVUSDT,-0.0266,-1.1393
1/30/2024 2:30,STEEMUSDT,-0.0231,-1.1624
1/30/2024 2:45,UMAUSDT,-0.0235,-1.1859
1/30/2024 4:45,ARBUSDT,-0.0279,-1.2138
1/30/2024 5:00,UNIUSDT,-0.0217,-1.2355
1/30/2024 6:15,ACEUSDT,-0.0232,-1.2587
1/30/2024 6:30,MOVRUSDT,-0.0261,-1.2848
1/30/2024 6:45,RUNEUSDT,0.0496,-1.2352
1/30/2024 9:45,ICPUSDT,0.0481,-1.1871
1/30/2024 9:45,RADUSDT,-0.02,-1.2071
1/30/2024 10:15,FTMUSDT,-0.0244,-1.2315
1/30/2024 10:30,FLMUSDT,-0.0228,-1.2543
1/30/2024 10:30,ALICEUSDT,-0.0222,-1.2765
1/30/2024 10:30,USTCUSDT,-0.02,-1.2965
1/30/2024 10:45,LINKUSDT,-0.0246,-1.3211
1/30/2024 11:15,XVGUSDT,-0.0205,-1.3416
1/30/2024 11:15,RSRUSDT,-0.0266,-1.3682
1/30/2024 11:15,BNXUSDT,-0.0213,-1.3895
1/30/2024 11:30,CTKUSDT,-0.0206,-1.4101
1/30/2024 11:30,RENUSDT,-0.028,-1.4381
1/30/2024 12:00,BANDUSDT,-0.021,-1.4591
1/30/2024 15:00,CRVUSDT,-0.02,-1.4791
1/30/2024 18:45,FXSUSDT,-0.0223,-1.5014
1/30/2024 20:15,GMXUSDT,-0.0256,-1.527
1/30/2024 21:00,QNTUSDT,0.0485,-1.4785
1/30/2024 21:00,IOSTUSDT,0.0482,-1.4303
1/30/2024 21:00,1000SHIBUSDT,0.0467,-1.3836
1/30/2024 21:00,THETAUSDT,0.0429,-1.3407
1/30/2024 22:00,NTRNUSDT,0.0498,-1.2909
1/30/2024 22:30,ICXUSDT,0.0427,-1.2482
1/30/2024 22:45,BSVUSDT,0.039,-1.2092
1/30/2024 22:45,MINAUSDT,0.0445,-1.1647
1/31/2024 0:00,CFXUSDT,-0.02,-1.1847
1/31/2024 5:15,LDOUSDT,0.0439,-1.1408
1/31/2024 6:30,UNIUSDT,-0.0223,-1.1631
1/31/2024 8:00,UMAUSDT,0.0372,-1.1259
1/31/2024 8:00,THETAUSDT,0.0446,-1.0813
1/31/2024 8:30,FTMUSDT,0.0397,-1.0416
1/31/2024 9:00,RDNTUSDT,0.0423,-0.9993
1/31/2024 9:00,DYDXUSDT,0.0437,-0.9556
1/31/2024 9:15,BNTUSDT,0.0484,-0.9072
1/31/2024 10:30,UMAUSDT,0.0435,-0.8637
1/31/2024 10:45,AAVEUSDT,-0.0233,-0.887
1/31/2024 10:45,CELOUSDT,-0.0291,-0.9161
1/31/2024 10:45,LDOUSDT,-0.0208,-0.9369
1/31/2024 10:45,ACHUSDT,-0.0207,-0.9576
1/31/2024 12:45,JTOUSDT,0.0475,-0.9101
1/31/2024 13:15,IOTXUSDT,-0.0209,-0.931
1/31/2024 14:00,CAKEUSDT,-0.0216,-0.9526
1/31/2024 14:00,XLMUSDT,-0.0274,-0.98
1/31/2024 14:00,SSVUSDT,-0.0249,-1.0049
1/31/2024 14:00,GLMRUSDT,-0.0276,-1.0325
1/31/2024 14:00,SFPUSDT,-0.0253,-1.0578
1/31/2024 14:00,SNXUSDT,-0.0257,-1.0835
1/31/2024 14:00,JOEUSDT,-0.0299,-1.1134
1/31/2024 14:00,MEMEUSDT,-0.0206,-1.134
1/31/2024 14:00,GTCUSDT,-0.02,-1.154
1/31/2024 14:00,ONEUSDT,-0.0216,-1.1756
1/31/2024 14:00,SLPUSDT,-0.0268,-1.2024
1/31/2024 14:00,COMBOUSDT,-0.0215,-1.2239
1/31/2024 14:00,CTKUSDT,0.0424,-1.1815
1/31/2024 14:00,KNCUSDT,-0.0228,-1.2043
1/31/2024 14:00,FLMUSDT,-0.022,-1.2263
1/31/2024 14:00,CRVUSDT,-0.0246,-1.2509
1/31/2024 14:00,ALICEUSDT,-0.0277,-1.2786
1/31/2024 14:00,MDTUSDT,-0.0263,-1.3049
1/31/2024 14:00,ATOMUSDT,-0.0207,-1.3256
1/31/2024 14:00,ONTUSDT,-0.0241,-1.3497
1/31/2024 14:00,ANKRUSDT,-0.0243,-1.374
1/31/2024 14:00,ZECUSDT,-0.022,-1.396
1/31/2024 14:00,DODOXUSDT,-0.0219,-1.4179
1/31/2024 14:00,JASMYUSDT,-0.0223,-1.4402
1/31/2024 14:00,ETCUSDT,-0.0256,-1.4658
1/31/2024 14:00,ALGOUSDT,-0.0227,-1.4885
1/31/2024 14:00,OXTUSDT,-0.0244,-1.5129
1/31/2024 14:00,TOKENUSDT,-0.0251,-1.538
1/31/2024 14:00,LRCUSDT,-0.0239,-1.5619
1/31/2024 14:30,XMRUSDT,-0.023,-1.5849
1/31/2024 15:15,XVGUSDT,-0.0204,-1.6053
1/31/2024 15:15,LEVERUSDT,-0.0211,-1.6264
1/31/2024 19:15,TRBUSDT,0.0481,-1.5783
1/31/2024 21:00,FXSUSDT,-0.0203,-1.5986
1/31/2024 21:15,BONDUSDT,-0.0218,-1.6204
1/31/2024 23:30,KASUSDT,-0.0232,-1.6436
2/1/2024 0:30,AIUSDT,0.0487,-1.5949
2/1/2024 0:30,AAVEUSDT,-0.0223,-1.6172
2/1/2024 0:30,1INCHUSDT,-0.025,-1.6422
2/1/2024 1:00,CHRUSDT,-0.02,-1.6622
2/1/2024 1:00,FETUSDT,-0.0228,-1.685
2/1/2024 1:00,JOEUSDT,-0.0206,-1.7056
2/1/2024 1:00,STRAXUSDT,-0.0299,-1.7355
2/1/2024 1:00,TLMUSDT,-0.0292,-1.7647
2/1/2024 1:00,FLOWUSDT,-0.0251,-1.7898
2/1/2024 1:00,ZRXUSDT,-0.0245,-1.8143
2/1/2024 1:00,OCEANUSDT,-0.0216,-1.8359
2/1/2024 1:15,OPUSDT,-0.0222,-1.8581
2/1/2024 1:15,GMXUSDT,-0.0213,-1.8794
2/1/2024 1:15,TRUUSDT,-0.0223,-1.9017
2/1/2024 1:15,ETHUSDT,-0.0258,-1.9275
2/1/2024 1:15,JASMYUSDT,-0.0255,-1.953
2/1/2024 1:15,BCHUSDT,-0.0203,-1.9733
2/1/2024 1:15,ADAUSDT,-0.0255,-1.9988
2/1/2024 5:15,XEMUSDT,-0.02,-2.0188
2/1/2024 5:15,KAVAUSDT,-0.0204,-2.0392
2/1/2024 5:15,LDOUSDT,-0.0202,-2.0594
2/1/2024 5:15,DODOXUSDT,-0.0226,-2.082
2/1/2024 6:15,UNFIUSDT,-0.027,-2.109
2/1/2024 10:30,XVSUSDT,-0.0205,-2.1295
2/1/2024 12:00,MTLUSDT,0.0459,-2.0836
2/1/2024 12:30,TRXUSDT,0.048,-2.0356
2/1/2024 14:15,TIAUSDT,0.0487,-1.9869
2/1/2024 14:15,BANDUSDT,0.0452,-1.9417
2/1/2024 16:00,PEOPLEUSDT,-0.0718,-2.0135
2/1/2024 17:00,KASUSDT,0.0496,-1.9639
2/1/2024 17:15,BTCUSDT,-0.0248,-1.9887
2/1/2024 17:15,BNTUSDT,-0.0237,-2.0124
2/1/2024 17:15,POLYXUSDT,-0.02,-2.0324
2/1/2024 17:15,LOOMUSDT,-0.02,-2.0524
2/1/2024 18:15,API3USDT,-0.0261,-2.0785
2/1/2024 19:30,STEEMUSDT,0.0485,-2.03
2/1/2024 19:30,FXSUSDT,0.0474,-1.9826
2/1/2024 19:45,BTCUSDT,-0.0223,-2.0049
2/1/2024 19:45,1000SHIBUSDT,-0.0228,-2.0277
2/1/2024 19:45,NEARUSDT,-0.022,-2.0497
2/1/2024 19:45,MTLUSDT,-0.0208,-2.0705
2/1/2024 19:45,DOTUSDT,0.0481,-2.0224
2/1/2024 19:45,LSKUSDT,0.0344,-1.988
2/1/2024 19:45,ILVUSDT,-0.0238,-2.0118
2/1/2024 19:45,RENUSDT,0.0473,-1.9645
2/1/2024 19:45,BTCDOMUSDT,-0.02,-1.9845
2/1/2024 21:00,STGUSDT,0.0465,-1.938
2/1/2024 21:00,SNXUSDT,-0.0213,-1.9593
2/1/2024 21:00,BAKEUSDT,-0.0216,-1.9809
2/1/2024 21:45,ARPAUSDT,-0.0209,-2.0018
2/1/2024 22:45,ADAUSDT,0.0488,-1.953
2/1/2024 23:30,ARBUSDT,0.0479,-1.9051
2/1/2024 23:45,IOTXUSDT,0.046,-1.8591
2/1/2024 23:45,REEFUSDT,-0.022,-1.8811
2/2/2024 0:00,STGUSDT,0.0468,-1.8343
2/2/2024 0:00,APTUSDT,0.0344,-1.7999
2/2/2024 0:00,BELUSDT,-0.02,-1.8199
2/2/2024 0:00,AVAXUSDT,0.0463,-1.7736
2/2/2024 0:15,CHRUSDT,-0.0247,-1.7983
2/2/2024 0:15,AMBUSDT,-0.0224,-1.8207
2/2/2024 0:15,LINAUSDT,0.0413,-1.7794
2/2/2024 0:15,SPELLUSDT,-0.023,-1.8024
2/2/2024 0:15,IMXUSDT,0.0458,-1.7566
2/2/2024 0:15,ICXUSDT,-0.0292,-1.7858
2/2/2024 0:15,LQTYUSDT,-0.0202,-1.806
2/2/2024 0:15,WAVESUSDT,-0.023,-1.829
2/2/2024 0:15,ALICEUSDT,-0.0288,-1.8578
2/2/2024 0:15,RENUSDT,0.0453,-1.8125
2/2/2024 1:15,DASHUSDT,-0.0223,-1.8348
2/2/2024 2:00,OXTUSDT,0.0447,-1.7901
2/2/2024 2:30,GRTUSDT,-0.0331,-1.8232
2/2/2024 2:30,MASKUSDT,-0.0388,-1.862
2/2/2024 2:30,HIGHUSDT,-0.022,-1.884
2/2/2024 2:30,UNIUSDT,-0.025,-1.909
2/2/2024 2:30,1000FLOKIUSDT,-0.0305,-1.9395
2/2/2024 2:30,HOOKUSDT,-0.0221,-1.9616
2/2/2024 2:30,IMXUSDT,0.0423,-1.9193
2/2/2024 2:30,COMBOUSDT,-0.023,-1.9423
2/2/2024 2:30,ROSEUSDT,0.0468,-1.8955
2/2/2024 2:30,XTZUSDT,0.05,-1.8455
2/2/2024 2:30,KSMUSDT,-0.0206,-1.8661
2/2/2024 2:30,C98USDT,-0.023,-1.8891
2/2/2024 2:30,FILUSDT,-0.0268,-1.9159
2/2/2024 2:45,FTMUSDT,-0.02,-1.9359
2/2/2024 3:15,KASUSDT,-0.0202,-1.9561
2/2/2024 4:00,OXTUSDT,-0.0309,-1.987
2/2/2024 4:15,STXUSDT,0.0402,-1.9468
2/2/2024 7:00,BNTUSDT,-0.0232,-1.97
2/2/2024 7:15,KASUSDT,-0.0219,-1.9919
2/2/2024 7:30,KSMUSDT,-0.0211,-2.013
2/2/2024 8:15,1000SATSUSDT,-0.0223,-2.0353
2/2/2024 9:15,STRAXUSDT,0.0388,-1.9965
2/2/2024 9:15,DYDXUSDT,0.0457,-1.9508
2/2/2024 11:45,MAGICUSDT,0.0444,-1.9064
2/2/2024 12:00,UNIUSDT,-0.0208,-1.9272
2/2/2024 12:15,CRVUSDT,-0.0299,-1.9571
2/2/2024 13:15,SLPUSDT,-0.0295,-1.9866
2/2/2024 14:15,1INCHUSDT,-0.0209,-2.0075
2/2/2024 19:45,IOTAUSDT,-0.02,-2.0275
2/2/2024 20:30,ENSUSDT,-0.0219,-2.0494
2/2/2024 22:15,1000SATSUSDT,-0.0234,-2.0728
2/2/2024 23:15,PYTHUSDT,0.0458,-2.027
2/3/2024 0:00,GASUSDT,-0.0255,-2.0525
2/3/2024 0:00,OXTUSDT,-0.0219,-2.0744
2/3/2024 0:00,RVNUSDT,-0.02,-2.0944
2/3/2024 0:15,IOTXUSDT,-0.0224,-2.1168
2/3/2024 0:15,NKNUSDT,-0.0315,-2.1483
2/3/2024 0:15,FLMUSDT,-0.024,-2.1723
2/3/2024 0:15,CELRUSDT,-0.0254,-2.1977
2/3/2024 0:15,TLMUSDT,-0.0222,-2.2199
2/3/2024 0:15,RIFUSDT,-0.0236,-2.2435
2/3/2024 0:30,GMTUSDT,-0.0234,-2.2669
2/3/2024 0:30,ROSEUSDT,0.0474,-2.2195
2/3/2024 1:00,WLDUSDT,-0.0203,-2.2398
2/3/2024 1:45,MDTUSDT,-0.0281,-2.2679
2/3/2024 3:00,WLDUSDT,-0.024,-2.2919
2/3/2024 3:00,KASUSDT,-0.0216,-2.3135
2/3/2024 4:00,TWTUSDT,-0.0214,-2.3349
2/3/2024 4:30,QTUMUSDT,-0.0212,-2.3561
2/3/2024 6:30,ZENUSDT,-0.0229,-2.379
2/3/2024 6:30,ZILUSDT,-0.0312,-2.4102
2/3/2024 7:00,1INCHUSDT,-0.0277,-2.4379
2/3/2024 7:00,NEARUSDT,0.0461,-2.3918
2/3/2024 7:00,BIGTIMEUSDT,-0.0234,-2.4152
2/3/2024 7:00,SUPERUSDT,-0.0257,-2.4409
2/3/2024 7:00,VETUSDT,0.0454,-2.3955
2/3/2024 7:30,SUSHIUSDT,-0.021,-2.4165
2/3/2024 8:15,ICPUSDT,-0.0217,-2.4382
2/3/2024 8:15,STPTUSDT,-0.0335,-2.4717
2/3/2024 8:45,GLMRUSDT,-0.0217,-2.4934
2/3/2024 8:45,UNFIUSDT,-0.0262,-2.5196
2/3/2024 8:45,ATAUSDT,-0.024,-2.5436
2/3/2024 9:00,WAVESUSDT,-0.0244,-2.568
2/3/2024 9:15,PENDLEUSDT,-0.0236,-2.5916
2/3/2024 10:15,TIAUSDT,-0.0209,-2.6125
2/3/2024 11:15,SEIUSDT,-0.0275,-2.64
2/3/2024 12:45,CELOUSDT,-0.02,-2.66
2/3/2024 13:15,BLZUSDT,0.0272,-2.6328
2/3/2024 14:00,NEARUSDT,-0.0213,-2.6541
2/3/2024 14:00,ORDIUSDT,0.0463,-2.6078
2/3/2024 14:30,ANKRUSDT,0.0439,-2.5639
2/3/2024 14:45,1000SATSUSDT,-0.0208,-2.5847
2/3/2024 15:00,SFPUSDT,-0.0205,-2.6052
2/3/2024 16:15,JASMYUSDT,0.0453,-2.5599
2/3/2024 17:00,SUPERUSDT,-0.0324,-2.5923
2/3/2024 17:45,RADUSDT,-0.0252,-2.6175
2/3/2024 18:15,APTUSDT,0.0464,-2.5711
2/3/2024 20:30,ONGUSDT,-0.024,-2.5951
2/3/2024 21:00,ICXUSDT,-0.022,-2.6171
2/3/2024 21:00,AGLDUSDT,-0.0273,-2.6444
2/3/2024 22:15,HFTUSDT,-0.0209,-2.6653
2/3/2024 23:30,ILVUSDT,0.0455,-2.6198
2/4/2024 0:00,ENJUSDT,0.0461,-2.5737
2/4/2024 0:00,KAVAUSDT,0.0386,-2.5351
2/4/2024 0:00,LQTYUSDT,0.0399,-2.4952
2/4/2024 0:00,SEIUSDT,-0.026,-2.5212
2/4/2024 0:00,CTSIUSDT,0.0275,-2.4937
2/4/2024 4:00,STXUSDT,0.0448,-2.4489
2/4/2024 4:00,TRBUSDT,0.049,-2.3999
2/4/2024 4:15,WOOUSDT,0.0496,-2.3503
2/4/2024 4:15,NEARUSDT,-0.0266,-2.3769
2/4/2024 4:15,IOTXUSDT,-0.0209,-2.3978
2/4/2024 4:15,HBARUSDT,-0.0205,-2.4183
2/4/2024 4:15,KAVAUSDT,0.0468,-2.3715
2/4/2024 4:15,ARKUSDT,-0.025,-2.3965
2/4/2024 5:45,NMRUSDT,0.0486,-2.3479
2/4/2024 5:45,RENUSDT,0.0463,-2.3016
2/4/2024 6:15,IOTAUSDT,-0.0274,-2.329
2/4/2024 6:15,DGBUSDT,0.0472,-2.2818
2/4/2024 6:15,RIFUSDT,-0.0214,-2.3032
2/4/2024 6:15,RVNUSDT,-0.024,-2.3272
2/4/2024 6:30,CELRUSDT,-0.0218,-2.349
2/4/2024 6:45,BATUSDT,-0.0214,-2.3704
2/4/2024 6:45,HBARUSDT,-0.0211,-2.3915
2/4/2024 6:45,GALAUSDT,-0.0267,-2.4182
2/4/2024 6:45,ZILUSDT,-0.0231,-2.4413
2/4/2024 7:15,HIFIUSDT,-0.0223,-2.4636
2/4/2024 7:30,ORBSUSDT,-0.024,-2.4876
2/4/2024 7:30,ATOMUSDT,-0.0226,-2.5102
2/4/2024 8:45,WIFUSDT,0.0187,-2.4915
2/4/2024 8:45,BICOUSDT,-0.0264,-2.5179
2/4/2024 8:45,STRAXUSDT,-0.024,-2.5419
2/4/2024 9:00,APEUSDT,-0.0287,-2.5706
2/4/2024 9:00,OMGUSDT,-0.0255,-2.5961
2/4/2024 9:00,AIUSDT,-0.0224,-2.6185
2/4/2024 9:00,QTUMUSDT,-0.0211,-2.6396
2/4/2024 9:00,FETUSDT,-0.0281,-2.6677
2/4/2024 9:00,HIGHUSDT,-0.0229,-2.6906
2/4/2024 9:00,UNIUSDT,-0.0245,-2.7151
2/4/2024 9:00,HOOKUSDT,-0.0329,-2.748
2/4/2024 9:00,HBARUSDT,-0.0222,-2.7702
2/4/2024 9:00,TRUUSDT,-0.0212,-2.7914
2/4/2024 9:00,ONTUSDT,-0.0222,-2.8136
2/4/2024 9:00,RENUSDT,-0.0219,-2.8355
2/4/2024 9:00,IDEXUSDT,-0.0212,-2.8567
2/4/2024 9:00,CYBERUSDT,-0.0218,-2.8785
2/4/2024 9:00,ARBUSDT,-0.022,-2.9005
2/4/2024 13:00,CKBUSDT,-0.0232,-2.9237
2/4/2024 13:30,XVSUSDT,0.0083,-2.9154
2/4/2024 14:00,BATUSDT,-0.0319,-2.9473
2/4/2024 14:15,ROSEUSDT,0.0493,-2.898
2/4/2024 15:15,OPUSDT,-0.0394,-2.9374
2/4/2024 16:30,IMXUSDT,-0.0266,-2.964
2/4/2024 16:30,SUIUSDT,-0.0215,-2.9855
2/4/2024 16:45,ENSUSDT,0.048,-2.9375
2/4/2024 17:15,SEIUSDT,-0.0225,-2.96
2/4/2024 17:45,HBARUSDT,-0.0213,-2.9813
2/4/2024 17:45,TWTUSDT,-0.022,-3.0033
2/4/2024 21:30,JUPUSDT,-0.0249,-3.0282
2/4/2024 22:15,AVAXUSDT,-0.0203,-3.0485
2/4/2024 22:15,ACHUSDT,-0.0229,-3.0714
2/4/2024 22:15,MINAUSDT,0.0421,-3.0293
2/4/2024 22:15,LUNA2USDT,-0.0232,-3.0525
2/4/2024 22:15,UNFIUSDT,-0.0214,-3.0739
2/4/2024 22:15,DASHUSDT,-0.0207,-3.0946
2/4/2024 22:30,1000SHIBUSDT,-0.023,-3.1176
2/4/2024 22:30,XEMUSDT,0.0461,-3.0715
2/4/2024 22:30,FLOWUSDT,-0.0217,-3.0932
2/4/2024 22:30,C98USDT,-0.0244,-3.1176
2/4/2024 22:30,VETUSDT,-0.0206,-3.1382
2/5/2024 0:15,XEMUSDT,0.0451,-3.0931
2/5/2024 0:30,GASUSDT,-0.025,-3.1181
2/5/2024 0:45,IOTXUSDT,-0.0214,-3.1395
2/5/2024 0:45,ETCUSDT,-0.0241,-3.1636
2/5/2024 0:45,MINAUSDT,-0.0208,-3.1844
2/5/2024 0:45,ARBUSDT,-0.0201,-3.2045
2/5/2024 1:00,APEUSDT,-0.0234,-3.2279
2/5/2024 1:00,XLMUSDT,-0.0274,-3.2553
2/5/2024 1:00,QNTUSDT,-0.0239,-3.2792
2/5/2024 1:00,QTUMUSDT,-0.0299,-3.3091
2/5/2024 1:00,GMXUSDT,-0.0304,-3.3395
2/5/2024 1:00,MANAUSDT,-0.034,-3.3735
2/5/2024 1:00,APTUSDT,-0.0312,-3.4047
2/5/2024 1:00,1000FLOKIUSDT,-0.0381,-3.4428
2/5/2024 1:00,RADUSDT,-0.0234,-3.4662
2/5/2024 1:00,DOGEUSDT,-0.0202,-3.4864
2/5/2024 1:00,XRPUSDT,-0.0252,-3.5116
2/5/2024 1:00,NEOUSDT,-0.0307,-3.5423
2/5/2024 1:00,RSRUSDT,-0.0259,-3.5682
2/5/2024 1:00,KNCUSDT,-0.0316,-3.5998
2/5/2024 1:00,SOLUSDT,-0.0313,-3.6311
2/5/2024 1:00,LDOUSDT,-0.0362,-3.6673
2/5/2024 1:00,EOSUSDT,-0.0268,-3.6941
2/5/2024 1:00,RUNEUSDT,-0.0233,-3.7174
2/5/2024 1:00,YGGUSDT,-0.0314,-3.7488
2/5/2024 1:00,BLZUSDT,0.0358,-3.713
2/5/2024 1:00,SEIUSDT,-0.0379,-3.7509
2/5/2024 1:00,MKRUSDT,-0.0228,-3.7737
2/5/2024 1:00,GALAUSDT,-0.0255,-3.7992
2/5/2024 1:00,ZENUSDT,-0.0263,-3.8255
2/5/2024 1:00,RVNUSDT,-0.0302,-3.8557
2/5/2024 1:00,FILUSDT,-0.0261,-3.8818
2/5/2024 7:30,NFPUSDT,-0.0281,-3.9099
2/5/2024 7:30,1000SATSUSDT,-0.0205,-3.9304
2/5/2024 7:30,ALICEUSDT,-0.0266,-3.957
2/5/2024 9:45,POWRUSDT,-0.021,-3.978
2/5/2024 9:45,HBARUSDT,0.0495,-3.9285
2/5/2024 9:45,IMXUSDT,0.0468,-3.8817
2/5/2024 9:45,DEFIUSDT,-0.0248,-3.9065
2/5/2024 9:45,XTZUSDT,-0.0233,-3.9298
2/5/2024 10:00,MAGICUSDT,-0.0209,-3.9507
2/5/2024 10:00,CRVUSDT,-0.0239,-3.9746
2/5/2024 10:00,YGGUSDT,0.0468,-3.9278
2/5/2024 10:00,FLOWUSDT,-0.0256,-3.9534
2/5/2024 10:00,ACHUSDT,-0.0212,-3.9746
2/5/2024 10:00,DASHUSDT,-0.0223,-3.9969
2/5/2024 10:15,XVGUSDT,-0.02,-4.0169
2/5/2024 10:15,1INCHUSDT,-0.0291,-4.046
2/5/2024 10:30,ZENUSDT,-0.0207,-4.0667
2/5/2024 11:30,DOTUSDT,-0.0223,-4.089
2/5/2024 11:45,GMXUSDT,-0.0226,-4.1116
2/5/2024 11:45,RUNEUSDT,-0.0211,-4.1327
2/5/2024 11:45,LRCUSDT,-0.0236,-4.1563
2/5/2024 12:00,LSKUSDT,0.0327,-4.1236
2/5/2024 12:00,NKNUSDT,-0.0231,-4.1467
2/5/2024 12:00,RENUSDT,-0.0206,-4.1673
2/5/2024 12:15,GLMRUSDT,-0.0208,-4.1881
2/5/2024 12:30,JUPUSDT,-0.0208,-4.2089
2/5/2024 12:45,FETUSDT,-0.024,-4.2329
2/5/2024 13:00,CRVUSDT,-0.0228,-4.2557
2/5/2024 13:15,FTMUSDT,-0.0222,-4.2779
2/5/2024 13:15,AAVEUSDT,-0.026,-4.3039
2/5/2024 13:15,HIFIUSDT,-0.0221,-4.326
2/5/2024 13:15,PERPUSDT,-0.0214,-4.3474
2/5/2024 13:15,ONTUSDT,-0.025,-4.3724
2/5/2024 13:30,TUSDT,-0.0237,-4.3961
2/5/2024 13:30,ETHWUSDT,-0.0361,-4.4322
2/5/2024 13:30,RUNEUSDT,-0.028,-4.4602
2/5/2024 13:30,OGNUSDT,-0.026,-4.4862
2/5/2024 13:45,DASHUSDT,-0.0209,-4.5071
2/5/2024 14:15,AUCTIONUSDT,-0.0227,-4.5298
2/5/2024 18:00,LPTUSDT,-0.0203,-4.5501
2/5/2024 19:30,BANDUSDT,-0.0221,-4.5722
2/5/2024 20:00,FETUSDT,-0.032,-4.6042
2/5/2024 20:00,IOSTUSDT,-0.0296,-4.6338
2/5/2024 20:00,GMTUSDT,0.0406,-4.5932
2/5/2024 20:00,NTRNUSDT,-0.0251,-4.6183
2/5/2024 20:00,LDOUSDT,-0.0356,-4.6539
2/5/2024 20:00,JUPUSDT,-0.0242,-4.6781
2/5/2024 20:00,DODOXUSDT,-0.0231,-4.7012
2/5/2024 20:00,ADAUSDT,-0.028,-4.7292
2/5/2024 20:00,ALPHAUSDT,0.039,-4.6902
2/5/2024 20:00,ZENUSDT,-0.0272,-4.7174
2/5/2024 22:15,1000FLOKIUSDT,-0.02,-4.7374
2/5/2024 22:15,STMXUSDT,-0.02,-4.7574
2/5/2024 22:15,ONTUSDT,-0.022,-4.7794
2/5/2024 22:15,SNTUSDT,-0.02,-4.7994
2/5/2024 22:15,ALPHAUSDT,-0.0217,-4.8211
2/5/2024 22:30,APTUSDT,-0.0253,-4.8464
2/5/2024 22:30,BADGERUSDT,-0.0209,-4.8673
2/5/2024 22:30,BAKEUSDT,-0.02,-4.8873
2/6/2024 0:15,MAVUSDT,-0.0239,-4.9112
2/6/2024 0:45,AGLDUSDT,0.0494,-4.8618
2/6/2024 0:45,DASHUSDT,-0.0217,-4.8835
2/6/2024 2:15,CELRUSDT,-0.0217,-4.9052
2/6/2024 2:30,AGIXUSDT,-0.0204,-4.9256
2/6/2024 2:30,SXPUSDT,-0.0208,-4.9464
2/6/2024 2:30,ORDIUSDT,-0.0217,-4.9681
2/6/2024 2:30,FILUSDT,-0.0248,-4.9929
2/6/2024 3:00,IDUSDT,-0.02,-5.0129
2/6/2024 3:30,MAGICUSDT,0.0463,-4.9666
2/6/2024 4:30,AMBUSDT,-0.02,-4.9866
2/6/2024 5:15,STRAXUSDT,0.0287,-4.9579
2/6/2024 6:00,GLMRUSDT,-0.0325,-4.9904
2/6/2024 7:15,CHRUSDT,0.0374,-4.953
2/6/2024 7:30,ARBUSDT,0.0486,-4.9044
2/6/2024 7:45,STORJUSDT,0.0486,-4.8558
2/6/2024 8:00,IOTXUSDT,-0.0238,-4.8796
2/6/2024 8:30,TRBUSDT,0.0235,-4.8561
2/6/2024 8:45,XAIUSDT,-0.0314,-4.8875
2/6/2024 9:30,CHZUSDT,0.015,-4.8725
2/6/2024 12:15,SKLUSDT,-0.02,-4.8925
2/6/2024 14:00,MOVRUSDT,-0.0202,-4.9127
2/6/2024 14:30,MDTUSDT,0.0231,-4.8896
2/6/2024 14:45,MAGICUSDT,-0.0271,-4.9167
2/6/2024 16:15,BELUSDT,-0.0223,-4.939
2/6/2024 16:15,ETHUSDT,0.0417,-4.8973
2/6/2024 17:15,UNIUSDT,0.0396,-4.8577
2/6/2024 18:30,STXUSDT,0.0489,-4.8088
2/6/2024 18:45,AXSUSDT,0.0467,-4.7621
2/6/2024 18:45,HOTUSDT,-0.0225,-4.7846
2/6/2024 19:15,SPELLUSDT,-0.0255,-4.8101
2/6/2024 19:15,ETHUSDT,0.044,-4.7661
2/6/2024 19:15,SANDUSDT,-0.0213,-4.7874
2/6/2024 20:00,DUSKUSDT,-0.0293,-4.8167
2/6/2024 20:45,MAVUSDT,0.0494,-4.7673
2/6/2024 21:15,1000FLOKIUSDT,-0.0222,-4.7895
2/6/2024 21:30,FETUSDT,-0.0281,-4.8176
2/6/2024 21:30,ILVUSDT,-0.0215,-4.8391
2/6/2024 21:30,LTCUSDT,-0.0217,-4.8608
2/6/2024 21:45,RADUSDT,-0.025,-4.8858
2/6/2024 22:15,GRTUSDT,-0.0304,-4.9162
2/6/2024 22:30,DOTUSDT,-0.0246,-4.9408
2/6/2024 22:30,PYTHUSDT,-0.0215,-4.9623
2/6/2024 22:30,UNFIUSDT,-0.026,-4.9883
2/7/2024 0:15,ONEUSDT,-0.022,-5.0103
2/7/2024 1:00,GLMRUSDT,0.05,-4.9603
2/7/2024 1:15,PYTHUSDT,-0.0232,-4.9835
2/7/2024 2:15,AXSUSDT,-0.0213,-5.0048
2/7/2024 2:30,CTSIUSDT,-0.027,-5.0318
2/7/2024 3:00,BIGTIMEUSDT,0.0487,-4.9831
2/7/2024 4:00,BANDUSDT,-0.0239,-5.007
2/7/2024 5:30,LEVERUSDT,0.0451,-4.9619
2/7/2024 5:30,OCEANUSDT,0.0467,-4.9152
2/7/2024 7:00,GLMRUSDT,0.0461,-4.8691
2/7/2024 7:15,WAXPUSDT,-0.024,-4.8931
2/7/2024 7:15,RENUSDT,0.045,-4.8481
2/7/2024 7:45,STEEMUSDT,-0.0225,-4.8706
2/7/2024 8:00,AAVEUSDT,-0.0258,-4.8964
2/7/2024 8:45,INJUSDT,0.0473,-4.8491
2/7/2024 9:00,ROSEUSDT,-0.0345,-4.8836
2/7/2024 9:15,LEVERUSDT,0.0491,-4.8345
2/7/2024 9:30,RADUSDT,0.0466,-4.7879
2/7/2024 9:30,MEMEUSDT,0.0414,-4.7465
2/7/2024 9:30,RSRUSDT,0.0419,-4.7046
2/7/2024 9:30,NTRNUSDT,-0.0274,-4.732
2/7/2024 9:30,NKNUSDT,0.049,-4.683
2/7/2024 9:45,BANDUSDT,0.0484,-4.6346
2/7/2024 10:15,ZENUSDT,-0.0228,-4.6574
2/7/2024 10:45,BATUSDT,-0.0278,-4.6852
2/7/2024 10:45,IOTAUSDT,-0.0228,-4.708
2/7/2024 10:45,TUSDT,-0.0212,-4.7292
2/7/2024 10:45,QTUMUSDT,-0.022,-4.7512
2/7/2024 10:45,EGLDUSDT,-0.0221,-4.7733
2/7/2024 10:45,ROSEUSDT,-0.0252,-4.7985
2/7/2024 10:45,BADGERUSDT,-0.0207,-4.8192
2/7/2024 10:45,OGNUSDT,-0.0362,-4.8554
2/7/2024 11:15,RSRUSDT,0.0468,-4.8086
2/7/2024 12:15,NFPUSDT,0.044,-4.7646
2/7/2024 12:15,1000BONKUSDT,0.0472,-4.7174
2/7/2024 12:15,IOTXUSDT,0.0472,-4.6702
2/7/2024 12:15,RDNTUSDT,0.0488,-4.6214
2/7/2024 12:30,KLAYUSDT,0.0482,-4.5732
2/7/2024 12:30,1000RATSUSDT,0.0444,-4.5288
2/7/2024 12:45,WLDUSDT,0.0483,-4.4805
2/7/2024 12:45,BELUSDT,0.0473,-4.4332
2/7/2024 12:45,JTOUSDT,0.0487,-4.3845
2/7/2024 13:45,NFPUSDT,0.0475,-4.337
2/7/2024 14:00,1INCHUSDT,0.0494,-4.2876
2/7/2024 14:00,LPTUSDT,0.0449,-4.2427
2/7/2024 14:00,LEVERUSDT,0.0474,-4.1953
2/7/2024 14:45,PEOPLEUSDT,0.0456,-4.1497
2/7/2024 15:15,LPTUSDT,0.0481,-4.1016
2/7/2024 15:15,BLURUSDT,0.0398,-4.0618
2/7/2024 16:30,STGUSDT,0.0411,-4.0207
2/7/2024 16:30,XAIUSDT,0.048,-3.9727
2/7/2024 16:45,CAKEUSDT,0.0446,-3.9281
2/7/2024 16:45,QNTUSDT,-0.022,-3.9501
2/7/2024 16:45,IOTXUSDT,0.0416,-3.9085
2/7/2024 16:45,WAVESUSDT,0.0498,-3.8587
2/7/2024 17:00,GLMRUSDT,-0.0237,-3.8824
2/7/2024 17:00,APTUSDT,0.04,-3.8424
2/7/2024 18:45,GLMRUSDT,-0.0219,-3.8643
2/7/2024 18:45,ALTUSDT,-0.0206,-3.8849
2/7/2024 18:45,ARKMUSDT,-0.0208,-3.9057
2/7/2024 19:15,LEVERUSDT,-0.0204,-3.9261
2/7/2024 20:00,BTCUSDT,0.0436,-3.8825
2/7/2024 20:00,ONGUSDT,-0.0243,-3.9068
2/7/2024 20:00,XRPUSDT,0.05,-3.8568
2/7/2024 20:00,TRUUSDT,-0.0226,-3.8794
2/7/2024 20:00,BCHUSDT,0.0478,-3.8316
2/7/2024 20:15,INJUSDT,0.0489,-3.7827
2/7/2024 20:15,APTUSDT,0.0433,-3.7394
2/7/2024 20:15,BEAMXUSDT,0.0452,-3.6942
2/7/2024 20:15,LINAUSDT,-0.024,-3.7182
2/7/2024 20:15,GTCUSDT,0.0348,-3.6834
2/7/2024 20:15,EGLDUSDT,0.0363,-3.6471
2/7/2024 20:15,ARUSDT,0.0473,-3.5998
2/7/2024 20:15,DOTUSDT,0.0409,-3.5589
2/7/2024 20:15,ICXUSDT,0.0471,-3.5118
2/7/2024 20:15,KNCUSDT,0.0464,-3.4654
2/7/2024 20:15,REEFUSDT,0.0449,-3.4205
2/7/2024 20:15,AXSUSDT,0.0474,-3.3731
2/7/2024 20:15,ANKRUSDT,0.0436,-3.3295
2/7/2024 20:15,SNTUSDT,0.0447,-3.2848
2/7/2024 20:15,DODOXUSDT,0.046,-3.2388
2/7/2024 20:15,UNFIUSDT,-0.0302,-3.269
2/7/2024 20:15,RIFUSDT,0.0362,-3.2328
2/7/2024 22:15,KLAYUSDT,0.05,-3.1828
2/7/2024 22:45,MANAUSDT,-0.0231,-3.2059
2/7/2024 23:00,ASTRUSDT,-0.0246,-3.2305
2/7/2024 23:00,LPTUSDT,0.0495,-3.181
2/7/2024 23:15,FILUSDT,-0.02,-3.201
2/7/2024 23:30,CYBERUSDT,-0.0223,-3.2233
2/7/2024 23:45,TIAUSDT,0.0481,-3.1752
2/8/2024 0:00,NEARUSDT,0.0488,-3.1264
2/8/2024 0:15,ICPUSDT,-0.0263,-3.1527
2/8/2024 0:15,1INCHUSDT,-0.0204,-3.1731
2/8/2024 0:15,CTKUSDT,0.05,-3.1231
2/8/2024 0:15,SUIUSDT,-0.0282,-3.1513
2/8/2024 0:15,SUSHIUSDT,-0.0202,-3.1715
2/8/2024 0:15,ATOMUSDT,-0.0205,-3.192
2/8/2024 0:30,WLDUSDT,-0.0257,-3.2177
2/8/2024 0:30,IOTXUSDT,-0.0296,-3.2473
2/8/2024 0:30,ONTUSDT,-0.0223,-3.2696
2/8/2024 0:30,FLOWUSDT,-0.0266,-3.2962
2/8/2024 0:30,XTZUSDT,-0.0254,-3.3216
2/8/2024 0:30,HOTUSDT,0.0485,-3.2731
2/8/2024 0:30,UNFIUSDT,-0.0209,-3.294
2/8/2024 0:30,OGNUSDT,-0.0282,-3.3222
2/8/2024 1:45,GTCUSDT,0.0441,-3.2781
2/8/2024 2:00,APTUSDT,-0.0217,-3.2998
2/8/2024 2:00,NTRNUSDT,0.0338,-3.266
2/8/2024 5:15,SEIUSDT,-0.0266,-3.2926
2/8/2024 7:30,ADAUSDT,0.0497,-3.2429
2/8/2024 8:00,BCHUSDT,0.0495,-3.1934
2/8/2024 9:45,QTUMUSDT,0.0473,-3.1461
2/8/2024 9:45,STORJUSDT,0.0495,-3.0966
2/8/2024 10:45,DYDXUSDT,-0.0291,-3.1257
2/8/2024 10:45,SNTUSDT,0.048,-3.0777
2/8/2024 11:00,OGNUSDT,-0.02,-3.0977
2/8/2024 12:00,WAXPUSDT,-0.021,-3.1187
2/8/2024 12:30,SPELLUSDT,-0.0209,-3.1396
2/8/2024 12:30,ARPAUSDT,-0.0249,-3.1645
2/8/2024 12:30,CTSIUSDT,0.0447,-3.1198
2/8/2024 13:00,BIGTIMEUSDT,-0.0203,-3.1401
2/8/2024 13:15,MKRUSDT,-0.0253,-3.1654
2/8/2024 15:15,BSVUSDT,-0.0207,-3.1861
2/8/2024 15:15,NEOUSDT,-0.0222,-3.2083
2/8/2024 15:15,CTKUSDT,-0.0209,-3.2292
2/8/2024 15:30,TRBUSDT,-0.0208,-3.25
2/8/2024 15:30,RLCUSDT,-0.0297,-3.2797
2/8/2024 15:45,OXTUSDT,-0.0212,-3.3009
2/8/2024 16:15,MANTAUSDT,-0.021,-3.3219
2/8/2024 19:45,LINAUSDT,-0.024,-3.3459
2/8/2024 20:30,LINKUSDT,-0.0246,-3.3705
2/8/2024 20:30,ARBUSDT,-0.0217,-3.3922
2/8/2024 21:30,BSVUSDT,-0.024,-3.4162
2/8/2024 23:00,RSRUSDT,0.0464,-3.3698
2/8/2024 23:45,OPUSDT,-0.0201,-3.3899
2/8/2024 23:45,ARBUSDT,-0.021,-3.4109
2/9/2024 0:00,RONINUSDT,0.0155,-3.3954
2/9/2024 0:00,BONDUSDT,0.0379,-3.3575
2/9/2024 0:00,FXSUSDT,-0.0391,-3.3966
2/9/2024 0:15,1INCHUSDT,0.026,-3.3706
2/9/2024 1:00,XTZUSDT,0.0475,-3.3231
2/9/2024 1:45,LEVERUSDT,0.0487,-3.2744
2/9/2024 1:45,RVNUSDT,0.0353,-3.2391
2/9/2024 2:15,RADUSDT,0.0487,-3.1904
2/9/2024 2:15,EGLDUSDT,-0.0211,-3.2115
2/9/2024 2:45,BATUSDT,0.0445,-3.167
2/9/2024 2:45,FTMUSDT,-0.0226,-3.1896
2/9/2024 3:30,DUSKUSDT,-0.0255,-3.2151
2/9/2024 4:30,CRVUSDT,-0.02,-3.2351
2/9/2024 5:15,LDOUSDT,0.0493,-3.1858
2/9/2024 5:30,POWRUSDT,-0.0279,-3.2137
2/9/2024 5:30,PERPUSDT,0.0493,-3.1644
2/9/2024 5:30,WAVESUSDT,0.032,-3.1324
2/9/2024 5:30,SANDUSDT,-0.0211,-3.1535
2/9/2024 5:30,GALAUSDT,0.0478,-3.1057
2/9/2024 5:30,HOTUSDT,-0.0228,-3.1285
2/9/2024 5:45,GRTUSDT,-0.0237,-3.1522
2/9/2024 5:45,CYBERUSDT,0.0476,-3.1046
2/9/2024 6:45,ZETAUSDT,-0.0223,-3.1269
2/9/2024 7:00,AIUSDT,-0.036,-3.1629
2/9/2024 7:00,SXPUSDT,0.0484,-3.1145
2/9/2024 7:15,ALICEUSDT,0.0466,-3.0679
2/9/2024 7:30,DOGEUSDT,0.043,-3.0249
2/9/2024 7:30,LOOMUSDT,-0.0248,-3.0497
2/9/2024 7:30,DODOXUSDT,0.0204,-3.0293
2/9/2024 7:45,REEFUSDT,0.0475,-2.9818
2/9/2024 8:15,DEFIUSDT,0.0485,-2.9333
2/9/2024 8:15,ALPHAUSDT,0.0469,-2.8864
2/9/2024 8:30,AAVEUSDT,0.0481,-2.8383
2/9/2024 8:45,TRUUSDT,0.0321,-2.8062
2/9/2024 8:45,ARKUSDT,-0.0209,-2.8271
2/9/2024 8:45,TLMUSDT,0.0357,-2.7914
2/9/2024 8:45,RVNUSDT,0.0374,-2.754
2/9/2024 10:00,INJUSDT,-0.035,-2.789
2/9/2024 10:00,BONDUSDT,0.0449,-2.7441
2/9/2024 10:00,JTOUSDT,-0.0249,-2.769
2/9/2024 10:30,ORDIUSDT,-0.0217,-2.7907
2/9/2024 11:30,ILVUSDT,0.0454,-2.7453
2/9/2024 11:30,ETHUSDT,0.0477,-2.6976
2/9/2024 11:45,WOOUSDT,-0.0256,-2.7232
2/9/2024 11:45,QTUMUSDT,-0.0286,-2.7518
2/9/2024 11:45,DARUSDT,0.05,-2.7018
2/9/2024 11:45,UNIUSDT,0.047,-2.6548
2/9/2024 11:45,ARUSDT,-0.0218,-2.6766
2/9/2024 11:45,BNBUSDT,-0.023,-2.6996
2/9/2024 11:45,ANKRUSDT,-0.0341,-2.7337
2/9/2024 11:45,LOOMUSDT,-0.0231,-2.7568
2/9/2024 11:45,ALPHAUSDT,-0.0209,-2.7777
2/9/2024 12:00,REEFUSDT,-0.0249,-2.8026
2/9/2024 13:30,KSMUSDT,-0.0269,-2.8295
2/9/2024 14:15,STXUSDT,-0.0229,-2.8524
2/9/2024 15:15,CKBUSDT,-0.026,-2.8784
2/9/2024 17:45,FTMUSDT,-0.0303,-2.9087
2/9/2024 18:00,SNTUSDT,-0.0254,-2.9341
2/9/2024 18:15,ZRXUSDT,-0.0263,-2.9604
2/9/2024 20:00,OPUSDT,-0.0258,-2.9862
2/9/2024 20:00,ONGUSDT,-0.02,-3.0062
2/9/2024 20:00,AVAXUSDT,0.0405,-2.9657
2/9/2024 21:45,RONINUSDT,-0.02,-2.9857
2/9/2024 21:45,GTCUSDT,0.0449,-2.9408
2/9/2024 21:45,ARKUSDT,0.0459,-2.8949
2/9/2024 21:45,AVAXUSDT,-0.0206,-2.9155
2/9/2024 22:45,MDTUSDT,-0.0207,-2.9362
2/9/2024 23:00,APEUSDT,0.0349,-2.9013
2/10/2024 0:00,MANAUSDT,-0.0244,-2.9257
2/10/2024 0:00,XVSUSDT,-0.0219,-2.9476
2/10/2024 0:00,CTKUSDT,-0.0251,-2.9727
2/10/2024 0:00,KNCUSDT,-0.0205,-2.9932
2/10/2024 0:00,BLURUSDT,-0.0206,-3.0138
2/10/2024 0:00,ARKUSDT,-0.1001,-3.1139
2/10/2024 0:00,ATAUSDT,-0.024,-3.1379
2/10/2024 0:15,ACEUSDT,0.0226,-3.1153
2/10/2024 0:15,MAVUSDT,0.0493,-3.066
2/10/2024 0:15,GTCUSDT,-0.0266,-3.0926
2/10/2024 0:15,UMAUSDT,-0.0241,-3.1167
2/10/2024 0:15,ALPHAUSDT,-0.0205,-3.1372
2/10/2024 0:15,ZILUSDT,-0.0228,-3.16
2/10/2024 0:30,CAKEUSDT,-0.0202,-3.1802
2/10/2024 0:30,ARKMUSDT,-0.0234,-3.2036
2/10/2024 0:30,KASUSDT,-0.0223,-3.2259
2/10/2024 1:15,ONTUSDT,-0.0212,-3.2471
2/10/2024 1:15,ALPHAUSDT,0.0448,-3.2023
2/10/2024 1:30,ATAUSDT,-0.02,-3.2223
2/10/2024 1:45,UNIUSDT,-0.02,-3.2423
2/10/2024 1:45,BAKEUSDT,-0.0247,-3.267
2/10/2024 1:45,1000LUNCUSDT,0.0471,-3.2199
2/10/2024 2:00,RLCUSDT,-0.0266,-3.2465
2/10/2024 2:00,USTCUSDT,0.0477,-3.1988
2/10/2024 3:00,APEUSDT,-0.0263,-3.2251
2/10/2024 3:00,BATUSDT,-0.024,-3.2491
2/10/2024 3:00,KEYUSDT,-0.0357,-3.2848
2/10/2024 3:00,HOTUSDT,-0.02,-3.3048
2/10/2024 3:30,LDOUSDT,-0.0229,-3.3277
2/10/2024 3:30,BANDUSDT,-0.021,-3.3487
2/10/2024 8:15,MANTAUSDT,-0.0266,-3.3753
2/10/2024 8:45,BSVUSDT,0.0204,-3.3549
2/10/2024 8:45,CELOUSDT,0.0303,-3.3246
2/10/2024 8:45,WAVESUSDT,0.0388,-3.2858
2/10/2024 8:45,THETAUSDT,-0.0382,-3.324
2/10/2024 8:45,ZECUSDT,-0.0297,-3.3537
2/10/2024 9:30,XEMUSDT,-0.02,-3.3737
2/10/2024 9:45,DUSKUSDT,0.045,-3.3287
2/10/2024 9:45,MTLUSDT,-0.0202,-3.3489
2/10/2024 9:45,ZRXUSDT,-0.0306,-3.3795
2/10/2024 10:00,DOGEUSDT,-0.0206,-3.4001
2/10/2024 10:30,FTMUSDT,-0.0277,-3.4278
2/10/2024 10:30,OPUSDT,-0.0218,-3.4496
2/10/2024 10:30,DGBUSDT,-0.024,-3.4736
2/10/2024 10:30,HOTUSDT,-0.0248,-3.4984
2/10/2024 10:45,MASKUSDT,-0.0231,-3.5215
2/10/2024 10:45,DARUSDT,-0.0216,-3.5431
2/10/2024 10:45,BICOUSDT,-0.0254,-3.5685
2/10/2024 10:45,ALICEUSDT,-0.0231,-3.5916
2/10/2024 10:45,TWTUSDT,-0.0214,-3.613
2/10/2024 10:45,TLMUSDT,-0.0258,-3.6388
2/10/2024 10:45,XTZUSDT,-0.029,-3.6678
2/10/2024 10:45,ORDIUSDT,-0.0373,-3.7051
2/10/2024 10:45,CYBERUSDT,-0.0313,-3.7364
2/10/2024 13:15,RUNEUSDT,-0.0207,-3.7571
2/10/2024 17:15,NMRUSDT,-0.0218,-3.7789
2/10/2024 17:15,BELUSDT,0.031,-3.7479
2/10/2024 17:30,SLPUSDT,0.0463,-3.7016
2/10/2024 18:00,CELRUSDT,-0.0209,-3.7225
2/10/2024 18:00,TLMUSDT,-0.0265,-3.749
2/10/2024 19:30,BIGTIMEUSDT,-0.0215,-3.7705
2/10/2024 20:30,ENJUSDT,0.0412,-3.7293
2/10/2024 20:30,GASUSDT,0.045,-3.6843
2/10/2024 23:00,IDUSDT,0.0479,-3.6364
2/11/2024 0:30,ADAUSDT,-0.0261,-3.6625
2/11/2024 1:00,LINKUSDT,0.044,-3.6185
2/11/2024 2:30,CAKEUSDT,-0.024,-3.6425
2/11/2024 3:00,ARBUSDT,0.0463,-3.5962
2/11/2024 3:15,BALUSDT,-0.023,-3.6192
2/11/2024 3:15,THETAUSDT,-0.0269,-3.6461
2/11/2024 3:30,KASUSDT,-0.0279,-3.674
2/11/2024 5:15,ENJUSDT,0.0469,-3.6271
2/11/2024 5:15,DGBUSDT,-0.024,-3.6511
2/11/2024 5:30,XAIUSDT,0.0435,-3.6076
2/11/2024 5:45,NEARUSDT,-0.0219,-3.6295
2/11/2024 6:00,TRBUSDT,-0.0228,-3.6523
2/11/2024 6:15,AGLDUSDT,-0.0303,-3.6826
2/11/2024 6:30,BALUSDT,-0.0273,-3.7099
2/11/2024 6:30,QTUMUSDT,-0.0217,-3.7316
2/11/2024 6:30,LPTUSDT,-0.0247,-3.7563
2/11/2024 6:30,POWRUSDT,0.0471,-3.7092
2/11/2024 6:30,LDOUSDT,-0.0223,-3.7315
2/11/2024 6:30,OCEANUSDT,0.0479,-3.6836
2/11/2024 6:45,ANKRUSDT,-0.0247,-3.7083
2/11/2024 6:45,ZILUSDT,-0.0285,-3.7368
2/11/2024 7:45,1000SHIBUSDT,-0.0304,-3.7672
2/11/2024 8:00,XVGUSDT,-0.0211,-3.7883
2/11/2024 8:00,IOSTUSDT,-0.0299,-3.8182
2/11/2024 8:00,RUNEUSDT,-0.0214,-3.8396
2/11/2024 9:00,LITUSDT,0.0459,-3.7937
2/11/2024 9:15,DENTUSDT,-0.0266,-3.8203
2/11/2024 9:15,LOOMUSDT,-0.0233,-3.8436
2/11/2024 9:15,BAKEUSDT,-0.0244,-3.868
2/11/2024 9:30,COMPUSDT,-0.0247,-3.8927
2/11/2024 10:15,LINKUSDT,-0.0216,-3.9143
2/11/2024 11:15,ILVUSDT,-0.0232,-3.9375
2/11/2024 12:15,ONGUSDT,0.0169,-3.9206
2/11/2024 12:30,SKLUSDT,-0.0238,-3.9444
2/11/2024 12:30,OCEANUSDT,-0.0208,-3.9652
2/11/2024 13:15,USTCUSDT,0.0487,-3.9165
2/11/2024 13:45,OCEANUSDT,-0.0205,-3.937
2/11/2024 16:00,GLMRUSDT,0.0448,-3.8922
2/11/2024 16:00,CVXUSDT,0.05,-3.8422
2/11/2024 17:30,GLMRUSDT,0.0373,-3.8049
2/11/2024 18:00,CELOUSDT,0.0461,-3.7588
2/11/2024 18:00,LEVERUSDT,0.049,-3.7098
2/11/2024 18:15,QNTUSDT,-0.0211,-3.7309
2/11/2024 18:15,FLMUSDT,0.05,-3.6809
2/11/2024 18:15,ALICEUSDT,-0.02,-3.7009
2/11/2024 18:15,DODOXUSDT,-0.0237,-3.7246
2/11/2024 18:15,HOTUSDT,0.047,-3.6776
2/11/2024 18:30,CKBUSDT,-0.0215,-3.6991
2/11/2024 18:45,BCHUSDT,-0.0265,-3.7256
2/11/2024 20:30,ENJUSDT,-0.0271,-3.7527
2/11/2024 20:30,DARUSDT,-0.0218,-3.7745
2/11/2024 20:30,LINAUSDT,0.0467,-3.7278
2/11/2024 20:30,NTRNUSDT,-0.0243,-3.7521
2/11/2024 20:30,COMBOUSDT,-0.0235,-3.7756
2/11/2024 20:30,XVSUSDT,-0.0211,-3.7967
2/11/2024 20:30,DENTUSDT,-0.02,-3.8167
2/11/2024 20:30,SUSHIUSDT,0.0354,-3.7813
2/11/2024 20:30,IDEXUSDT,-0.0257,-3.807
2/11/2024 20:45,SSVUSDT,-0.0289,-3.8359
2/11/2024 20:45,BONDUSDT,-0.035,-3.8709
2/11/2024 20:45,KEYUSDT,-0.031,-3.9019
2/11/2024 20:45,ENSUSDT,-0.0258,-3.9277
2/11/2024 20:45,ONGUSDT,0.0372,-3.8905
2/11/2024 20:45,IOTXUSDT,-0.0244,-3.9149
2/11/2024 20:45,PERPUSDT,-0.0279,-3.9428
2/11/2024 20:45,KNCUSDT,-0.0266,-3.9694
2/11/2024 20:45,ARPAUSDT,-0.0239,-3.9933
2/11/2024 20:45,ACHUSDT,-0.0283,-4.0216
2/11/2024 20:45,ZILUSDT,-0.0313,-4.0529
2/11/2024 22:45,ORDIUSDT,-0.0282,-4.0811
2/11/2024 23:00,CAKEUSDT,-0.022,-4.1031
2/11/2024 23:00,STXUSDT,-0.0239,-4.127
2/11/2024 23:00,ENSUSDT,-0.0219,-4.1489
2/11/2024 23:00,ONGUSDT,-0.0245,-4.1734
2/11/2024 23:00,BANDUSDT,-0.0269,-4.2003
2/11/2024 23:00,BLZUSDT,-0.0202,-4.2205
2/11/2024 23:00,RENUSDT,-0.0217,-4.2422
2/11/2024 23:00,OXTUSDT,-0.0211,-4.2633
2/11/2024 23:00,CYBERUSDT,-0.0232,-4.2865
2/11/2024 23:30,IDEXUSDT,-0.0268,-4.3133
2/12/2024 0:00,SNTUSDT,0.0427,-4.2706
2/12/2024 5:00,ZENUSDT,-0.024,-4.2946
2/12/2024 6:30,OPUSDT,-0.0207,-4.3153
2/12/2024 6:30,UNIUSDT,-0.0217,-4.337
2/12/2024 6:30,HOOKUSDT,-0.0258,-4.3628
2/12/2024 6:30,AVAXUSDT,-0.0211,-4.3839
2/12/2024 7:15,KLAYUSDT,-0.0216,-4.4055
2/12/2024 8:45,ICPUSDT,-0.0214,-4.4269
2/12/2024 9:00,APTUSDT,-0.0212,-4.4481
2/12/2024 9:30,UNIUSDT,-0.0219,-4.47
2/12/2024 11:15,SLPUSDT,-0.0208,-4.4908
2/12/2024 11:15,ONDOUSDT,-0.0282,-4.519
2/12/2024 11:15,BANDUSDT,-0.0212,-4.5402
2/12/2024 11:15,XAIUSDT,-0.0228,-4.563
2/12/2024 14:00,WOOUSDT,0.0482,-4.5148
2/12/2024 14:00,OPUSDT,0.0431,-4.4717
2/12/2024 14:15,MAGICUSDT,-0.0252,-4.4969
2/12/2024 17:00,AGLDUSDT,-0.0205,-4.5174
2/12/2024 17:15,INJUSDT,0.0261,-4.4913
2/12/2024 17:15,FXSUSDT,-0.0424,-4.5337
2/12/2024 17:15,BLURUSDT,0.05,-4.4837
2/12/2024 20:15,CELRUSDT,-0.0207,-4.5044
2/12/2024 20:30,PERPUSDT,0.0458,-4.4586
2/12/2024 20:30,STPTUSDT,-0.0277,-4.4863
2/12/2024 20:45,ONGUSDT,-0.023,-4.5093
2/12/2024 20:45,LSKUSDT,-0.0202,-4.5295
2/12/2024 20:45,CELOUSDT,-0.02,-4.5495
2/12/2024 20:45,ETHWUSDT,-0.0216,-4.5711
2/12/2024 20:45,ETHUSDT,-0.0216,-4.5927
2/12/2024 20:45,YFIUSDT,0.0491,-4.5436
2/12/2024 20:45,WAVESUSDT,-0.0207,-4.5643
2/12/2024 20:45,RENUSDT,-0.0232,-4.5875
2/12/2024 21:00,GLMRUSDT,0.0477,-4.5398
2/12/2024 21:00,XVGUSDT,-0.02,-4.5598
2/12/2024 21:00,LINAUSDT,0.05,-4.5098
2/12/2024 21:00,BLURUSDT,-0.0214,-4.5312
2/12/2024 21:00,SOLUSDT,-0.024,-4.5552
2/12/2024 21:00,SUSHIUSDT,-0.0201,-4.5753
2/12/2024 21:00,ZECUSDT,-0.0228,-4.5981
2/12/2024 21:00,MKRUSDT,0.0498,-4.5483
2/12/2024 22:15,1000SHIBUSDT,-0.0204,-4.5687
2/12/2024 22:15,HBARUSDT,-0.0207,-4.5894
2/12/2024 22:15,ZECUSDT,-0.0253,-4.6147
2/12/2024 22:30,TUSDT,-0.021,-4.6357
2/12/2024 22:30,COMBOUSDT,0.0489,-4.5868
2/12/2024 22:30,ETHUSDT,-0.0259,-4.6127
2/12/2024 22:45,LINAUSDT,-0.0257,-4.6384
2/12/2024 22:45,LSKUSDT,-0.0289,-4.6673
2/12/2024 22:45,LEVERUSDT,-0.0245,-4.6918
2/12/2024 22:45,ZILUSDT,-0.0212,-4.713
2/13/2024 0:00,CFXUSDT,-0.0306,-4.7436
2/13/2024 0:00,COMBOUSDT,-0.0208,-4.7644
2/13/2024 0:00,XVSUSDT,-0.024,-4.7884
2/13/2024 0:00,ARPAUSDT,-0.0213,-4.8097
2/13/2024 0:00,NKNUSDT,-0.0238,-4.8335
2/13/2024 0:00,ETHUSDT,-0.0291,-4.8626
2/13/2024 0:00,YFIUSDT,0.0482,-4.8144
2/13/2024 0:00,JUPUSDT,-0.0219,-4.8363
2/13/2024 0:00,BTCDOMUSDT,-0.033,-4.8693
2/13/2024 0:00,ARBUSDT,-0.0292,-4.8985
2/13/2024 0:15,WLDUSDT,0.0453,-4.8532
2/13/2024 0:15,HBARUSDT,0.0484,-4.8048
2/13/2024 0:15,REEFUSDT,-0.0213,-4.8261
2/13/2024 3:00,ARUSDT,0.0391,-4.787
2/13/2024 7:00,GLMRUSDT,-0.0358,-4.8228
2/13/2024 7:15,UMAUSDT,0.049,-4.7738
2/13/2024 7:15,HBARUSDT,-0.0247,-4.7985
2/13/2024 7:30,ENSUSDT,-0.0284,-4.8269
2/13/2024 7:30,BCHUSDT,-0.0211,-4.848
2/13/2024 7:45,C98USDT,0.04,-4.808
2/13/2024 8:00,THETAUSDT,-0.0205,-4.8285
2/13/2024 8:15,TWTUSDT,-0.0227,-4.8512
2/13/2024 8:45,UMAUSDT,0.0492,-4.802
2/13/2024 9:00,STGUSDT,-0.02,-4.822
2/13/2024 9:30,LINAUSDT,-0.0214,-4.8434
2/13/2024 9:45,PEOPLEUSDT,-0.0205,-4.8639
2/13/2024 11:45,SUIUSDT,-0.0255,-4.8894
2/13/2024 11:45,ATOMUSDT,-0.0262,-4.9156
2/13/2024 12:00,MKRUSDT,-0.0227,-4.9383
2/13/2024 13:00,QNTUSDT,0.0426,-4.8957
2/13/2024 13:15,ASTRUSDT,0.0482,-4.8475
2/13/2024 13:15,XRPUSDT,0.05,-4.7975
2/13/2024 13:15,AXSUSDT,0.0414,-4.7561
2/13/2024 13:30,GASUSDT,0.0311,-4.725
2/13/2024 13:30,POWRUSDT,0.0431,-4.6819
2/13/2024 13:30,ICXUSDT,-0.0306,-4.7125
2/13/2024 13:30,FXSUSDT,-0.0352,-4.7477
2/13/2024 13:30,MANTAUSDT,0.0466,-4.7011
2/13/2024 13:30,ALGOUSDT,0.0416,-4.6595
2/13/2024 19:45,VETUSDT,0.0461,-4.6134
2/13/2024 20:30,HOTUSDT,-0.0218,-4.6352
2/13/2024 20:45,SEIUSDT,-0.0246,-4.6598
2/13/2024 21:15,GTCUSDT,-0.02,-4.6798
2/13/2024 22:45,CTKUSDT,0.0486,-4.6312
2/13/2024 22:45,DODOXUSDT,0.0447,-4.5865
2/13/2024 23:15,PENDLEUSDT,-0.0209,-4.6074
2/13/2024 23:30,SUIUSDT,-0.0221,-4.6295
2/14/2024 2:30,ENJUSDT,0.0489,-4.5806
2/14/2024 2:30,DODOXUSDT,0.0491,-4.5315
2/14/2024 2:45,FETUSDT,-0.0357,-4.5672
2/14/2024 3:00,OGNUSDT,0.0335,-4.5337
2/14/2024 4:00,NMRUSDT,-0.022,-4.5557
2/14/2024 4:00,RENUSDT,0.0441,-4.5116
2/14/2024 5:00,HIGHUSDT,0.0495,-4.4621
2/14/2024 5:15,SFPUSDT,0.0496,-4.4125
2/14/2024 5:15,XVGUSDT,0.0478,-4.3647
2/14/2024 5:15,LPTUSDT,0.0428,-4.3219
2/14/2024 5:15,NKNUSDT,0.0394,-4.2825
2/14/2024 5:15,REEFUSDT,0.0484,-4.2341
2/14/2024 5:15,XAIUSDT,-0.0202,-4.2543
2/14/2024 5:30,ENJUSDT,0.0472,-4.2071
2/14/2024 5:30,WLDUSDT,0.0498,-4.1573
2/14/2024 5:30,FLMUSDT,0.0432,-4.1141
2/14/2024 5:30,OGNUSDT,0.0403,-4.0738
2/14/2024 5:45,AMBUSDT,0.05,-4.0238
2/14/2024 5:45,LITUSDT,0.045,-3.9788
2/14/2024 5:45,STEEMUSDT,0.0485,-3.9303
2/14/2024 6:30,RSRUSDT,0.0458,-3.8845
2/14/2024 7:00,LOOMUSDT,0.0497,-3.8348
2/14/2024 7:30,MINAUSDT,0.0423,-3.7925
2/14/2024 7:45,ICPUSDT,0.043,-3.7495
2/14/2024 8:30,SFPUSDT,0.0446,-3.7049
2/14/2024 8:30,REEFUSDT,0.048,-3.6569
2/14/2024 8:45,CAKEUSDT,0.0291,-3.6278
2/14/2024 8:45,SSVUSDT,-0.0257,-3.6535
2/14/2024 8:45,AAVEUSDT,0.0316,-3.6219
2/14/2024 8:45,TIAUSDT,-0.0321,-3.654
2/14/2024 8:45,WLDUSDT,0.0369,-3.6171
2/14/2024 8:45,MEMEUSDT,0.0373,-3.5798
2/14/2024 8:45,STMXUSDT,0.0444,-3.5354
2/14/2024 8:45,RSRUSDT,-0.0234,-3.5588
2/14/2024 8:45,1000RATSUSDT,0.0119,-3.5469
2/14/2024 8:45,ARPAUSDT,0.0418,-3.5051
2/14/2024 8:45,ILVUSDT,0.0448,-3.4603
2/14/2024 8:45,FLMUSDT,-0.0299,-3.4902
2/14/2024 8:45,YGGUSDT,0.0475,-3.4427
2/14/2024 8:45,TWTUSDT,-0.0321,-3.4748
2/14/2024 8:45,CELRUSDT,0.0434,-3.4314
2/14/2024 8:45,ROSEUSDT,-0.0255,-3.4569
2/14/2024 8:45,JUPUSDT,0.0353,-3.4216
2/14/2024 8:45,ANKRUSDT,0.0408,-3.3808
2/14/2024 8:45,OXTUSDT,0.0309,-3.3499
2/14/2024 8:45,ZRXUSDT,-0.0206,-3.3705
2/14/2024 8:45,ADAUSDT,0.0099,-3.3606
2/14/2024 8:45,1000LUNCUSDT,0.0244,-3.3362
2/14/2024 8:45,OGNUSDT,0.0444,-3.2918
2/14/2024 11:15,WOOUSDT,-0.0236,-3.3154
2/14/2024 11:15,XTZUSDT,0.05,-3.2654
2/14/2024 11:30,INJUSDT,-0.0234,-3.2888
2/14/2024 11:45,ARPAUSDT,-0.0212,-3.31
2/14/2024 11:45,USTCUSDT,-0.0225,-3.3325
2/14/2024 12:00,IOTXUSDT,-0.0233,-3.3558
2/14/2024 12:00,RIFUSDT,0.0206,-3.3352
2/14/2024 12:15,ILVUSDT,-0.0245,-3.3597
2/14/2024 12:30,ARUSDT,-0.024,-3.3837
2/14/2024 13:00,IOTAUSDT,-0.0302,-3.4139
2/14/2024 13:00,COMBOUSDT,-0.0258,-3.4397
2/14/2024 13:15,XLMUSDT,-0.0238,-3.4635
2/14/2024 13:15,ORBSUSDT,-0.02,-3.4835
2/14/2024 13:30,AGIXUSDT,-0.0208,-3.5043
2/14/2024 13:30,AXSUSDT,-0.0241,-3.5284
2/14/2024 13:45,SANDUSDT,-0.0217,-3.5501
2/14/2024 14:00,BICOUSDT,-0.0226,-3.5727
2/14/2024 14:00,STRAXUSDT,-0.0205,-3.5932
2/14/2024 14:15,FETUSDT,-0.0228,-3.616
2/14/2024 15:15,YGGUSDT,-0.0314,-3.6474
2/14/2024 15:30,STGUSDT,0.0489,-3.5985
2/14/2024 16:45,DOGEUSDT,0.05,-3.5485
2/14/2024 21:45,RADUSDT,-0.0212,-3.5697
2/14/2024 22:15,LITUSDT,0.0432,-3.5265
2/14/2024 23:15,STXUSDT,0.038,-3.4885
2/14/2024 23:30,JASMYUSDT,0.0427,-3.4458
2/14/2024 23:45,LSKUSDT,-0.0259,-3.4717
2/15/2024 0:00,DASHUSDT,-0.021,-3.4927
2/15/2024 0:15,RADUSDT,-0.0233,-3.516
2/15/2024 0:15,AGLDUSDT,0.0495,-3.4665
2/15/2024 0:15,LTCUSDT,-0.027,-3.4935
2/15/2024 0:15,OCEANUSDT,-0.0232,-3.5167
2/15/2024 0:15,FILUSDT,0.0418,-3.4749
2/15/2024 0:30,LITUSDT,0.0419,-3.433
2/15/2024 0:45,MTLUSDT,-0.0224,-3.4554
2/15/2024 1:45,BNBUSDT,0.0494,-3.406
2/15/2024 2:15,JASMYUSDT,-0.023,-3.429
2/15/2024 2:30,XVGUSDT,0.0469,-3.3821
2/15/2024 2:45,LRCUSDT,-0.0206,-3.4027
2/15/2024 3:00,UNFIUSDT,0.0454,-3.3573
2/15/2024 3:30,HFTUSDT,0.0493,-3.308
2/15/2024 3:30,FLMUSDT,-0.0332,-3.3412
2/15/2024 4:15,TRXUSDT,0.0454,-3.2958
2/15/2024 4:30,AGIXUSDT,-0.0219,-3.3177
2/15/2024 4:30,RLCUSDT,-0.0228,-3.3405
2/15/2024 5:00,TIAUSDT,-0.0211,-3.3616
2/15/2024 6:00,ARPAUSDT,0.0284,-3.3332
2/15/2024 6:30,CHZUSDT,-0.0212,-3.3544
2/15/2024 6:45,ARUSDT,0.0459,-3.3085
2/15/2024 7:45,KAVAUSDT,-0.0232,-3.3317
2/15/2024 8:00,BCHUSDT,0.0353,-3.2964
2/15/2024 8:30,DGBUSDT,0.0424,-3.254
2/15/2024 9:15,ARPAUSDT,0.0486,-3.2054
2/15/2024 10:00,KAVAUSDT,-0.0286,-3.234
2/15/2024 10:30,DGBUSDT,0.05,-3.184
2/15/2024 11:15,ZILUSDT,0.0183,-3.1657
2/15/2024 11:30,PENDLEUSDT,-0.0202,-3.1859
2/15/2024 11:45,SNTUSDT,-0.0219,-3.2078
2/15/2024 12:00,HFTUSDT,-0.024,-3.2318
2/15/2024 12:00,IOSTUSDT,-0.0398,-3.2716
2/15/2024 12:15,MTLUSDT,-0.0282,-3.2998
2/15/2024 12:15,ARKUSDT,0.0245,-3.2753
2/15/2024 12:15,ANKRUSDT,-0.0295,-3.3048
2/15/2024 12:45,BNBUSDT,0.0417,-3.2631
2/15/2024 13:00,APTUSDT,-0.0218,-3.2849
2/15/2024 13:30,LQTYUSDT,-0.0206,-3.3055
2/15/2024 13:45,IOTAUSDT,-0.0223,-3.3278
2/15/2024 13:45,NMRUSDT,-0.0267,-3.3545
2/15/2024 13:45,IDEXUSDT,-0.0237,-3.3782
2/15/2024 13:45,ADAUSDT,-0.0258,-3.404
2/15/2024 14:15,STEEMUSDT,-0.0216,-3.4256
2/15/2024 14:15,XTZUSDT,-0.0216,-3.4472
2/15/2024 14:30,GTCUSDT,-0.0208,-3.468
2/15/2024 19:00,AVAXUSDT,0.0397,-3.4283
2/15/2024 19:45,CRVUSDT,-0.02,-3.4483
2/16/2024 1:00,MAVUSDT,0.0328,-3.4155
2/16/2024 1:00,ALICEUSDT,-0.0217,-3.4372
2/16/2024 1:15,DEFIUSDT,-0.0211,-3.4583
2/16/2024 1:15,YFIUSDT,-0.0203,-3.4786
2/16/2024 1:15,WAVESUSDT,-0.0215,-3.5001
2/16/2024 1:15,STPTUSDT,-0.0211,-3.5212
2/16/2024 2:00,STRAXUSDT,0.0488,-3.4724
2/16/2024 3:00,AGLDUSDT,0.0494,-3.423
2/16/2024 3:00,EOSUSDT,-0.025,-3.448
2/16/2024 3:45,MAVUSDT,-0.0242,-3.4722
2/16/2024 4:15,IMXUSDT,-0.0254,-3.4976
2/16/2024 4:45,1INCHUSDT,-0.022,-3.5196
2/16/2024 4:45,XVSUSDT,0.0442,-3.4754
2/16/2024 5:00,SXPUSDT,-0.0209,-3.4963
2/16/2024 5:15,RVNUSDT,-0.0272,-3.5235
2/16/2024 5:30,YFIUSDT,-0.0318,-3.5553
2/16/2024 5:45,HBARUSDT,0.0486,-3.5067
2/16/2024 6:15,FTMUSDT,-0.0276,-3.5343
2/16/2024 6:15,XVGUSDT,0.0364,-3.4979
2/16/2024 6:15,KSMUSDT,-0.0256,-3.5235
2/16/2024 6:15,CYBERUSDT,-0.021,-3.5445
2/16/2024 6:30,API3USDT,-0.0266,-3.5711
2/16/2024 7:30,GLMRUSDT,0.0315,-3.5396
2/16/2024 8:30,GRTUSDT,0.0393,-3.5003
2/16/2024 8:30,HOTUSDT,-0.0317,-3.532
2/16/2024 9:00,SSVUSDT,-0.026,-3.558
2/16/2024 9:00,IDUSDT,-0.0299,-3.5879
2/16/2024 9:00,1000FLOKIUSDT,-0.0212,-3.6091
2/16/2024 9:00,ILVUSDT,-0.0202,-3.6293
2/16/2024 9:30,SUPERUSDT,0.0449,-3.5844
2/16/2024 11:15,ATAUSDT,-0.0242,-3.6086
2/16/2024 12:30,TLMUSDT,-0.0221,-3.6307
2/16/2024 12:45,GMXUSDT,-0.0291,-3.6598
2/16/2024 13:00,STEEMUSDT,0.0365,-3.6233
2/16/2024 16:30,STGUSDT,-0.0216,-3.6449
2/16/2024 18:15,BCHUSDT,-0.0206,-3.6655
2/16/2024 19:45,CELRUSDT,-0.0244,-3.6899
2/17/2024 0:30,EDUUSDT,-0.0321,-3.722
2/17/2024 1:45,REEFUSDT,0.0379,-3.6841
2/17/2024 4:30,TRXUSDT,0.0428,-3.6413
2/17/2024 5:15,OGNUSDT,-0.021,-3.6623
2/17/2024 5:30,TWTUSDT,0.0482,-3.6141
2/17/2024 8:15,BNTUSDT,0.0469,-3.5672
2/17/2024 8:15,ONEUSDT,0.0338,-3.5334
2/17/2024 9:45,BNXUSDT,-0.02,-3.5534
2/17/2024 10:30,TWTUSDT,0.0425,-3.5109
2/17/2024 12:00,ONDOUSDT,0.0486,-3.4623
2/17/2024 12:15,STGUSDT,-0.0301,-3.4924
2/17/2024 12:30,AXSUSDT,0.0496,-3.4428
2/17/2024 12:30,VETUSDT,-0.0244,-3.4672
2/17/2024 13:00,RONINUSDT,0.0441,-3.4231
2/17/2024 13:00,MAGICUSDT,0.0454,-3.3777
2/17/2024 13:00,MANTAUSDT,-0.0222,-3.3999
2/17/2024 13:15,WOOUSDT,0.0372,-3.3627
2/17/2024 13:15,APEUSDT,-0.0204,-3.3831
2/17/2024 13:15,ENJUSDT,0.0408,-3.3423
2/17/2024 13:15,IOTAUSDT,-0.022,-3.3643
2/17/2024 13:15,OPUSDT,-0.0257,-3.39
2/17/2024 13:15,APTUSDT,-0.0247,-3.4147
2/17/2024 13:15,ONEUSDT,0.0448,-3.3699
2/17/2024 13:15,GMTUSDT,0.0417,-3.3282
2/17/2024 13:15,XRPUSDT,-0.0254,-3.3536
2/17/2024 13:15,1000XECUSDT,-0.0213,-3.3749
2/17/2024 13:15,ONDOUSDT,-0.0303,-3.4052
2/17/2024 13:15,BANDUSDT,0.0381,-3.3671
2/17/2024 13:15,PYTHUSDT,-0.028,-3.3951
2/17/2024 13:15,RENUSDT,-0.0295,-3.4246
2/17/2024 13:15,ALGOUSDT,0.0338,-3.3908
2/17/2024 13:15,KSMUSDT,-0.0236,-3.4144
2/17/2024 13:15,ARBUSDT,-0.0282,-3.4426
2/17/2024 13:30,RUNEUSDT,-0.02,-3.4626
2/17/2024 13:45,REEFUSDT,-0.0231,-3.4857
2/17/2024 14:30,AAVEUSDT,-0.0259,-3.5116
2/17/2024 16:00,USTCUSDT,-0.0203,-3.5319
2/17/2024 17:15,OCEANUSDT,0.0485,-3.4834
2/17/2024 18:30,BATUSDT,0.0434,-3.44
2/17/2024 19:15,THETAUSDT,0.0499,-3.3901
2/17/2024 20:00,IOTXUSDT,0.0493,-3.3408
2/17/2024 20:00,C98USDT,0.0448,-3.296
2/17/2024 21:15,IMXUSDT,0.0403,-3.2557
2/17/2024 21:15,BICOUSDT,0.0487,-3.207
2/17/2024 21:15,BLURUSDT,-0.0253,-3.2323
2/17/2024 22:45,ARPAUSDT,-0.0389,-3.2712
2/17/2024 23:15,BIGTIMEUSDT,-0.0207,-3.2919
2/17/2024 23:15,KLAYUSDT,-0.0226,-3.3145
2/17/2024 23:15,COMBOUSDT,0.0496,-3.2649
2/17/2024 23:15,STPTUSDT,-0.0215,-3.2864
2/17/2024 23:15,COTIUSDT,-0.0262,-3.3126
2/17/2024 23:15,LRCUSDT,-0.0236,-3.3362
2/17/2024 23:30,WAXPUSDT,-0.022,-3.3582
2/17/2024 23:30,CFXUSDT,-0.021,-3.3792
2/18/2024 0:00,UNIUSDT,-0.0254,-3.4046
2/18/2024 0:00,ONGUSDT,0.0267,-3.3779
2/18/2024 0:00,ATOMUSDT,-0.0202,-3.3981
2/18/2024 0:15,WOOUSDT,-0.0228,-3.4209
2/18/2024 0:15,CHRUSDT,-0.0215,-3.4424
2/18/2024 0:15,STGUSDT,0.0466,-3.3958
2/18/2024 0:15,GLMRUSDT,-0.0301,-3.4259
2/18/2024 0:15,YGGUSDT,-0.0218,-3.4477
2/18/2024 0:15,ONTUSDT,-0.052,-3.4997
2/18/2024 0:45,ALTUSDT,-0.0229,-3.5226
2/18/2024 0:45,SXPUSDT,-0.0282,-3.5508
2/18/2024 0:45,FLMUSDT,-0.02,-3.5708
2/18/2024 1:15,RDNTUSDT,-0.0226,-3.5934
2/18/2024 2:00,BEAMXUSDT,0.0335,-3.5599
2/18/2024 2:45,POLYXUSDT,-0.0235,-3.5834
2/18/2024 3:30,CVXUSDT,0.0496,-3.5338
2/18/2024 3:30,LTCUSDT,-0.0204,-3.5542
2/18/2024 3:45,SUSHIUSDT,0.0496,-3.5046
2/18/2024 3:45,RENUSDT,0.0482,-3.4564
2/18/2024 5:00,GALAUSDT,-0.0223,-3.4787
2/18/2024 5:15,GTCUSDT,0.0431,-3.4356
2/18/2024 5:15,COMBOUSDT,-0.0211,-3.4567
2/18/2024 5:30,DODOXUSDT,-0.0255,-3.4822
2/18/2024 6:00,XMRUSDT,-0.0268,-3.509
2/18/2024 6:45,KAVAUSDT,0.0453,-3.4637
2/18/2024 7:00,WOOUSDT,0.0477,-3.416
2/18/2024 7:30,OPUSDT,0.0386,-3.3774
2/18/2024 7:30,FXSUSDT,-0.02,-3.3974
2/18/2024 8:30,FLMUSDT,0.0024,-3.395
2/18/2024 9:00,ICPUSDT,-0.0204,-3.4154
2/18/2024 9:00,1000BONKUSDT,-0.0204,-3.4358
2/18/2024 9:00,TLMUSDT,0.0254,-3.4104
2/18/2024 9:00,STPTUSDT,-0.0233,-3.4337
2/18/2024 9:45,CVXUSDT,0.0409,-3.3928
2/18/2024 11:00,PENDLEUSDT,-0.0241,-3.4169
2/18/2024 11:15,IOSTUSDT,-0.0203,-3.4372
2/18/2024 11:45,HFTUSDT,-0.0205,-3.4577
2/18/2024 11:45,CELOUSDT,0.0423,-3.4154
2/18/2024 11:45,RVNUSDT,-0.0212,-3.4366
2/18/2024 12:15,TUSDT,-0.0257,-3.4623
2/18/2024 17:00,RUNEUSDT,-0.0208,-3.4831
2/18/2024 18:45,ATOMUSDT,-0.02,-3.5031
2/18/2024 18:45,ETCUSDT,-0.0231,-3.5262
2/18/2024 18:45,JTOUSDT,-0.0215,-3.5477
2/18/2024 20:15,BNBUSDT,-0.0231,-3.5708
2/18/2024 21:30,GMXUSDT,0.0448,-3.526
2/18/2024 21:30,ETHUSDT,0.0498,-3.4762
2/18/2024 22:00,RDNTUSDT,-0.0203,-3.4965
2/18/2024 22:45,HOTUSDT,0.0452,-3.4513
2/19/2024 0:00,FTMUSDT,0.0399,-3.4114
2/19/2024 0:00,OPUSDT,-0.0209,-3.4323
2/19/2024 0:00,MAGICUSDT,0.0467,-3.3856
2/19/2024 0:00,ORDIUSDT,0.0442,-3.3414
2/19/2024 0:15,CAKEUSDT,-0.0229,-3.3643
2/19/2024 0:15,GLMRUSDT,0.0479,-3.3164
2/19/2024 0:15,RENUSDT,0.0487,-3.2677
2/19/2024 0:45,TOKENUSDT,0.0474,-3.2203
2/19/2024 2:00,1000SATSUSDT,0.0343,-3.186
2/19/2024 2:00,YFIUSDT,0.0474,-3.1386
2/19/2024 2:15,1000SHIBUSDT,-0.0246,-3.1632
2/19/2024 2:30,GMXUSDT,-0.0238,-3.187
2/19/2024 3:00,UNIUSDT,-0.024,-3.211
2/19/2024 3:15,HFTUSDT,-0.022,-3.233
2/19/2024 3:15,RSRUSDT,-0.0336,-3.2666
2/19/2024 3:30,STORJUSDT,-0.0202,-3.2868
2/19/2024 4:00,SNXUSDT,0.05,-3.2368
2/19/2024 4:15,ENJUSDT,0.0335,-3.2033
2/19/2024 4:15,DARUSDT,-0.0241,-3.2274
2/19/2024 4:15,APTUSDT,-0.0255,-3.2529
2/19/2024 4:15,KEYUSDT,-0.0227,-3.2756
2/19/2024 4:15,YFIUSDT,-0.0271,-3.3027
2/19/2024 4:15,ONTUSDT,0.0269,-3.2758
2/19/2024 4:30,ENSUSDT,0.0487,-3.2271
2/19/2024 5:00,TRUUSDT,-0.0209,-3.248
2/19/2024 5:30,EDUUSDT,-0.0235,-3.2715
2/19/2024 5:45,HIFIUSDT,0.0424,-3.2291
2/19/2024 5:45,ENSUSDT,0.048,-3.1811
2/19/2024 5:45,KAVAUSDT,0.0497,-3.1314
2/19/2024 5:45,ETHUSDT,0.0492,-3.0822
2/19/2024 6:00,QNTUSDT,-0.0204,-3.1026
2/19/2024 6:00,PERPUSDT,0.0443,-3.0583
2/19/2024 6:00,GALAUSDT,-0.0245,-3.0828
2/19/2024 7:00,FILUSDT,-0.0308,-3.1136
2/19/2024 7:15,1000SHIBUSDT,-0.0213,-3.1349
2/19/2024 7:15,SLPUSDT,-0.0258,-3.1607
2/19/2024 7:15,ADAUSDT,-0.0229,-3.1836
2/19/2024 7:45,SPELLUSDT,-0.02,-3.2036
2/19/2024 7:45,BNBUSDT,-0.0295,-3.2331
2/19/2024 8:30,INJUSDT,0.05,-3.1831
2/19/2024 8:45,ZECUSDT,-0.0284,-3.2115
2/19/2024 8:45,ZENUSDT,0.0461,-3.1654
2/19/2024 12:15,CHRUSDT,0.049,-3.1164
2/19/2024 12:30,OGNUSDT,-0.0207,-3.1371
2/19/2024 16:00,ALPHAUSDT,0.0093,-3.1278
2/19/2024 16:45,DARUSDT,-0.0239,-3.1517
2/19/2024 16:45,BELUSDT,-0.0382,-3.1899
2/19/2024 16:45,SUIUSDT,-0.0264,-3.2163
2/19/2024 16:45,PYTHUSDT,0.0469,-3.1694
2/19/2024 16:45,MINAUSDT,-0.0234,-3.1928
2/19/2024 16:45,ORDIUSDT,-0.0214,-3.2142
2/19/2024 19:45,1000FLOKIUSDT,-0.0208,-3.235
2/19/2024 19:45,SLPUSDT,-0.0216,-3.2566
2/19/2024 19:45,TWTUSDT,-0.0215,-3.2781
2/19/2024 21:00,APEUSDT,-0.0265,-3.3046
2/19/2024 21:45,LINAUSDT,-0.0222,-3.3268
2/19/2024 21:45,XRPUSDT,-0.0239,-3.3507
2/19/2024 21:45,ETHWUSDT,0.0466,-3.3041
2/19/2024 22:00,XLMUSDT,-0.023,-3.3271
2/19/2024 22:00,GLMRUSDT,-0.0213,-3.3484
2/19/2024 22:00,XVGUSDT,-0.0226,-3.371
2/19/2024 23:00,TUSDT,-0.0227,-3.3937
2/19/2024 23:45,STORJUSDT,0.0431,-3.3506
2/20/2024 0:00,MDTUSDT,-0.0245,-3.3751
2/20/2024 0:30,SOLUSDT,0.0466,-3.3285
2/20/2024 3:15,DYMUSDT,-0.0288,-3.3573
2/20/2024 3:30,ILVUSDT,-0.0223,-3.3796
2/20/2024 3:45,SKLUSDT,-0.0255,-3.4051
2/20/2024 3:45,UNIUSDT,-0.0239,-3.429
2/20/2024 3:45,JOEUSDT,-0.0291,-3.4581
2/20/2024 3:45,HOOKUSDT,-0.0346,-3.4927
2/20/2024 3:45,CELOUSDT,-0.0216,-3.5143
2/20/2024 3:45,FXSUSDT,-0.0218,-3.5361
2/20/2024 3:45,DODOXUSDT,-0.0235,-3.5596
2/20/2024 7:15,CAKEUSDT,-0.0242,-3.5838
2/20/2024 7:30,SXPUSDT,-0.0299,-3.6137
2/20/2024 8:00,AMBUSDT,0.049,-3.5647
2/20/2024 13:30,BTCUSDT,-0.0536,-3.6183
2/20/2024 13:30,GASUSDT,-0.0215,-3.6398
2/20/2024 13:45,XTZUSDT,-0.0228,-3.6626
2/20/2024 14:00,KEYUSDT,0.0482,-3.6144
2/21/2024 0:30,IOTAUSDT,-0.0223,-3.6367
2/21/2024 0:45,LDOUSDT,-0.0206,-3.6573
2/21/2024 1:00,IOSTUSDT,-0.0365,-3.6938
2/21/2024 1:45,STEEMUSDT,-0.0225,-3.7163
2/21/2024 2:30,QTUMUSDT,-0.0211,-3.7374
2/21/2024 3:30,LSKUSDT,-0.0248,-3.7622
2/21/2024 4:00,IDUSDT,-0.0203,-3.7825
2/21/2024 4:00,CVXUSDT,-0.0241,-3.8066
2/21/2024 4:15,QNTUSDT,0.0391,-3.7675
2/21/2024 4:15,1000FLOKIUSDT,0.0457,-3.7218
2/21/2024 4:15,DODOXUSDT,0.0433,-3.6785
2/21/2024 4:30,FTMUSDT,0.0463,-3.6322
2/21/2024 4:30,STEEMUSDT,-0.0208,-3.653
2/21/2024 4:30,UNIUSDT,0.0446,-3.6084
2/21/2024 4:30,1000XECUSDT,0.0453,-3.5631
2/21/2024 4:30,DOTUSDT,0.0467,-3.5164
2/21/2024 4:30,CRVUSDT,0.05,-3.4664
2/21/2024 4:30,YGGUSDT,0.0474,-3.419
2/21/2024 4:30,SANDUSDT,0.0448,-3.3742
2/21/2024 4:30,ADAUSDT,0.0477,-3.3265
2/21/2024 5:30,HIGHUSDT,0.0483,-3.2782
2/21/2024 5:30,GMXUSDT,0.0419,-3.2363
2/21/2024 5:30,UNIUSDT,0.0474,-3.1889
2/21/2024 5:30,SLPUSDT,0.0433,-3.1456
2/21/2024 5:30,MTLUSDT,0.0493,-3.0963
2/21/2024 5:30,AXSUSDT,0.0484,-3.0479
2/21/2024 5:45,1000XECUSDT,0.0446,-3.0033
2/21/2024 5:45,YGGUSDT,0.0478,-2.9555
2/21/2024 5:45,CELRUSDT,0.0485,-2.907
2/21/2024 5:45,LRCUSDT,0.0485,-2.8585
2/21/2024 9:15,WOOUSDT,0.0452,-2.8133
2/21/2024 9:15,APEUSDT,0.0402,-2.7731
2/21/2024 9:15,IOTAUSDT,-0.0292,-2.8023
2/21/2024 9:15,FTMUSDT,-0.0318,-2.8341
2/21/2024 9:15,OMGUSDT,0.0495,-2.7846
2/21/2024 9:15,UNIUSDT,-0.0234,-2.808
2/21/2024 9:15,IOSTUSDT,0.0399,-2.7681
2/21/2024 9:15,PENDLEUSDT,0.0454,-2.7227
2/21/2024 9:15,MAVUSDT,-0.0266,-2.7493
2/21/2024 9:15,DYMUSDT,-0.0299,-2.7792
2/21/2024 9:15,SLPUSDT,0.0414,-2.7378
2/21/2024 9:15,XEMUSDT,-0.0282,-2.766
2/21/2024 9:15,EGLDUSDT,0.0392,-2.7268
2/21/2024 9:15,IOTXUSDT,-0.0282,-2.755
2/21/2024 9:15,XRPUSDT,-0.0315,-2.7865
2/21/2024 9:15,HOOKUSDT,0.0416,-2.7449
2/21/2024 9:15,MTLUSDT,-0.0256,-2.7705
2/21/2024 9:15,POWRUSDT,0.0444,-2.7261
2/21/2024 9:15,RSRUSDT,-0.0227,-2.7488
2/21/2024 9:15,1000XECUSDT,0.0386,-2.7102
2/21/2024 9:15,DOTUSDT,-0.0253,-2.7355
2/21/2024 9:15,CELOUSDT,0.0402,-2.6953
2/21/2024 9:15,XVSUSDT,-0.0334,-2.7287
2/21/2024 9:15,ICXUSDT,-0.0252,-2.7539
2/21/2024 9:15,FXSUSDT,0.0467,-2.7072
2/21/2024 9:15,EOSUSDT,0.0403,-2.6669
2/21/2024 9:15,YFIUSDT,0.0384,-2.6285
2/21/2024 9:15,SUSHIUSDT,-0.0269,-2.6554
2/21/2024 9:15,AXSUSDT,0.041,-2.6144
2/21/2024 9:15,RENUSDT,0.0328,-2.5816
2/21/2024 9:15,SANDUSDT,-0.0248,-2.6064
2/21/2024 9:15,TLMUSDT,0.0438,-2.5626
2/21/2024 9:15,FLOWUSDT,0.0462,-2.5164
2/21/2024 9:15,MKRUSDT,0.0454,-2.471
2/21/2024 9:15,KSMUSDT,-0.0235,-2.4945
2/21/2024 9:15,ADAUSDT,-0.0261,-2.5206
2/21/2024 9:15,CYBERUSDT,-0.0209,-2.5415
2/21/2024 9:15,HOTUSDT,0.036,-2.5055
2/21/2024 9:30,XVGUSDT,-0.0254,-2.5309
2/21/2024 9:45,VETUSDT,-0.0262,-2.5571
2/21/2024 17:30,POWRUSDT,-0.0213,-2.5784
2/21/2024 17:30,FXSUSDT,-0.0243,-2.6027
2/21/2024 17:30,LDOUSDT,-0.0239,-2.6266
2/21/2024 22:30,STGUSDT,-0.0209,-2.6475
2/21/2024 22:30,ONGUSDT,0.0402,-2.6073
2/22/2024 1:00,BELUSDT,-0.0213,-2.6286
2/22/2024 4:00,XMRUSDT,-0.0209,-2.6495
2/22/2024 5:15,COMPUSDT,0.0461,-2.6034
2/22/2024 5:15,AGLDUSDT,0.0485,-2.5549
2/22/2024 5:15,KNCUSDT,-0.0216,-2.5765
2/22/2024 6:30,CFXUSDT,0.048,-2.5285
2/22/2024 6:45,OPUSDT,-0.0252,-2.5537
2/22/2024 8:00,SOLUSDT,-0.0235,-2.5772
2/22/2024 9:30,STRAXUSDT,-0.0206,-2.5978
2/22/2024 9:45,OMGUSDT,-0.0299,-2.6277
2/22/2024 10:00,TRUUSDT,-0.0223,-2.65
2/22/2024 10:30,OXTUSDT,-0.0237,-2.6737
2/22/2024 11:45,THETAUSDT,-0.022,-2.6957
2/22/2024 12:00,STEEMUSDT,-0.0206,-2.7163
2/22/2024 17:00,IDEXUSDT,-0.0204,-2.7367
2/22/2024 17:45,XEMUSDT,-0.02,-2.7567
2/22/2024 18:45,DOTUSDT,-0.0209,-2.7776
2/22/2024 18:45,PYTHUSDT,-0.02,-2.7976
2/22/2024 18:45,ATAUSDT,0.0388,-2.7588
2/22/2024 19:30,COTIUSDT,0.0386,-2.7202
2/22/2024 20:00,COMPUSDT,-0.02,-2.7402
2/22/2024 20:15,BALUSDT,-0.0281,-2.7683
2/22/2024 20:15,MAGICUSDT,-0.0281,-2.7964
2/22/2024 20:15,MAVUSDT,-0.0357,-2.8321
2/22/2024 20:15,XEMUSDT,-0.0249,-2.857
2/22/2024 20:15,GMTUSDT,-0.0259,-2.8829
2/22/2024 20:15,CELOUSDT,0.0438,-2.8391
2/22/2024 20:15,SXPUSDT,-0.023,-2.8621
2/22/2024 20:15,EOSUSDT,-0.02,-2.8821
2/22/2024 20:15,STRAXUSDT,-0.0242,-2.9063
2/22/2024 20:15,AXSUSDT,-0.0244,-2.9307
2/22/2024 20:15,PYTHUSDT,-0.0204,-2.9511
2/22/2024 20:15,DODOXUSDT,-0.0219,-2.973
2/22/2024 20:15,ORDIUSDT,-0.0202,-2.9932
2/22/2024 20:15,RIFUSDT,-0.0278,-3.021
2/22/2024 20:15,ZILUSDT,-0.0239,-3.0449
2/22/2024 20:30,FLOWUSDT,-0.0225,-3.0674
2/22/2024 21:30,NMRUSDT,0.0486,-3.0188
2/22/2024 21:45,FLOWUSDT,-0.0215,-3.0403
2/22/2024 23:30,INJUSDT,0.0493,-2.991
2/22/2024 23:30,AUCTIONUSDT,-0.0204,-3.0114
2/22/2024 23:30,STXUSDT,-0.0227,-3.0341
2/22/2024 23:30,ATOMUSDT,-0.0223,-3.0564
2/23/2024 1:45,QNTUSDT,-0.0262,-3.0826
2/23/2024 1:45,SFPUSDT,-0.0224,-3.105
2/23/2024 1:45,MAGICUSDT,0.0487,-3.0563
2/23/2024 1:45,ILVUSDT,-0.0228,-3.0791
2/23/2024 1:45,CELRUSDT,0.0444,-3.0347
2/23/2024 1:45,ETCUSDT,0.0469,-2.9878
2/23/2024 1:45,CTSIUSDT,-0.0223,-3.0101
2/23/2024 1:45,DASHUSDT,-0.02,-3.0301
2/23/2024 1:45,ARBUSDT,0.0406,-2.9895
2/23/2024 2:15,CHRUSDT,-0.0225,-3.012
2/23/2024 2:15,FTMUSDT,0.0466,-2.9654
2/23/2024 2:45,QNTUSDT,-0.0254,-2.9908
2/23/2024 2:45,IOTAUSDT,-0.0282,-3.019
2/23/2024 2:45,GTCUSDT,-0.0265,-3.0455
2/23/2024 2:45,CVXUSDT,0.0497,-2.9958
2/23/2024 2:45,FXSUSDT,-0.0233,-3.0191
2/23/2024 2:45,SOLUSDT,-0.02,-3.0391
2/23/2024 2:45,MOVRUSDT,0.0476,-2.9915
2/23/2024 2:45,TRXUSDT,-0.0209,-3.0124
2/23/2024 7:15,CVXUSDT,0.0379,-2.9745
2/23/2024 8:45,RDNTUSDT,-0.0222,-2.9967
2/23/2024 9:45,ICXUSDT,-0.0205,-3.0172
2/23/2024 12:15,GLMRUSDT,-0.0259,-3.0431
2/23/2024 12:15,EGLDUSDT,-0.0226,-3.0657
2/23/2024 12:15,DOTUSDT,-0.0204,-3.0861
2/23/2024 12:15,SUIUSDT,0.048,-3.0381
2/23/2024 14:30,CELOUSDT,-0.0229,-3.061
2/23/2024 14:30,SUIUSDT,-0.0283,-3.0893
2/23/2024 20:00,OMGUSDT,-0.0213,-3.1106
2/23/2024 20:00,HOOKUSDT,-0.0237,-3.1343
2/23/2024 20:15,WLDUSDT,-0.0225,-3.1568
2/23/2024 20:45,KSMUSDT,-0.0234,-3.1802
2/23/2024 22:15,WAXPUSDT,-0.0216,-3.2018
2/23/2024 22:15,IMXUSDT,0.0408,-3.161
2/24/2024 1:00,ADAUSDT,0.0408,-3.1202
2/24/2024 1:15,EDUUSDT,-0.0201,-3.1403
2/24/2024 1:15,GLMRUSDT,-0.02,-3.1603
2/24/2024 1:15,IMXUSDT,-0.021,-3.1813
2/24/2024 1:15,KASUSDT,-0.0206,-3.2019
2/24/2024 1:30,ETCUSDT,-0.0209,-3.2228
2/24/2024 2:15,KLAYUSDT,0.0466,-3.1762
2/24/2024 4:30,KAVAUSDT,0.0493,-3.1269
2/24/2024 6:15,IOSTUSDT,0.047,-3.0799
2/24/2024 6:30,ONEUSDT,0.0478,-3.0321
2/24/2024 6:45,FLMUSDT,0.0355,-2.9966
2/24/2024 7:00,BALUSDT,0.05,-2.9466
2/24/2024 7:00,ONTUSDT,0.0471,-2.8995
2/24/2024 7:15,FTMUSDT,0.0399,-2.8596
2/24/2024 7:15,SSVUSDT,0.0455,-2.8141
2/24/2024 7:15,RADUSDT,-0.0226,-2.8367
2/24/2024 7:15,DGBUSDT,0.048,-2.7887
2/24/2024 7:15,YGGUSDT,0.0496,-2.7391
2/24/2024 7:15,ROSEUSDT,-0.0267,-2.7658
2/24/2024 7:15,ARBUSDT,0.0483,-2.7175
2/24/2024 7:30,GMTUSDT,0.0444,-2.6731
2/24/2024 7:30,TRUUSDT,0.0424,-2.6307
2/24/2024 7:30,RUNEUSDT,0.0474,-2.5833
2/24/2024 7:30,LINKUSDT,-0.0321,-2.6154
2/24/2024 7:30,1000LUNCUSDT,0.0487,-2.5667
2/24/2024 7:30,DASHUSDT,0.0413,-2.5254
2/24/2024 7:45,CTKUSDT,0.0489,-2.4765
2/24/2024 7:45,BANDUSDT,0.0482,-2.4283
2/24/2024 8:15,PEOPLEUSDT,-0.02,-2.4483
2/24/2024 8:15,COMBOUSDT,-0.0211,-2.4694
2/24/2024 8:30,BNBUSDT,-0.0252,-2.4946
2/24/2024 9:00,MANAUSDT,0.0472,-2.4474
2/24/2024 9:00,ILVUSDT,0.0451,-2.4023
2/24/2024 9:00,C98USDT,0.0462,-2.3561
2/24/2024 9:15,IOTAUSDT,-0.0238,-2.3799
2/24/2024 9:15,DARUSDT,0.0417,-2.3382
2/24/2024 9:15,XRPUSDT,-0.0299,-2.3681
2/24/2024 9:15,MTLUSDT,-0.0252,-2.3933
2/24/2024 9:15,LQTYUSDT,-0.022,-2.4153
2/24/2024 9:15,DENTUSDT,-0.0276,-2.4429
2/24/2024 9:15,MINAUSDT,0.0497,-2.3932
2/24/2024 9:30,INJUSDT,-0.0256,-2.4188
2/24/2024 9:45,1000SHIBUSDT,0.0489,-2.3699
2/24/2024 9:45,TWTUSDT,-0.0213,-2.3912
2/24/2024 10:00,TUSDT,-0.0213,-2.4125
2/24/2024 10:00,KLAYUSDT,0.0491,-2.3634
2/24/2024 10:00,STRAXUSDT,-0.025,-2.3884
2/24/2024 10:00,KASUSDT,-0.0208,-2.4092
2/24/2024 10:00,ADAUSDT,-0.0252,-2.4344
2/24/2024 10:30,CTKUSDT,0.0121,-2.4223
2/24/2024 10:45,SFPUSDT,-0.0269,-2.4492
2/24/2024 11:00,CYBERUSDT,-0.0216,-2.4708
2/24/2024 12:15,RIFUSDT,-0.0221,-2.4929
2/24/2024 12:30,FILUSDT,-0.0214,-2.5143
2/24/2024 13:15,ETHWUSDT,-0.0217,-2.536
2/24/2024 13:15,SANDUSDT,-0.0205,-2.5565
2/24/2024 13:45,ONEUSDT,0.0026,-2.5539
2/24/2024 14:15,ZILUSDT,-0.0226,-2.5765
2/24/2024 15:00,DOGEUSDT,-0.02,-2.5965
2/24/2024 16:30,MANTAUSDT,-0.0208,-2.6173
2/24/2024 17:45,RONINUSDT,-0.0216,-2.6389
2/24/2024 17:45,GTCUSDT,-0.0212,-2.6601
2/24/2024 19:30,GLMRUSDT,-0.0384,-2.6985
2/24/2024 19:45,AMBUSDT,-0.0227,-2.7212
2/24/2024 19:45,LOOMUSDT,-0.0341,-2.7553
2/24/2024 20:00,FTMUSDT,-0.0207,-2.776
2/24/2024 20:15,CHRUSDT,-0.0285,-2.8045
2/24/2024 20:15,STXUSDT,-0.0238,-2.8283
2/24/2024 20:30,XTZUSDT,-0.02,-2.8483
2/24/2024 21:00,STEEMUSDT,-0.02,-2.8683
2/24/2024 21:45,ZETAUSDT,-0.0275,-2.8958
2/24/2024 21:45,SOLUSDT,-0.0208,-2.9166
2/24/2024 21:45,PYTHUSDT,-0.0249,-2.9415
2/24/2024 21:45,ALGOUSDT,0.0477,-2.8938
2/24/2024 22:15,GLMRUSDT,-0.0207,-2.9145
2/25/2024 0:15,PERPUSDT,-0.0253,-2.9398
2/25/2024 0:30,JOEUSDT,-0.0206,-2.9604
2/25/2024 0:30,LINKUSDT,-0.0221,-2.9825
2/25/2024 0:45,1000XECUSDT,-0.0314,-3.0139
2/25/2024 1:15,API3USDT,-0.0232,-3.0371
2/25/2024 3:15,KASUSDT,-0.021,-3.0581
2/25/2024 3:30,TIAUSDT,-0.0237,-3.0818
2/25/2024 7:15,POLYXUSDT,0.0496,-3.0322
2/25/2024 8:00,MINAUSDT,-0.0202,-3.0524
2/25/2024 8:30,THETAUSDT,-0.0228,-3.0752
2/25/2024 8:45,TRUUSDT,-0.0247,-3.0999
2/25/2024 10:30,FLMUSDT,-0.0267,-3.1266
2/25/2024 13:00,MAVIAUSDT,-0.0213,-3.1479
2/25/2024 14:00,KSMUSDT,-0.0228,-3.1707
2/25/2024 14:30,APTUSDT,-0.0202,-3.1909
2/25/2024 19:45,LINAUSDT,0.0477,-3.1432
2/25/2024 19:45,1000SATSUSDT,-0.0203,-3.1635
2/25/2024 20:00,BANDUSDT,-0.0249,-3.1884
2/25/2024 20:00,JTOUSDT,-0.0283,-3.2167
2/25/2024 20:15,UMAUSDT,-0.0205,-3.2372
2/25/2024 20:15,TRBUSDT,-0.023,-3.2602
2/25/2024 20:30,XMRUSDT,-0.0318,-3.292
2/25/2024 21:00,KEYUSDT,0.042,-3.25
2/25/2024 22:00,IOSTUSDT,-0.0258,-3.2758
2/25/2024 22:00,DODOXUSDT,0.0421,-3.2337
2/25/2024 22:15,ONTUSDT,-0.0242,-3.2579
2/25/2024 23:45,ARKUSDT,-0.0263,-3.2842
2/25/2024 23:45,ARBUSDT,-0.0261,-3.3103
2/26/2024 0:00,NEARUSDT,-0.0249,-3.3352
2/26/2024 0:00,AGLDUSDT,-0.0257,-3.3609
2/26/2024 0:15,ENJUSDT,-0.0264,-3.3873
2/26/2024 0:15,EGLDUSDT,0.0442,-3.3431
2/26/2024 0:15,IMXUSDT,0.041,-3.3021
2/26/2024 0:30,DASHUSDT,-0.0256,-3.3277
2/26/2024 2:15,XRPUSDT,0.0491,-3.2786
2/26/2024 3:15,MANTAUSDT,-0.0212,-3.2998
2/26/2024 3:45,RUNEUSDT,-0.0257,-3.3255
2/26/2024 4:30,HBARUSDT,0.0493,-3.2762
2/26/2024 5:15,CRVUSDT,-0.0225,-3.2987
2/26/2024 5:30,FTMUSDT,-0.0281,-3.3268
2/26/2024 6:45,ICXUSDT,-0.0269,-3.3537
2/26/2024 7:00,CFXUSDT,0.049,-3.3047
2/26/2024 7:30,PENDLEUSDT,0.039,-3.2657
2/26/2024 7:30,ONDOUSDT,0.0273,-3.2384
2/26/2024 7:30,ALGOUSDT,-0.0285,-3.2669
2/26/2024 8:15,XVSUSDT,-0.0262,-3.2931
2/26/2024 9:15,XLMUSDT,-0.0256,-3.3187
2/26/2024 9:15,QNTUSDT,-0.0303,-3.349
2/26/2024 9:15,GRTUSDT,-0.0311,-3.3801
2/26/2024 9:15,QTUMUSDT,0.0279,-3.3522
2/26/2024 9:15,1INCHUSDT,-0.0307,-3.3829
2/26/2024 9:15,PENDLEUSDT,-0.0286,-3.4115
2/26/2024 9:15,1000SATSUSDT,-0.0264,-3.4379
2/26/2024 9:15,HIFIUSDT,0.0389,-3.399
2/26/2024 9:15,XRPUSDT,-0.0263,-3.4253
2/26/2024 9:15,CFXUSDT,-0.0283,-3.4536
2/26/2024 9:15,MTLUSDT,-0.0245,-3.4781
2/26/2024 9:15,HBARUSDT,-0.0365,-3.5146
2/26/2024 9:15,1000XECUSDT,-0.0309,-3.5455
2/26/2024 9:15,API3USDT,-0.0208,-3.5663
2/26/2024 9:15,YFIUSDT,-0.0433,-3.6096
2/26/2024 9:15,KASUSDT,-0.0283,-3.6379
2/26/2024 9:15,SEIUSDT,-0.0274,-3.6653
2/26/2024 9:15,SNTUSDT,-0.036,-3.7013
2/26/2024 9:15,LINKUSDT,-0.0417,-3.743
2/26/2024 9:15,ORDIUSDT,-0.0272,-3.7702
2/26/2024 9:15,1000LUNCUSDT,-0.0267,-3.7969
2/26/2024 9:30,MASKUSDT,-0.0209,-3.8178
2/26/2024 11:45,XRPUSDT,-0.0266,-3.8444
2/26/2024 13:45,LDOUSDT,-0.0204,-3.8648
2/26/2024 16:30,AMBUSDT,0.0264,-3.8384
2/26/2024 16:45,MKRUSDT,-0.0237,-3.8621
2/26/2024 17:45,POLYXUSDT,-0.0252,-3.8873
2/26/2024 19:00,DOGEUSDT,0.0456,-3.8417
2/26/2024 19:15,LINKUSDT,-0.0223,-3.864
2/26/2024 19:30,SUIUSDT,-0.0229,-3.8869
2/26/2024 19:45,PEOPLEUSDT,0.0357,-3.8512
2/26/2024 19:45,ONTUSDT,0.0467,-3.8045
2/26/2024 19:45,LOOMUSDT,-0.0212,-3.8257
2/26/2024 19:45,XTZUSDT,-0.0212,-3.8469
2/26/2024 20:00,ARBUSDT,-0.021,-3.8679
2/26/2024 20:45,SKLUSDT,0.0475,-3.8204
2/26/2024 21:15,NEOUSDT,0.0494,-3.771
2/26/2024 21:45,MANTAUSDT,-0.0233,-3.7943
2/26/2024 22:00,ICPUSDT,-0.0201,-3.8144
2/26/2024 22:00,ARPAUSDT,0.0497,-3.7647
2/26/2024 22:00,1000LUNCUSDT,-0.0253,-3.79
2/26/2024 22:30,SOLUSDT,-0.0218,-3.8118
2/26/2024 23:00,DOGEUSDT,0.0446,-3.7672
2/26/2024 23:15,1000XECUSDT,0.0471,-3.7201
2/26/2024 23:30,GMTUSDT,-0.0215,-3.7416
2/27/2024 0:00,FLOWUSDT,0.035,-3.7066
2/27/2024 0:00,KSMUSDT,0.0475,-3.6591
2/27/2024 0:15,SKLUSDT,-0.02,-3.6791
2/27/2024 0:15,PHBUSDT,-0.0247,-3.7038
2/27/2024 1:30,MKRUSDT,0.0497,-3.6541
2/27/2024 1:45,LTCUSDT,0.0402,-3.6139
2/27/2024 2:30,ATOMUSDT,-0.0245,-3.6384
2/27/2024 2:30,OXTUSDT,-0.0244,-3.6628
2/27/2024 2:45,YFIUSDT,-0.0231,-3.6859
2/27/2024 4:15,CVXUSDT,0.0463,-3.6396
2/27/2024 5:00,EOSUSDT,-0.02,-3.6596
2/27/2024 5:00,TRXUSDT,0.0492,-3.6104
2/27/2024 6:00,XLMUSDT,-0.0204,-3.6308
2/27/2024 7:00,ASTRUSDT,-0.0228,-3.6536
2/27/2024 7:15,MAVUSDT,-0.0307,-3.6843
2/27/2024 8:00,BALUSDT,-0.0213,-3.7056
2/27/2024 10:00,AMBUSDT,-0.0289,-3.7345
2/27/2024 10:00,RSRUSDT,-0.0206,-3.7551
2/27/2024 10:30,GLMRUSDT,-0.0226,-3.7777
2/27/2024 10:30,CTSIUSDT,-0.0236,-3.8013
2/27/2024 10:45,SKLUSDT,0.0457,-3.7556
2/27/2024 12:30,ICXUSDT,-0.0209,-3.7765
2/27/2024 12:30,BANDUSDT,-0.0208,-3.7973
2/27/2024 12:30,STPTUSDT,-0.0216,-3.8189
2/27/2024 14:30,XVSUSDT,0.0498,-3.7691
2/27/2024 15:45,BATUSDT,-0.0317,-3.8008
2/27/2024 15:45,SUPERUSDT,-0.0232,-3.824
2/27/2024 15:45,CTKUSDT,-0.032,-3.856
2/27/2024 15:45,ARKUSDT,-0.0384,-3.8944
2/27/2024 15:45,MANTAUSDT,-0.03,-3.9244
2/27/2024 15:45,ALGOUSDT,-0.0247,-3.9491
2/27/2024 15:45,FILUSDT,0.0242,-3.9249
2/27/2024 19:30,TRUUSDT,-0.02,-3.9449
2/27/2024 21:15,BELUSDT,-0.0212,-3.9661
2/27/2024 21:15,XTZUSDT,-0.02,-3.9861
2/27/2024 22:15,BNXUSDT,-0.0213,-4.0074
2/27/2024 22:15,LINKUSDT,-0.023,-4.0304
2/27/2024 22:15,ADAUSDT,-0.0212,-4.0516
2/27/2024 22:30,ALGOUSDT,-0.0223,-4.0739
2/27/2024 23:15,CELRUSDT,-0.0212,-4.0951
2/27/2024 23:15,LOOMUSDT,-0.0237,-4.1188
2/27/2024 23:30,MOVRUSDT,-0.0568,-4.1756
2/27/2024 23:30,STORJUSDT,0.0344,-4.1412
2/27/2024 23:45,ARKUSDT,0.0384,-4.1028
2/27/2024 23:45,SNTUSDT,-0.0246,-4.1274
2/28/2024 0:15,ICPUSDT,-0.0212,-4.1486
2/28/2024 0:15,LUNA2USDT,-0.0205,-4.1691
2/28/2024 0:30,AGLDUSDT,0.0494,-4.1197
2/28/2024 0:30,TWTUSDT,-0.0222,-4.1419
2/28/2024 1:30,LINAUSDT,0.0486,-4.0933
2/28/2024 1:45,UMAUSDT,-0.0217,-4.115
2/28/2024 2:00,TRBUSDT,-0.0213,-4.1363
2/28/2024 2:00,UNFIUSDT,-0.0219,-4.1582
2/28/2024 2:15,XEMUSDT,-0.02,-4.1782
2/28/2024 4:15,APTUSDT,0.0462,-4.132
2/28/2024 4:15,LINAUSDT,0.0488,-4.0832
2/28/2024 4:45,PENDLEUSDT,0.0483,-4.0349
2/28/2024 5:00,GMXUSDT,-0.0231,-4.058
2/28/2024 6:00,ASTRUSDT,-0.0239,-4.0819
2/28/2024 6:00,NTRNUSDT,-0.0264,-4.1083
2/28/2024 6:15,OXTUSDT,-0.027,-4.1353
2/28/2024 6:45,LOOMUSDT,-0.0207,-4.156
2/28/2024 7:00,KLAYUSDT,-0.024,-4.18
2/28/2024 7:45,QNTUSDT,-0.0221,-4.2021
2/28/2024 9:00,PERPUSDT,-0.0322,-4.2343
2/28/2024 9:00,PYTHUSDT,-0.033,-4.2673
2/28/2024 9:15,APTUSDT,0.0461,-4.2212
2/28/2024 9:30,AVAXUSDT,-0.0288,-4.25
2/28/2024 10:45,ADAUSDT,-0.02,-4.27
2/28/2024 15:00,XTZUSDT,-0.02,-4.29
2/28/2024 15:15,ARKUSDT,-0.0204,-4.3104
2/28/2024 16:00,LITUSDT,0.0314,-4.279
2/28/2024 16:15,XLMUSDT,-0.0227,-4.3017
2/28/2024 16:15,SSVUSDT,-0.0232,-4.3249
2/28/2024 16:15,XEMUSDT,-0.0299,-4.3548
2/28/2024 16:15,ETCUSDT,0.0483,-4.3065
2/28/2024 16:15,RVNUSDT,-0.0241,-4.3306
2/28/2024 17:00,BTCDOMUSDT,0.0373,-4.2933
2/29/2024 3:45,XLMUSDT,0.0385,-4.2548
2/29/2024 3:45,DGBUSDT,0.0398,-4.215
2/29/2024 3:45,TWTUSDT,0.0459,-4.1691
2/29/2024 3:45,SANDUSDT,0.0463,-4.1228
2/29/2024 3:45,ALGOUSDT,0.0462,-4.0766
2/29/2024 4:00,STEEMUSDT,0.05,-4.0266
2/29/2024 4:15,STPTUSDT,0.0475,-3.9791
2/29/2024 4:45,SNXUSDT,0.0454,-3.9337
2/29/2024 6:00,XVSUSDT,-0.02,-3.9537
2/29/2024 7:15,XVGUSDT,-0.0266,-3.9803
2/29/2024 7:15,TRXUSDT,-0.0212,-4.0015
2/29/2024 7:30,1INCHUSDT,-0.03,-4.0315
2/29/2024 7:30,HIFIUSDT,0.05,-3.9815
2/29/2024 7:30,CTKUSDT,-0.026,-4.0075
2/29/2024 7:30,EOSUSDT,-0.022,-4.0295
2/29/2024 7:30,YFIUSDT,-0.0217,-4.0512
2/29/2024 7:45,POWRUSDT,-0.0227,-4.0739
2/29/2024 7:45,DEFIUSDT,-0.0307,-4.1046
2/29/2024 7:45,SXPUSDT,0.044,-4.0606
2/29/2024 7:45,KNCUSDT,-0.0286,-4.0892
2/29/2024 7:45,SNTUSDT,0.0399,-4.0493
2/29/2024 7:45,RVNUSDT,-0.0227,-4.072
2/29/2024 8:00,DOTUSDT,-0.0248,-4.0968
2/29/2024 8:15,STEEMUSDT,-0.0216,-4.1184
2/29/2024 8:30,LINKUSDT,-0.0212,-4.1396
2/29/2024 10:15,CRVUSDT,-0.0259,-4.1655
2/29/2024 12:30,HIFIUSDT,-0.0251,-4.1906
2/29/2024 15:45,LOOMUSDT,-0.0235,-4.2141
2/29/2024 16:00,XLMUSDT,-0.0272,-4.2413
2/29/2024 16:15,BNBUSDT,0.0446,-4.1967
2/29/2024 16:15,PERPUSDT,0.0415,-4.1552
2/29/2024 16:15,BLURUSDT,0.03,-4.1252
2/29/2024 16:15,ILVUSDT,0.0455,-4.0797
2/29/2024 16:15,DYDXUSDT,-0.0313,-4.111
2/29/2024 16:15,TRXUSDT,0.0433,-4.0677
2/29/2024 16:15,TOKENUSDT,-0.0292,-4.0969
3/1/2024 3:00,KLAYUSDT,0.0495,-4.0474
3/1/2024 4:15,ONGUSDT,0.0475,-3.9999
3/1/2024 4:45,ORBSUSDT,0.0486,-3.9513
3/1/2024 4:45,BANDUSDT,0.0481,-3.9032
3/1/2024 4:45,ARKUSDT,0.0482,-3.855
3/1/2024 4:45,STORJUSDT,0.0471,-3.8079
3/1/2024 5:00,TRBUSDT,-0.0224,-3.8303
3/1/2024 5:00,LTCUSDT,-0.0247,-3.855
3/1/2024 5:15,IOSTUSDT,-0.0276,-3.8826
3/1/2024 6:15,AAVEUSDT,-0.0241,-3.9067
3/1/2024 7:00,POLYXUSDT,-0.022,-3.9287
3/1/2024 7:00,POWRUSDT,0.0431,-3.8856
3/1/2024 7:00,BADGERUSDT,0.0472,-3.8384
3/1/2024 8:30,POWRUSDT,-0.0215,-3.8599
3/1/2024 8:30,LOOMUSDT,0.0485,-3.8114
3/1/2024 8:30,BADGERUSDT,-0.0663,-3.8777
3/1/2024 10:45,1INCHUSDT,-0.0207,-3.8984
3/1/2024 11:00,ALGOUSDT,-0.02,-3.9184
3/1/2024 11:00,COTIUSDT,-0.0242,-3.9426
3/1/2024 11:30,ONGUSDT,-0.0243,-3.9669
3/1/2024 12:00,EOSUSDT,-0.0257,-3.9926
3/1/2024 12:00,BANDUSDT,0.0448,-3.9478
3/1/2024 12:30,AMBUSDT,-0.02,-3.9678
3/1/2024 12:30,DARUSDT,-0.02,-3.9878
3/1/2024 12:30,ILVUSDT,-0.0244,-4.0122
3/1/2024 12:30,MOVRUSDT,-0.0328,-4.045
3/1/2024 13:00,FTMUSDT,-0.0261,-4.0711
3/1/2024 13:00,LUNA2USDT,-0.0223,-4.0934
3/1/2024 13:45,PENDLEUSDT,-0.0238,-4.1172
3/1/2024 13:45,1000XECUSDT,-0.0231,-4.1403
3/1/2024 13:45,NKNUSDT,-0.0266,-4.1669
3/1/2024 14:15,REEFUSDT,-0.0241,-4.191
3/1/2024 14:30,DARUSDT,-0.0205,-4.2115
3/1/2024 14:30,GMTUSDT,0.0433,-4.1682
3/1/2024 14:30,DYDXUSDT,-0.0251,-4.1933
3/1/2024 18:45,CTKUSDT,0.0493,-4.144
3/1/2024 19:30,COMBOUSDT,0.0487,-4.0953
3/1/2024 19:30,IDEXUSDT,0.0408,-4.0545
3/1/2024 20:15,BSVUSDT,0.0492,-4.0053
3/1/2024 20:30,TWTUSDT,-0.031,-4.0363
3/1/2024 20:45,BALUSDT,-0.0246,-4.0609
3/1/2024 20:45,ONGUSDT,0.05,-4.0109
3/1/2024 20:45,XRPUSDT,0.049,-3.9619
3/1/2024 20:45,POWRUSDT,0.0482,-3.9137
3/1/2024 20:45,OXTUSDT,0.0357,-3.878
3/1/2024 20:45,RVNUSDT,0.0435,-3.8345
3/1/2024 21:00,LINAUSDT,0.0461,-3.7884
3/1/2024 21:00,RENUSDT,0.0338,-3.7546
3/1/2024 21:30,TUSDT,-0.0231,-3.7777
3/1/2024 21:30,IOSTUSDT,-0.0236,-3.8013
3/1/2024 21:30,ALICEUSDT,-0.0413,-3.8426
3/1/2024 21:45,DARUSDT,-0.02,-3.8626
3/1/2024 21:45,DGBUSDT,0.05,-3.8126
3/1/2024 21:45,COMBOUSDT,0.0495,-3.7631
3/1/2024 22:00,ASTRUSDT,-0.0263,-3.7894
3/1/2024 22:00,IDEXUSDT,0.0459,-3.7435
3/1/2024 22:00,DYDXUSDT,-0.0222,-3.7657
3/1/2024 22:15,AGLDUSDT,0.0484,-3.7173
3/1/2024 23:00,RDNTUSDT,-0.0226,-3.7399
3/1/2024 23:00,ORDIUSDT,-0.0434,-3.7833
3/1/2024 23:15,ASTRUSDT,-0.0205,-3.8038
3/1/2024 23:15,NMRUSDT,-0.0204,-3.8242
3/1/2024 23:15,COMPUSDT,-0.0281,-3.8523
3/1/2024 23:15,DYMUSDT,-0.0222,-3.8745
3/1/2024 23:30,SFPUSDT,-0.024,-3.8985
3/1/2024 23:45,COMBOUSDT,0.049,-3.8495
3/2/2024 0:00,MAGICUSDT,-0.028,-3.8775
3/2/2024 0:00,SLPUSDT,0.0495,-3.828
3/2/2024 0:00,CFXUSDT,-0.0376,-3.8656
3/2/2024 0:00,AGLDUSDT,-0.0267,-3.8923
3/2/2024 0:00,LQTYUSDT,-0.0207,-3.913
3/2/2024 0:00,TWTUSDT,-0.0239,-3.9369
3/2/2024 0:00,SANDUSDT,-0.0452,-3.9821
3/2/2024 0:00,MANTAUSDT,-0.0215,-4.0036
3/2/2024 0:00,BCHUSDT,0.0273,-3.9763
3/2/2024 0:15,MASKUSDT,-0.0291,-4.0054
3/2/2024 0:15,1INCHUSDT,-0.0241,-4.0295
3/2/2024 0:15,BNBUSDT,-0.0235,-4.053
3/2/2024 0:15,RDNTUSDT,-0.0223,-4.0753
3/2/2024 0:30,DYMUSDT,-0.0234,-4.0987
3/2/2024 1:15,SFPUSDT,-0.0243,-4.123
3/2/2024 1:15,COTIUSDT,-0.0239,-4.1469
3/2/2024 3:00,RONINUSDT,-0.0207,-4.1676
3/2/2024 3:30,OPUSDT,0.0455,-4.1221
3/2/2024 3:30,CFXUSDT,-0.0238,-4.1459
3/2/2024 4:00,AVAXUSDT,-0.0246,-4.1705
3/2/2024 4:00,VETUSDT,-0.0362,-4.2067
3/2/2024 4:45,STMXUSDT,-0.02,-4.2267
3/2/2024 5:00,WOOUSDT,-0.0204,-4.2471
3/2/2024 5:15,NFPUSDT,-0.0235,-4.2706
3/2/2024 7:15,PHBUSDT,0.0493,-4.2213
3/2/2024 9:00,HBARUSDT,-0.0291,-4.2504
3/2/2024 9:30,WOOUSDT,-0.0242,-4.2746
3/2/2024 10:45,PENDLEUSDT,-0.0209,-4.2955
3/2/2024 11:30,LRCUSDT,0.0496,-4.2459
3/2/2024 12:15,ONEUSDT,-0.0244,-4.2703
3/2/2024 13:45,HBARUSDT,0.0495,-4.2208
3/2/2024 14:00,ACHUSDT,-0.0284,-4.2492
3/2/2024 17:00,WOOUSDT,-0.0202,-4.2694
3/2/2024 18:45,STXUSDT,-0.024,-4.2934
3/2/2024 19:00,WOOUSDT,-0.0217,-4.3151
3/2/2024 19:45,DEFIUSDT,-0.0201,-4.3352
3/2/2024 20:45,ORBSUSDT,-0.0237,-4.3589
3/2/2024 21:00,KNCUSDT,-0.0217,-4.3806
3/2/2024 21:30,RONINUSDT,0.0385,-4.3421
3/2/2024 22:15,ARBUSDT,0.0487,-4.2934
3/2/2024 23:00,STGUSDT,-0.0204,-4.3138
3/2/2024 23:00,ONEUSDT,-0.0205,-4.3343
3/2/2024 23:00,XEMUSDT,-0.02,-4.3543
3/2/2024 23:00,PYTHUSDT,0.0493,-4.305
3/2/2024 23:15,AUCTIONUSDT,-0.0219,-4.3269
3/2/2024 23:15,ORBSUSDT,-0.0223,-4.3492
3/2/2024 23:15,DEFIUSDT,-0.0273,-4.3765
3/2/2024 23:30,GLMRUSDT,-0.0244,-4.4009
3/2/2024 23:30,BNTUSDT,0.0466,-4.3543
3/2/2024 23:30,UNFIUSDT,-0.0279,-4.3822
3/2/2024 23:30,VETUSDT,-0.0436,-4.4258
3/2/2024 23:45,STXUSDT,-0.0223,-4.4481
3/2/2024 23:45,NKNUSDT,-0.021,-4.4691
3/3/2024 0:30,MAGICUSDT,0.049,-4.4201
3/3/2024 1:30,PYTHUSDT,0.0405,-4.3796
3/3/2024 1:30,RENUSDT,-0.0221,-4.4017
3/3/2024 1:45,CAKEUSDT,-0.0229,-4.4246
3/3/2024 1:45,RADUSDT,-0.0235,-4.4481
3/3/2024 2:00,EDUUSDT,-0.0229,-4.471
3/3/2024 3:00,JUPUSDT,-0.0229,-4.4939
3/3/2024 4:30,MANTAUSDT,-0.0209,-4.5148
3/3/2024 14:30,OXTUSDT,-0.02,-4.5348
3/3/2024 15:15,BELUSDT,0.0486,-4.4862
3/3/2024 18:15,POLYXUSDT,0.0426,-4.4436
3/3/2024 18:45,OGNUSDT,0.0343,-4.4093
3/3/2024 19:15,WAVESUSDT,0.0151,-4.3942
3/3/2024 19:30,REEFUSDT,0.045,-4.3492
3/3/2024 19:30,ZRXUSDT,-0.02,-4.3692
3/3/2024 19:45,ONTUSDT,-0.0356,-4.4048
3/3/2024 21:15,POWRUSDT,-0.0213,-4.4261
3/3/2024 21:15,KNCUSDT,-0.0223,-4.4484
3/3/2024 21:15,REEFUSDT,0.05,-4.3984
3/3/2024 21:15,ROSEUSDT,-0.0319,-4.4303
3/3/2024 21:45,TUSDT,-0.0224,-4.4527
3/3/2024 22:00,MKRUSDT,-0.0242,-4.4769
3/3/2024 22:45,QNTUSDT,-0.0222,-4.4991
3/3/2024 22:45,FETUSDT,-0.0206,-4.5197
3/3/2024 23:45,KNCUSDT,-0.0204,-4.5401
3/3/2024 23:45,ARPAUSDT,-0.023,-4.5631
3/4/2024 0:00,BTCUSDT,-0.0211,-4.5842
3/4/2024 0:00,GASUSDT,0.0242,-4.56
3/4/2024 0:00,SXPUSDT,-0.0074,-4.5674
3/4/2024 0:00,MDTUSDT,0.0383,-4.5291
3/4/2024 0:00,ARKUSDT,-0.0313,-4.5604
3/4/2024 0:00,ATOMUSDT,0.0473,-4.5131
3/4/2024 0:00,SANDUSDT,-0.0214,-4.5345
3/4/2024 0:15,IDEXUSDT,-0.0276,-4.5621
3/4/2024 0:15,FLOWUSDT,-0.0335,-4.5956
3/4/2024 3:30,TUSDT,-0.0242,-4.6198
3/4/2024 5:45,TIAUSDT,-0.0214,-4.6412
3/4/2024 6:00,LPTUSDT,0.0496,-4.5916
3/4/2024 6:15,TRUUSDT,0.0481,-4.5435
3/4/2024 7:00,DASHUSDT,0.0464,-4.4971
3/4/2024 8:15,STGUSDT,-0.0203,-4.5174
3/4/2024 9:00,MANAUSDT,-0.0219,-4.5393
3/4/2024 9:45,FXSUSDT,-0.0208,-4.5601
3/4/2024 11:30,XEMUSDT,-0.0394,-4.5995
3/4/2024 11:45,TRUUSDT,-0.0217,-4.6212
3/4/2024 12:00,AGLDUSDT,-0.023,-4.6442
3/4/2024 12:15,RENUSDT,-0.027,-4.6712
3/4/2024 13:30,BTCDOMUSDT,0.0415,-4.6297
3/4/2024 13:45,ENSUSDT,-0.0219,-4.6516
3/4/2024 13:45,MANTAUSDT,-0.0319,-4.6835
3/4/2024 16:15,KLAYUSDT,0.0489,-4.6346
3/4/2024 16:15,DODOXUSDT,-0.0213,-4.6559
3/4/2024 16:45,IOTXUSDT,-0.0299,-4.6858
3/4/2024 17:00,ICPUSDT,-0.0223,-4.7081
3/4/2024 17:15,ETHUSDT,0.0491,-4.659
3/4/2024 18:00,TRXUSDT,0.0482,-4.6108
3/4/2024 22:45,BONDUSDT,-0.0324,-4.6432
3/5/2024 2:00,LOOMUSDT,0.0476,-4.5956
3/5/2024 2:15,1INCHUSDT,-0.0282,-4.6238
3/5/2024 2:15,SLPUSDT,-0.0267,-4.6505
3/5/2024 2:15,IMXUSDT,-0.0255,-4.676
3/5/2024 2:15,FXSUSDT,-0.031,-4.707
3/5/2024 2:15,ETHWUSDT,-0.0258,-4.7328
3/5/2024 4:00,ARKUSDT,0.046,-4.6868
3/5/2024 4:45,SNTUSDT,-0.0217,-4.7085
3/5/2024 11:00,SUPERUSDT,-0.0236,-4.7321
3/5/2024 11:00,ATOMUSDT,-0.0211,-4.7532
3/5/2024 11:00,IDEXUSDT,-0.0279,-4.7811
3/5/2024 12:00,ONGUSDT,-0.0213,-4.8024
3/5/2024 12:00,KAVAUSDT,-0.0243,-4.8267
3/5/2024 12:00,SNTUSDT,-0.0209,-4.8476
3/5/2024 12:00,OXTUSDT,-0.0242,-4.8718
3/5/2024 12:00,ZRXUSDT,-0.0229,-4.8947
3/5/2024 12:30,QNTUSDT,-0.0286,-4.9233
3/5/2024 12:30,CTKUSDT,-0.0311,-4.9544
3/5/2024 13:15,RSRUSDT,-0.028,-4.9824
3/5/2024 19:30,TRXUSDT,0.0399,-4.9425
3/6/2024 6:15,MANTAUSDT,-0.022,-4.9645
3/6/2024 7:30,MANTAUSDT,-0.0254,-4.9899
3/6/2024 8:15,CTKUSDT,-0.0334,-5.0233
3/6/2024 10:15,BNBUSDT,0.0173,-5.006
3/6/2024 12:30,GTCUSDT,-0.0312,-5.0372
3/6/2024 18:15,CFXUSDT,0.047,-4.9902
3/6/2024 19:15,INJUSDT,0.0475,-4.9427
3/6/2024 19:15,HIFIUSDT,0.0486,-4.8941
3/6/2024 19:15,YGGUSDT,0.048,-4.8461
3/6/2024 19:15,LOOMUSDT,0.0489,-4.7972
3/6/2024 19:15,CTSIUSDT,0.0485,-4.7487
3/6/2024 20:15,NTRNUSDT,0.0499,-4.6988
3/6/2024 20:15,LEVERUSDT,0.0398,-4.659
3/6/2024 20:45,MANAUSDT,0.0403,-4.6187
3/6/2024 20:45,CVXUSDT,-0.022,-4.6407
3/6/2024 20:45,STMXUSDT,0.0418,-4.5989
3/6/2024 20:45,COMBOUSDT,0.0483,-4.5506
3/6/2024 20:45,API3USDT,0.0498,-4.5008
3/6/2024 20:45,STORJUSDT,0.048,-4.4528
3/6/2024 21:00,KAVAUSDT,0.0494,-4.4034
3/6/2024 21:00,RENUSDT,0.0479,-4.3555
3/6/2024 21:00,XTZUSDT,0.0459,-4.3096
3/6/2024 21:15,HIFIUSDT,0.0483,-4.2613
3/6/2024 21:15,ARKUSDT,0.0498,-4.2115
3/6/2024 21:15,BLZUSDT,-0.0222,-4.2337
3/6/2024 21:15,LOOMUSDT,0.047,-4.1867
3/6/2024 21:30,TIAUSDT,0.0467,-4.14
3/6/2024 21:30,RADUSDT,0.0482,-4.0918
3/6/2024 21:30,MOVRUSDT,-0.0259,-4.1177
3/6/2024 21:30,BANDUSDT,0.0491,-4.0686
3/6/2024 21:45,CKBUSDT,0.0445,-4.0241
3/6/2024 21:45,SOLUSDT,0.0499,-3.9742
3/6/2024 21:45,ILVUSDT,-0.0202,-3.9944
3/6/2024 22:15,ALTUSDT,0.0493,-3.9451
3/6/2024 22:15,BCHUSDT,-0.0202,-3.9653
3/6/2024 23:00,DODOXUSDT,0.0474,-3.9179
3/6/2024 23:15,AUCTIONUSDT,0.0407,-3.8772
3/6/2024 23:15,XLMUSDT,0.0487,-3.8285
3/6/2024 23:15,ALTUSDT,0.03,-3.7985
3/6/2024 23:15,HOOKUSDT,-0.0246,-3.8231
3/6/2024 23:15,COMBOUSDT,0.0464,-3.7767
3/6/2024 23:15,BELUSDT,0.0485,-3.7282
3/6/2024 23:15,EOSUSDT,0.0456,-3.6826
3/6/2024 23:15,YGGUSDT,0.0363,-3.6463
3/6/2024 23:15,MINAUSDT,0.0491,-3.5972
3/7/2024 0:00,BONDUSDT,-0.0216,-3.6188
3/7/2024 0:00,MANAUSDT,-0.02,-3.6388
3/7/2024 0:00,GMTUSDT,-0.0214,-3.6602
3/7/2024 0:00,DEFIUSDT,-0.0227,-3.6829
3/7/2024 0:00,DOTUSDT,-0.0297,-3.7126
3/7/2024 0:00,PERPUSDT,-0.0286,-3.7412
3/7/2024 0:00,TRBUSDT,-0.0203,-3.7615
3/7/2024 0:00,LDOUSDT,-0.0222,-3.7837
3/7/2024 0:00,LQTYUSDT,-0.0226,-3.8063
3/7/2024 0:00,BANDUSDT,-0.0233,-3.8296
3/7/2024 0:00,BLZUSDT,-0.0223,-3.8519
3/7/2024 0:00,TLMUSDT,-0.0251,-3.877
3/7/2024 0:00,BAKEUSDT,-0.0212,-3.8982
3/7/2024 0:00,SNTUSDT,-0.0204,-3.9186
3/7/2024 0:00,LINKUSDT,-0.0222,-3.9408
3/7/2024 0:00,KSMUSDT,-0.0217,-3.9625
3/7/2024 0:00,BCHUSDT,-0.0223,-3.9848
3/7/2024 0:15,ACEUSDT,0.0476,-3.9372
3/7/2024 0:30,SKLUSDT,-0.0208,-3.958
3/7/2024 0:30,KEYUSDT,0.0376,-3.9204
3/7/2024 0:30,NKNUSDT,-0.0221,-3.9425
3/7/2024 0:30,CTSIUSDT,-0.0238,-3.9663
3/7/2024 0:30,C98USDT,-0.0269,-3.9932
3/7/2024 0:45,RVNUSDT,-0.0273,-4.0205
3/7/2024 1:15,POLYXUSDT,-0.0232,-4.0437
3/7/2024 1:45,SFPUSDT,-0.0201,-4.0638
3/7/2024 1:45,SNTUSDT,0.0401,-4.0237
3/7/2024 1:45,OGNUSDT,-0.0255,-4.0492
3/7/2024 2:00,COMPUSDT,-0.0202,-4.0694
3/7/2024 2:00,LQTYUSDT,-0.0215,-4.0909
3/7/2024 3:15,IOSTUSDT,0.0079,-4.083
3/7/2024 5:30,ETHUSDT,-0.0231,-4.1061
3/7/2024 10:00,EOSUSDT,-0.0306,-4.1367
3/7/2024 10:30,LDOUSDT,-0.0268,-4.1635
3/7/2024 10:45,BNBUSDT,0.0466,-4.1169
3/7/2024 11:15,ICPUSDT,-0.0214,-4.1383
3/7/2024 12:00,STMXUSDT,-0.0246,-4.1629
3/7/2024 13:45,MANAUSDT,-0.0233,-4.1862
3/7/2024 14:15,SUSHIUSDT,-0.0291,-4.2153
3/7/2024 17:00,BADGERUSDT,0.0423,-4.173
3/7/2024 17:30,YFIUSDT,0.0487,-4.1243
3/7/2024 18:00,MAVUSDT,-0.0204,-4.1447
3/7/2024 18:45,ETHUSDT,-0.024,-4.1687
3/7/2024 18:45,LTCUSDT,-0.0287,-4.1974
3/7/2024 19:45,BIGTIMEUSDT,0.0426,-4.1548
3/7/2024 20:00,RDNTUSDT,-0.0264,-4.1812
3/7/2024 20:15,ETHUSDT,-0.0318,-4.213
3/7/2024 21:00,XVSUSDT,-0.0225,-4.2355
3/7/2024 21:15,FLMUSDT,-0.0239,-4.2594
3/7/2024 21:30,AGLDUSDT,-0.0216,-4.281
3/7/2024 21:30,TRBUSDT,-0.0216,-4.3026
3/7/2024 21:30,NKNUSDT,-0.021,-4.3236
3/7/2024 22:00,AUCTIONUSDT,-0.0241,-4.3477
3/7/2024 23:00,AAVEUSDT,0.0314,-4.3163
3/7/2024 23:00,BNBUSDT,-0.0273,-4.3436
3/7/2024 23:00,BELUSDT,-0.0262,-4.3698
3/7/2024 23:00,BADGERUSDT,0.0478,-4.322
3/7/2024 23:30,AUCTIONUSDT,-0.0241,-4.3461
3/7/2024 23:45,NMRUSDT,0.0439,-4.3022
3/8/2024 0:00,DUSKUSDT,-0.0213,-4.3235
3/8/2024 0:00,JOEUSDT,-0.0223,-4.3458
3/8/2024 0:00,BELUSDT,-0.0237,-4.3695
3/8/2024 0:00,FLMUSDT,-0.02,-4.3895
3/8/2024 0:00,LRCUSDT,-0.0219,-4.4114
3/8/2024 1:00,OMGUSDT,-0.026,-4.4374
3/8/2024 1:00,REEFUSDT,-0.039,-4.4764
3/8/2024 1:00,BADGERUSDT,0.0464,-4.43
3/8/2024 3:45,BADGERUSDT,-0.021,-4.451
3/8/2024 4:30,ICXUSDT,-0.0232,-4.4742
3/8/2024 4:45,RUNEUSDT,0.0379,-4.4363
3/8/2024 5:15,1INCHUSDT,0.0452,-4.3911
3/8/2024 5:15,AXSUSDT,-0.0203,-4.4114
3/8/2024 5:30,IOTAUSDT,-0.0205,-4.4319
3/8/2024 6:00,ICPUSDT,0.0432,-4.3887
3/8/2024 7:15,ACEUSDT,0.0487,-4.34
3/8/2024 8:15,ACHUSDT,-0.0209,-4.3609
3/8/2024 8:15,MANTAUSDT,-0.0216,-4.3825
3/8/2024 8:15,CTSIUSDT,-0.0203,-4.4028
3/8/2024 8:15,ADAUSDT,-0.0262,-4.429
3/8/2024 8:45,STGUSDT,-0.0207,-4.4497
3/8/2024 10:45,KLAYUSDT,-0.0226,-4.4723
3/8/2024 11:00,DARUSDT,-0.0209,-4.4932
3/8/2024 11:15,XEMUSDT,-0.024,-4.5172
3/8/2024 11:30,AXLUSDT,0.0482,-4.469
3/8/2024 11:30,QTUMUSDT,0.0335,-4.4355
3/8/2024 12:00,XLMUSDT,0.0465,-4.389
3/8/2024 12:00,SFPUSDT,-0.0266,-4.4156
3/8/2024 13:00,ETHUSDT,-0.0248,-4.4404
3/8/2024 13:15,ATOMUSDT,0.0497,-4.3907
3/8/2024 13:15,GALAUSDT,0.0481,-4.3426
3/8/2024 13:45,RSRUSDT,-0.0306,-4.3732
3/8/2024 14:00,ACEUSDT,-0.0282,-4.4014
3/8/2024 14:00,SNXUSDT,0.0447,-4.3567
3/8/2024 14:45,SOLUSDT,-0.0375,-4.3942
3/8/2024 15:00,BLZUSDT,0.0435,-4.3507
3/8/2024 15:00,LOOMUSDT,0.0496,-4.3011
3/9/2024 0:30,TRUUSDT,0.0478,-4.2533
3/9/2024 0:30,BLZUSDT,0.0282,-4.2251
3/9/2024 1:45,LINAUSDT,0.0471,-4.178
3/9/2024 2:00,HFTUSDT,0.046,-4.132
3/9/2024 2:00,RADUSDT,0.0457,-4.0863
3/9/2024 2:00,CELOUSDT,0.0408,-4.0455
3/9/2024 2:00,ALPHAUSDT,0.0469,-3.9986
3/9/2024 2:15,DARUSDT,0.0494,-3.9492
3/9/2024 2:15,BELUSDT,0.0494,-3.8998
3/9/2024 2:30,AGLDUSDT,0.0482,-3.8516
3/9/2024 2:30,REEFUSDT,0.048,-3.8036
3/9/2024 2:45,RSRUSDT,0.0421,-3.7615
3/9/2024 4:00,ETCUSDT,-0.0328,-3.7943
3/9/2024 4:30,ONEUSDT,0.05,-3.7443
3/9/2024 5:30,XRPUSDT,-0.023,-3.7673
3/9/2024 5:30,DENTUSDT,-0.02,-3.7873
3/9/2024 6:00,APEUSDT,0.0491,-3.7382
3/9/2024 6:00,DEFIUSDT,-0.0258,-3.764
3/9/2024 6:00,ICXUSDT,0.05,-3.714
3/9/2024 6:00,BLZUSDT,0.0491,-3.6649
3/9/2024 6:15,BNTUSDT,-0.0241,-3.689
3/9/2024 6:15,NTRNUSDT,0.0493,-3.6397
3/9/2024 6:15,ALICEUSDT,0.0451,-3.5946
3/9/2024 6:30,SKLUSDT,-0.0216,-3.6162
3/9/2024 6:30,OPUSDT,-0.0208,-3.637
3/9/2024 7:00,DARUSDT,0.0476,-3.5894
3/9/2024 7:00,MAVUSDT,0.0413,-3.5481
3/9/2024 7:30,MASKUSDT,0.0458,-3.5023
3/9/2024 7:30,AXLUSDT,-0.0213,-3.5236
3/9/2024 7:30,TIAUSDT,0.0376,-3.486
3/9/2024 7:30,KNCUSDT,-0.0265,-3.5125
3/9/2024 7:45,ICPUSDT,-0.0336,-3.5461
3/9/2024 8:00,C98USDT,-0.02,-3.5661
3/9/2024 8:15,BLZUSDT,-0.0202,-3.5863
3/9/2024 8:15,DYDXUSDT,-0.0242,-3.6105
3/9/2024 8:15,BAKEUSDT,0.0491,-3.5614
3/9/2024 8:15,ATAUSDT,0.0351,-3.5263
3/9/2024 8:30,XEMUSDT,0.05,-3.4763
3/9/2024 8:30,ARPAUSDT,-0.0234,-3.4997
3/9/2024 9:00,ONTUSDT,-0.0207,-3.5204
3/9/2024 9:30,BAKEUSDT,0.05,-3.4704
3/9/2024 11:15,COMPUSDT,-0.0263,-3.4967
3/9/2024 12:15,FTMUSDT,-0.0221,-3.5188
3/9/2024 12:45,RUNEUSDT,-0.0301,-3.5489
3/9/2024 13:30,DEFIUSDT,-0.0252,-3.5741
3/9/2024 14:15,COMPUSDT,-0.0353,-3.6094
3/9/2024 14:45,HOTUSDT,-0.0209,-3.6303
3/9/2024 15:45,LRCUSDT,-0.0244,-3.6547
3/9/2024 16:00,ETCUSDT,0.0455,-3.6092
3/9/2024 16:00,FILUSDT,-0.0204,-3.6296
3/9/2024 16:30,BALUSDT,-0.0239,-3.6535
3/9/2024 16:30,LITUSDT,0.0426,-3.6109
3/9/2024 16:30,GTCUSDT,-0.0231,-3.634
3/9/2024 16:30,CTKUSDT,-0.0223,-3.6563
3/9/2024 17:00,1000XECUSDT,-0.0219,-3.6782
3/9/2024 18:15,ADAUSDT,-0.021,-3.6992
3/9/2024 19:45,ARBUSDT,-0.0271,-3.7263
3/9/2024 20:15,RUNEUSDT,0.0494,-3.6769
3/9/2024 21:15,FILUSDT,-0.0207,-3.6976
3/9/2024 22:30,PENDLEUSDT,-0.0214,-3.719
3/9/2024 22:30,RUNEUSDT,0.0281,-3.6909
3/9/2024 22:45,ICPUSDT,-0.021,-3.7119
3/9/2024 23:00,OPUSDT,-0.0205,-3.7324
3/9/2024 23:15,XMRUSDT,-0.0205,-3.7529
3/9/2024 23:15,ALGOUSDT,-0.0223,-3.7752
3/9/2024 23:45,BATUSDT,-0.0217,-3.7969
3/10/2024 0:00,OMUSDT,-0.0201,-3.817
3/10/2024 0:15,MINAUSDT,0.0177,-3.7993
3/10/2024 0:30,NTRNUSDT,-0.0213,-3.8206
3/10/2024 1:00,BNBUSDT,-0.0213,-3.8419
3/10/2024 1:00,C98USDT,-0.0226,-3.8645
3/10/2024 1:15,FXSUSDT,0.0461,-3.8184
3/10/2024 2:45,FXSUSDT,0.049,-3.7694
3/10/2024 4:00,BTCUSDT,-0.0272,-3.7966
3/10/2024 4:00,ETHUSDT,-0.0201,-3.8167
3/10/2024 4:15,DYMUSDT,0.049,-3.7677
3/10/2024 5:00,KASUSDT,-0.0248,-3.7925
3/10/2024 5:30,DASHUSDT,-0.024,-3.8165
3/10/2024 5:45,BAKEUSDT,-0.0292,-3.8457
3/10/2024 6:15,APEUSDT,0.0467,-3.799
3/10/2024 6:15,ONGUSDT,-0.0238,-3.8228
3/10/2024 6:30,BALUSDT,-0.0229,-3.8457
3/10/2024 7:15,OPUSDT,-0.0229,-3.8686
3/10/2024 7:30,CAKEUSDT,0.0434,-3.8252
3/10/2024 7:30,RSRUSDT,0.0483,-3.7769
3/10/2024 8:00,SXPUSDT,-0.0376,-3.8145
3/10/2024 8:00,KASUSDT,-0.0206,-3.8351
3/10/2024 9:00,C98USDT,-0.0273,-3.8624
3/10/2024 11:15,WOOUSDT,0.0497,-3.8127
3/10/2024 11:30,PENDLEUSDT,0.0462,-3.7665
3/10/2024 11:30,HOTUSDT,0.0477,-3.7188
3/10/2024 11:45,IMXUSDT,0.0499,-3.6689
3/10/2024 12:15,CFXUSDT,0.0485,-3.6204
3/10/2024 12:30,INJUSDT,0.0475,-3.5729
3/10/2024 12:30,AUCTIONUSDT,0.0424,-3.5305
3/10/2024 12:30,GMXUSDT,0.0476,-3.4829
3/10/2024 12:30,CVXUSDT,0.0494,-3.4335
3/10/2024 12:30,HBARUSDT,0.0486,-3.3849
3/10/2024 12:30,PERPUSDT,-0.0249,-3.4098
3/10/2024 12:30,LQTYUSDT,0.0399,-3.3699
3/10/2024 12:30,ALGOUSDT,0.0413,-3.3286
3/10/2024 12:30,VETUSDT,0.0471,-3.2815
3/10/2024 13:45,SFPUSDT,-0.025,-3.3065
3/10/2024 13:45,BNTUSDT,-0.0249,-3.3314
3/10/2024 13:45,WAXPUSDT,-0.0205,-3.3519
3/10/2024 13:45,HIFIUSDT,-0.0247,-3.3766
3/10/2024 13:45,ORBSUSDT,0.0432,-3.3334
3/10/2024 13:45,BSVUSDT,0.0422,-3.2912
3/10/2024 13:45,LSKUSDT,-0.0223,-3.3135
3/10/2024 13:45,WAVESUSDT,-0.0201,-3.3336
3/10/2024 19:45,ASTRUSDT,-0.0248,-3.3584
3/10/2024 21:00,IOTAUSDT,-0.0279,-3.3863
3/11/2024 0:45,BTCUSDT,-0.0201,-3.4064
3/11/2024 6:45,JOEUSDT,0.0442,-3.3622
3/11/2024 6:45,BELUSDT,-0.0219,-3.3841
3/11/2024 6:45,CTKUSDT,0.0399,-3.3442
3/11/2024 6:45,ALGOUSDT,0.0457,-3.2985
3/11/2024 7:00,OMUSDT,0.0494,-3.2491
3/11/2024 8:15,C98USDT,-0.0207,-3.2698
3/11/2024 8:45,OXTUSDT,0.0484,-3.2214
3/11/2024 9:30,STRAXUSDT,0.0391,-3.1823
3/11/2024 9:45,ILVUSDT,-0.0228,-3.2051
3/11/2024 11:00,ENJUSDT,-0.0353,-3.2404
3/11/2024 11:00,1INCHUSDT,-0.028,-3.2684
3/11/2024 11:00,XEMUSDT,-0.0461,-3.3145
3/11/2024 11:15,IOTAUSDT,-0.0253,-3.3398
3/11/2024 11:15,PERPUSDT,-0.0208,-3.3606
3/11/2024 11:30,BTCUSDT,-0.0267,-3.3873
3/11/2024 11:30,OXTUSDT,-0.0214,-3.4087
3/11/2024 11:45,DUSKUSDT,0.0476,-3.3611
3/11/2024 12:15,SNTUSDT,0.0424,-3.3187
3/11/2024 12:30,LTCUSDT,0.045,-3.2737
3/11/2024 12:45,STEEMUSDT,-0.0232,-3.2969
3/11/2024 12:45,TONUSDT,-0.0046,-3.3015
3/11/2024 12:45,FILUSDT,-0.0277,-3.3292
3/11/2024 13:45,HIGHUSDT,-0.0275,-3.3567
3/11/2024 16:00,SKLUSDT,-0.0201,-3.3768
3/11/2024 16:00,HIGHUSDT,-0.0237,-3.4005
3/11/2024 16:45,ONGUSDT,-0.023,-3.4235
3/11/2024 19:30,ZILUSDT,-0.0286,-3.4521
3/11/2024 20:00,STRAXUSDT,0.0323,-3.4198
3/11/2024 20:00,TWTUSDT,0.0499,-3.3699
3/11/2024 20:15,LTCUSDT,-0.0219,-3.3918
3/11/2024 20:30,ICPUSDT,-0.022,-3.4138
3/11/2024 20:30,ARKMUSDT,-0.0215,-3.4353
3/11/2024 20:30,RENUSDT,0.0451,-3.3902
3/11/2024 20:30,CYBERUSDT,0.0472,-3.343
3/11/2024 20:30,ATAUSDT,-0.0218,-3.3648
3/11/2024 20:30,VETUSDT,0.0492,-3.3156
3/11/2024 21:15,STMXUSDT,-0.0233,-3.3389
3/11/2024 21:15,WAVESUSDT,-0.0269,-3.3658
3/11/2024 21:15,KSMUSDT,-0.0243,-3.3901
3/11/2024 21:30,ADAUSDT,-0.0227,-3.4128
3/11/2024 21:45,BCHUSDT,-0.0247,-3.4375
3/11/2024 22:45,BELUSDT,0.0406,-3.3969
3/11/2024 23:00,ENSUSDT,-0.0388,-3.4357
3/11/2024 23:00,HBARUSDT,-0.0223,-3.458
3/11/2024 23:00,CTKUSDT,0.0484,-3.4096
3/11/2024 23:00,LDOUSDT,-0.0288,-3.4384
3/11/2024 23:00,VETUSDT,-0.023,-3.4614
3/11/2024 23:15,BLURUSDT,-0.0221,-3.4835
3/11/2024 23:15,ORDIUSDT,0.0444,-3.4391
3/12/2024 0:00,NMRUSDT,-0.0214,-3.4605
3/12/2024 0:00,WAXPUSDT,0.0055,-3.455
3/12/2024 0:00,WAVESUSDT,-0.0229,-3.4779
3/12/2024 0:00,THETAUSDT,-0.0204,-3.4983
3/12/2024 0:15,QNTUSDT,-0.0222,-3.5205
3/12/2024 0:15,DYMUSDT,0.0413,-3.4792
3/12/2024 0:30,PERPUSDT,-0.0235,-3.5027
3/12/2024 0:30,YFIUSDT,-0.0276,-3.5303
3/12/2024 0:30,ATAUSDT,-0.024,-3.5543
3/12/2024 2:30,MAVUSDT,-0.0231,-3.5774
3/12/2024 2:30,CYBERUSDT,-0.0239,-3.6013
3/12/2024 2:30,ATAUSDT,-0.022,-3.6233
3/12/2024 6:00,WOOUSDT,0.0472,-3.5761
3/12/2024 6:00,XLMUSDT,0.0345,-3.5416
3/12/2024 6:00,ASTRUSDT,0.0495,-3.4921
3/12/2024 6:00,LINKUSDT,-0.0234,-3.5155
3/12/2024 6:00,ETCUSDT,0.0389,-3.4766
3/12/2024 6:15,XAIUSDT,0.0397,-3.4369
3/12/2024 6:15,BCHUSDT,0.0482,-3.3887
3/12/2024 7:30,EDUUSDT,-0.0315,-3.4202
3/12/2024 8:00,BATUSDT,-0.0368,-3.457
3/12/2024 8:00,GASUSDT,-0.0308,-3.4878
3/12/2024 8:00,ONGUSDT,-0.0373,-3.5251
3/12/2024 8:00,POLYXUSDT,0.0384,-3.4867
3/12/2024 8:00,DOGEUSDT,0.0362,-3.4505
3/12/2024 8:00,NEOUSDT,0.0384,-3.4121
3/12/2024 8:00,1000XECUSDT,-0.033,-3.4451
3/12/2024 8:00,SUPERUSDT,-0.0312,-3.4763
3/12/2024 8:00,ETHUSDT,-0.0283,-3.5046
3/12/2024 8:00,WAVESUSDT,-0.0337,-3.5383
3/12/2024 8:00,BANDUSDT,-0.0335,-3.5718
3/12/2024 8:00,LTCUSDT,0.0333,-3.5385
3/12/2024 8:00,BLZUSDT,-0.0283,-3.5668
3/12/2024 8:00,ATOMUSDT,0.0383,-3.5285
3/12/2024 8:00,SNTUSDT,-0.0317,-3.5602
3/12/2024 8:00,ETCUSDT,0.0374,-3.5228
3/12/2024 8:00,BCHUSDT,-0.0371,-3.5599
3/12/2024 8:00,ARBUSDT,0.0221,-3.5378
3/12/2024 8:15,KAVAUSDT,-0.0201,-3.5579
3/12/2024 11:30,TIAUSDT,0.0431,-3.5148
3/12/2024 16:15,ETHUSDT,-0.0275,-3.5423
3/12/2024 21:30,CELRUSDT,0.0441,-3.4982
3/12/2024 21:30,TLMUSDT,0.0419,-3.4563
3/12/2024 22:00,XTZUSDT,-0.0226,-3.4789
3/12/2024 23:15,XEMUSDT,0.0296,-3.4493
3/12/2024 23:15,DEFIUSDT,0.0464,-3.4029
3/13/2024 0:30,DARUSDT,0.0377,-3.3652
3/13/2024 0:45,SXPUSDT,0.0458,-3.3194
3/13/2024 1:00,CFXUSDT,0.0349,-3.2845
3/13/2024 1:00,BLURUSDT,0.0361,-3.2484
3/13/2024 1:00,BAKEUSDT,0.0497,-3.1987
3/13/2024 1:15,RONINUSDT,0.0432,-3.1555
3/13/2024 1:15,MASKUSDT,0.0443,-3.1112
3/13/2024 1:15,DEFIUSDT,0.0455,-3.0657
3/13/2024 1:15,NKNUSDT,-0.022,-3.0877
3/13/2024 1:15,ALICEUSDT,0.0481,-3.0396
3/13/2024 1:15,SNTUSDT,-0.0238,-3.0634
3/13/2024 1:30,1INCHUSDT,0.0496,-3.0138
3/13/2024 1:30,NEOUSDT,-0.0204,-3.0342
3/13/2024 1:30,CRVUSDT,0.0484,-2.9858
3/13/2024 1:30,ZILUSDT,0.0392,-2.9466
3/13/2024 1:45,ICPUSDT,-0.0219,-2.9685
3/13/2024 1:45,KNCUSDT,0.0462,-2.9223
3/13/2024 2:30,BATUSDT,-0.0306,-2.9529
3/13/2024 3:00,USTCUSDT,-0.0229,-2.9758
3/13/2024 4:30,NEOUSDT,0.0361,-2.9397
3/13/2024 4:45,OPUSDT,-0.02,-2.9597
3/13/2024 4:45,DASHUSDT,0.04,-2.9197
3/13/2024 5:00,SLPUSDT,-0.0234,-2.9431
3/13/2024 5:15,LRCUSDT,0.0392,-2.9039
3/13/2024 5:30,ALICEUSDT,0.0438,-2.8601
3/13/2024 6:00,OMGUSDT,0.0355,-2.8246
3/13/2024 6:00,CHZUSDT,-0.028,-2.8526
3/13/2024 6:00,BTCUSDT,0.0454,-2.8072
3/13/2024 6:00,COMPUSDT,0.046,-2.7612
3/13/2024 6:00,1INCHUSDT,0.0444,-2.7168
3/13/2024 6:15,FXSUSDT,0.0302,-2.6866
3/13/2024 7:00,DASHUSDT,-0.021,-2.7076
3/13/2024 7:15,ILVUSDT,-0.0248,-2.7324
3/13/2024 7:45,ARKMUSDT,0.0478,-2.6846
3/13/2024 8:00,YGGUSDT,-0.022,-2.7066
3/13/2024 8:15,DASHUSDT,-0.0205,-2.7271
3/13/2024 8:45,VETUSDT,-0.0204,-2.7475
3/13/2024 9:00,ONEUSDT,-0.0211,-2.7686
3/13/2024 9:00,API3USDT,-0.0309,-2.7995
3/13/2024 9:00,CTSIUSDT,-0.0278,-2.8273
3/13/2024 9:15,OPUSDT,-0.0249,-2.8522
3/13/2024 9:45,CRVUSDT,-0.022,-2.8742
3/13/2024 10:45,COMPUSDT,0.0492,-2.825
3/13/2024 11:30,CRVUSDT,-0.02,-2.845
3/13/2024 11:45,MASKUSDT,-0.0276,-2.8726
3/13/2024 11:45,AAVEUSDT,-0.0209,-2.8935
3/13/2024 12:15,DGBUSDT,0.0467,-2.8468
3/13/2024 12:15,1000SATSUSDT,0.0475,-2.7993
3/13/2024 12:15,JTOUSDT,0.0427,-2.7566
3/13/2024 12:15,MAVIAUSDT,0.047,-2.7096
3/13/2024 13:30,1000FLOKIUSDT,-0.0239,-2.7335
3/13/2024 13:30,XRPUSDT,-0.0311,-2.7646
3/13/2024 13:30,IMXUSDT,0.046,-2.7186
3/13/2024 17:30,MANTAUSDT,-0.0205,-2.7391
3/13/2024 19:15,NMRUSDT,-0.0212,-2.7603
3/13/2024 20:30,MANTAUSDT,-0.0211,-2.7814
3/13/2024 21:00,KLAYUSDT,0.0409,-2.7405
3/14/2024 0:00,LINAUSDT,-0.0216,-2.7621
3/14/2024 0:15,SUIUSDT,0.0433,-2.7188
3/14/2024 1:45,SUIUSDT,-0.0273,-2.7461
3/14/2024 1:45,TWTUSDT,-0.0207,-2.7668
3/14/2024 2:00,CELRUSDT,-0.026,-2.7928
3/14/2024 2:00,XMRUSDT,-0.0212,-2.814
3/14/2024 2:15,TONUSDT,0.0392,-2.7748
3/14/2024 2:45,JASMYUSDT,0.0442,-2.7306
3/14/2024 3:15,BATUSDT,0.0471,-2.6835
3/14/2024 4:00,MINAUSDT,0.0466,-2.6369
3/14/2024 4:30,XLMUSDT,-0.0257,-2.6626
3/14/2024 7:00,BIGTIMEUSDT,-0.0294,-2.692
3/14/2024 7:15,CHRUSDT,0.048,-2.644
3/14/2024 7:15,ACEUSDT,-0.0232,-2.6672
3/14/2024 7:15,ALTUSDT,0.0492,-2.618
3/14/2024 7:15,RADUSDT,0.0456,-2.5724
3/14/2024 7:15,MAVUSDT,0.0456,-2.5268
3/14/2024 7:15,GTCUSDT,-0.0212,-2.548
3/14/2024 7:15,LDOUSDT,-0.0239,-2.5719
3/14/2024 7:15,MANTAUSDT,0.0491,-2.5228
3/14/2024 9:00,SOLUSDT,-0.035,-2.5578
3/14/2024 10:45,SKLUSDT,0.0424,-2.5154
3/14/2024 10:45,HOOKUSDT,0.0467,-2.4687
3/14/2024 10:45,STRKUSDT,0.0486,-2.4201
3/14/2024 11:00,TRUUSDT,0.0371,-2.383
3/14/2024 11:00,STRAXUSDT,0.0361,-2.3469
3/14/2024 12:45,POWRUSDT,0.048,-2.2989
3/14/2024 13:00,BALUSDT,0.0439,-2.255
3/14/2024 13:00,SNXUSDT,0.0493,-2.2057
3/14/2024 13:00,DENTUSDT,0.0486,-2.1571
3/14/2024 13:00,TWTUSDT,0.0487,-2.1084
3/14/2024 13:00,BADGERUSDT,0.0487,-2.0597
3/14/2024 13:15,CVXUSDT,0.0472,-2.0125
3/14/2024 13:15,ORBSUSDT,0.0488,-1.9637
3/14/2024 13:15,LEVERUSDT,0.0463,-1.9174
3/14/2024 13:30,AXLUSDT,-0.0212,-1.9386
3/14/2024 13:30,ETCUSDT,0.0403,-1.8983
3/14/2024 19:00,XMRUSDT,-0.0218,-1.9201
3/15/2024 0:00,DOTUSDT,-0.0281,-1.9482
3/15/2024 0:00,ALPHAUSDT,-0.0247,-1.9729
3/15/2024 0:15,DEFIUSDT,-0.0226,-1.9955
3/15/2024 6:15,BTCDOMUSDT,-0.0214,-2.0169
3/16/2024 1:00,ATAUSDT,-0.0329,-2.0498
3/16/2024 1:15,DARUSDT,-0.0309,-2.0807
3/16/2024 1:15,ASTRUSDT,-0.0214,-2.1021
3/16/2024 1:15,MTLUSDT,-0.0363,-2.1384
3/16/2024 1:15,SUSHIUSDT,-0.0218,-2.1602
3/16/2024 1:15,YGGUSDT,0.0302,-2.13
3/16/2024 1:30,OMGUSDT,-0.0206,-2.1506
3/16/2024 1:30,ONEUSDT,-0.0215,-2.1721
3/16/2024 1:30,CVXUSDT,-0.0209,-2.193
3/16/2024 1:30,UMAUSDT,0.0434,-2.1496
3/16/2024 1:30,SUPERUSDT,-0.023,-2.1726
3/16/2024 1:30,XAIUSDT,-0.0233,-2.1959
3/16/2024 1:30,OGNUSDT,-0.0302,-2.2261
3/16/2024 1:45,HBARUSDT,-0.0249,-2.251
3/16/2024 2:00,MANTAUSDT,-0.0216,-2.2726
3/16/2024 2:30,DGBUSDT,0.0428,-2.2298
3/16/2024 2:30,LINAUSDT,0.0492,-2.1806
3/16/2024 2:45,BNXUSDT,-0.0207,-2.2013
3/16/2024 3:00,GMTUSDT,-0.0204,-2.2217
3/16/2024 3:00,KAVAUSDT,-0.0248,-2.2465
3/16/2024 3:00,DENTUSDT,-0.0228,-2.2693
3/16/2024 3:00,DYDXUSDT,-0.0217,-2.291
3/16/2024 3:00,C98USDT,-0.0203,-2.3113
3/16/2024 3:45,TIAUSDT,-0.0206,-2.3319
3/16/2024 5:00,RSRUSDT,-0.0269,-2.3588
3/16/2024 5:00,WAVESUSDT,-0.0288,-2.3876
3/16/2024 8:30,STGUSDT,-0.0213,-2.4089
3/16/2024 9:30,INJUSDT,0.0437,-2.3652
3/16/2024 17:00,XVSUSDT,0.0485,-2.3167
3/16/2024 17:00,BLZUSDT,0.0476,-2.2691
3/16/2024 17:00,BTCDOMUSDT,0.0494,-2.2197
3/16/2024 21:15,BTCUSDT,-0.0268,-2.2465
3/16/2024 21:15,BLZUSDT,-0.0203,-2.2668
3/16/2024 23:00,BTCUSDT,-0.0293,-2.2961
3/16/2024 23:00,GMXUSDT,-0.0331,-2.3292
3/16/2024 23:00,UNIUSDT,-0.0285,-2.3577
3/16/2024 23:00,ETHUSDT,-0.0295,-2.3872
3/16/2024 23:00,LTCUSDT,-0.0243,-2.4115
3/16/2024 23:00,TRXUSDT,-0.0225,-2.434
3/17/2024 4:30,AEVOUSDT,0.0403,-2.3937
3/17/2024 14:00,XMRUSDT,-0.0201,-2.4138
3/17/2024 14:15,RDNTUSDT,-0.0237,-2.4375
3/17/2024 15:30,TIAUSDT,-0.0216,-2.4591
3/17/2024 17:15,DOTUSDT,-0.0208,-2.4799
3/17/2024 17:30,ENSUSDT,-0.0206,-2.5005
3/17/2024 17:45,WOOUSDT,0.0373,-2.4632
3/17/2024 17:45,BALUSDT,-0.0219,-2.4851
3/17/2024 17:45,CHRUSDT,-0.0203,-2.5054
3/17/2024 17:45,XLMUSDT,-0.0217,-2.5271
3/17/2024 17:45,DARUSDT,-0.023,-2.5501
3/17/2024 17:45,MANAUSDT,-0.0218,-2.5719
3/17/2024 17:45,LINAUSDT,-0.0208,-2.5927
3/17/2024 17:45,XEMUSDT,0.047,-2.5457
3/17/2024 17:45,EGLDUSDT,-0.0232,-2.5689
3/17/2024 17:45,NEOUSDT,-0.0224,-2.5913
3/17/2024 17:45,DEFIUSDT,-0.0234,-2.6147
3/17/2024 17:45,BELUSDT,-0.032,-2.6467
3/17/2024 17:45,FXSUSDT,-0.0245,-2.6712
3/17/2024 17:45,KAVAUSDT,-0.0213,-2.6925
3/17/2024 17:45,WAVESUSDT,-0.0307,-2.7232
3/17/2024 17:45,DENTUSDT,-0.02,-2.7432
3/17/2024 17:45,TLMUSDT,-0.022,-2.7652
3/17/2024 17:45,DYDXUSDT,-0.0221,-2.7873
3/17/2024 17:45,BAKEUSDT,-0.0222,-2.8095
3/17/2024 17:45,LINKUSDT,-0.0249,-2.8344
3/17/2024 17:45,XTZUSDT,-0.0242,-2.8586
3/17/2024 17:45,ALPHAUSDT,-0.0213,-2.8799
3/17/2024 17:45,1000LUNCUSDT,-0.03,-2.9099
3/17/2024 17:45,HOTUSDT,-0.0229,-2.9328
3/17/2024 17:45,RVNUSDT,-0.0211,-2.9539
3/17/2024 17:45,DASHUSDT,-0.0218,-2.9757
3/17/2024 19:00,STMXUSDT,-0.0225,-2.9982
3/17/2024 19:00,STORJUSDT,-0.0203,-3.0185
3/17/2024 19:30,TUSDT,-0.0228,-3.0413
3/17/2024 19:30,EGLDUSDT,-0.0209,-3.0622
3/17/2024 19:30,CELOUSDT,-0.0219,-3.0841
3/17/2024 19:30,ALICEUSDT,-0.0247,-3.1088
3/17/2024 19:30,DASHUSDT,-0.0206,-3.1294
3/17/2024 19:45,ENJUSDT,-0.0216,-3.151
3/17/2024 19:45,ICPUSDT,-0.0208,-3.1718
3/17/2024 19:45,GMXUSDT,-0.0214,-3.1932
3/17/2024 19:45,MANAUSDT,-0.0211,-3.2143
3/17/2024 19:45,GASUSDT,-0.02,-3.2343
3/17/2024 19:45,ONGUSDT,-0.0267,-3.261
3/17/2024 19:45,BICOUSDT,-0.0204,-3.2814
3/17/2024 19:45,TRUUSDT,0.0411,-3.2403
3/17/2024 19:45,LOOMUSDT,-0.0228,-3.2631
3/17/2024 19:45,SNTUSDT,-0.0222,-3.2853
3/17/2024 19:45,RVNUSDT,-0.02,-3.3053
3/17/2024 20:00,BALUSDT,-0.0204,-3.3257
3/17/2024 20:00,WAXPUSDT,-0.0218,-3.3475
3/17/2024 20:00,POWRUSDT,-0.027,-3.3745
3/17/2024 20:00,ONDOUSDT,-0.0221,-3.3966
3/17/2024 20:00,YGGUSDT,-0.0214,-3.418
3/17/2024 20:00,BADGERUSDT,-0.02,-3.438
3/17/2024 21:15,STGUSDT,0.0473,-3.3907
3/17/2024 21:15,ONGUSDT,-0.0274,-3.4181
3/17/2024 21:45,STORJUSDT,0.0407,-3.3774
3/17/2024 22:00,GASUSDT,-0.0229,-3.4003
3/17/2024 22:00,WAXPUSDT,-0.0232,-3.4235
3/17/2024 22:00,ENSUSDT,-0.0212,-3.4447
3/17/2024 22:00,SLPUSDT,-0.0269,-3.4716
3/17/2024 22:00,XEMUSDT,0.0364,-3.4352
3/17/2024 22:00,POLYXUSDT,-0.028,-3.4632
3/17/2024 22:00,ZETAUSDT,-0.0231,-3.4863
3/17/2024 22:00,NEOUSDT,-0.0261,-3.5124
3/17/2024 22:00,CELOUSDT,-0.0221,-3.5345
3/17/2024 22:00,ICXUSDT,-0.0207,-3.5552
3/17/2024 22:00,SUSHIUSDT,-0.0256,-3.5808
3/17/2024 22:00,RENUSDT,-0.0319,-3.6127
3/17/2024 22:00,SANDUSDT,-0.0255,-3.6382
3/17/2024 22:00,BADGERUSDT,-0.0254,-3.6636
3/17/2024 22:00,FLOWUSDT,-0.0306,-3.6942
3/17/2024 22:15,SOLUSDT,-0.0239,-3.7181
3/17/2024 22:30,CHRUSDT,-0.0227,-3.7408
3/17/2024 22:30,TUSDT,-0.0285,-3.7693
3/17/2024 22:30,1000SATSUSDT,-0.0232,-3.7925
3/17/2024 22:30,IMXUSDT,-0.0294,-3.8219
3/17/2024 22:30,DEFIUSDT,-0.0336,-3.8555
3/17/2024 22:30,ONDOUSDT,-0.0304,-3.8859
3/17/2024 22:30,TRBUSDT,-0.0267,-3.9126
3/17/2024 22:30,REEFUSDT,-0.0255,-3.9381
3/17/2024 22:30,BLZUSDT,-0.0243,-3.9624
3/17/2024 22:30,MINAUSDT,-0.0218,-3.9842
3/17/2024 23:45,SUIUSDT,-0.033,-4.0172
3/17/2024 23:45,MKRUSDT,-0.0213,-4.0385
3/18/2024 4:30,AGLDUSDT,-0.0244,-4.0629
3/18/2024 4:45,SNXUSDT,-0.027,-4.0899
3/18/2024 6:00,ASTRUSDT,-0.0204,-4.1103
3/18/2024 6:00,FETUSDT,0.0479,-4.0624
3/18/2024 6:15,IDUSDT,-0.0271,-4.0895
3/18/2024 8:00,RLCUSDT,0.049,-4.0405
3/18/2024 12:00,ACHUSDT,0.0453,-3.9952
3/18/2024 12:15,CELOUSDT,0.043,-3.9522
3/18/2024 13:15,EOSUSDT,0.0289,-3.9233
3/18/2024 13:15,DODOXUSDT,0.04,-3.8833
3/18/2024 16:45,BTCDOMUSDT,0.0487,-3.8346
3/18/2024 16:45,TRXUSDT,-0.021,-3.8556
3/19/2024 5:00,TRXUSDT,0.0481,-3.8075
3/19/2024 6:30,1000SHIBUSDT,-0.0218,-3.8293
3/19/2024 8:15,ETHUSDT,-0.0264,-3.8557
3/19/2024 8:45,TRXUSDT,0.0484,-3.8073
3/19/2024 18:30,SKLUSDT,-0.0217,-3.829
3/19/2024 18:30,API3USDT,-0.0572,-3.8862
3/19/2024 19:00,TRBUSDT,-0.024,-3.9102
3/19/2024 19:00,YFIUSDT,-0.0204,-3.9306
3/19/2024 19:00,STORJUSDT,-0.021,-3.9516
3/19/2024 19:15,IOTAUSDT,-0.0245,-3.9761
3/19/2024 19:15,DARUSDT,-0.026,-4.0021
3/19/2024 19:15,POLYXUSDT,-0.0228,-4.0249
3/19/2024 19:15,XRPUSDT,-0.0202,-4.0451
3/19/2024 19:15,STMXUSDT,-0.0223,-4.0674
3/19/2024 19:15,AGLDUSDT,-0.0201,-4.0875
3/19/2024 19:15,IDEXUSDT,-0.0227,-4.1102
3/19/2024 19:15,DYDXUSDT,-0.0204,-4.1306
3/19/2024 19:15,USTCUSDT,-0.0204,-4.151
3/19/2024 22:15,UMAUSDT,0.0343,-4.1167
3/19/2024 22:15,LDOUSDT,-0.0388,-4.1555
3/20/2024 10:15,SANDUSDT,-0.0207,-4.1762
3/20/2024 11:00,STMXUSDT,-0.02,-4.1962
3/20/2024 11:00,XVSUSDT,-0.0237,-4.2199
3/20/2024 11:00,MANTAUSDT,-0.0235,-4.2434
3/20/2024 11:00,UNFIUSDT,-0.0209,-4.2643
3/20/2024 11:15,CHZUSDT,-0.0354,-4.2997
3/20/2024 11:15,UNIUSDT,-0.0303,-4.33
3/20/2024 11:15,XEMUSDT,-0.0297,-4.3597
3/20/2024 11:15,IMXUSDT,-0.0317,-4.3914
3/20/2024 11:15,AGLDUSDT,-0.0289,-4.4203
3/20/2024 11:15,LQTYUSDT,-0.0372,-4.4575
3/20/2024 11:15,YFIUSDT,-0.0222,-4.4797
3/20/2024 11:15,DENTUSDT,0.0306,-4.4491
3/20/2024 11:15,RUNEUSDT,-0.0271,-4.4762
3/20/2024 11:15,SUSHIUSDT,-0.0271,-4.5033
3/20/2024 11:15,DASHUSDT,-0.0254,-4.5287
3/20/2024 11:45,XLMUSDT,-0.0238,-4.5525
3/20/2024 13:30,EOSUSDT,-0.0216,-4.5741
3/20/2024 14:15,ENSUSDT,-0.0207,-4.5948
3/20/2024 14:15,RIFUSDT,-0.0294,-4.6242
3/20/2024 15:30,BNXUSDT,0.037,-4.5872
3/20/2024 23:00,POWRUSDT,0.0469,-4.5403
3/20/2024 23:00,LOOMUSDT,0.0478,-4.4925
3/20/2024 23:30,KAVAUSDT,-0.0238,-4.5163
3/21/2024 0:00,RSRUSDT,0.0455,-4.4708
3/21/2024 0:00,ARKUSDT,0.047,-4.4238
3/21/2024 0:00,ONTUSDT,0.0385,-4.3853
3/21/2024 0:00,JASMYUSDT,0.0477,-4.3376
3/21/2024 0:30,BALUSDT,-0.0204,-4.358
3/21/2024 0:30,STGUSDT,-0.02,-4.378
3/21/2024 0:30,OMGUSDT,-0.0201,-4.3981
3/21/2024 0:30,UNIUSDT,-0.023,-4.4211
3/21/2024 0:30,MAGICUSDT,-0.0201,-4.4412
3/21/2024 0:30,SPELLUSDT,-0.0252,-4.4664
3/21/2024 0:30,SXPUSDT,-0.0239,-4.4903
3/21/2024 0:30,REEFUSDT,-0.0277,-4.518
3/21/2024 0:30,ETHUSDT,-0.0204,-4.5384
3/21/2024 0:30,ROSEUSDT,-0.0253,-4.5637
3/21/2024 0:30,ANKRUSDT,0.0383,-4.5254
3/21/2024 0:30,BAKEUSDT,-0.0253,-4.5507
3/21/2024 0:30,ZECUSDT,0.0344,-4.5163
3/21/2024 0:30,SNTUSDT,-0.0248,-4.5411
3/21/2024 0:30,ETCUSDT,-0.0227,-4.5638
3/21/2024 0:30,CTSIUSDT,-0.0271,-4.5909
3/21/2024 0:30,LRCUSDT,-0.0208,-4.6117
3/21/2024 1:15,ALGOUSDT,-0.0213,-4.633
3/21/2024 2:00,AUCTIONUSDT,0.0498,-4.5832
3/21/2024 2:00,C98USDT,-0.0274,-4.6106
3/21/2024 2:15,LITUSDT,-0.024,-4.6346
3/21/2024 2:15,GMXUSDT,-0.0216,-4.6562
3/21/2024 2:15,LINAUSDT,-0.0211,-4.6773
3/21/2024 2:15,DENTUSDT,-0.022,-4.6993
3/21/2024 2:15,YGGUSDT,-0.0203,-4.7196
3/21/2024 2:15,CTSIUSDT,-0.0255,-4.7451
3/21/2024 2:15,LRCUSDT,-0.0203,-4.7654
3/21/2024 2:30,PEOPLEUSDT,-0.022,-4.7874
3/21/2024 2:30,STMXUSDT,-0.0266,-4.814
3/21/2024 2:30,ZENUSDT,-0.0234,-4.8374
3/21/2024 3:30,MANAUSDT,-0.02,-4.8574
3/21/2024 8:30,ARKUSDT,0.0476,-4.8098
3/21/2024 10:00,GASUSDT,-0.0238,-4.8336
3/21/2024 11:30,ICPUSDT,-0.0223,-4.8559
3/21/2024 12:00,LDOUSDT,0.0454,-4.8105
3/21/2024 12:00,OGNUSDT,-0.0205,-4.831
3/21/2024 12:15,ORBSUSDT,-0.0256,-4.8566
3/21/2024 12:15,NKNUSDT,-0.0201,-4.8767
3/21/2024 12:30,FTMUSDT,-0.0238,-4.9005
3/21/2024 13:15,OXTUSDT,-0.0207,-4.9212
3/21/2024 13:45,RUNEUSDT,0.05,-4.8712
3/21/2024 14:00,HIGHUSDT,-0.0204,-4.8916
3/21/2024 14:00,STMXUSDT,-0.0226,-4.9142
3/21/2024 15:00,CFXUSDT,0.032,-4.8822
3/21/2024 16:00,MDTUSDT,-0.0211,-4.9033
3/21/2024 16:00,OXTUSDT,-0.0201,-4.9234
3/21/2024 16:15,WOOUSDT,-0.0287,-4.9521
3/21/2024 22:00,OXTUSDT,-0.0206,-4.9727
3/22/2024 0:00,COMPUSDT,-0.0239,-4.9966
3/22/2024 0:00,OXTUSDT,-0.0236,-5.0202
3/22/2024 1:45,ATOMUSDT,-0.0218,-5.042
3/22/2024 5:30,IOTXUSDT,-0.0216,-5.0636
3/22/2024 5:30,GMTUSDT,-0.0212,-5.0848
3/22/2024 5:30,KNCUSDT,-0.0224,-5.1072
3/22/2024 5:45,BNXUSDT,-0.0204,-5.1276
3/22/2024 5:45,ETHUSDT,-0.0208,-5.1484
3/22/2024 6:00,RDNTUSDT,-0.0272,-5.1756
3/22/2024 6:00,LRCUSDT,-0.0203,-5.1959
3/22/2024 6:30,BNBUSDT,-0.0244,-5.2203
3/22/2024 6:45,AAVEUSDT,-0.0207,-5.241
3/22/2024 7:30,IOTXUSDT,-0.0214,-5.2624
3/22/2024 7:30,ICXUSDT,-0.0215,-5.2839
3/22/2024 7:30,SXPUSDT,-0.0261,-5.31
3/22/2024 8:00,DGBUSDT,-0.0233,-5.3333
3/22/2024 8:15,STMXUSDT,-0.02,-5.3533
3/22/2024 9:15,GLMUSDT,-0.0296,-5.3829
3/22/2024 10:00,GASUSDT,0.0474,-5.3355
3/22/2024 13:00,QTUMUSDT,-0.0222,-5.3577
3/22/2024 13:00,LITUSDT,0.0493,-5.3084
3/22/2024 13:00,STEEMUSDT,-0.0227,-5.3311
3/22/2024 13:00,UNIUSDT,-0.021,-5.3521
3/22/2024 13:00,1INCHUSDT,-0.0213,-5.3734
3/22/2024 13:00,LPTUSDT,-0.0258,-5.3992
3/22/2024 13:00,LINAUSDT,-0.0244,-5.4236
3/22/2024 13:00,HIFIUSDT,-0.0287,-5.4523
3/22/2024 13:00,ZETAUSDT,-0.0263,-5.4786
3/22/2024 13:00,STMXUSDT,-0.0231,-5.5017
3/22/2024 13:00,LSKUSDT,-0.0237,-5.5254
3/22/2024 13:00,ICXUSDT,-0.0223,-5.5477
3/22/2024 13:00,PERPUSDT,-0.0257,-5.5734
3/22/2024 13:00,BELUSDT,-0.0257,-5.5991
3/22/2024 13:00,KNCUSDT,-0.0267,-5.6258
3/22/2024 13:00,ETHWUSDT,-0.0219,-5.6477
3/22/2024 13:00,YFIUSDT,-0.0377,-5.6854
3/22/2024 13:00,BANDUSDT,-0.0216,-5.707
3/22/2024 13:00,BLZUSDT,-0.024,-5.731
3/22/2024 13:00,ROSEUSDT,-0.0218,-5.7528
3/22/2024 13:00,PYTHUSDT,-0.0203,-5.7731
3/22/2024 13:00,MANTAUSDT,-0.0257,-5.7988
3/22/2024 13:00,STORJUSDT,-0.0232,-5.822
3/22/2024 13:00,COTIUSDT,-0.0223,-5.8443
3/22/2024 13:00,ADAUSDT,-0.0208,-5.8651
3/22/2024 13:00,UNFIUSDT,-0.0221,-5.8872
3/22/2024 13:00,ATAUSDT,-0.0238,-5.911
3/22/2024 13:00,DASHUSDT,-0.0209,-5.9319
3/22/2024 13:30,AXLUSDT,0.0481,-5.8838
3/22/2024 13:30,GMXUSDT,-0.0207,-5.9045
3/22/2024 13:30,EOSUSDT,-0.0211,-5.9256
3/22/2024 13:30,LINKUSDT,-0.0227,-5.9483
3/22/2024 13:30,XTZUSDT,-0.0229,-5.9712
3/23/2024 1:15,SKLUSDT,-0.022,-5.9932
3/23/2024 1:15,JUPUSDT,-0.0227,-6.0159
3/23/2024 5:30,KASUSDT,-0.0202,-6.0361
3/23/2024 6:15,AIUSDT,0.0449,-5.9912
3/23/2024 6:15,DARUSDT,0.0402,-5.951
3/23/2024 6:15,STEEMUSDT,0.04,-5.911
3/23/2024 6:15,ROSEUSDT,0.0497,-5.8613
3/23/2024 6:30,1INCHUSDT,0.0492,-5.8121
3/23/2024 6:45,ONTUSDT,0.0486,-5.7635
3/23/2024 7:00,AGIXUSDT,0.0383,-5.7252
3/23/2024 7:00,SPELLUSDT,0.047,-5.6782
3/23/2024 7:00,FLMUSDT,-0.0236,-5.7018
3/23/2024 8:45,ONTUSDT,0.0446,-5.6572
3/23/2024 9:45,QTUMUSDT,0.0412,-5.616
3/23/2024 9:45,ONGUSDT,0.0434,-5.5726
3/23/2024 9:45,EOSUSDT,0.0481,-5.5245
3/23/2024 10:00,FLMUSDT,-0.0229,-5.5474
3/23/2024 10:15,AGIXUSDT,0.0306,-5.5168
3/23/2024 10:15,NFPUSDT,-0.0303,-5.5471
3/23/2024 10:15,FXSUSDT,-0.0202,-5.5673
3/23/2024 11:45,APEUSDT,-0.0203,-5.5876
3/23/2024 13:45,APEUSDT,-0.0231,-5.6107
3/23/2024 13:45,FETUSDT,-0.0202,-5.6309
3/23/2024 13:45,OPUSDT,0.0431,-5.5878
3/23/2024 13:45,BLURUSDT,-0.0242,-5.612
3/23/2024 13:45,LOOMUSDT,0.0475,-5.5645
3/23/2024 14:00,LTCUSDT,-0.0207,-5.5852
3/23/2024 14:00,STRKUSDT,0.0497,-5.5355
3/23/2024 14:15,API3USDT,0.046,-5.4895
3/23/2024 14:30,ONEUSDT,-0.0236,-5.5131
3/23/2024 14:30,WAVESUSDT,-0.0378,-5.5509
3/23/2024 14:30,ROSEUSDT,-0.0229,-5.5738
3/23/2024 14:30,ALGOUSDT,0.0449,-5.5289
3/23/2024 14:30,VETUSDT,-0.0248,-5.5537
3/23/2024 16:30,NFPUSDT,-0.0222,-5.5759
3/23/2024 16:30,ASTRUSDT,-0.0236,-5.5995
3/23/2024 16:30,BTCUSDT,-0.0278,-5.6273
3/23/2024 16:30,1000SHIBUSDT,-0.0227,-5.65
3/23/2024 16:30,GTCUSDT,-0.0216,-5.6716
3/23/2024 16:30,ONEUSDT,-0.0214,-5.693
3/23/2024 16:30,FXSUSDT,-0.0239,-5.7169
3/23/2024 16:30,ETHUSDT,-0.0225,-5.7394
3/23/2024 16:30,TWTUSDT,-0.0242,-5.7636
3/23/2024 16:30,LOOMUSDT,-0.025,-5.7886
3/23/2024 16:30,STPTUSDT,-0.0208,-5.8094
3/23/2024 16:30,ALGOUSDT,-0.0223,-5.8317
3/23/2024 16:30,VETUSDT,-0.0207,-5.8524
3/23/2024 17:30,HOTUSDT,0.0304,-5.822
3/23/2024 18:00,CELOUSDT,-0.0228,-5.8448
3/23/2024 18:00,LOOMUSDT,-0.0204,-5.8652
3/23/2024 19:00,STEEMUSDT,-0.0204,-5.8856
3/23/2024 19:00,XEMUSDT,-0.024,-5.9096
3/23/2024 20:00,FTMUSDT,-0.0213,-5.9309
3/23/2024 21:30,TRXUSDT,-0.0255,-5.9564
3/23/2024 23:00,KASUSDT,-0.02,-5.9764
3/23/2024 23:00,KSMUSDT,-0.0211,-5.9975
3/23/2024 23:15,IDUSDT,0.0466,-5.9509
3/23/2024 23:15,KEYUSDT,-0.0211,-5.972
3/24/2024 2:00,RONINUSDT,-0.0208,-5.9928
3/24/2024 3:00,EDUUSDT,-0.0279,-6.0207
3/24/2024 3:00,AMBUSDT,-0.0223,-6.043
3/24/2024 3:00,LPTUSDT,-0.023,-6.066
3/24/2024 3:00,ILVUSDT,-0.0213,-6.0873
3/24/2024 3:00,LQTYUSDT,-0.0201,-6.1074
3/24/2024 3:00,ETHUSDT,-0.0261,-6.1335
3/24/2024 3:00,THETAUSDT,-0.0279,-6.1614
3/24/2024 3:00,ORDIUSDT,-0.0255,-6.1869
3/24/2024 3:00,MAVIAUSDT,-0.022,-6.2089
3/24/2024 6:00,HOOKUSDT,-0.0203,-6.2292
3/24/2024 6:30,AIUSDT,-0.0205,-6.2497
3/24/2024 6:30,JOEUSDT,-0.0218,-6.2715
3/24/2024 6:30,BIGTIMEUSDT,-0.0206,-6.2921
3/24/2024 6:30,ONEUSDT,-0.0225,-6.3146
3/24/2024 6:30,NTRNUSDT,-0.0204,-6.335
3/24/2024 6:30,BELUSDT,-0.0208,-6.3558
3/24/2024 6:30,VANRYUSDT,-0.0215,-6.3773
3/24/2024 6:30,BNXUSDT,-0.0231,-6.4004
3/24/2024 6:30,REEFUSDT,-0.0217,-6.4221
3/24/2024 6:30,FLMUSDT,-0.0227,-6.4448
3/24/2024 6:30,THETAUSDT,-0.0293,-6.4741
3/24/2024 6:30,MANTAUSDT,-0.0223,-6.4964
3/24/2024 6:30,XAIUSDT,-0.021,-6.5174
3/24/2024 6:30,ALPHAUSDT,-0.0238,-6.5412
3/24/2024 7:15,BANDUSDT,-0.0219,-6.5631
3/24/2024 7:15,ADAUSDT,-0.0306,-6.5937
3/24/2024 10:00,ETHWUSDT,0.0481,-6.5456
3/24/2024 11:30,SFPUSDT,0.0482,-6.4974
3/24/2024 12:15,DODOXUSDT,0.0402,-6.4572
3/24/2024 12:15,OGNUSDT,-0.0228,-6.48
3/24/2024 12:30,IOSTUSDT,-0.0232,-6.5032
3/24/2024 12:30,WAXPUSDT,0.043,-6.4602
3/24/2024 12:30,CVXUSDT,-0.0252,-6.4854
3/24/2024 12:30,POWRUSDT,-0.0206,-6.506
3/24/2024 12:30,DOTUSDT,-0.022,-6.528
3/24/2024 12:30,BNXUSDT,0.049,-6.479
3/24/2024 12:30,RDNTUSDT,-0.0218,-6.5008
3/24/2024 14:00,RADUSDT,-0.0203,-6.5211
3/24/2024 14:00,UNFIUSDT,0.0429,-6.4782
3/24/2024 14:15,HFTUSDT,-0.0203,-6.4985
3/24/2024 14:15,OMGUSDT,-0.0218,-6.5203
3/24/2024 14:15,GLMRUSDT,-0.0223,-6.5426
3/24/2024 14:15,CHZUSDT,0.0441,-6.4985
3/24/2024 14:15,ASTRUSDT,-0.021,-6.5195
3/24/2024 14:15,MEMEUSDT,0.0497,-6.4698
3/24/2024 14:15,LINAUSDT,-0.02,-6.4898
3/24/2024 14:15,WAXPUSDT,0.0485,-6.4413
3/24/2024 14:15,ONEUSDT,-0.022,-6.4633
3/24/2024 14:15,EGLDUSDT,-0.0203,-6.4836
3/24/2024 14:15,UMAUSDT,-0.0227,-6.5063
3/24/2024 14:15,KNCUSDT,-0.0214,-6.5277
3/24/2024 14:15,NKNUSDT,-0.0227,-6.5504
3/24/2024 14:15,MOVRUSDT,-0.0311,-6.5815
3/24/2024 14:15,ROSEUSDT,-0.0206,-6.6021
3/24/2024 14:15,DODOXUSDT,-0.0219,-6.624
3/24/2024 14:15,KSMUSDT,-0.0216,-6.6456
3/24/2024 14:15,ORDIUSDT,-0.0214,-6.667
3/24/2024 14:30,XVGUSDT,-0.0348,-6.7018
3/24/2024 14:30,HOOKUSDT,0.0494,-6.6524
3/24/2024 15:15,EDUUSDT,-0.0209,-6.6733
3/24/2024 15:15,AMBUSDT,-0.0201,-6.6934
3/24/2024 15:30,MEMEUSDT,0.0463,-6.6471
3/24/2024 16:00,TUSDT,-0.0215,-6.6686
3/24/2024 16:15,ONEUSDT,-0.0204,-6.689
3/24/2024 16:30,QNTUSDT,-0.0201,-6.7091
3/24/2024 16:45,BANDUSDT,-0.0204,-6.7295
3/24/2024 22:00,INJUSDT,-0.02,-6.7495
3/24/2024 22:00,CHZUSDT,-0.0254,-6.7749
3/24/2024 22:00,SPELLUSDT,-0.0203,-6.7952
3/24/2024 22:00,ENSUSDT,-0.0216,-6.8168
3/24/2024 22:00,ZETAUSDT,-0.0201,-6.8369
3/24/2024 22:00,IMXUSDT,-0.0354,-6.8723
3/24/2024 22:00,KLAYUSDT,0.0489,-6.8234
3/24/2024 22:00,BLURUSDT,0.0497,-6.7737
3/24/2024 22:00,SEIUSDT,-0.0207,-6.7944
3/24/2024 22:00,SNTUSDT,0.0449,-6.7495
3/24/2024 22:00,JASMYUSDT,-0.0226,-6.7721
3/24/2024 22:00,ALPHAUSDT,0.0466,-6.7255
3/24/2024 22:00,ZENUSDT,-0.0216,-6.7471
3/24/2024 22:30,MDTUSDT,-0.026,-6.7731
3/24/2024 23:00,BLZUSDT,-0.0242,-6.7973
3/24/2024 23:15,STRKUSDT,-0.021,-6.8183
3/24/2024 23:30,CHRUSDT,0.0456,-6.7727
3/25/2024 0:00,ICXUSDT,-0.0238,-6.7965
3/25/2024 0:15,BLURUSDT,0.0436,-6.7529
3/25/2024 0:15,AXSUSDT,-0.0215,-6.7744
3/25/2024 0:15,DODOXUSDT,0.0497,-6.7247
3/25/2024 0:15,STORJUSDT,-0.0237,-6.7484
3/25/2024 0:30,WOOUSDT,0.0479,-6.7005
3/25/2024 0:30,LQTYUSDT,0.0458,-6.6547
3/25/2024 0:45,MASKUSDT,-0.0207,-6.6754
3/25/2024 0:45,EDUUSDT,0.0476,-6.6278
3/25/2024 0:45,ASTRUSDT,0.0486,-6.5792
3/25/2024 1:00,HFTUSDT,0.0481,-6.5311
3/25/2024 1:00,AMBUSDT,-0.0228,-6.5539
3/25/2024 1:00,OMGUSDT,-0.0319,-6.5858
3/25/2024 1:00,HIGHUSDT,-0.025,-6.6108
3/25/2024 1:00,BEAMXUSDT,-0.0204,-6.6312
3/25/2024 1:00,PEOPLEUSDT,0.0436,-6.5876
3/25/2024 1:00,GTCUSDT,0.0485,-6.5391
3/25/2024 1:00,CELOUSDT,0.0368,-6.5023
3/25/2024 1:00,AGLDUSDT,0.0472,-6.4551
3/25/2024 1:00,BANDUSDT,0.0472,-6.4079
3/25/2024 1:00,ONTUSDT,-0.0216,-6.4295
3/25/2024 1:00,AVAXUSDT,0.0494,-6.3801
3/25/2024 1:00,KSMUSDT,0.0465,-6.3336
3/25/2024 1:00,OCEANUSDT,0.0488,-6.2848
3/25/2024 1:15,GLMRUSDT,0.0489,-6.2359
3/25/2024 1:30,EGLDUSDT,-0.0207,-6.2566
3/25/2024 1:30,WAVESUSDT,0.0423,-6.2143
3/25/2024 2:15,NEOUSDT,-0.0223,-6.2366
3/25/2024 2:15,NKNUSDT,0.0493,-6.1873
3/25/2024 2:30,OMGUSDT,-0.0203,-6.2076
3/25/2024 2:30,ILVUSDT,-0.0214,-6.229
3/25/2024 2:30,ANKRUSDT,0.0425,-6.1865
3/25/2024 2:30,TLMUSDT,-0.0249,-6.2114
3/25/2024 2:45,BATUSDT,-0.0209,-6.2323
3/25/2024 3:00,HIGHUSDT,-0.0206,-6.2529
3/25/2024 3:00,KLAYUSDT,0.0478,-6.2051
3/25/2024 3:00,COTIUSDT,0.0497,-6.1554
3/25/2024 3:30,VANRYUSDT,-0.0215,-6.1769
3/25/2024 4:30,LITUSDT,-0.02,-6.1969
3/25/2024 4:30,ALTUSDT,0.0383,-6.1586
3/25/2024 4:45,AUCTIONUSDT,-0.026,-6.1846
3/25/2024 4:45,OMGUSDT,-0.0203,-6.2049
3/25/2024 4:45,NMRUSDT,-0.0209,-6.2258
3/25/2024 4:45,GASUSDT,-0.0209,-6.2467
3/25/2024 4:45,MAGICUSDT,-0.0275,-6.2742
3/25/2024 4:45,SPELLUSDT,-0.023,-6.2972
3/25/2024 4:45,DEFIUSDT,-0.0273,-6.3245
3/25/2024 4:45,DOTUSDT,-0.0214,-6.3459
3/25/2024 4:45,BELUSDT,-0.023,-6.3689
3/25/2024 4:45,NKNUSDT,-0.0233,-6.3922
3/25/2024 4:45,ILVUSDT,-0.0253,-6.4175
3/25/2024 4:45,LEVERUSDT,0.0462,-6.3713
3/25/2024 5:00,ZETAUSDT,-0.0207,-6.392
3/25/2024 5:00,KAVAUSDT,-0.0226,-6.4146
3/25/2024 5:00,WAVESUSDT,-0.0247,-6.4393
3/25/2024 5:00,LINKUSDT,0.0489,-6.3904
3/25/2024 5:30,PORTALUSDT,-0.0298,-6.4202
3/25/2024 5:30,TRBUSDT,-0.0242,-6.4444
3/25/2024 5:30,BANDUSDT,0.0412,-6.4032
3/25/2024 6:00,EDUUSDT,-0.0209,-6.4241
3/25/2024 6:15,STXUSDT,0.0484,-6.3757
3/25/2024 7:15,RSRUSDT,-0.0229,-6.3986
3/25/2024 7:15,RIFUSDT,-0.0205,-6.4191
3/25/2024 7:45,ALTUSDT,0.035,-6.3841
3/25/2024 8:00,SUIUSDT,-0.0243,-6.4084
3/25/2024 9:30,API3USDT,0.0461,-6.3623
3/25/2024 10:00,JTOUSDT,-0.022,-6.3843
3/25/2024 11:00,KEYUSDT,-0.023,-6.4073
3/25/2024 12:00,API3USDT,0.0387,-6.3686
3/25/2024 13:15,REEFUSDT,-0.0213,-6.3899
3/25/2024 13:15,STRKUSDT,-0.0203,-6.4102
3/25/2024 13:45,LINKUSDT,0.0481,-6.3621
3/25/2024 16:30,DARUSDT,0.0481,-6.314
3/25/2024 16:30,SUIUSDT,-0.0222,-6.3362
3/25/2024 16:30,TWTUSDT,-0.0236,-6.3598
3/25/2024 16:30,CTSIUSDT,-0.0213,-6.3811
3/25/2024 16:45,MDTUSDT,0.0483,-6.3328
3/25/2024 17:00,ZECUSDT,-0.0225,-6.3553
3/25/2024 18:15,NEARUSDT,-0.0239,-6.3792
3/25/2024 18:30,IOTAUSDT,0.0496,-6.3296
3/25/2024 18:45,HBARUSDT,0.0494,-6.2802
3/25/2024 19:15,GRTUSDT,-0.0212,-6.3014
3/25/2024 19:15,STMXUSDT,-0.0226,-6.324
3/25/2024 19:15,ICXUSDT,0.0488,-6.2752
3/25/2024 19:30,MASKUSDT,-0.02,-6.2952
3/25/2024 19:30,OMGUSDT,-0.0222,-6.3174
3/25/2024 19:30,ACEUSDT,-0.0202,-6.3376
3/25/2024 19:30,ALTUSDT,0.0446,-6.293
3/25/2024 19:30,HIGHUSDT,-0.0206,-6.3136
3/25/2024 19:30,1INCHUSDT,-0.0203,-6.3339
3/25/2024 19:30,IOSTUSDT,-0.0207,-6.3546
3/25/2024 19:30,KLAYUSDT,-0.0217,-6.3763
3/25/2024 19:30,KAVAUSDT,-0.0214,-6.3977
3/25/2024 19:30,SUSHIUSDT,-0.0205,-6.4182
3/25/2024 19:30,TWTUSDT,-0.0258,-6.444
3/25/2024 19:30,ATOMUSDT,-0.0202,-6.4642
3/25/2024 19:30,PYTHUSDT,-0.02,-6.4842
3/25/2024 19:30,SANDUSDT,-0.0217,-6.5059
3/25/2024 19:30,STPTUSDT,-0.0231,-6.529
3/25/2024 19:30,FLOWUSDT,-0.0249,-6.5539
3/25/2024 19:30,XTZUSDT,-0.02,-6.5739
3/25/2024 19:30,ALPHAUSDT,-0.0221,-6.596
3/25/2024 19:30,RVNUSDT,-0.0234,-6.6194
3/25/2024 19:30,FILUSDT,-0.0227,-6.6421
3/25/2024 19:45,POWRUSDT,-0.02,-6.6621
3/25/2024 19:45,ALGOUSDT,0.0426,-6.6195
3/25/2024 20:00,WAVESUSDT,-0.0207,-6.6402
3/25/2024 20:00,KSMUSDT,0.0451,-6.5951
3/25/2024 20:15,NMRUSDT,-0.027,-6.6221
3/25/2024 20:15,LRCUSDT,-0.0227,-6.6448
3/26/2024 1:30,JASMYUSDT,0.0437,-6.6011
3/26/2024 1:45,ACEUSDT,0.0431,-6.558
3/26/2024 2:15,FETUSDT,0.0447,-6.5133
3/26/2024 2:15,ETCUSDT,-0.0222,-6.5355
3/26/2024 3:15,COMPUSDT,0.0433,-6.4922
3/26/2024 3:30,1000LUNCUSDT,0.0339,-6.4583
3/26/2024 4:30,AEVOUSDT,-0.0204,-6.4787
3/26/2024 4:30,MAVIAUSDT,0.0492,-6.4295
3/26/2024 5:15,CVXUSDT,-0.0211,-6.4506
3/26/2024 5:15,ALPHAUSDT,-0.0227,-6.4733
3/26/2024 5:30,STRKUSDT,-0.0204,-6.4937
3/26/2024 5:45,ACHUSDT,0.0414,-6.4523
3/26/2024 5:45,HOTUSDT,-0.0218,-6.4741
3/26/2024 6:00,AAVEUSDT,-0.0217,-6.4958
3/26/2024 6:00,MDTUSDT,-0.026,-6.5218
3/26/2024 6:30,SFPUSDT,-0.0247,-6.5465
3/26/2024 6:30,MANAUSDT,-0.0237,-6.5702
3/26/2024 6:30,1000FLOKIUSDT,-0.0221,-6.5923
3/26/2024 6:30,BELUSDT,0.0397,-6.5526
3/26/2024 6:45,CRVUSDT,-0.024,-6.5766
3/26/2024 6:45,EOSUSDT,-0.0299,-6.6065
3/26/2024 6:45,SNTUSDT,-0.0308,-6.6373
3/26/2024 6:45,ADAUSDT,-0.0236,-6.6609
3/26/2024 6:45,ALPHAUSDT,-0.0238,-6.6847
3/26/2024 7:00,BIGTIMEUSDT,0.0265,-6.6582
3/26/2024 7:00,KSMUSDT,-0.0346,-6.6928
3/26/2024 7:15,HIGHUSDT,-0.022,-6.7148
3/26/2024 7:15,SOLUSDT,-0.0209,-6.7357
3/26/2024 7:15,ALGOUSDT,-0.0264,-6.7621
3/26/2024 8:15,BATUSDT,-0.0305,-6.7926
3/26/2024 8:45,LINKUSDT,-0.0203,-6.8129
3/26/2024 9:45,BALUSDT,-0.0239,-6.8368
3/26/2024 9:45,APTUSDT,0.0474,-6.7894
3/26/2024 10:30,STORJUSDT,-0.029,-6.8184
3/26/2024 11:00,LUNA2USDT,-0.0349,-6.8533
3/26/2024 11:30,APTUSDT,0.0488,-6.8045
3/26/2024 11:45,GASUSDT,-0.026,-6.8305
3/26/2024 11:45,FXSUSDT,-0.0257,-6.8562
3/26/2024 13:15,DGBUSDT,0.0472,-6.809
3/26/2024 18:45,XMRUSDT,0.0486,-6.7604
3/26/2024 22:45,AUCTIONUSDT,0.0495,-6.7109
3/26/2024 22:45,XVGUSDT,-0.0211,-6.732
3/26/2024 23:00,COMPUSDT,-0.0227,-6.7547
3/26/2024 23:00,DASHUSDT,-0.023,-6.7777
3/27/2024 0:00,MANAUSDT,-0.0221,-6.7998
3/27/2024 0:15,QTUMUSDT,-0.022,-6.8218
3/27/2024 0:15,BICOUSDT,-0.0222,-6.844
3/27/2024 0:15,ATOMUSDT,-0.0205,-6.8645
3/27/2024 0:15,JTOUSDT,-0.0231,-6.8876
3/27/2024 0:30,STGUSDT,-0.0215,-6.9091
3/27/2024 0:30,NMRUSDT,-0.0244,-6.9335
3/27/2024 0:30,DEFIUSDT,-0.0226,-6.9561
3/27/2024 0:30,RENUSDT,-0.0257,-6.9818
3/27/2024 0:30,ALPHAUSDT,-0.0244,-7.0062
3/27/2024 0:45,AAVEUSDT,-0.0207,-7.0269
3/27/2024 2:45,STPTUSDT,0.0424,-6.9845
3/27/2024 3:00,RUNEUSDT,-0.0211,-7.0056
3/27/2024 3:15,MINAUSDT,-0.0303,-7.0359
3/27/2024 3:15,STRKUSDT,-0.0227,-7.0586
3/27/2024 5:15,LSKUSDT,0.0294,-7.0292
3/27/2024 6:15,BADGERUSDT,0.0473,-6.9819
3/27/2024 6:30,RDNTUSDT,0.0491,-6.9328
3/27/2024 6:30,ACHUSDT,0.0463,-6.8865
3/27/2024 7:00,SLPUSDT,0.0435,-6.843
3/27/2024 7:00,KLAYUSDT,0.046,-6.797
3/27/2024 7:00,SXPUSDT,-0.0238,-6.8208
3/27/2024 7:00,TRBUSDT,0.0469,-6.7739
3/27/2024 7:00,WAVESUSDT,0.0421,-6.7318
3/27/2024 7:00,RENUSDT,-0.0227,-6.7545
3/27/2024 7:00,DYDXUSDT,0.0435,-6.711
3/27/2024 7:15,COMPUSDT,-0.0308,-6.7418
3/27/2024 7:15,BIGTIMEUSDT,-0.0249,-6.7667
3/27/2024 7:15,IMXUSDT,-0.0246,-6.7913
3/27/2024 7:15,BNXUSDT,-0.0218,-6.8131
3/27/2024 7:15,ONTUSDT,0.0385,-6.7746
3/27/2024 7:15,DODOXUSDT,0.0418,-6.7328
3/27/2024 7:15,ZENUSDT,-0.0226,-6.7554
3/27/2024 8:45,APEUSDT,-0.0245,-6.7799
3/27/2024 8:45,BATUSDT,-0.0219,-6.8018
3/27/2024 8:45,MASKUSDT,-0.0218,-6.8236
3/27/2024 8:45,XVGUSDT,-0.0225,-6.8461
3/27/2024 8:45,COMPUSDT,-0.0229,-6.869
3/27/2024 8:45,AAVEUSDT,-0.0201,-6.8891
3/27/2024 8:45,ONGUSDT,-0.0201,-6.9092
3/27/2024 8:45,XEMUSDT,-0.022,-6.9312
3/27/2024 8:45,CVXUSDT,-0.0224,-6.9536
3/27/2024 8:45,METISUSDT,-0.0203,-6.9739
3/27/2024 8:45,DEFIUSDT,-0.0238,-6.9977
3/27/2024 8:45,COMBOUSDT,-0.0247,-7.0224
3/27/2024 8:45,XVSUSDT,-0.0202,-7.0426
3/27/2024 8:45,PERPUSDT,-0.0222,-7.0648
3/27/2024 8:45,SXPUSDT,-0.0217,-7.0865
3/27/2024 8:45,BNXUSDT,-0.024,-7.1105
3/27/2024 8:45,NKNUSDT,-0.0224,-7.1329
3/27/2024 8:45,REEFUSDT,-0.0203,-7.1532
3/27/2024 8:45,TWTUSDT,-0.0269,-7.1801
3/27/2024 8:45,RDNTUSDT,-0.0269,-7.207
3/27/2024 8:45,RENUSDT,-0.0206,-7.2276
3/27/2024 8:45,OXTUSDT,-0.0213,-7.2489
3/27/2024 8:45,OGNUSDT,-0.0258,-7.2747
3/27/2024 8:45,ATAUSDT,-0.023,-7.2977
3/27/2024 8:45,DASHUSDT,-0.0226,-7.3203
3/27/2024 8:45,ARBUSDT,-0.0205,-7.3408
3/27/2024 10:30,YGGUSDT,-0.0318,-7.3726
3/27/2024 13:00,BALUSDT,-0.0432,-7.4158
3/27/2024 13:00,XVGUSDT,-0.032,-7.4478
3/27/2024 18:00,ANKRUSDT,0.0428,-7.405
3/27/2024 18:00,COTIUSDT,-0.0247,-7.4297
3/27/2024 18:45,STGUSDT,-0.0209,-7.4506
3/27/2024 18:45,PEOPLEUSDT,-0.02,-7.4706
3/27/2024 18:45,WAXPUSDT,-0.0234,-7.494
3/27/2024 18:45,ENSUSDT,-0.0252,-7.5192
3/27/2024 18:45,LINKUSDT,-0.0203,-7.5395
3/27/2024 18:45,ARBUSDT,-0.0212,-7.5607
3/27/2024 21:00,MKRUSDT,0.0477,-7.513
3/27/2024 22:15,LINAUSDT,-0.0327,-7.5457
3/27/2024 22:45,CAKEUSDT,-0.0215,-7.5672
3/28/2024 0:00,CTKUSDT,-0.0205,-7.5877
3/28/2024 0:15,AGLDUSDT,-0.0232,-7.6109
3/28/2024 1:00,BELUSDT,-0.0239,-7.6348
3/28/2024 1:00,FLMUSDT,-0.0313,-7.6661
3/28/2024 1:00,LEVERUSDT,-0.0315,-7.6976
3/28/2024 2:30,AUCTIONUSDT,-0.0215,-7.7191
3/28/2024 2:30,GLMRUSDT,-0.0227,-7.7418
3/28/2024 2:30,QTUMUSDT,-0.0214,-7.7632
3/28/2024 2:30,SNXUSDT,-0.0211,-7.7843
3/28/2024 2:30,OPUSDT,-0.0205,-7.8048
3/28/2024 2:30,AAVEUSDT,-0.0272,-7.832
3/28/2024 2:30,JOEUSDT,-0.0208,-7.8528
3/28/2024 2:30,ONEUSDT,-0.0241,-7.8769
3/28/2024 2:30,POWRUSDT,-0.0217,-7.8986
3/28/2024 2:30,ONTUSDT,-0.0205,-7.9191
3/28/2024 2:30,DYDXUSDT,-0.02,-7.9391
3/28/2024 2:30,JTOUSDT,-0.0277,-7.9668
3/28/2024 2:30,RLCUSDT,-0.0201,-7.9869
3/28/2024 2:30,CTSIUSDT,-0.0204,-8.0073
3/28/2024 2:30,ZENUSDT,-0.0253,-8.0326
3/28/2024 3:15,STMXUSDT,-0.0223,-8.0549
3/28/2024 3:30,JOEUSDT,-0.0243,-8.0792
3/28/2024 3:30,LSKUSDT,-0.0301,-8.1093
3/28/2024 3:30,ICXUSDT,-0.0235,-8.1328
3/28/2024 3:30,ATAUSDT,-0.023,-8.1558
3/28/2024 7:30,BNBUSDT,-0.0224,-8.1782
3/28/2024 8:30,PENDLEUSDT,-0.0217,-8.1999
3/28/2024 8:30,OXTUSDT,-0.022,-8.2219
3/28/2024 8:45,SUSHIUSDT,-0.0214,-8.2433
3/28/2024 9:00,AUCTIONUSDT,-0.0243,-8.2676
3/28/2024 9:00,LINKUSDT,-0.0475,-8.3151
3/28/2024 9:15,STGUSDT,0.0484,-8.2667
3/28/2024 11:45,1INCHUSDT,-0.0207,-8.2874
3/28/2024 13:15,BTCUSDT,-0.0212,-8.3086
3/28/2024 13:15,STORJUSDT,-0.0206,-8.3292
3/28/2024 14:00,ICPUSDT,-0.0291,-8.3583
3/28/2024 15:00,POLYXUSDT,-0.0213,-8.3796
3/28/2024 15:15,APTUSDT,0.0483,-8.3313
3/28/2024 15:15,ZECUSDT,-0.0212,-8.3525
3/28/2024 16:30,JASMYUSDT,0.0489,-8.3036
3/28/2024 18:15,SUPERUSDT,-0.0235,-8.3271
3/28/2024 18:30,MKRUSDT,0.0435,-8.2836
3/28/2024 18:30,RLCUSDT,-0.0356,-8.3192
3/28/2024 19:15,YGGUSDT,-0.0222,-8.3414
3/28/2024 19:15,STPTUSDT,-0.0232,-8.3646
3/28/2024 20:15,LINKUSDT,-0.0212,-8.3858
3/28/2024 20:15,JASMYUSDT,0.0202,-8.3656
3/28/2024 21:00,MKRUSDT,0.0499,-8.3157
3/28/2024 21:45,MASKUSDT,-0.0224,-8.3381
3/28/2024 22:00,ONEUSDT,0.0386,-8.2995
3/28/2024 22:30,ONTUSDT,-0.0275,-8.327
3/28/2024 22:45,HIGHUSDT,-0.0222,-8.3492
3/28/2024 22:45,SANDUSDT,-0.0216,-8.3708
3/28/2024 23:00,QTUMUSDT,-0.0282,-8.399
3/28/2024 23:00,AAVEUSDT,-0.024,-8.423
3/28/2024 23:00,POWRUSDT,-0.0215,-8.4445
3/28/2024 23:15,CHZUSDT,-0.0218,-8.4663
3/29/2024 0:00,ZETAUSDT,-0.0224,-8.4887
3/29/2024 0:30,RENUSDT,0.0497,-8.439
3/29/2024 1:00,WOOUSDT,-0.0217,-8.4607
3/29/2024 1:00,ROSEUSDT,-0.0245,-8.4852
3/29/2024 1:45,IOTAUSDT,-0.0235,-8.5087
3/29/2024 1:45,FETUSDT,-0.0205,-8.5292
3/29/2024 1:45,NEARUSDT,0.0492,-8.48
3/29/2024 1:45,STPTUSDT,-0.0211,-8.5011
3/29/2024 1:45,ZECUSDT,-0.0225,-8.5236
3/29/2024 2:00,AXSUSDT,-0.0225,-8.5461
3/29/2024 2:15,RONINUSDT,-0.0246,-8.5707
3/29/2024 2:30,RENUSDT,-0.0307,-8.6014
3/29/2024 3:30,SUSHIUSDT,-0.0208,-8.6222
3/29/2024 4:45,ACEUSDT,0.0342,-8.588
3/29/2024 4:45,BLZUSDT,-0.0217,-8.6097
3/29/2024 5:30,DUSKUSDT,-0.0235,-8.6332
3/29/2024 5:30,PORTALUSDT,0.047,-8.5862
3/29/2024 5:30,STRKUSDT,0.0486,-8.5376
3/29/2024 6:15,XLMUSDT,-0.0223,-8.5599
3/29/2024 7:15,GRTUSDT,0.0498,-8.5101
3/29/2024 7:30,IOTAUSDT,-0.023,-8.5331
3/29/2024 7:30,OPUSDT,-0.0233,-8.5564
3/29/2024 7:30,GASUSDT,-0.0263,-8.5827
3/29/2024 7:30,PORTALUSDT,-0.0286,-8.6113
3/29/2024 7:30,PEOPLEUSDT,-0.0214,-8.6327
3/29/2024 7:30,GMTUSDT,-0.0255,-8.6582
3/29/2024 7:30,XRPUSDT,-0.0221,-8.6803
3/29/2024 7:30,CFXUSDT,-0.0256,-8.7059
3/29/2024 7:30,POWRUSDT,-0.0276,-8.7335
3/29/2024 7:30,HBARUSDT,-0.0294,-8.7629
3/29/2024 7:30,DEFIUSDT,-0.0261,-8.789
3/29/2024 7:30,VANRYUSDT,-0.0273,-8.8163
3/29/2024 7:30,BLURUSDT,-0.024,-8.8403
3/29/2024 7:30,CELRUSDT,-0.0341,-8.8744
3/29/2024 7:30,ROSEUSDT,0.0458,-8.8286
3/29/2024 7:30,PYTHUSDT,0.0372,-8.7914
3/29/2024 7:30,FLOWUSDT,-0.0272,-8.8186
3/29/2024 7:30,AVAXUSDT,-0.0223,-8.8409
3/29/2024 7:30,ETCUSDT,-0.0284,-8.8693
3/29/2024 7:30,MANTAUSDT,-0.0272,-8.8965
3/29/2024 7:30,MINAUSDT,-0.0275,-8.924
3/29/2024 7:30,XAIUSDT,0.0444,-8.8796
3/29/2024 7:30,USTCUSDT,0.0395,-8.8401
3/29/2024 7:30,PIXELUSDT,-0.022,-8.8621
3/29/2024 10:45,LITUSDT,-0.0271,-8.8892
3/29/2024 12:00,BONDUSDT,0.0492,-8.84
3/29/2024 13:30,WAXPUSDT,-0.0241,-8.8641
3/29/2024 13:30,KAVAUSDT,-0.0218,-8.8859
3/29/2024 13:30,ATOMUSDT,-0.0255,-8.9114
3/29/2024 14:00,AXSUSDT,-0.0221,-8.9335
3/29/2024 14:15,XRPUSDT,-0.0271,-8.9606
3/29/2024 14:15,ADAUSDT,-0.0215,-8.9821
3/29/2024 14:45,RUNEUSDT,0.0445,-8.9376
3/29/2024 14:45,SUIUSDT,0.0368,-8.9008
3/29/2024 20:00,GLMUSDT,0.0396,-8.8612
3/29/2024 20:00,MKRUSDT,0.0498,-8.8114
3/29/2024 20:15,ZECUSDT,-0.0271,-8.8385
3/29/2024 21:00,RSRUSDT,0.0463,-8.7922
3/29/2024 21:00,XVSUSDT,-0.0227,-8.8149
3/29/2024 21:00,RUNEUSDT,-0.0218,-8.8367
3/29/2024 21:00,LOOMUSDT,-0.0211,-8.8578
3/29/2024 21:00,CTSIUSDT,-0.0205,-8.8783
3/29/2024 21:15,IOSTUSDT,-0.0227,-8.901
3/29/2024 21:15,CELRUSDT,-0.0207,-8.9217
3/29/2024 22:00,MKRUSDT,0.0499,-8.8718
3/29/2024 22:15,SOLUSDT,0.0413,-8.8305
3/29/2024 23:30,LDOUSDT,-0.0206,-8.8511
3/29/2024 23:45,RSRUSDT,-0.0204,-8.8715
3/29/2024 23:45,SUIUSDT,-0.0263,-8.8978
3/30/2024 0:15,MAVUSDT,-0.0262,-8.924
3/30/2024 0:45,SOLUSDT,0.0416,-8.8824
3/30/2024 0:45,ALPHAUSDT,-0.025,-8.9074
3/30/2024 1:00,ENSUSDT,-0.0233,-8.9307
3/30/2024 3:30,AMBUSDT,-0.0205,-8.9512
3/30/2024 3:45,THETAUSDT,-0.0215,-8.9727
3/30/2024 4:30,1INCHUSDT,0.0447,-8.928
3/30/2024 4:45,ZETAUSDT,-0.0206,-8.9486
3/30/2024 6:00,LINAUSDT,0.0439,-8.9047
3/30/2024 6:30,FLOWUSDT,-0.022,-8.9267
3/30/2024 6:45,DGBUSDT,0.0471,-8.8796
3/30/2024 7:45,XVGUSDT,-0.0207,-8.9003
3/30/2024 7:45,TIAUSDT,-0.0223,-8.9226
3/30/2024 7:45,ARPAUSDT,-0.0269,-8.9495
3/30/2024 7:45,STRKUSDT,0.0475,-8.902
3/30/2024 7:45,MAVIAUSDT,-0.0241,-8.9261
3/30/2024 8:30,QTUMUSDT,-0.0224,-8.9485
3/30/2024 8:30,STPTUSDT,-0.0206,-8.9691
3/30/2024 11:15,RLCUSDT,0.0464,-8.9227
3/30/2024 11:30,PENDLEUSDT,-0.0248,-8.9475
3/30/2024 11:45,ENJUSDT,-0.0219,-8.9694
3/30/2024 11:45,GALAUSDT,0.0472,-8.9222
3/30/2024 12:00,CFXUSDT,-0.0235,-8.9457
3/30/2024 12:30,MKRUSDT,-0.0222,-8.9679
3/30/2024 13:15,OXTUSDT,-0.0245,-8.9924
3/30/2024 13:30,UNIUSDT,0.048,-8.9444
3/30/2024 14:00,1000SATSUSDT,0.0474,-8.897
3/30/2024 14:15,1INCHUSDT,-0.0243,-8.9213
3/30/2024 14:30,AEVOUSDT,-0.034,-8.9553
3/30/2024 16:30,IMXUSDT,-0.0246,-8.9799
3/30/2024 18:00,ZRXUSDT,0.0446,-8.9353
3/30/2024 18:45,METISUSDT,0.0474,-8.8879
3/30/2024 18:45,DODOXUSDT,0.046,-8.8419
3/30/2024 19:00,AMBUSDT,-0.0294,-8.8713
3/30/2024 19:00,AIUSDT,-0.0245,-8.8958
3/30/2024 19:00,MAGICUSDT,0.0183,-8.8775
3/30/2024 19:00,KEYUSDT,0.0428,-8.8347
3/30/2024 19:00,ZETAUSDT,0.0234,-8.8113
3/30/2024 19:00,ARUSDT,-0.0243,-8.8356
3/30/2024 19:00,ARKMUSDT,-0.0263,-8.8619
3/30/2024 19:00,FILUSDT,-0.0257,-8.8876
3/30/2024 20:45,ARUSDT,-0.023,-8.9106
3/30/2024 20:45,DENTUSDT,0.05,-8.8606
3/30/2024 21:00,INJUSDT,-0.0303,-8.8909
3/30/2024 21:00,CHRUSDT,-0.0232,-8.9141
3/30/2024 21:00,IOTAUSDT,-0.021,-8.9351
3/30/2024 21:00,STGUSDT,-0.0203,-8.9554
3/30/2024 21:00,SFPUSDT,-0.0219,-8.9773
3/30/2024 21:00,AIUSDT,-0.0215,-8.9988
3/30/2024 21:00,LITUSDT,-0.0284,-9.0272
3/30/2024 21:00,HIGHUSDT,-0.023,-9.0502
3/30/2024 21:00,MANAUSDT,-0.0211,-9.0713
3/30/2024 21:00,KEYUSDT,0.0458,-9.0255
3/30/2024 21:00,PORTALUSDT,0.0484,-8.9771
3/30/2024 21:00,LINAUSDT,-0.0213,-8.9984
3/30/2024 21:00,NEOUSDT,-0.0206,-9.019
3/30/2024 21:00,SUPERUSDT,-0.0211,-9.0401
3/30/2024 21:00,KNCUSDT,-0.0223,-9.0624
3/30/2024 21:00,AXSUSDT,-0.0262,-9.0886
3/30/2024 21:00,BAKEUSDT,-0.03,-9.1186
3/30/2024 21:00,DODOXUSDT,-0.0212,-9.1398
3/30/2024 21:00,STORJUSDT,-0.0209,-9.1607
3/30/2024 21:00,BCHUSDT,-0.0264,-9.1871
3/30/2024 21:15,JOEUSDT,-0.0251,-9.2122
3/30/2024 21:30,NFPUSDT,-0.02,-9.2322
3/30/2024 21:30,NMRUSDT,-0.0204,-9.2526
3/30/2024 21:30,BIGTIMEUSDT,-0.0203,-9.2729
3/30/2024 21:30,WAXPUSDT,-0.0245,-9.2974
3/30/2024 21:30,ONEUSDT,-0.0218,-9.3192
3/30/2024 23:15,APEUSDT,-0.0327,-9.3519
3/30/2024 23:15,SKLUSDT,-0.0306,-9.3825
3/30/2024 23:15,SNXUSDT,-0.0227,-9.4052
3/30/2024 23:15,OPUSDT,-0.0248,-9.43
3/30/2024 23:15,MAGICUSDT,-0.0219,-9.4519
3/30/2024 23:15,WLDUSDT,-0.023,-9.4749
3/30/2024 23:15,LINAUSDT,-0.0231,-9.498
3/30/2024 23:15,KLAYUSDT,-0.0209,-9.5189
3/30/2024 23:15,SNTUSDT,-0.032,-9.5509
3/30/2024 23:15,AVAXUSDT,-0.0235,-9.5744
3/30/2024 23:15,ZENUSDT,-0.0283,-9.6027
3/31/2024 0:00,IDUSDT,-0.0294,-9.6321
3/31/2024 0:45,STORJUSDT,-0.0228,-9.6549
3/31/2024 2:15,STXUSDT,-0.0212,-9.6761
3/31/2024 5:00,RENUSDT,-0.0202,-9.6963
3/31/2024 5:15,DASHUSDT,0.0487,-9.6476
3/31/2024 7:45,1000SHIBUSDT,-0.0215,-9.6691
3/31/2024 7:45,CKBUSDT,0.0433,-9.6258
3/31/2024 8:00,PHBUSDT,-0.0202,-9.646
3/31/2024 8:15,FLOWUSDT,-0.02,-9.666
3/31/2024 8:15,OXTUSDT,-0.0202,-9.6862
3/31/2024 9:15,LINAUSDT,0.0434,-9.6428
3/31/2024 9:15,DOTUSDT,-0.0245,-9.6673
3/31/2024 9:45,FTMUSDT,0.043,-9.6243
3/31/2024 9:45,MAVUSDT,0.0398,-9.5845
3/31/2024 10:30,DOTUSDT,-0.0239,-9.6084
3/31/2024 10:30,COTIUSDT,-0.0201,-9.6285
3/31/2024 11:30,KAVAUSDT,0.0486,-9.5799
3/31/2024 11:45,WOOUSDT,0.0461,-9.5338
3/31/2024 11:45,BAKEUSDT,0.0413,-9.4925
3/31/2024 12:00,COTIUSDT,-0.0212,-9.5137
3/31/2024 13:30,SSVUSDT,-0.0204,-9.5341
3/31/2024 15:45,KAVAUSDT,0.0492,-9.4849
3/31/2024 16:00,PHBUSDT,-0.0221,-9.507
3/31/2024 16:00,THETAUSDT,0.0385,-9.4685
3/31/2024 17:30,BLURUSDT,0.0469,-9.4216
3/31/2024 18:15,TIAUSDT,0.0482,-9.3734
3/31/2024 18:15,APTUSDT,0.0464,-9.327
3/31/2024 18:30,SNXUSDT,-0.0214,-9.3484
3/31/2024 18:30,LUNA2USDT,-0.02,-9.3684
3/31/2024 20:00,ALICEUSDT,-0.0244,-9.3928
3/31/2024 20:00,PHBUSDT,-0.021,-9.4138
3/31/2024 20:30,NMRUSDT,-0.023,-9.4368
3/31/2024 20:30,KAVAUSDT,0.0424,-9.3944
3/31/2024 23:15,MAGICUSDT,0.0444,-9.35
3/31/2024 23:15,SOLUSDT,-0.0262,-9.3762
4/1/2024 0:00,UNIUSDT,0.0473,-9.3289
4/1/2024 0:00,FILUSDT,-0.0242,-9.3531
4/1/2024 0:30,NTRNUSDT,-0.0223,-9.3754
4/1/2024 1:00,AXLUSDT,0.049,-9.3264
4/1/2024 1:15,SOLUSDT,-0.0275,-9.3539
4/1/2024 3:15,AMBUSDT,0.0481,-9.3058
4/1/2024 3:15,SPELLUSDT,0.0478,-9.258
4/1/2024 3:15,GLMUSDT,0.0488,-9.2092
4/1/2024 3:45,CELOUSDT,-0.0237,-9.2329
4/1/2024 4:45,ETHUSDT,0.0499,-9.183
4/1/2024 4:45,SUSHIUSDT,0.0498,-9.1332
4/1/2024 5:15,WIFUSDT,0.0371,-9.0961
4/1/2024 5:15,FETUSDT,0.0495,-9.0466
4/1/2024 5:30,UNIUSDT,0.0363,-9.0103
4/1/2024 5:30,ADAUSDT,0.0233,-8.987
4/1/2024 10:15,SOLUSDT,0.0493,-8.9377
4/1/2024 10:15,ETCUSDT,-0.0249,-8.9626
4/1/2024 10:15,OGNUSDT,0.0467,-8.9159
4/1/2024 11:45,FLMUSDT,-0.0243,-8.9402
4/1/2024 11:45,HOTUSDT,-0.0251,-8.9653
4/1/2024 12:15,MEMEUSDT,0.0398,-8.9255
4/1/2024 14:00,LTCUSDT,0.0416,-8.8839
4/1/2024 18:00,KAVAUSDT,-0.023,-8.9069
4/2/2024 8:00,KNCUSDT,0.0457,-8.8612
4/2/2024 8:00,SUSHIUSDT,0.0452,-8.816
4/2/2024 8:45,TWTUSDT,-0.0253,-8.8413
4/2/2024 8:45,TRXUSDT,-0.022,-8.8633
4/2/2024 11:15,SFPUSDT,-0.0213,-8.8846
4/2/2024 11:15,SOLUSDT,-0.0301,-8.9147
4/2/2024 13:15,ETHUSDT,-0.0241,-8.9388
4/2/2024 13:15,TRXUSDT,-0.0244,-8.9632
4/2/2024 15:30,AUCTIONUSDT,0.0473,-8.9159
4/2/2024 22:00,SKLUSDT,-0.025,-8.9409
4/2/2024 22:30,DYMUSDT,-0.0251,-8.966
4/3/2024 5:15,RENUSDT,-0.0218,-8.9878
4/3/2024 6:00,ONEUSDT,-0.0233,-9.0111
4/3/2024 6:00,ZETAUSDT,-0.0279,-9.039
4/3/2024 6:00,PERPUSDT,-0.0215,-9.0605
4/3/2024 6:00,FLMUSDT,-0.02,-9.0805
4/3/2024 6:00,ACHUSDT,0.0458,-9.0347
4/3/2024 6:00,VETUSDT,-0.0227,-9.0574
4/3/2024 6:00,LRCUSDT,-0.023,-9.0804
4/3/2024 6:15,ENJUSDT,-0.0253,-9.1057
4/3/2024 6:15,CHRUSDT,-0.0292,-9.1349
4/3/2024 6:15,STGUSDT,-0.0236,-9.1585
4/3/2024 6:15,SFPUSDT,0.0326,-9.1259
4/3/2024 6:15,AIUSDT,-0.0237,-9.1496
4/3/2024 6:15,ONGUSDT,-0.0217,-9.1713
4/3/2024 6:15,HOOKUSDT,-0.0201,-9.1914
4/3/2024 6:15,POWRUSDT,-0.0223,-9.2137
4/3/2024 6:15,NTRNUSDT,-0.0241,-9.2378
4/3/2024 6:15,LSKUSDT,-0.0207,-9.2585
4/3/2024 6:15,CRVUSDT,-0.02,-9.2785
4/3/2024 6:15,STORJUSDT,-0.02,-9.2985
4/3/2024 6:15,1000LUNCUSDT,-0.0206,-9.3191
4/3/2024 6:15,ARBUSDT,-0.0228,-9.3419
4/3/2024 6:45,BEAMXUSDT,-0.0212,-9.3631
4/3/2024 6:45,CELRUSDT,-0.0224,-9.3855
4/3/2024 6:45,COTIUSDT,-0.0213,-9.4068
4/3/2024 6:45,TRXUSDT,-0.0204,-9.4272
4/3/2024 7:00,COMPUSDT,-0.0202,-9.4474
4/3/2024 7:00,HBARUSDT,-0.0215,-9.4689
4/3/2024 7:00,ALICEUSDT,-0.0216,-9.4905
4/3/2024 7:00,STRKUSDT,-0.0215,-9.512
4/3/2024 7:15,PIXELUSDT,-0.0217,-9.5337
4/3/2024 8:30,CAKEUSDT,-0.0202,-9.5539
4/3/2024 8:30,APEUSDT,-0.0274,-9.5813
4/3/2024 8:30,ENJUSDT,-0.023,-9.6043
4/3/2024 8:30,RONINUSDT,-0.0258,-9.6301
4/3/2024 8:30,XLMUSDT,-0.0298,-9.6599
4/3/2024 8:30,GRTUSDT,-0.0238,-9.6837
4/3/2024 8:30,OMGUSDT,-0.0241,-9.7078
4/3/2024 8:30,SFPUSDT,-0.0235,-9.7313
4/3/2024 8:30,ACEUSDT,-0.0206,-9.7519
4/3/2024 8:30,GMXUSDT,-0.0283,-9.7802
4/3/2024 8:30,AAVEUSDT,-0.0246,-9.8048
4/3/2024 8:30,WLDUSDT,-0.026,-9.8308
4/3/2024 8:30,LPTUSDT,-0.0317,-9.8625
4/3/2024 8:30,SPELLUSDT,-0.0229,-9.8854
4/3/2024 8:30,1000SATSUSDT,-0.0241,-9.9095
4/3/2024 8:30,SLPUSDT,-0.0217,-9.9312
4/3/2024 8:30,ONGUSDT,-0.0219,-9.9531
4/3/2024 8:30,CVXUSDT,-0.023,-9.9761
4/3/2024 8:30,UMAUSDT,-0.03,-10.0061
4/3/2024 8:30,STMXUSDT,-0.0249,-10.031
4/3/2024 8:30,BNBUSDT,-0.024,-10.055
4/3/2024 8:30,POWRUSDT,-0.0299,-10.0849
4/3/2024 8:30,NTRNUSDT,-0.0216,-10.1065
4/3/2024 8:30,SUPERUSDT,-0.0339,-10.1404
4/3/2024 8:30,AGLDUSDT,0.0422,-10.0982
4/3/2024 8:30,ARPAUSDT,-0.0318,-10.13
4/3/2024 8:30,BLURUSDT,-0.0214,-10.1514
4/3/2024 8:30,FLMUSDT,-0.0259,-10.1773
4/3/2024 8:30,MDTUSDT,-0.0202,-10.1975
4/3/2024 8:30,AXSUSDT,-0.0236,-10.2211
4/3/2024 8:30,ROSEUSDT,-0.023,-10.2441
4/3/2024 8:30,LOOMUSDT,-0.0239,-10.268
4/3/2024 8:30,IDEXUSDT,-0.0239,-10.2919
4/3/2024 8:30,TLMUSDT,-0.0212,-10.3131
4/3/2024 8:30,KASUSDT,-0.0256,-10.3387
4/3/2024 8:30,XAIUSDT,-0.0226,-10.3613
4/3/2024 8:30,ALGOUSDT,-0.0266,-10.3879
4/3/2024 8:30,KSMUSDT,-0.0317,-10.4196
4/3/2024 8:30,GALAUSDT,-0.0305,-10.4501
4/3/2024 8:30,ALPHAUSDT,-0.0252,-10.4753
4/3/2024 8:30,1000LUNCUSDT,-0.0252,-10.5005
4/3/2024 8:30,CYBERUSDT,0.0299,-10.4706
4/3/2024 8:30,ZENUSDT,-0.0233,-10.4939
4/3/2024 8:30,PIXELUSDT,-0.0292,-10.5231
4/3/2024 9:00,LINAUSDT,-0.02,-10.5431
4/3/2024 9:30,AMBUSDT,-0.0248,-10.5679
4/3/2024 10:30,LTCUSDT,0.0475,-10.5204
4/3/2024 12:30,TWTUSDT,-0.0227,-10.5431
4/3/2024 13:30,FETUSDT,-0.0233,-10.5664
4/3/2024 17:15,BNTUSDT,-0.0216,-10.588
4/3/2024 17:15,NEOUSDT,-0.0202,-10.6082
4/3/2024 17:15,SANDUSDT,-0.023,-10.6312
4/3/2024 17:15,ZECUSDT,-0.0228,-10.654
4/3/2024 17:15,AVAXUSDT,-0.0218,-10.6758
4/3/2024 17:15,OMUSDT,-0.0254,-10.7012
4/3/2024 17:15,ZENUSDT,-0.0245,-10.7257
4/3/2024 17:15,LRCUSDT,-0.0206,-10.7463
4/3/2024 17:30,QNTUSDT,-0.0209,-10.7672
4/3/2024 17:30,DYDXUSDT,-0.0212,-10.7884
4/3/2024 17:30,MANTAUSDT,-0.0202,-10.8086
4/3/2024 18:00,LTCUSDT,-0.0269,-10.8355
4/3/2024 20:00,ORBSUSDT,-0.02,-10.8555
4/3/2024 20:15,CELOUSDT,-0.02,-10.8755
4/3/2024 20:15,PHBUSDT,-0.0206,-10.8961
4/3/2024 20:30,DUSKUSDT,-0.0264,-10.9225
4/3/2024 20:30,ENJUSDT,-0.0282,-10.9507
4/3/2024 20:30,CHRUSDT,-0.0262,-10.9769
4/3/2024 20:30,ACEUSDT,-0.0277,-11.0046
4/3/2024 20:30,ASTRUSDT,-0.0215,-11.0261
4/3/2024 20:30,BONDUSDT,-0.0219,-11.048
4/3/2024 20:30,SNXUSDT,-0.0227,-11.0707
4/3/2024 20:30,AAVEUSDT,-0.0237,-11.0944
4/3/2024 20:30,MANAUSDT,-0.0266,-11.121
4/3/2024 20:30,MAGICUSDT,-0.0254,-11.1464
4/3/2024 20:30,1INCHUSDT,-0.025,-11.1714
4/3/2024 20:30,PEOPLEUSDT,-0.0289,-11.2003
4/3/2024 20:30,1000SATSUSDT,-0.0272,-11.2275
4/3/2024 20:30,BNTUSDT,-0.0233,-11.2508
4/3/2024 20:30,ENSUSDT,-0.0233,-11.2741
4/3/2024 20:30,EGLDUSDT,-0.0275,-11.3016
4/3/2024 20:30,CVXUSDT,-0.02,-11.3216
4/3/2024 20:30,HOOKUSDT,-0.0242,-11.3458
4/3/2024 20:30,MTLUSDT,-0.0288,-11.3746
4/3/2024 20:30,POWRUSDT,-0.0313,-11.4059
4/3/2024 20:30,DEFIUSDT,-0.0238,-11.4297
4/3/2024 20:30,TRBUSDT,-0.0224,-11.4521
4/3/2024 20:30,API3USDT,-0.0246,-11.4767
4/3/2024 20:30,MOVRUSDT,-0.0237,-11.5004
4/3/2024 20:30,EOSUSDT,-0.0258,-11.5262
4/3/2024 20:30,YFIUSDT,-0.0274,-11.5536
4/3/2024 20:30,BANDUSDT,-0.0211,-11.5747
4/3/2024 20:30,SUSHIUSDT,0.0434,-11.5313
4/3/2024 20:30,ARKUSDT,-0.0264,-11.5577
4/3/2024 20:30,TWTUSDT,-0.0222,-11.5799
4/3/2024 20:30,BLZUSDT,-0.0201,-11.6
4/3/2024 20:30,CELRUSDT,-0.0235,-11.6235
4/3/2024 20:30,ONTUSDT,-0.0265,-11.65
4/3/2024 20:30,THETAUSDT,-0.0252,-11.6752
4/3/2024 20:30,SANDUSDT,-0.0269,-11.7021
4/3/2024 20:30,DYDXUSDT,-0.0259,-11.728
4/3/2024 20:30,ZECUSDT,-0.0285,-11.7565
4/3/2024 20:30,SNTUSDT,-0.0273,-11.7838
4/3/2024 20:30,FLOWUSDT,-0.0229,-11.8067
4/3/2024 20:30,AVAXUSDT,-0.0242,-11.8309
4/3/2024 20:30,JASMYUSDT,-0.0202,-11.8511
4/3/2024 20:30,MINAUSDT,-0.0245,-11.8756
4/3/2024 20:30,OXTUSDT,-0.0282,-11.9038
4/3/2024 20:30,STRKUSDT,-0.0315,-11.9353
4/3/2024 20:30,ADAUSDT,-0.0249,-11.9602
4/3/2024 20:30,HOTUSDT,-0.0291,-11.9893
4/3/2024 20:30,USTCUSDT,-0.03,-12.0193
4/3/2024 20:30,VETUSDT,-0.0246,-12.0439
4/3/2024 20:30,LRCUSDT,-0.0304,-12.0743
4/3/2024 21:00,BTCDOMUSDT,-0.0234,-12.0977
4/3/2024 21:00,TRXUSDT,-0.0233,-12.121
4/4/2024 1:30,AEVOUSDT,-0.0291,-12.1501
4/4/2024 4:00,CTSIUSDT,-0.0208,-12.1709
4/4/2024 7:30,DASHUSDT,0.0486,-12.1223
4/4/2024 7:45,LTCUSDT,-0.022,-12.1443
4/4/2024 9:15,1000PEPEUSDT,-0.0276,-12.1719
4/4/2024 9:45,NEARUSDT,-0.0243,-12.1962
4/4/2024 10:15,AMBUSDT,0.0476,-12.1486
4/4/2024 10:15,1000BONKUSDT,0.0492,-12.0994
4/4/2024 11:00,BLZUSDT,0.0161,-12.0833
4/4/2024 11:15,FETUSDT,0.0311,-12.0522
4/4/2024 11:15,1000BONKUSDT,0.0457,-12.0065
4/4/2024 11:15,SXPUSDT,0.0314,-11.9751
4/4/2024 11:30,IOTAUSDT,0.0411,-11.934
4/4/2024 11:30,EDUUSDT,-0.0248,-11.9588
4/4/2024 11:30,IDUSDT,-0.0229,-11.9817
4/4/2024 11:30,DARUSDT,0.0463,-11.9354
4/4/2024 11:30,IOSTUSDT,0.0459,-11.8895
4/4/2024 11:30,CVXUSDT,0.0468,-11.8427
4/4/2024 11:30,DOGEUSDT,0.0485,-11.7942
4/4/2024 11:30,GMTUSDT,-0.021,-11.8152
4/4/2024 11:30,IMXUSDT,0.0436,-11.7716
4/4/2024 11:30,NTRNUSDT,0.0487,-11.7229
4/4/2024 11:30,ICXUSDT,0.0348,-11.6881
4/4/2024 11:30,GLMUSDT,0.0479,-11.6402
4/4/2024 11:30,DYDXUSDT,-0.021,-11.6612
4/4/2024 11:30,XTZUSDT,0.0477,-11.6135
4/4/2024 11:30,OXTUSDT,0.0491,-11.5644
4/4/2024 12:00,SNXUSDT,-0.0241,-11.5885
4/4/2024 12:00,1000SHIBUSDT,0.0482,-11.5403
4/4/2024 12:00,EGLDUSDT,-0.0227,-11.563
4/4/2024 12:00,BANDUSDT,0.0475,-11.5155
4/4/2024 12:00,CELRUSDT,0.05,-11.4655
4/4/2024 12:00,LOOMUSDT,0.0454,-11.4201
4/4/2024 12:00,ALGOUSDT,-0.0233,-11.4434
4/4/2024 12:15,DYMUSDT,-0.0204,-11.4638
4/4/2024 12:15,AXSUSDT,0.0487,-11.4151
4/4/2024 12:30,XLMUSDT,0.0486,-11.3665
4/4/2024 12:30,ARPAUSDT,-0.0222,-11.3887
4/4/2024 12:30,RUNEUSDT,0.0469,-11.3418
4/4/2024 12:30,JASMYUSDT,0.0368,-11.305
4/4/2024 12:30,ADAUSDT,0.0479,-11.2571
4/4/2024 12:30,VETUSDT,0.0475,-11.2096
4/4/2024 12:30,LRCUSDT,0.0484,-11.1612
4/4/2024 12:45,OPUSDT,-0.0255,-11.1867
4/4/2024 12:45,BNXUSDT,-0.0209,-11.2076
4/4/2024 12:45,ATOMUSDT,-0.0221,-11.2297
4/4/2024 13:00,ETHUSDT,0.0459,-11.1838
4/4/2024 13:00,EOSUSDT,-0.023,-11.2068
4/4/2024 13:00,DASHUSDT,-0.0226,-11.2294
4/4/2024 13:15,ONDOUSDT,-0.0217,-11.2511
4/4/2024 16:00,POWRUSDT,-0.0228,-11.2739
4/4/2024 16:00,LOOMUSDT,-0.023,-11.2969
4/4/2024 16:15,BATUSDT,-0.0207,-11.3176
4/4/2024 16:15,NFPUSDT,-0.0243,-11.3419
4/4/2024 16:15,AAVEUSDT,-0.0226,-11.3645
4/4/2024 16:15,IOSTUSDT,-0.0263,-11.3908
4/4/2024 16:15,1000SHIBUSDT,-0.0261,-11.4169
4/4/2024 16:15,LINAUSDT,-0.0333,-11.4502
4/4/2024 16:15,ONEUSDT,-0.0226,-11.4728
4/4/2024 16:15,ORBSUSDT,-0.0212,-11.494
4/4/2024 16:15,BNBUSDT,-0.0225,-11.5165
4/4/2024 16:15,DEFIUSDT,-0.0261,-11.5426
4/4/2024 16:15,KNCUSDT,-0.022,-11.5646
4/4/2024 16:15,STORJUSDT,-0.0211,-11.5857
4/4/2024 16:15,OXTUSDT,-0.0271,-11.6128
4/4/2024 16:15,C98USDT,-0.0208,-11.6336
4/4/2024 16:15,ALPHAUSDT,0.0467,-11.5869
4/4/2024 16:15,ZILUSDT,-0.0231,-11.61
4/4/2024 16:45,METISUSDT,-0.0217,-11.6317
4/4/2024 17:30,ICXUSDT,-0.0205,-11.6522
4/4/2024 17:30,1000RATSUSDT,0.0176,-11.6346
4/4/2024 17:30,SEIUSDT,-0.0288,-11.6634
4/4/2024 17:30,ACHUSDT,-0.0207,-11.6841
4/4/2024 17:45,AAVEUSDT,-0.026,-11.7101
4/4/2024 17:45,MEMEUSDT,-0.0364,-11.7465
4/4/2024 17:45,SPELLUSDT,-0.0251,-11.7716
4/4/2024 17:45,WAXPUSDT,-0.0329,-11.8045
4/4/2024 17:45,SLPUSDT,-0.029,-11.8335
4/4/2024 17:45,STMXUSDT,-0.0218,-11.8553
4/4/2024 17:45,SUPERUSDT,-0.0236,-11.8789
4/4/2024 17:45,DENTUSDT,-0.0281,-11.907
4/4/2024 17:45,RUNEUSDT,-0.0268,-11.9338
4/4/2024 17:45,LOOMUSDT,-0.024,-11.9578
4/4/2024 17:45,SANDUSDT,-0.0239,-11.9817
4/4/2024 17:45,AVAXUSDT,-0.0227,-12.0044
4/4/2024 17:45,STRKUSDT,-0.0244,-12.0288
4/4/2024 17:45,ZENUSDT,-0.0227,-12.0515
4/4/2024 17:45,ZILUSDT,-0.0216,-12.0731
4/4/2024 19:15,SKLUSDT,-0.0296,-12.1027
4/4/2024 22:45,JTOUSDT,0.049,-12.0537
4/4/2024 23:15,LDOUSDT,0.0266,-12.0271
4/5/2024 0:00,MAVUSDT,-0.0349,-12.062
4/5/2024 0:00,AGLDUSDT,0.0471,-12.0149
4/5/2024 0:00,OGNUSDT,-0.0234,-12.0383
4/5/2024 0:15,RUNEUSDT,0.0474,-11.9909
4/5/2024 1:15,AGIXUSDT,0.0465,-11.9444
4/5/2024 1:15,AXLUSDT,0.0429,-11.9015
4/5/2024 1:30,BICOUSDT,0.049,-11.8525
4/5/2024 4:30,CAKEUSDT,-0.0232,-11.8757
4/5/2024 4:30,QNTUSDT,-0.0214,-11.8971
4/5/2024 4:30,GRTUSDT,-0.0201,-11.9172
4/5/2024 4:30,EDUUSDT,-0.02,-11.9372
4/5/2024 4:30,AMBUSDT,-0.022,-11.9592
4/5/2024 4:30,AIUSDT,0.0414,-11.9178
4/5/2024 4:30,ALTUSDT,-0.0227,-11.9405
4/5/2024 4:30,FETUSDT,-0.0247,-11.9652
4/5/2024 4:30,NMRUSDT,0.0457,-11.9195
4/5/2024 4:30,OPUSDT,0.049,-11.8705
4/5/2024 4:30,MEMEUSDT,-0.0344,-11.9049
4/5/2024 4:30,ONEUSDT,-0.0258,-11.9307
4/5/2024 4:30,POLYXUSDT,0.0435,-11.8872
4/5/2024 4:30,DOGEUSDT,-0.0212,-11.9084
4/5/2024 4:30,ARUSDT,-0.0218,-11.9302
4/5/2024 4:30,METISUSDT,0.0483,-11.8819
4/5/2024 4:30,POWRUSDT,-0.0241,-11.906
4/5/2024 4:30,IMXUSDT,0.0488,-11.8572
4/5/2024 4:30,NTRNUSDT,-0.0218,-11.879
4/5/2024 4:30,AGLDUSDT,-0.0223,-11.9013
4/5/2024 4:30,VANRYUSDT,-0.0229,-11.9242
4/5/2024 4:30,SOLUSDT,0.0408,-11.8834
4/5/2024 4:30,MOVRUSDT,0.0449,-11.8385
4/5/2024 4:30,BANDUSDT,-0.0224,-11.8609
4/5/2024 4:30,SUIUSDT,0.0451,-11.8158
4/5/2024 4:30,ROSEUSDT,-0.0268,-11.8426
4/5/2024 4:30,PYTHUSDT,0.0472,-11.7954
4/5/2024 4:30,SNTUSDT,-0.0217,-11.8171
4/5/2024 4:30,FLOWUSDT,-0.0209,-11.838
4/5/2024 4:30,DODOXUSDT,-0.0236,-11.8616
4/5/2024 4:30,MINAUSDT,-0.0262,-11.8878
4/5/2024 4:30,CYBERUSDT,-0.021,-11.9088
4/5/2024 4:30,VETUSDT,0.0446,-11.8642
4/5/2024 5:00,XVGUSDT,-0.0228,-11.887
4/5/2024 5:00,BEAMXUSDT,0.0458,-11.8412
4/5/2024 5:00,BLURUSDT,-0.0242,-11.8654
4/5/2024 5:00,RUNEUSDT,-0.0274,-11.8928
4/5/2024 5:00,SUSHIUSDT,-0.0243,-11.9171
4/5/2024 5:00,TWTUSDT,-0.0206,-11.9377
4/5/2024 5:00,ATOMUSDT,-0.022,-11.9597
4/5/2024 5:00,ZECUSDT,-0.0221,-11.9818
4/5/2024 5:00,OXTUSDT,-0.0215,-12.0033
4/5/2024 5:00,CTSIUSDT,-0.0224,-12.0257
4/5/2024 5:15,AAVEUSDT,-0.0216,-12.0473
4/5/2024 5:15,GASUSDT,-0.024,-12.0713
4/5/2024 5:15,DOTUSDT,-0.0234,-12.0947
4/5/2024 5:15,KAVAUSDT,-0.0244,-12.1191
4/5/2024 5:15,LDOUSDT,-0.0228,-12.1419
4/5/2024 5:15,LINKUSDT,-0.0217,-12.1636
4/5/2024 5:15,ADAUSDT,-0.0254,-12.189
4/5/2024 9:00,CVXUSDT,-0.0204,-12.2094
4/5/2024 10:15,TIAUSDT,-0.0237,-12.2331
4/5/2024 10:15,KAVAUSDT,-0.0231,-12.2562
4/5/2024 11:45,QNTUSDT,-0.0236,-12.2798
4/5/2024 11:45,SSVUSDT,-0.0211,-12.3009
4/5/2024 11:45,ICPUSDT,-0.0204,-12.3213
4/5/2024 11:45,FETUSDT,-0.0213,-12.3426
4/5/2024 11:45,GASUSDT,-0.022,-12.3646
4/5/2024 11:45,WAXPUSDT,-0.0239,-12.3885
4/5/2024 11:45,XEMUSDT,-0.0268,-12.4153
4/5/2024 11:45,HOOKUSDT,-0.0208,-12.4361
4/5/2024 11:45,NEOUSDT,-0.0288,-12.4649
4/5/2024 11:45,HBARUSDT,-0.0272,-12.4921
4/5/2024 11:45,DOTUSDT,-0.022,-12.5141
4/5/2024 11:45,COMBOUSDT,-0.0245,-12.5386
4/5/2024 11:45,SXPUSDT,-0.0228,-12.5614
4/5/2024 11:45,YFIUSDT,-0.0227,-12.5841
4/5/2024 11:45,IDEXUSDT,-0.0242,-12.6083
4/5/2024 11:45,ACHUSDT,-0.0239,-12.6322
4/5/2024 11:45,RLCUSDT,-0.022,-12.6542
4/5/2024 11:45,CTSIUSDT,-0.0215,-12.6757
4/5/2024 11:45,VETUSDT,-0.0229,-12.6986
4/5/2024 13:15,MKRUSDT,0.0478,-12.6508
4/5/2024 15:15,MKRUSDT,0.0477,-12.6031
4/5/2024 18:15,BLURUSDT,-0.0212,-12.6243
4/5/2024 18:45,FLOWUSDT,-0.02,-12.6443
4/5/2024 19:00,DUSKUSDT,-0.021,-12.6653
4/5/2024 19:00,QTUMUSDT,-0.023,-12.6883
4/5/2024 19:00,STORJUSDT,-0.0205,-12.7088
4/5/2024 20:15,BALUSDT,-0.02,-12.7288
4/5/2024 20:15,1000RATSUSDT,-0.0253,-12.7541
4/5/2024 20:15,YFIUSDT,-0.0228,-12.7769
4/5/2024 20:15,KSMUSDT,-0.0206,-12.7975
4/5/2024 20:30,AMBUSDT,-0.0397,-12.8372
4/5/2024 21:15,HBARUSDT,0.0445,-12.7927
4/5/2024 21:15,ETHWUSDT,-0.0244,-12.8171
4/5/2024 21:15,RUNEUSDT,-0.0275,-12.8446
4/6/2024 0:00,HIFIUSDT,0.0081,-12.8365
4/6/2024 0:00,CELRUSDT,-0.0238,-12.8603
4/6/2024 2:45,WLDUSDT,-0.0292,-12.8895
4/6/2024 3:00,EGLDUSDT,0.0438,-12.8457
4/6/2024 3:00,AVAXUSDT,0.0456,-12.8001
4/6/2024 3:15,MEMEUSDT,-0.0221,-12.8222
4/6/2024 3:15,POWRUSDT,-0.0211,-12.8433
4/6/2024 3:15,XAIUSDT,0.0466,-12.7967
4/6/2024 4:00,WAXPUSDT,-0.0203,-12.817
4/6/2024 5:00,CAKEUSDT,0.0409,-12.7761
4/6/2024 5:00,ENJUSDT,-0.0221,-12.7982
4/6/2024 5:00,RONINUSDT,-0.0233,-12.8215
4/6/2024 5:00,BALUSDT,-0.0332,-12.8547
4/6/2024 5:00,IOTAUSDT,-0.0293,-12.884
4/6/2024 5:00,NFPUSDT,-0.0272,-12.9112
4/6/2024 5:00,WAXPUSDT,-0.0287,-12.9399
4/6/2024 5:00,GTCUSDT,-0.0235,-12.9634
4/6/2024 5:00,ORBSUSDT,-0.0217,-12.9851
4/6/2024 5:00,IMXUSDT,-0.0244,-13.0095
4/6/2024 5:00,DOTUSDT,-0.0268,-13.0363
4/6/2024 5:00,KNCUSDT,-0.0311,-13.0674
4/6/2024 5:00,ILVUSDT,-0.023,-13.0904
4/6/2024 5:00,REEFUSDT,-0.0244,-13.1148
4/6/2024 5:00,KAVAUSDT,0.0428,-13.072
4/6/2024 5:00,BANDUSDT,-0.0255,-13.0975
4/6/2024 5:00,AXSUSDT,-0.0233,-13.1208
4/6/2024 5:00,SNTUSDT,-0.0243,-13.1451
4/6/2024 5:00,ALGOUSDT,-0.0266,-13.1717
4/6/2024 5:00,ZENUSDT,-0.0203,-13.192
4/6/2024 5:00,FILUSDT,-0.0284,-13.2204
4/6/2024 5:00,LRCUSDT,-0.02,-13.2404
4/6/2024 5:00,ARBUSDT,0.0458,-13.1946
4/6/2024 5:15,AGIXUSDT,-0.0215,-13.2161
4/6/2024 5:15,AAVEUSDT,-0.0206,-13.2367
4/6/2024 5:15,1000SHIBUSDT,-0.0241,-13.2608
4/6/2024 5:30,EGLDUSDT,-0.021,-13.2818
4/6/2024 6:00,OMUSDT,-0.02,-13.3018
4/6/2024 6:30,SFPUSDT,0.0119,-13.2899
4/6/2024 6:45,FTMUSDT,-0.0306,-13.3205
4/6/2024 6:45,GLMRUSDT,-0.0227,-13.3432
4/6/2024 6:45,DYMUSDT,-0.021,-13.3642
4/6/2024 7:00,OXTUSDT,-0.0203,-13.3845
4/6/2024 8:00,MINAUSDT,-0.0226,-13.4071
4/6/2024 8:00,CYBERUSDT,0.0427,-13.3644
4/6/2024 8:15,KEYUSDT,-0.0225,-13.3869
4/6/2024 8:30,ADAUSDT,-0.0227,-13.4096
4/6/2024 8:45,GRTUSDT,-0.0258,-13.4354
4/6/2024 8:45,ALTUSDT,-0.0318,-13.4672
4/6/2024 8:45,HBARUSDT,-0.0211,-13.4883
4/6/2024 8:45,COMBOUSDT,-0.0225,-13.5108
4/6/2024 8:45,MOVRUSDT,-0.0246,-13.5354
4/6/2024 8:45,FILUSDT,-0.0327,-13.5681
4/6/2024 9:00,STEEMUSDT,-0.0204,-13.5885
4/6/2024 9:00,SLPUSDT,-0.0215,-13.61
4/6/2024 9:00,KLAYUSDT,-0.0299,-13.6399
4/6/2024 9:00,MANTAUSDT,-0.0233,-13.6632
4/6/2024 10:00,LTCUSDT,0.0472,-13.616
4/6/2024 10:00,RLCUSDT,-0.0248,-13.6408
4/6/2024 10:15,INJUSDT,0.05,-13.5908
4/6/2024 11:30,LINKUSDT,-0.0239,-13.6147
4/6/2024 12:30,LUNA2USDT,-0.0229,-13.6376
4/6/2024 12:30,1000LUNCUSDT,-0.0232,-13.6608
4/6/2024 13:15,BONDUSDT,-0.0349,-13.6957
4/6/2024 13:15,LINAUSDT,-0.02,-13.7157
4/6/2024 13:15,CELOUSDT,-0.0267,-13.7424
4/6/2024 13:15,ALICEUSDT,-0.0234,-13.7658
4/6/2024 13:15,ROSEUSDT,-0.0229,-13.7887
4/6/2024 16:45,KEYUSDT,0.0422,-13.7465
4/6/2024 16:45,BLURUSDT,0.0489,-13.6976
4/6/2024 17:15,LINAUSDT,-0.0229,-13.7205
4/6/2024 17:30,BTCUSDT,0.0455,-13.675
4/6/2024 17:30,GMXUSDT,-0.0206,-13.6956
4/6/2024 17:30,UNIUSDT,0.0484,-13.6472
4/6/2024 18:00,CVXUSDT,-0.021,-13.6682
4/6/2024 20:15,MEMEUSDT,0.041,-13.6272
4/6/2024 20:15,DASHUSDT,-0.02,-13.6472
4/6/2024 20:30,AMBUSDT,0.0413,-13.6059
4/6/2024 20:30,CELRUSDT,0.0457,-13.5602
4/6/2024 20:45,ARUSDT,0.0456,-13.5146
4/6/2024 20:45,KASUSDT,0.0486,-13.466
4/6/2024 20:45,STPTUSDT,0.0453,-13.4207
4/6/2024 21:15,C98USDT,-0.0218,-13.4425
4/6/2024 22:15,QTUMUSDT,0.0466,-13.3959
4/6/2024 22:15,RADUSDT,0.0495,-13.3464
4/6/2024 22:15,STPTUSDT,0.0454,-13.301
4/6/2024 22:45,SSVUSDT,0.0429,-13.2581
4/6/2024 22:45,AMBUSDT,-0.027,-13.2851
4/6/2024 22:45,GTCUSDT,0.0464,-13.2387
4/6/2024 22:45,DOGEUSDT,0.0488,-13.1899
4/6/2024 22:45,METISUSDT,-0.0229,-13.2128
4/6/2024 22:45,PERPUSDT,-0.0249,-13.2377
4/6/2024 22:45,KNCUSDT,0.0447,-13.193
4/6/2024 22:45,CRVUSDT,0.0459,-13.1471
4/6/2024 22:45,ETHUSDT,-0.0296,-13.1767
4/6/2024 22:45,EOSUSDT,0.0432,-13.1335
4/6/2024 22:45,JASMYUSDT,0.0477,-13.0858
4/6/2024 22:45,MANTAUSDT,0.0499,-13.0359
4/6/2024 22:45,CTSIUSDT,0.0482,-12.9877
4/6/2024 22:45,ARBUSDT,-0.0202,-13.0079
4/6/2024 23:00,LPTUSDT,-0.0221,-13.03
4/6/2024 23:00,SOLUSDT,-0.0263,-13.0563
4/6/2024 23:00,SUSHIUSDT,-0.0289,-13.0852
4/6/2024 23:00,PHBUSDT,-0.0286,-13.1138
4/6/2024 23:45,TWTUSDT,-0.0253,-13.1391
4/7/2024 0:00,BLZUSDT,0.0372,-13.1019
4/7/2024 0:30,BONDUSDT,0.0457,-13.0562
4/7/2024 0:30,UNIUSDT,0.037,-13.0192
4/7/2024 0:30,DOGEUSDT,0.0256,-12.9936
4/7/2024 0:30,ARKMUSDT,0.0357,-12.9579
4/7/2024 0:30,BCHUSDT,-0.0259,-12.9838
4/7/2024 1:00,NFPUSDT,0.0479,-12.9359
4/7/2024 1:00,AIUSDT,0.0484,-12.8875
4/7/2024 1:00,COMBOUSDT,0.0336,-12.8539
4/7/2024 1:00,DENTUSDT,0.0446,-12.8093
4/7/2024 1:00,ALICEUSDT,0.0469,-12.7624
4/7/2024 1:00,IDEXUSDT,0.0494,-12.713
4/7/2024 1:15,ENJUSDT,-0.0204,-12.7334
4/7/2024 1:15,GLMRUSDT,0.0481,-12.6853
4/7/2024 1:15,ACEUSDT,-0.0239,-12.7092
4/7/2024 1:15,MAGICUSDT,0.0458,-12.6634
4/7/2024 1:15,IOSTUSDT,0.0471,-12.6163
4/7/2024 1:15,KLAYUSDT,-0.026,-12.6423
4/7/2024 1:15,DODOXUSDT,0.05,-12.5923
4/7/2024 1:15,JASMYUSDT,0.0457,-12.5466
4/7/2024 1:15,MANTAUSDT,0.0379,-12.5087
4/7/2024 1:15,TRXUSDT,0.0468,-12.4619
4/7/2024 1:15,VETUSDT,0.0491,-12.4128
4/7/2024 2:30,STRKUSDT,-0.0212,-12.434
4/7/2024 3:00,APTUSDT,-0.0203,-12.4543
4/7/2024 3:15,HOOKUSDT,0.0467,-12.4076
4/7/2024 3:15,ONTUSDT,0.0424,-12.3652
4/7/2024 3:15,MANTAUSDT,0.041,-12.3242
4/7/2024 3:30,GALAUSDT,0.0455,-12.2787
4/7/2024 4:45,VETUSDT,0.046,-12.2327
4/7/2024 5:00,AMBUSDT,0.0467,-12.186
4/7/2024 5:00,SNXUSDT,-0.02,-12.206
4/7/2024 5:00,XAIUSDT,-0.028,-12.234
4/7/2024 5:15,WAVESUSDT,0.0477,-12.1863
4/7/2024 5:30,NMRUSDT,-0.0219,-12.2082
4/7/2024 5:30,LINAUSDT,0.0456,-12.1626
4/7/2024 5:30,WAXPUSDT,-0.0209,-12.1835
4/7/2024 5:30,BAKEUSDT,0.05,-12.1335
4/7/2024 5:30,HOTUSDT,-0.02,-12.1535
4/7/2024 5:30,USTCUSDT,-0.0237,-12.1772
4/7/2024 5:45,IOTAUSDT,-0.0208,-12.198
4/7/2024 5:45,DEFIUSDT,-0.0211,-12.2191
4/7/2024 5:45,FLMUSDT,0.0449,-12.1742
4/7/2024 5:45,DYDXUSDT,0.0425,-12.1317
4/7/2024 6:00,ADAUSDT,-0.02,-12.1517
4/7/2024 6:30,ANKRUSDT,0.0372,-12.1145
4/7/2024 7:00,ORBSUSDT,0.048,-12.0665
4/7/2024 7:00,FLMUSDT,0.0424,-12.0241
4/7/2024 7:15,COMPUSDT,-0.0219,-12.046
4/7/2024 7:15,RADUSDT,0.0412,-12.0048
4/7/2024 8:45,COMPUSDT,-0.02,-12.0248
4/7/2024 8:45,XVSUSDT,-0.0231,-12.0479
4/7/2024 9:00,ORBSUSDT,0.0462,-12.0017
4/7/2024 9:15,BAKEUSDT,-0.0251,-12.0268
4/7/2024 10:15,DENTUSDT,0.049,-11.9778
4/7/2024 10:30,IOTAUSDT,-0.0236,-12.0014
4/7/2024 10:30,MAGICUSDT,0.0442,-11.9572
4/7/2024 10:30,HIFIUSDT,-0.023,-11.9802
4/7/2024 10:30,STORJUSDT,-0.0208,-12.001
4/7/2024 10:45,UMAUSDT,-0.0205,-12.0215
4/7/2024 10:45,ZRXUSDT,-0.0225,-12.044
4/7/2024 11:45,XEMUSDT,-0.0332,-12.0772
4/7/2024 11:45,ALICEUSDT,-0.0235,-12.1007
4/7/2024 11:45,ONTUSDT,-0.0445,-12.1452
4/7/2024 12:30,IOTAUSDT,-0.024,-12.1692
4/7/2024 12:30,EDUUSDT,-0.027,-12.1962
4/7/2024 12:30,MAVUSDT,-0.0216,-12.2178
4/7/2024 12:30,STMXUSDT,-0.0228,-12.2406
4/7/2024 12:30,DOTUSDT,-0.0244,-12.265
4/7/2024 12:30,FLMUSDT,-0.02,-12.285
4/7/2024 12:30,STORJUSDT,-0.0269,-12.3119
4/7/2024 12:45,ALTUSDT,0.0334,-12.2785
4/7/2024 13:00,WAXPUSDT,-0.029,-12.3075
4/7/2024 13:00,LDOUSDT,0.0451,-12.2624
4/7/2024 13:00,MOVRUSDT,-0.0213,-12.2837
4/7/2024 13:15,BLURUSDT,-0.0309,-12.3146
4/7/2024 13:45,DOGEUSDT,0.0469,-12.2677
4/7/2024 13:45,MANTAUSDT,-0.0311,-12.2988
4/7/2024 14:15,XVGUSDT,0.0301,-12.2687
4/7/2024 14:15,BEAMXUSDT,0.0444,-12.2243
4/7/2024 14:30,HOOKUSDT,-0.0286,-12.2529
4/7/2024 14:45,METISUSDT,-0.0274,-12.2803
4/7/2024 14:45,HBARUSDT,-0.0213,-12.3016
4/7/2024 14:45,SUPERUSDT,-0.0249,-12.3265
4/7/2024 15:00,BATUSDT,-0.021,-12.3475
4/7/2024 15:00,OMGUSDT,-0.0223,-12.3698
4/7/2024 15:00,ASTRUSDT,-0.0206,-12.3904
4/7/2024 15:00,IOSTUSDT,-0.02,-12.4104
4/7/2024 15:00,IOTXUSDT,0.0457,-12.3647
4/7/2024 15:00,SXPUSDT,-0.0218,-12.3865
4/7/2024 15:00,ILVUSDT,-0.0204,-12.4069
4/7/2024 15:00,EOSUSDT,-0.0228,-12.4297
4/7/2024 15:00,SEIUSDT,-0.0208,-12.4505
4/7/2024 15:00,C98USDT,0.0486,-12.4019
4/7/2024 16:00,ORDIUSDT,-0.0234,-12.4253
4/7/2024 16:15,SUPERUSDT,-0.0218,-12.4471
4/7/2024 16:30,C98USDT,0.0383,-12.4088
4/7/2024 16:45,MKRUSDT,0.0465,-12.3623
4/7/2024 18:45,IOTXUSDT,0.0474,-12.3149
4/7/2024 19:45,BNBUSDT,-0.026,-12.3409
4/7/2024 19:45,WUSDT,-0.02,-12.3609
4/7/2024 20:30,GLMRUSDT,0.032,-12.3289
4/7/2024 21:30,INJUSDT,-0.0248,-12.3537
4/7/2024 21:45,EGLDUSDT,-0.0216,-12.3753
4/7/2024 21:45,1000XECUSDT,-0.0263,-12.4016
4/7/2024 21:45,PYTHUSDT,-0.0202,-12.4218
4/7/2024 21:45,1000LUNCUSDT,-0.0215,-12.4433
4/7/2024 21:45,CYBERUSDT,-0.0215,-12.4648
4/7/2024 22:15,ARBUSDT,0.0447,-12.4201
4/7/2024 22:30,OPUSDT,0.0488,-12.3713
4/7/2024 23:00,IOTXUSDT,0.0499,-12.3214
4/8/2024 0:15,RADUSDT,-0.0204,-12.3418
4/8/2024 0:15,COMBOUSDT,-0.0241,-12.3659
4/8/2024 0:15,AEVOUSDT,-0.03,-12.3959
4/8/2024 0:30,RENUSDT,-0.0215,-12.4174
4/8/2024 1:00,BALUSDT,-0.02,-12.4374
4/8/2024 1:00,UNIUSDT,-0.0259,-12.4633
4/8/2024 2:00,CELOUSDT,-0.02,-12.4833
4/8/2024 2:30,AGIXUSDT,-0.0207,-12.504
4/8/2024 2:30,ROSEUSDT,-0.0242,-12.5282
4/8/2024 2:45,RUNEUSDT,-0.0283,-12.5565
4/8/2024 2:45,PYTHUSDT,-0.022,-12.5785
4/8/2024 2:45,KASUSDT,-0.0277,-12.6062
4/8/2024 4:45,TRXUSDT,0.0485,-12.5577
4/8/2024 5:30,XMRUSDT,0.0457,-12.512
4/8/2024 7:30,GLMUSDT,0.0469,-12.4651
4/8/2024 7:30,FLMUSDT,0.0397,-12.4254
4/8/2024 11:00,ETHWUSDT,0.0487,-12.3767
4/8/2024 12:00,1INCHUSDT,-0.0211,-12.3978
4/8/2024 12:00,PORTALUSDT,-0.0201,-12.4179
4/8/2024 12:00,HIFIUSDT,0.0363,-12.3816
4/8/2024 12:00,ARPAUSDT,0.0264,-12.3552
4/8/2024 12:00,RDNTUSDT,-0.0244,-12.3796
4/8/2024 12:00,IDEXUSDT,-0.0243,-12.4039
4/8/2024 12:45,LEVERUSDT,-0.0241,-12.428
4/8/2024 13:00,BALUSDT,0.0413,-12.3867
4/8/2024 13:00,COMPUSDT,-0.0328,-12.4195
4/8/2024 13:00,HBARUSDT,-0.0286,-12.4481
4/8/2024 13:00,SUSHIUSDT,-0.0246,-12.4727
4/8/2024 13:15,APEUSDT,-0.0205,-12.4932
4/8/2024 13:15,ENJUSDT,-0.0274,-12.5206
4/8/2024 13:15,RONINUSDT,0.0483,-12.4723
4/8/2024 13:15,OMGUSDT,-0.0275,-12.4998
4/8/2024 13:15,NFPUSDT,-0.0218,-12.5216
4/8/2024 13:15,AIUSDT,-0.023,-12.5446
4/8/2024 13:15,ONEUSDT,-0.0396,-12.5842
4/8/2024 13:15,EGLDUSDT,-0.02,-12.6042
4/8/2024 13:15,POWRUSDT,0.039,-12.5652
4/8/2024 13:15,DEFIUSDT,-0.0206,-12.5858
4/8/2024 13:15,KLAYUSDT,-0.0258,-12.6116
4/8/2024 13:15,API3USDT,-0.0214,-12.633
4/8/2024 13:15,KAVAUSDT,-0.0259,-12.6589
4/8/2024 13:15,MDTUSDT,0.023,-12.6359
4/8/2024 13:15,PHBUSDT,-0.0273,-12.6632
4/8/2024 13:15,LOOMUSDT,-0.0223,-12.6855
4/8/2024 13:15,STPTUSDT,0.0472,-12.6383
4/8/2024 14:00,HFTUSDT,0.0497,-12.5886
4/8/2024 14:15,NKNUSDT,0.0475,-12.5411
4/8/2024 14:30,AXSUSDT,-0.0257,-12.5668
4/8/2024 15:00,EGLDUSDT,-0.0203,-12.5871
4/8/2024 15:00,DOTUSDT,-0.0239,-12.611
4/8/2024 15:00,COMBOUSDT,-0.0239,-12.6349
4/8/2024 15:00,PERPUSDT,0.0356,-12.5993
4/8/2024 16:00,SNXUSDT,-0.022,-12.6213
4/8/2024 16:00,MANAUSDT,-0.0244,-12.6457
4/8/2024 16:00,KLAYUSDT,-0.023,-12.6687
4/8/2024 16:00,TRBUSDT,-0.0352,-12.7039
4/8/2024 16:00,CRVUSDT,-0.025,-12.7289
4/8/2024 16:00,MKRUSDT,0.0327,-12.6962
4/8/2024 16:30,IDEXUSDT,-0.0241,-12.7203
4/8/2024 17:15,POLYXUSDT,-0.0208,-12.7411
4/8/2024 18:00,XVGUSDT,-0.0214,-12.7625
4/8/2024 18:00,GMXUSDT,-0.025,-12.7875
4/8/2024 18:00,MANAUSDT,-0.0209,-12.8084
4/8/2024 18:00,SPELLUSDT,-0.0222,-12.8306
4/8/2024 18:00,ALICEUSDT,-0.0258,-12.8564
4/8/2024 18:00,UNFIUSDT,-0.0244,-12.8808
4/8/2024 18:15,RADUSDT,-0.0205,-12.9013
4/8/2024 18:15,ARKMUSDT,0.0494,-12.8519
4/8/2024 18:15,ETHWUSDT,0.0481,-12.8038
4/8/2024 18:15,STRKUSDT,-0.0222,-12.826
4/8/2024 18:30,ARPAUSDT,-0.0282,-12.8542
4/8/2024 18:30,BAKEUSDT,-0.0247,-12.8789
4/8/2024 19:45,DASHUSDT,-0.0261,-12.905
4/8/2024 20:00,ALICEUSDT,-0.0211,-12.9261
4/8/2024 20:00,MKRUSDT,-0.0204,-12.9465
4/8/2024 20:30,WOOUSDT,-0.0244,-12.9709
4/8/2024 20:30,JOEUSDT,-0.0202,-12.9911
4/8/2024 21:00,ADAUSDT,-0.0278,-13.0189
4/8/2024 21:00,UNFIUSDT,-0.0255,-13.0444
4/8/2024 21:15,LUNA2USDT,-0.0305,-13.0749
4/8/2024 21:30,MEMEUSDT,-0.0259,-13.1008
4/8/2024 22:15,ARKMUSDT,0.042,-13.0588
4/8/2024 22:15,OMUSDT,-0.0207,-13.0795
4/8/2024 22:45,IOTAUSDT,-0.02,-13.0995
4/8/2024 23:00,BICOUSDT,-0.0255,-13.125
4/9/2024 0:00,OPUSDT,-0.0314,-13.1564
4/9/2024 0:00,CFXUSDT,-0.0219,-13.1783
4/9/2024 0:00,GLMUSDT,0.023,-13.1553
4/9/2024 0:00,SUSHIUSDT,-0.022,-13.1773
4/9/2024 0:00,THETAUSDT,-0.0352,-13.2125
4/9/2024 3:30,NFPUSDT,0.0486,-13.1639
4/9/2024 3:30,DYMUSDT,0.0494,-13.1145
4/9/2024 3:30,LINKUSDT,0.0498,-13.0647
4/9/2024 3:45,TONUSDT,0.0458,-13.0189
4/9/2024 4:00,BNBUSDT,-0.0245,-13.0434
4/9/2024 5:30,WIFUSDT,0.0474,-12.996
4/9/2024 5:30,ONDOUSDT,0.0486,-12.9474
4/9/2024 6:15,JUPUSDT,0.0481,-12.8993
4/9/2024 6:15,MANTAUSDT,0.0494,-12.8499
4/9/2024 6:30,CAKEUSDT,0.043,-12.8069
4/9/2024 6:30,MASKUSDT,0.0423,-12.7646
4/9/2024 6:30,AIUSDT,0.0488,-12.7158
4/9/2024 6:30,ICPUSDT,0.0434,-12.6724
4/9/2024 6:30,STXUSDT,0.0413,-12.6311
4/9/2024 6:30,WLDUSDT,0.0453,-12.5858
4/9/2024 6:30,1000BONKUSDT,0.0498,-12.536
4/9/2024 6:30,BIGTIMEUSDT,0.0488,-12.4872
4/9/2024 6:30,SOLUSDT,0.0422,-12.445
4/9/2024 6:30,TRUUSDT,0.0459,-12.3991
4/9/2024 6:30,MOVRUSDT,0.0429,-12.3562
4/9/2024 6:30,PYTHUSDT,0.0481,-12.3081
4/9/2024 6:30,SEIUSDT,0.0445,-12.2636
4/9/2024 6:30,SNTUSDT,0.0372,-12.2264
4/9/2024 6:30,AVAXUSDT,0.0479,-12.1785
4/9/2024 12:00,STXUSDT,0.0489,-12.1296
4/9/2024 13:45,STGUSDT,0.0405,-12.0891
4/9/2024 13:45,STXUSDT,0.0366,-12.0525
4/9/2024 13:45,1000PEPEUSDT,0.0416,-12.0109
4/9/2024 16:30,ICPUSDT,0.0451,-11.9658
4/9/2024 17:00,TWTUSDT,0.0488,-11.917
4/9/2024 21:00,CHRUSDT,0.0482,-11.8688
4/9/2024 22:00,LDOUSDT,0.0499,-11.8189
4/9/2024 23:00,ETHFIUSDT,-0.0236,-11.8425
4/9/2024 23:00,CHZUSDT,0.0478,-11.7947
4/9/2024 23:00,GASUSDT,-0.0215,-11.8162
4/9/2024 23:00,CFXUSDT,0.047,-11.7692
4/9/2024 23:00,LEVERUSDT,0.0363,-11.7329
4/9/2024 23:15,IOTAUSDT,0.0435,-11.6894
4/9/2024 23:15,EDUUSDT,0.0387,-11.6507
4/9/2024 23:15,LPTUSDT,0.0456,-11.6051
4/9/2024 23:15,HIFIUSDT,0.0436,-11.5615
4/9/2024 23:15,ONEUSDT,-0.0328,-11.5943
4/9/2024 23:15,NEOUSDT,-0.025,-11.6193
4/9/2024 23:15,RSRUSDT,0.0483,-11.571
4/9/2024 23:15,REEFUSDT,-0.0219,-11.5929
4/9/2024 23:15,KAVAUSDT,0.0398,-11.5531
4/9/2024 23:15,FLMUSDT,-0.0318,-11.5849
4/9/2024 23:15,AEVOUSDT,0.0439,-11.541
4/9/2024 23:15,KSMUSDT,0.0382,-11.5028
4/9/2024 23:15,RVNUSDT,-0.0288,-11.5316
4/10/2024 1:00,EDUUSDT,0.05,-11.4816
4/10/2024 1:00,GMTUSDT,0.0495,-11.4321
4/10/2024 1:00,ZETAUSDT,0.0487,-11.3834
4/10/2024 1:00,LDOUSDT,-0.0214,-11.4048
4/10/2024 1:00,CRVUSDT,0.05,-11.3548
4/10/2024 1:00,DODOXUSDT,0.0448,-11.31
4/10/2024 1:00,KSMUSDT,0.0496,-11.2604
4/10/2024 1:00,ADAUSDT,0.0489,-11.2115
4/10/2024 1:00,FILUSDT,0.0483,-11.1632
4/10/2024 1:15,CHRUSDT,0.048,-11.1152
4/10/2024 1:15,GLMRUSDT,0.05,-11.0652
4/10/2024 1:15,QTUMUSDT,-0.0222,-11.0874
4/10/2024 1:15,PORTALUSDT,0.0357,-11.0517
4/10/2024 1:15,LPTUSDT,0.0488,-11.0029
4/10/2024 1:15,SLPUSDT,0.0497,-10.9532
4/10/2024 1:15,CVXUSDT,-0.0205,-10.9737
4/10/2024 1:15,BLURUSDT,0.0442,-10.9295
4/10/2024 1:15,KAVAUSDT,0.0462,-10.8833
4/10/2024 1:15,AXSUSDT,0.0472,-10.8361
4/10/2024 1:15,ROSEUSDT,0.0464,-10.7897
4/10/2024 1:15,PYTHUSDT,0.0383,-10.7514
4/10/2024 1:15,BADGERUSDT,0.0478,-10.7036
4/10/2024 1:15,MYROUSDT,-0.0209,-10.7245
4/10/2024 1:15,BAKEUSDT,0.043,-10.6815
4/10/2024 1:15,ZECUSDT,0.0467,-10.6348
4/10/2024 1:15,FLOWUSDT,0.0452,-10.5896
4/10/2024 1:15,MKRUSDT,-0.0243,-10.6139
4/10/2024 1:15,XTZUSDT,0.05,-10.5639
4/10/2024 1:15,MINAUSDT,0.0472,-10.5167
4/10/2024 1:15,XAIUSDT,0.0358,-10.4809
4/10/2024 1:15,LUNA2USDT,0.0443,-10.4366
4/10/2024 1:30,AGLDUSDT,-0.0204,-10.457
4/10/2024 2:30,INJUSDT,-0.0231,-10.4801
4/10/2024 2:30,1000SHIBUSDT,-0.0221,-10.5022
4/10/2024 2:30,RSRUSDT,0.0402,-10.462
4/10/2024 2:30,FXSUSDT,-0.0231,-10.4851
4/10/2024 2:30,RDNTUSDT,-0.0267,-10.5118
4/10/2024 2:30,ATOMUSDT,-0.0242,-10.536
4/10/2024 2:30,BTCDOMUSDT,0.0483,-10.4877
4/10/2024 2:30,MANTAUSDT,-0.0213,-10.509
4/10/2024 2:30,1000LUNCUSDT,0.0338,-10.4752
4/10/2024 2:30,ARBUSDT,0.0454,-10.4298
4/10/2024 2:45,MKRUSDT,-0.0237,-10.4535
4/10/2024 5:45,IDUSDT,0.0462,-10.4073
4/10/2024 9:00,IOTXUSDT,-0.0272,-10.4345
4/10/2024 10:00,CHRUSDT,0.0454,-10.3891
4/10/2024 10:00,ARUSDT,0.034,-10.3551
4/10/2024 10:15,MANAUSDT,-0.0246,-10.3797
4/10/2024 10:15,ALICEUSDT,0.0463,-10.3334
4/10/2024 10:15,RVNUSDT,0.0406,-10.2928
4/10/2024 12:00,AUCTIONUSDT,0.0493,-10.2435
4/10/2024 12:30,CHRUSDT,-0.0395,-10.283
4/10/2024 12:30,QNTUSDT,-0.0241,-10.3071
4/10/2024 12:30,IDUSDT,-0.0292,-10.3363
4/10/2024 12:30,TUSDT,-0.0342,-10.3705
4/10/2024 12:30,SKLUSDT,-0.0297,-10.4002
4/10/2024 12:30,DYMUSDT,0.0284,-10.3718
4/10/2024 12:30,REEFUSDT,-0.0283,-10.4001
4/10/2024 12:30,MDTUSDT,-0.0382,-10.4383
4/10/2024 12:30,ZECUSDT,-0.0384,-10.4767
4/10/2024 12:30,MINAUSDT,-0.0357,-10.5124
4/10/2024 12:30,ZRXUSDT,-0.0368,-10.5492
4/10/2024 14:45,NEOUSDT,-0.0245,-10.5737
4/10/2024 21:45,1000XECUSDT,0.0455,-10.5282
4/10/2024 22:00,IDUSDT,-0.0211,-10.5493
4/10/2024 22:00,BTCUSDT,-0.0316,-10.5809
4/10/2024 22:00,1000BONKUSDT,-0.0416,-10.6225
4/10/2024 22:00,XEMUSDT,-0.0233,-10.6458
4/10/2024 22:00,POLYXUSDT,-0.0285,-10.6743
4/10/2024 22:00,ORBSUSDT,-0.0279,-10.7022
4/10/2024 22:00,ARKMUSDT,-0.0225,-10.7247
4/10/2024 22:00,BANDUSDT,0.0428,-10.6819
4/10/2024 22:00,RUNEUSDT,-0.0297,-10.7116
4/10/2024 22:00,MDTUSDT,-0.0218,-10.7334
4/10/2024 22:00,THETAUSDT,-0.0296,-10.763
4/10/2024 22:00,RLCUSDT,-0.0225,-10.7855
4/10/2024 22:00,RVNUSDT,0.0401,-10.7454
4/10/2024 23:45,EOSUSDT,-0.02,-10.7654
4/10/2024 23:45,STORJUSDT,-0.0231,-10.7885
4/11/2024 0:00,AAVEUSDT,-0.0246,-10.8131
4/11/2024 0:15,KASUSDT,-0.0206,-10.8337
4/11/2024 0:30,DASHUSDT,-0.0242,-10.8579
4/11/2024 0:45,BNTUSDT,-0.0202,-10.8781
4/11/2024 0:45,ONEUSDT,-0.0233,-10.9014
4/11/2024 0:45,XEMUSDT,-0.02,-10.9214
4/11/2024 0:45,CELOUSDT,-0.0261,-10.9475
4/11/2024 1:15,LQTYUSDT,-0.0241,-10.9716
4/11/2024 2:00,ALGOUSDT,-0.0209,-10.9925
4/11/2024 2:30,MANAUSDT,0.0458,-10.9467
4/11/2024 2:30,1000SATSUSDT,-0.0246,-10.9713
4/11/2024 2:30,USTCUSDT,-0.0237,-10.995
4/11/2024 2:45,ETHUSDT,-0.0207,-11.0157
4/11/2024 2:45,ATOMUSDT,-0.0211,-11.0368
4/11/2024 2:45,IDEXUSDT,-0.0208,-11.0576
4/11/2024 4:15,HIFIUSDT,0.0497,-11.0079
4/11/2024 4:15,AVAXUSDT,-0.022,-11.0299
4/11/2024 4:15,ZRXUSDT,-0.0213,-11.0512
4/11/2024 5:00,EOSUSDT,0.0483,-11.0029
4/11/2024 5:00,TWTUSDT,0.0404,-10.9625
4/11/2024 5:30,RENUSDT,-0.02,-10.9825
4/11/2024 6:30,LUNA2USDT,-0.0204,-11.0029
4/11/2024 6:45,NKNUSDT,-0.0205,-11.0234
4/11/2024 7:00,CHRUSDT,-0.0247,-11.0481
4/11/2024 8:30,RONINUSDT,-0.0241,-11.0722
4/11/2024 8:45,PORTALUSDT,-0.0225,-11.0947
4/11/2024 9:00,FTMUSDT,0.0418,-11.0529
4/11/2024 9:00,KEYUSDT,0.0073,-11.0456
4/11/2024 10:30,ALPHAUSDT,0.0403,-11.0053
4/11/2024 10:45,CELRUSDT,0.0476,-10.9577
4/11/2024 13:30,WOOUSDT,-0.025,-10.9827
4/11/2024 13:30,GRTUSDT,0.0498,-10.9329
4/11/2024 13:30,CVXUSDT,0.0481,-10.8848
4/11/2024 13:30,MTLUSDT,-0.0212,-10.906
4/11/2024 13:30,CELOUSDT,0.0415,-10.8645
4/11/2024 13:30,CRVUSDT,0.0483,-10.8162
4/11/2024 13:30,IDEXUSDT,-0.0214,-10.8376
4/11/2024 13:30,OXTUSDT,0.043,-10.7946
4/11/2024 13:30,BCHUSDT,-0.0206,-10.8152
4/11/2024 13:30,FILUSDT,0.0495,-10.7657
4/11/2024 16:15,INJUSDT,-0.0219,-10.7876
4/11/2024 16:15,AUCTIONUSDT,-0.0251,-10.8127
4/11/2024 16:15,NFPUSDT,-0.0219,-10.8346
4/11/2024 16:15,GMXUSDT,-0.0219,-10.8565
4/11/2024 16:15,NEARUSDT,0.0403,-10.8162
4/11/2024 16:15,HIFIUSDT,-0.0208,-10.837
4/11/2024 16:15,IOTXUSDT,-0.0223,-10.8593
4/11/2024 16:15,XRPUSDT,-0.0231,-10.8824
4/11/2024 16:15,HBARUSDT,-0.0209,-10.9033
4/11/2024 16:15,ANKRUSDT,-0.0208,-10.9241
4/11/2024 16:15,RENUSDT,-0.0216,-10.9457
4/11/2024 16:15,C98USDT,-0.0267,-10.9724
4/11/2024 16:15,RVNUSDT,-0.0228,-10.9952
4/11/2024 16:30,UMAUSDT,-0.0225,-11.0177
4/11/2024 16:30,MOVRUSDT,-0.0208,-11.0385
4/11/2024 16:30,KSMUSDT,-0.0208,-11.0593
4/11/2024 18:15,APTUSDT,-0.0241,-11.0834
4/11/2024 18:15,POLYXUSDT,-0.0221,-11.1055
4/11/2024 18:30,STEEMUSDT,0.0495,-11.056
4/11/2024 20:00,PHBUSDT,-0.0204,-11.0764
4/11/2024 21:15,ETHFIUSDT,-0.0288,-11.1052
4/11/2024 21:30,KASUSDT,0.0421,-11.0631
4/11/2024 22:00,VETUSDT,0.0459,-11.0172
4/11/2024 23:00,SPELLUSDT,-0.024,-11.0412
4/11/2024 23:15,PORTALUSDT,-0.0241,-11.0653
4/12/2024 0:00,IOTAUSDT,0.0329,-11.0324
4/12/2024 0:00,VETUSDT,0.0279,-11.0045
4/12/2024 0:30,DUSKUSDT,-0.0249,-11.0294
4/12/2024 0:30,KAVAUSDT,-0.0205,-11.0499
4/12/2024 2:00,1000LUNCUSDT,-0.0231,-11.073
4/12/2024 2:15,BONDUSDT,-0.0217,-11.0947
4/12/2024 3:45,ROSEUSDT,0.0496,-11.0451
4/12/2024 4:15,BNBUSDT,0.0447,-11.0004
4/12/2024 4:30,1000FLOKIUSDT,-0.0262,-11.0266
4/12/2024 4:30,DENTUSDT,-0.0212,-11.0478
4/12/2024 4:30,TWTUSDT,-0.0231,-11.0709
4/12/2024 4:45,ENJUSDT,-0.022,-11.0929
4/12/2024 4:45,BATUSDT,0.0399,-11.053
4/12/2024 4:45,1000SATSUSDT,-0.0206,-11.0736
4/12/2024 4:45,BNTUSDT,-0.0213,-11.0949
4/12/2024 4:45,CFXUSDT,-0.02,-11.1149
4/12/2024 4:45,SOLUSDT,-0.023,-11.1379
4/12/2024 4:45,DODOXUSDT,-0.0251,-11.163
4/12/2024 4:45,GALAUSDT,-0.021,-11.184
4/12/2024 5:15,ROSEUSDT,-0.028,-11.212
4/12/2024 5:15,XAIUSDT,-0.028,-11.24
4/12/2024 5:45,NTRNUSDT,-0.0212,-11.2612
4/12/2024 7:30,FXSUSDT,0.0489,-11.2123
4/12/2024 9:15,ZENUSDT,0.0328,-11.1795
4/12/2024 10:00,PORTALUSDT,0.0484,-11.1311
4/12/2024 10:00,DYMUSDT,-0.0226,-11.1537
4/12/2024 10:15,APEUSDT,0.048,-11.1057
4/12/2024 10:15,BALUSDT,0.0488,-11.0569
4/12/2024 10:15,TIAUSDT,-0.0274,-11.0843
4/12/2024 10:15,SLPUSDT,-0.0204,-11.1047
4/12/2024 10:15,MKRUSDT,0.0477,-11.057
4/12/2024 10:15,MAVIAUSDT,0.0493,-11.0077
4/12/2024 10:15,ARBUSDT,0.0486,-10.9591
4/12/2024 11:45,MTLUSDT,0.0473,-10.9118
4/12/2024 11:45,RVNUSDT,0.0494,-10.8624
4/12/2024 12:00,LITUSDT,0.0478,-10.8146
4/12/2024 12:00,BOMEUSDT,0.0474,-10.7672
4/12/2024 12:00,BSVUSDT,0.0401,-10.7271
4/12/2024 12:00,AVAXUSDT,0.0474,-10.6797
4/12/2024 12:00,BCHUSDT,0.0445,-10.6352
4/12/2024 12:00,CTSIUSDT,0.05,-10.5852
4/12/2024 12:15,IDUSDT,0.0415,-10.5437
4/12/2024 12:15,NFPUSDT,0.0442,-10.4995
4/12/2024 12:15,FETUSDT,0.0427,-10.4568
4/12/2024 12:15,NMRUSDT,0.0454,-10.4114
4/12/2024 12:15,SNXUSDT,0.0484,-10.363
4/12/2024 12:15,GMXUSDT,0.0377,-10.3253
4/12/2024 12:15,BEAMXUSDT,0.0379,-10.2874
4/12/2024 12:15,GTCUSDT,0.0426,-10.2448
4/12/2024 12:15,EGLDUSDT,0.0496,-10.1952
4/12/2024 12:15,XRPUSDT,0.0468,-10.1484
4/12/2024 12:15,ZETAUSDT,0.0485,-10.0999
4/12/2024 12:15,METISUSDT,0.04,-10.0599
4/12/2024 12:15,COMBOUSDT,0.0443,-10.0156
4/12/2024 12:15,TRBUSDT,0.0462,-9.9694
4/12/2024 12:15,BLURUSDT,0.0474,-9.922
4/12/2024 12:15,REEFUSDT,0.033,-9.889
4/12/2024 12:15,ALICEUSDT,0.0389,-9.8501
4/12/2024 12:15,RDNTUSDT,0.0468,-9.8033
4/12/2024 12:15,JUPUSDT,0.0491,-9.7542
4/12/2024 12:15,PYTHUSDT,0.0458,-9.7084
4/12/2024 12:15,PHBUSDT,0.0478,-9.6606
4/12/2024 12:15,IDEXUSDT,0.0498,-9.6108
4/12/2024 12:15,TLMUSDT,0.049,-9.5618
4/12/2024 12:15,OXTUSDT,0.0336,-9.5282
4/12/2024 12:15,OCEANUSDT,0.0383,-9.4899
4/12/2024 12:15,RIFUSDT,0.0487,-9.4412
4/12/2024 12:30,QNTUSDT,0.0393,-9.4019
4/12/2024 12:30,SPELLUSDT,0.0479,-9.354
4/12/2024 12:30,MAVIAUSDT,0.0406,-9.3134
4/12/2024 16:00,AGIXUSDT,0.0447,-9.2687
4/12/2024 16:00,SKLUSDT,0.0431,-9.2256
4/12/2024 16:00,AIUSDT,0.0479,-9.1777
4/12/2024 16:00,LINAUSDT,0.0483,-9.1294
4/12/2024 16:00,WAXPUSDT,0.042,-9.0874
4/12/2024 16:00,UMAUSDT,0.0436,-9.0438
4/12/2024 16:00,1000XECUSDT,0.0488,-8.995
4/12/2024 16:00,LSKUSDT,0.0434,-8.9516
4/12/2024 16:00,TRUUSDT,0.0494,-8.9022
4/12/2024 16:00,LDOUSDT,0.038,-8.8642
4/12/2024 16:00,ARKUSDT,0.0482,-8.816
4/12/2024 16:00,PYTHUSDT,0.0397,-8.7763
4/12/2024 16:00,LOOMUSDT,0.047,-8.7293
4/12/2024 16:00,SANDUSDT,0.0463,-8.683
4/12/2024 16:00,ZECUSDT,0.0488,-8.6342
4/12/2024 16:00,GALAUSDT,0.0477,-8.5865
4/12/2024 16:00,1000LUNCUSDT,0.04,-8.5465
4/12/2024 16:00,ARBUSDT,0.0469,-8.4996
4/12/2024 16:15,KAVAUSDT,0.05,-8.4496
4/12/2024 17:15,SUSHIUSDT,0.0152,-8.4344
4/13/2024 19:45,BTCUSDT,0.0099,-8.4245
4/13/2024 19:45,BNBUSDT,-0.0054,-8.4299
4/13/2024 19:45,ETHUSDT,0.0159,-8.414
4/14/2024 7:30,GMTUSDT,-0.0269,-8.4409
4/14/2024 10:30,IMXUSDT,-0.0244,-8.4653
4/14/2024 14:00,BNBUSDT,-0.0222,-8.4875
4/14/2024 20:00,MKRUSDT,0.0492,-8.4383
4/14/2024 22:00,MKRUSDT,0.022,-8.4163
4/15/2024 4:00,REEFUSDT,-0.0239,-8.4402
4/15/2024 4:00,BANDUSDT,-0.026,-8.4662
4/15/2024 4:00,C98USDT,-0.0219,-8.4881
4/15/2024 4:30,GMXUSDT,0.0475,-8.4406
4/15/2024 9:15,BTCUSDT,-0.0229,-8.4635
4/15/2024 9:45,GRTUSDT,-0.0211,-8.4846
4/15/2024 10:30,RDNTUSDT,-0.0203,-8.5049
4/15/2024 10:45,BONDUSDT,-0.022,-8.5269
4/15/2024 13:00,SNXUSDT,-0.0225,-8.5494
4/15/2024 17:15,BTCUSDT,0.0495,-8.4999
4/15/2024 17:15,LTCUSDT,-0.0288,-8.5287
4/16/2024 3:30,XMRUSDT,0.0349,-8.4938
4/16/2024 3:30,BTCDOMUSDT,-0.0255,-8.5193
4/16/2024 4:00,BNBUSDT,-0.0201,-8.5394
4/16/2024 15:30,TRXUSDT,-0.0216,-8.561
4/16/2024 20:15,APEUSDT,-0.0225,-8.5835
4/16/2024 20:45,XLMUSDT,-0.023,-8.6065
4/16/2024 21:00,KEYUSDT,-0.0225,-8.629
4/16/2024 21:00,DYMUSDT,-0.0281,-8.6571
4/16/2024 21:00,CVXUSDT,-0.0252,-8.6823
4/16/2024 21:00,BSVUSDT,-0.0228,-8.7051
4/16/2024 21:15,1000LUNCUSDT,-0.0216,-8.7267
4/16/2024 23:15,BOMEUSDT,-0.0238,-8.7505
4/16/2024 23:15,DYDXUSDT,-0.0221,-8.7726
4/17/2024 0:45,QNTUSDT,-0.0209,-8.7935
4/17/2024 10:00,PORTALUSDT,0.0487,-8.7448
4/17/2024 10:00,LINAUSDT,0.0478,-8.697
4/17/2024 10:00,ONEUSDT,0.046,-8.651
4/17/2024 10:00,SXPUSDT,0.0457,-8.6053
4/17/2024 10:00,ARPAUSDT,0.0425,-8.5628
4/17/2024 10:00,MANTAUSDT,0.0467,-8.5161
4/17/2024 10:00,ZILUSDT,0.0493,-8.4668
4/17/2024 10:00,LRCUSDT,0.0472,-8.4196
4/17/2024 11:45,GMXUSDT,0.047,-8.3726
4/17/2024 14:00,LPTUSDT,0.0428,-8.3298
4/17/2024 14:00,UMAUSDT,-0.0255,-8.3553
4/17/2024 14:00,MKRUSDT,-0.0309,-8.3862
4/18/2024 3:00,OMGUSDT,-0.036,-8.4222
4/18/2024 3:00,SLPUSDT,-0.0344,-8.4566
4/18/2024 3:00,LQTYUSDT,-0.024,-8.4806
4/18/2024 3:00,DODOXUSDT,-0.0322,-8.5128
4/18/2024 3:00,ZENUSDT,-0.0223,-8.5351
4/18/2024 4:45,TNSRUSDT,0.0464,-8.4887
4/18/2024 4:45,JASMYUSDT,-0.0211,-8.5098
4/18/2024 11:15,GMXUSDT,-0.0227,-8.5325
4/18/2024 16:15,APEUSDT,-0.0316,-8.5641
4/18/2024 16:15,HFTUSDT,-0.0204,-8.5845
4/18/2024 16:15,AIUSDT,-0.0234,-8.6079
4/18/2024 16:15,YFIUSDT,-0.0227,-8.6306
4/18/2024 22:15,OMUSDT,0.0498,-8.5808
4/18/2024 22:30,1000BONKUSDT,-0.0231,-8.6039
4/18/2024 22:30,HIFIUSDT,-0.0219,-8.6258
4/18/2024 22:30,SOLUSDT,-0.0293,-8.6551
4/18/2024 22:30,FLMUSDT,-0.0239,-8.679
4/18/2024 23:00,UNIUSDT,-0.0202,-8.6992
4/19/2024 0:00,GASUSDT,0.0418,-8.6574
4/19/2024 0:00,IOSTUSDT,0.031,-8.6264
4/19/2024 11:00,1000SHIBUSDT,-0.0297,-8.6561
4/19/2024 11:00,PORTALUSDT,-0.0207,-8.6768
4/19/2024 11:00,STPTUSDT,-0.0203,-8.6971
4/19/2024 11:30,RONINUSDT,-0.0252,-8.7223
4/19/2024 11:30,OPUSDT,-0.0233,-8.7456
4/19/2024 11:30,XEMUSDT,-0.02,-8.7656
4/19/2024 11:30,CVXUSDT,-0.0205,-8.7861
4/19/2024 11:30,XRPUSDT,-0.0214,-8.8075
4/19/2024 11:30,DEFIUSDT,-0.0205,-8.828
4/19/2024 11:30,RDNTUSDT,-0.0209,-8.8489
4/19/2024 11:30,THETAUSDT,-0.0288,-8.8777
4/19/2024 11:30,IDEXUSDT,-0.02,-8.8977
4/19/2024 11:30,TLMUSDT,-0.0213,-8.919
4/19/2024 11:30,LEVERUSDT,-0.0229,-8.9419
4/19/2024 11:30,1000LUNCUSDT,-0.0211,-8.963
4/19/2024 13:30,SPELLUSDT,-0.0208,-8.9838
4/19/2024 13:30,TRXUSDT,0.0453,-8.9385
4/19/2024 19:00,CHZUSDT,-0.0208,-8.9593
4/19/2024 19:00,XRPUSDT,-0.0247,-8.984
4/19/2024 20:00,TAOUSDT,0.0489,-8.9351
4/19/2024 21:15,ETCUSDT,-0.0214,-8.9565
4/19/2024 22:30,HBARUSDT,0.0389,-8.9176
4/20/2024 3:15,ANKRUSDT,0.0484,-8.8692
4/20/2024 4:30,AGIXUSDT,0.0481,-8.8211
4/20/2024 4:30,FETUSDT,0.0468,-8.7743
4/20/2024 4:30,EGLDUSDT,0.0486,-8.7257
4/20/2024 4:30,DENTUSDT,-0.0237,-8.7494
4/20/2024 4:30,SANDUSDT,0.0486,-8.7008
4/20/2024 4:30,MINAUSDT,0.0479,-8.6529
4/20/2024 4:30,RVNUSDT,-0.0205,-8.6734
4/20/2024 5:00,ADAUSDT,0.0498,-8.6236
4/20/2024 5:45,ALGOUSDT,-0.0233,-8.6469
4/20/2024 6:30,IOTAUSDT,-0.0236,-8.6705
4/20/2024 6:30,MAVUSDT,-0.0239,-8.6944
4/20/2024 6:30,WAXPUSDT,-0.021,-8.7154
4/20/2024 6:30,SLPUSDT,-0.0217,-8.7371
4/20/2024 6:30,KNCUSDT,-0.028,-8.7651
4/20/2024 6:30,THETAUSDT,-0.0229,-8.788
4/20/2024 6:30,BADGERUSDT,-0.0208,-8.8088
4/20/2024 6:30,OXTUSDT,-0.0256,-8.8344
4/20/2024 6:30,C98USDT,-0.0308,-8.8652
4/20/2024 6:30,USTCUSDT,-0.0306,-8.8958
4/20/2024 7:30,ZRXUSDT,0.0393,-8.8565
4/20/2024 8:15,WLDUSDT,0.0481,-8.8084
4/20/2024 8:30,KASUSDT,-0.025,-8.8334
4/20/2024 14:45,MINAUSDT,0.0488,-8.7846
4/20/2024 15:15,MEMEUSDT,0.0488,-8.7358
4/20/2024 15:15,KSMUSDT,0.0469,-8.6889
4/20/2024 15:30,CAKEUSDT,0.0297,-8.6592
4/20/2024 15:30,SSVUSDT,0.037,-8.6222
4/20/2024 15:30,STGUSDT,0.0387,-8.5835
4/20/2024 15:30,GLMRUSDT,0.0393,-8.5442
4/20/2024 15:30,LITUSDT,0.0431,-8.5011
4/20/2024 15:30,AAVEUSDT,0.0362,-8.4649
4/20/2024 15:30,1000SHIBUSDT,0.0424,-8.4225
4/20/2024 15:30,1000FLOKIUSDT,0.0262,-8.3963
4/20/2024 15:30,SPELLUSDT,0.019,-8.3773
4/20/2024 15:30,MAVUSDT,0.0336,-8.3437
4/20/2024 15:30,DYMUSDT,0.0392,-8.3045
4/20/2024 15:30,EGLDUSDT,0.0233,-8.2812
4/20/2024 15:30,HOOKUSDT,0.0364,-8.2448
4/20/2024 15:30,BSVUSDT,0.043,-8.2018
4/20/2024 15:30,MTLUSDT,-0.0216,-8.2234
4/20/2024 15:30,1000XECUSDT,0.0306,-8.1928
4/20/2024 15:30,CELOUSDT,0.0463,-8.1465
4/20/2024 15:30,COMBOUSDT,0.0325,-8.114
4/20/2024 15:30,AGLDUSDT,0.0218,-8.0922
4/20/2024 15:30,SXPUSDT,0.0464,-8.0458
4/20/2024 15:30,TRBUSDT,0.0454,-8.0004
4/20/2024 15:30,FXSUSDT,0.0436,-7.9568
4/20/2024 15:30,BLURUSDT,0.0371,-7.9197
4/20/2024 15:30,LQTYUSDT,0.0391,-7.8806
4/20/2024 15:30,WAVESUSDT,0.0334,-7.8472
4/20/2024 15:30,RUNEUSDT,0.0384,-7.8088
4/20/2024 15:30,TWTUSDT,0.0266,-7.7822
4/20/2024 15:30,DODOXUSDT,0.0385,-7.7437
4/20/2024 15:30,JASMYUSDT,0.0382,-7.7055
4/20/2024 15:30,CTSIUSDT,0.0381,-7.6674
4/20/2024 15:30,C98USDT,0.0395,-7.6279
4/20/2024 15:30,ORDIUSDT,0.0105,-7.6174
4/20/2024 15:30,ALPHAUSDT,0.0332,-7.5842
4/20/2024 15:30,CYBERUSDT,0.0362,-7.548
4/20/2024 15:30,RIFUSDT,0.0035,-7.5445
4/20/2024 15:30,ZILUSDT,0.0329,-7.5116
4/20/2024 15:30,LRCUSDT,0.0364,-7.4752
4/20/2024 15:30,ARBUSDT,0.0441,-7.4311
4/20/2024 17:15,DYMUSDT,-0.0273,-7.4584
4/20/2024 19:15,AEVOUSDT,-0.022,-7.4804
4/20/2024 19:45,ZRXUSDT,-0.0209,-7.5013
4/20/2024 20:00,MAGICUSDT,0.0465,-7.4548
4/20/2024 20:00,IOSTUSDT,-0.0209,-7.4757
4/20/2024 20:00,NEARUSDT,0.0466,-7.4291
4/20/2024 20:00,NTRNUSDT,0.0494,-7.3797
4/20/2024 20:00,BLURUSDT,-0.02,-7.3997
4/20/2024 20:00,IDEXUSDT,-0.021,-7.4207
4/20/2024 20:00,SNTUSDT,-0.0211,-7.4418
4/20/2024 20:00,LINKUSDT,-0.0217,-7.4635
4/20/2024 20:00,AVAXUSDT,-0.0221,-7.4856
4/20/2024 20:00,CTSIUSDT,-0.02,-7.5056
4/20/2024 20:30,HOTUSDT,-0.0244,-7.53
4/20/2024 21:00,SUIUSDT,0.0366,-7.4934
4/20/2024 21:00,DASHUSDT,-0.02,-7.5134
4/20/2024 21:30,RSRUSDT,0.0457,-7.4677
4/20/2024 21:45,SUSHIUSDT,-0.0205,-7.4882
4/20/2024 22:15,OPUSDT,-0.0241,-7.5123
4/20/2024 22:15,ONDOUSDT,-0.0291,-7.5414
4/20/2024 23:00,AVAXUSDT,-0.0273,-7.5687
4/20/2024 23:00,CYBERUSDT,-0.0209,-7.5896
4/20/2024 23:15,BICOUSDT,-0.028,-7.6176
4/20/2024 23:15,AGLDUSDT,-0.0201,-7.6377
4/20/2024 23:15,CRVUSDT,-0.0239,-7.6616
4/20/2024 23:15,YFIUSDT,-0.0208,-7.6824
4/20/2024 23:15,BANDUSDT,-0.0214,-7.7038
4/20/2024 23:15,MINAUSDT,-0.0238,-7.7276
4/20/2024 23:15,ARBUSDT,-0.0276,-7.7552
4/21/2024 0:00,NFPUSDT,-0.0208,-7.776
4/21/2024 1:00,FETUSDT,-0.0217,-7.7977
4/21/2024 1:00,BELUSDT,-0.0265,-7.8242
4/21/2024 1:15,NEARUSDT,-0.0206,-7.8448
4/21/2024 2:15,AGIXUSDT,-0.0251,-7.8699
4/21/2024 5:00,RUNEUSDT,0.0376,-7.8323
4/21/2024 8:00,BNBUSDT,-0.0219,-7.8542
4/21/2024 8:00,ZRXUSDT,-0.0248,-7.879
4/21/2024 12:15,KASUSDT,-0.0231,-7.9021
4/21/2024 13:15,NTRNUSDT,-0.0325,-7.9346
4/21/2024 16:00,ENJUSDT,-0.0234,-7.958
4/21/2024 16:00,BATUSDT,-0.0224,-7.9804
4/21/2024 16:00,QNTUSDT,-0.0212,-8.0016
4/21/2024 16:00,LITUSDT,-0.02,-8.0216
4/21/2024 16:00,ALTUSDT,-0.0229,-8.0445
4/21/2024 16:00,STEEMUSDT,-0.0216,-8.0661
4/21/2024 16:00,NMRUSDT,-0.021,-8.0871
4/21/2024 16:00,MANAUSDT,-0.0232,-8.1103
4/21/2024 16:00,DOGEUSDT,-0.0237,-8.134
4/21/2024 16:00,GMTUSDT,-0.0206,-8.1546
4/21/2024 16:00,LQTYUSDT,-0.0211,-8.1757
4/21/2024 16:00,CRVUSDT,-0.02,-8.1957
4/21/2024 16:00,ARKUSDT,-0.0281,-8.2238
4/21/2024 16:00,CELRUSDT,-0.0213,-8.2451
4/21/2024 16:00,DYDXUSDT,-0.0211,-8.2662
4/21/2024 16:00,ETCUSDT,-0.0203,-8.2865
4/21/2024 16:00,GALAUSDT,-0.0233,-8.3098
4/21/2024 16:00,RVNUSDT,-0.0205,-8.3303
4/21/2024 16:00,FILUSDT,-0.022,-8.3523
4/21/2024 16:30,OMGUSDT,-0.0262,-8.3785
4/21/2024 19:45,TIAUSDT,-0.0361,-8.4146
4/21/2024 21:15,TAOUSDT,-0.0241,-8.4387
4/21/2024 22:00,STGUSDT,-0.0211,-8.4598
4/21/2024 23:15,LSKUSDT,0.0319,-8.4279
4/22/2024 0:00,STGUSDT,-0.0204,-8.4483
4/22/2024 0:00,SNXUSDT,-0.023,-8.4713
4/22/2024 0:00,GMXUSDT,-0.025,-8.4963
4/22/2024 0:00,1000BONKUSDT,-0.0294,-8.5257
4/22/2024 0:00,ALPHAUSDT,-0.0247,-8.5504
4/22/2024 3:00,NTRNUSDT,0.0321,-8.5183
4/22/2024 3:00,CRVUSDT,-0.02,-8.5383
4/22/2024 3:30,SNTUSDT,0.0492,-8.4891
4/22/2024 5:45,XAIUSDT,-0.0212,-8.5103
4/22/2024 6:15,CYBERUSDT,-0.0212,-8.5315
4/22/2024 8:15,HIGHUSDT,0.0457,-8.4858
4/22/2024 9:15,UNIUSDT,-0.021,-8.5068
4/22/2024 9:45,PYTHUSDT,-0.0208,-8.5276
4/22/2024 10:00,FLOWUSDT,-0.0226,-8.5502
4/22/2024 12:00,STMXUSDT,-0.0218,-8.572
4/22/2024 14:45,WIFUSDT,-0.02,-8.592
4/22/2024 14:45,FETUSDT,-0.0204,-8.6124
4/22/2024 15:00,RONINUSDT,-0.0251,-8.6375
4/22/2024 15:00,IOTAUSDT,-0.0207,-8.6582
4/22/2024 15:30,NEARUSDT,-0.0206,-8.6788
4/22/2024 16:00,IMXUSDT,0.0446,-8.6342
4/22/2024 17:00,BLZUSDT,-0.0226,-8.6568
4/22/2024 17:15,COMPUSDT,-0.0207,-8.6775
4/22/2024 17:30,KAVAUSDT,-0.0213,-8.6988
4/22/2024 19:45,GASUSDT,-0.0254,-8.7242
4/22/2024 19:45,ALGOUSDT,-0.0226,-8.7468
4/22/2024 19:45,ZRXUSDT,-0.0216,-8.7684
4/22/2024 19:45,VETUSDT,-0.0213,-8.7897
4/22/2024 20:00,IOTAUSDT,-0.0234,-8.8131
4/22/2024 20:00,XVGUSDT,-0.0242,-8.8373
4/22/2024 20:00,SPELLUSDT,-0.02,-8.8573
4/22/2024 20:00,POLYXUSDT,0.0468,-8.8105
4/22/2024 20:00,YFIUSDT,-0.0245,-8.835
4/22/2024 20:00,BCHUSDT,-0.0256,-8.8606
4/22/2024 20:15,GMTUSDT,-0.0219,-8.8825
4/22/2024 20:15,1000XECUSDT,-0.0209,-8.9034
4/22/2024 21:00,RUNEUSDT,-0.0211,-8.9245
4/22/2024 22:00,BSVUSDT,-0.0316,-8.9561
4/22/2024 22:00,VETUSDT,-0.0206,-8.9767
4/22/2024 22:45,MASKUSDT,-0.0208,-8.9975
4/22/2024 22:45,RADUSDT,-0.0262,-9.0237
4/22/2024 22:45,ONEUSDT,-0.0258,-9.0495
4/22/2024 22:45,SXPUSDT,-0.0226,-9.0721
4/22/2024 22:45,FLMUSDT,-0.0261,-9.0982
4/22/2024 22:45,SNTUSDT,-0.0322,-9.1304
4/22/2024 22:45,C98USDT,-0.0245,-9.1549
4/23/2024 0:00,FETUSDT,-0.024,-9.1789
4/23/2024 0:15,CELOUSDT,-0.0214,-9.2003
4/23/2024 0:15,ZENUSDT,-0.0203,-9.2206
4/23/2024 0:30,ICXUSDT,-0.0235,-9.2441
4/23/2024 0:30,REEFUSDT,-0.0212,-9.2653
4/23/2024 0:45,PERPUSDT,-0.022,-9.2873
4/23/2024 4:45,DUSKUSDT,-0.0263,-9.3136
4/23/2024 6:30,METISUSDT,-0.0218,-9.3354
4/23/2024 6:45,ETHFIUSDT,-0.0211,-9.3565
4/23/2024 6:45,STPTUSDT,-0.0202,-9.3767
4/23/2024 6:45,AVAXUSDT,-0.02,-9.3967
4/23/2024 6:45,MINAUSDT,-0.02,-9.4167
4/23/2024 7:15,ETHUSDT,-0.0203,-9.437
4/23/2024 7:30,DYMUSDT,-0.0218,-9.4588
4/23/2024 7:30,STMXUSDT,-0.02,-9.4788
4/23/2024 7:30,MTLUSDT,-0.0203,-9.4991
4/23/2024 7:30,POWRUSDT,-0.0224,-9.5215
4/23/2024 7:30,GLMUSDT,-0.0225,-9.544
4/23/2024 7:30,AEVOUSDT,0.0454,-9.4986
4/23/2024 9:30,IDUSDT,-0.0225,-9.5211
4/23/2024 9:30,TUSDT,-0.0205,-9.5416
4/23/2024 9:30,HBARUSDT,-0.0214,-9.563
4/23/2024 16:00,STGUSDT,-0.0337,-9.5967
4/23/2024 17:00,XEMUSDT,0.05,-9.5467
4/23/2024 17:30,IOTAUSDT,0.0436,-9.5031
4/23/2024 17:30,UMAUSDT,0.0494,-9.4537
4/23/2024 17:30,KAVAUSDT,0.0416,-9.4121
4/23/2024 18:30,CVXUSDT,-0.023,-9.4351
4/23/2024 18:30,LINKUSDT,-0.0245,-9.4596
4/23/2024 19:30,IOTAUSDT,0.0402,-9.4194
4/23/2024 19:30,UMAUSDT,0.0253,-9.3941
4/23/2024 19:30,KAVAUSDT,-0.0258,-9.4199
4/23/2024 19:45,XRPUSDT,-0.0235,-9.4434
4/23/2024 21:00,WLDUSDT,-0.0346,-9.478
4/23/2024 22:00,IOTAUSDT,0.046,-9.432
4/23/2024 22:00,LITUSDT,-0.0236,-9.4556
4/23/2024 22:15,RENUSDT,0.0481,-9.4075
4/23/2024 22:45,CVXUSDT,-0.0223,-9.4298
4/23/2024 22:45,ADAUSDT,-0.022,-9.4518
4/23/2024 23:15,ZILUSDT,0.0489,-9.4029
4/23/2024 23:30,QNTUSDT,0.0459,-9.357
4/24/2024 0:00,MKRUSDT,0.0427,-9.3143
4/24/2024 0:15,GASUSDT,-0.02,-9.3343
4/24/2024 0:15,MAVUSDT,-0.0217,-9.356
4/24/2024 3:00,MINAUSDT,-0.021,-9.377
4/24/2024 3:15,XLMUSDT,-0.0206,-9.3976
4/24/2024 3:15,DOGEUSDT,-0.0245,-9.4221
4/24/2024 3:30,WOOUSDT,0.0487,-9.3734
4/24/2024 3:30,CHZUSDT,0.0393,-9.3341
4/24/2024 4:15,NMRUSDT,0.0467,-9.2874
4/24/2024 4:15,ROSEUSDT,0.0433,-9.2441
4/24/2024 4:30,HFTUSDT,-0.0307,-9.2748
4/24/2024 4:30,ALPHAUSDT,-0.0206,-9.2954
4/24/2024 4:45,XEMUSDT,-0.0298,-9.3252
4/24/2024 4:45,AGLDUSDT,-0.0211,-9.3463
4/24/2024 4:45,DODOXUSDT,-0.0256,-9.3719
4/24/2024 5:15,LSKUSDT,0.0479,-9.324
4/24/2024 5:30,MAVIAUSDT,-0.02,-9.344
4/24/2024 6:30,MANAUSDT,-0.0231,-9.3671
4/24/2024 6:30,XEMUSDT,-0.02,-9.3871
4/24/2024 6:30,GMTUSDT,-0.0204,-9.4075
4/24/2024 6:30,COMBOUSDT,-0.0258,-9.4333
4/24/2024 6:30,ICXUSDT,-0.02,-9.4533
4/24/2024 6:30,AGLDUSDT,-0.0217,-9.475
4/24/2024 6:30,MKRUSDT,-0.0229,-9.4979
4/24/2024 6:30,STORJUSDT,-0.0278,-9.5257
4/24/2024 6:45,BATUSDT,-0.0225,-9.5482
4/24/2024 6:45,XVSUSDT,-0.0217,-9.5699
4/24/2024 7:00,ONEUSDT,-0.022,-9.5919
4/24/2024 7:00,C98USDT,-0.0285,-9.6204
4/24/2024 7:15,DEFIUSDT,-0.0202,-9.6406
4/24/2024 7:45,SUPERUSDT,0.0489,-9.5917
4/24/2024 8:00,BANDUSDT,-0.0203,-9.612
4/24/2024 8:45,RVNUSDT,0.047,-9.565
4/24/2024 9:15,BNBUSDT,-0.0202,-9.5852
4/24/2024 10:45,RENUSDT,-0.0219,-9.6071
4/24/2024 11:15,C98USDT,-0.0203,-9.6274
4/24/2024 11:30,INJUSDT,-0.0223,-9.6497
4/24/2024 18:45,BTCUSDT,-0.0254,-9.6751
4/24/2024 18:45,EGLDUSDT,-0.0202,-9.6953
4/24/2024 18:45,ETHUSDT,-0.0343,-9.7296
4/24/2024 21:00,DYMUSDT,0.0494,-9.6802
4/24/2024 22:15,XLMUSDT,0.0498,-9.6304
4/24/2024 22:15,STRKUSDT,0.0478,-9.5826
4/24/2024 22:30,DOTUSDT,0.0495,-9.5331
4/24/2024 22:30,ROSEUSDT,-0.0207,-9.5538
4/24/2024 22:45,INJUSDT,-0.0216,-9.5754
4/24/2024 22:45,APEUSDT,0.0425,-9.5329
4/24/2024 22:45,BALUSDT,0.0474,-9.4855
4/24/2024 22:45,ALTUSDT,-0.0276,-9.5131
4/24/2024 22:45,NMRUSDT,0.0471,-9.466
4/24/2024 22:45,MANAUSDT,-0.0227,-9.4887
4/24/2024 22:45,PORTALUSDT,0.0456,-9.4431
4/24/2024 22:45,MEMEUSDT,-0.0212,-9.4643
4/24/2024 22:45,LPTUSDT,-0.0202,-9.4845
4/24/2024 22:45,SPELLUSDT,0.042,-9.4425
4/24/2024 22:45,SLPUSDT,0.0427,-9.3998
4/24/2024 22:45,XEMUSDT,0.0473,-9.3525
4/24/2024 22:45,GMTUSDT,0.0476,-9.3049
4/24/2024 22:45,STMXUSDT,0.0452,-9.2597
4/24/2024 22:45,IMXUSDT,0.047,-9.2127
4/24/2024 22:45,CELOUSDT,0.0445,-9.1682
4/24/2024 22:45,BELUSDT,-0.0248,-9.193
4/24/2024 22:45,BLURUSDT,0.0442,-9.1488
4/24/2024 22:45,ETHWUSDT,-0.0285,-9.1773
4/24/2024 22:45,REEFUSDT,-0.025,-9.2023
4/24/2024 22:45,CRVUSDT,-0.0258,-9.2281
4/24/2024 22:45,MOVRUSDT,-0.0276,-9.2557
4/24/2024 22:45,WAVESUSDT,0.0452,-9.2105
4/24/2024 22:45,LTCUSDT,-0.021,-9.2315
4/24/2024 22:45,ALICEUSDT,0.0442,-9.1873
4/24/2024 22:45,RUNEUSDT,-0.0246,-9.2119
4/24/2024 22:45,MDTUSDT,0.0499,-9.162
4/24/2024 22:45,ARKUSDT,0.0462,-9.1158
4/24/2024 22:45,TWTUSDT,-0.0212,-9.137
4/24/2024 22:45,AXSUSDT,0.0472,-9.0898
4/24/2024 22:45,RENUSDT,0.0471,-9.0427
4/24/2024 22:45,LOOMUSDT,-0.0208,-9.0635
4/24/2024 22:45,STPTUSDT,0.0469,-9.0166
4/24/2024 22:45,SNTUSDT,0.0472,-8.9694
4/24/2024 22:45,LINKUSDT,-0.0203,-8.9897
4/24/2024 22:45,RLCUSDT,-0.0261,-9.0158
4/24/2024 22:45,XAIUSDT,-0.0216,-9.0374
4/24/2024 22:45,LUNA2USDT,-0.0235,-9.0609
4/24/2024 22:45,OMUSDT,0.0448,-9.0161
4/24/2024 22:45,1000LUNCUSDT,-0.0213,-9.0374
4/24/2024 22:45,USTCUSDT,-0.0261,-9.0635
4/24/2024 22:45,DASHUSDT,-0.0262,-9.0897
4/24/2024 22:45,LRCUSDT,-0.0222,-9.1119
4/25/2024 0:45,POLYXUSDT,0.05,-9.0619
4/25/2024 1:45,APTUSDT,0.039,-9.0229
4/25/2024 1:45,DYMUSDT,0.0484,-8.9745
4/25/2024 1:45,GMTUSDT,-0.0256,-9.0001
4/25/2024 1:45,POWRUSDT,-0.0239,-9.024
4/25/2024 1:45,IMXUSDT,0.047,-8.977
4/25/2024 1:45,LSKUSDT,-0.0227,-8.9997
4/25/2024 1:45,ICXUSDT,-0.0223,-9.022
4/25/2024 1:45,BLURUSDT,-0.0274,-9.0494
4/25/2024 1:45,KAVAUSDT,-0.0221,-9.0715
4/25/2024 1:45,LQTYUSDT,-0.0298,-9.1013
4/25/2024 1:45,WAVESUSDT,-0.0221,-9.1234
4/25/2024 1:45,XMRUSDT,-0.0238,-9.1472
4/25/2024 1:45,LOOMUSDT,-0.0254,-9.1726
4/25/2024 1:45,DYDXUSDT,-0.0244,-9.197
4/25/2024 1:45,STPTUSDT,-0.0268,-9.2238
4/25/2024 1:45,STORJUSDT,-0.0286,-9.2524
4/25/2024 1:45,KSMUSDT,-0.0215,-9.2739
4/25/2024 2:45,TRXUSDT,0.0498,-9.2241
4/25/2024 3:00,FLOWUSDT,-0.0224,-9.2465
4/25/2024 4:00,DUSKUSDT,-0.0288,-9.2753
4/25/2024 10:00,RONINUSDT,0.0263,-9.249
4/25/2024 10:00,ETHFIUSDT,-0.0206,-9.2696
4/25/2024 10:00,COMPUSDT,-0.0233,-9.2929
4/25/2024 10:00,RADUSDT,-0.0237,-9.3166
4/25/2024 10:00,RSRUSDT,-0.0208,-9.3374
4/25/2024 10:00,KAVAUSDT,-0.0211,-9.3585
4/25/2024 10:00,AXSUSDT,-0.0265,-9.385
4/25/2024 10:00,AVAXUSDT,-0.0244,-9.4094
4/25/2024 10:15,CHZUSDT,-0.0201,-9.4295
4/25/2024 11:15,TRXUSDT,0.0454,-9.3841
4/25/2024 11:45,CKBUSDT,-0.0237,-9.4078
4/25/2024 12:45,YGGUSDT,-0.0213,-9.4291
4/25/2024 12:45,JUPUSDT,-0.0246,-9.4537
4/25/2024 14:00,TRXUSDT,0.0484,-9.4053
4/25/2024 18:45,IOTAUSDT,-0.0249,-9.4302
4/25/2024 18:45,ALTUSDT,-0.0312,-9.4614
4/25/2024 18:45,1INCHUSDT,-0.0204,-9.4818
4/25/2024 18:45,SXPUSDT,-0.021,-9.5028
4/25/2024 19:30,1000LUNCUSDT,0.045,-9.4578
4/25/2024 20:30,CVXUSDT,-0.0206,-9.4784
4/25/2024 20:30,REEFUSDT,-0.0271,-9.5055
4/25/2024 20:30,ANKRUSDT,-0.0206,-9.5261
4/25/2024 20:45,BIGTIMEUSDT,-0.0222,-9.5483
4/25/2024 20:45,XMRUSDT,-0.0217,-9.57
4/25/2024 21:15,NMRUSDT,-0.0201,-9.5901
4/25/2024 21:15,APTUSDT,-0.0204,-9.6105
4/26/2024 0:15,SAGAUSDT,0.0479,-9.5626
4/26/2024 0:30,AXLUSDT,0.0401,-9.5225
4/26/2024 10:15,RONINUSDT,0.0409,-9.4816
4/26/2024 10:15,RADUSDT,-0.0249,-9.5065
4/26/2024 10:30,EDUUSDT,-0.021,-9.5275
4/26/2024 10:30,SNXUSDT,-0.02,-9.5475
4/26/2024 10:45,ASTRUSDT,-0.0238,-9.5713
4/26/2024 10:45,FETUSDT,-0.0229,-9.5942
4/26/2024 10:45,TAOUSDT,0.0492,-9.545
4/26/2024 10:45,JASMYUSDT,-0.0263,-9.5713
4/26/2024 10:45,COTIUSDT,-0.022,-9.5933
4/26/2024 12:15,AEVOUSDT,-0.0237,-9.617
4/26/2024 12:45,GALAUSDT,-0.02,-9.637
4/26/2024 12:45,HOTUSDT,-0.0224,-9.6594
4/26/2024 13:00,NMRUSDT,-0.0252,-9.6846
4/26/2024 13:00,GMXUSDT,-0.0238,-9.7084
4/26/2024 13:00,LINAUSDT,-0.0247,-9.7331
4/26/2024 13:00,METISUSDT,-0.0218,-9.7549
4/26/2024 13:00,CFXUSDT,-0.0216,-9.7765
4/26/2024 13:00,HBARUSDT,-0.0276,-9.8041
4/26/2024 13:00,RLCUSDT,-0.0272,-9.8313
4/26/2024 13:00,KSMUSDT,-0.0208,-9.8521
4/26/2024 14:00,XMRUSDT,-0.0215,-9.8736
4/26/2024 15:45,TRXUSDT,-0.0214,-9.895
4/26/2024 20:00,NKNUSDT,-0.0207,-9.9157
4/26/2024 20:00,CRVUSDT,-0.02,-9.9357
4/26/2024 20:00,STPTUSDT,-0.0217,-9.9574
4/26/2024 20:00,OXTUSDT,-0.026,-9.9834
4/26/2024 21:45,LOOMUSDT,0.041,-9.9424
4/26/2024 22:15,TAOUSDT,0.0348,-9.9076
4/26/2024 22:15,CELOUSDT,0.0302,-9.8774
4/26/2024 22:30,LSKUSDT,0.0449,-9.8325
4/27/2024 0:15,SNXUSDT,0.047,-9.7855
4/27/2024 0:15,UMAUSDT,-0.0233,-9.8088
4/27/2024 0:15,ORBSUSDT,0.0367,-9.7721
4/27/2024 0:15,BNBUSDT,0.0466,-9.7255
4/27/2024 0:15,WUSDT,0.0496,-9.6759
4/27/2024 0:15,SOLUSDT,0.0495,-9.6264
4/27/2024 0:15,XTZUSDT,0.05,-9.5764
4/27/2024 0:30,ETHFIUSDT,0.0377,-9.5387
4/27/2024 0:30,OMGUSDT,0.0355,-9.5032
4/27/2024 0:30,GLMRUSDT,0.0338,-9.4694
4/27/2024 0:30,NFPUSDT,0.0428,-9.4266
4/27/2024 0:30,STEEMUSDT,0.04,-9.3866
4/27/2024 0:30,FETUSDT,-0.0221,-9.4087
4/27/2024 0:30,NMRUSDT,0.0397,-9.369
4/27/2024 0:30,XVGUSDT,0.0332,-9.3358
4/27/2024 0:30,BIGTIMEUSDT,0.0235,-9.3123
4/27/2024 0:30,WAXPUSDT,0.0425,-9.2698
4/27/2024 0:30,SLPUSDT,0.0333,-9.2365
4/27/2024 0:30,XEMUSDT,-0.0234,-9.2599
4/27/2024 0:30,RSRUSDT,-0.0244,-9.2843
4/27/2024 0:30,DOTUSDT,0.0406,-9.2437
4/27/2024 0:30,COMBOUSDT,0.0459,-9.1978
4/27/2024 0:30,ONDOUSDT,0.0436,-9.1542
4/27/2024 0:30,1000RATSUSDT,0.0366,-9.1176
4/27/2024 0:30,SXPUSDT,0.0334,-9.0842
4/27/2024 0:30,TRUUSDT,0.0374,-9.0468
4/27/2024 0:30,FLMUSDT,0.0267,-9.0201
4/27/2024 0:30,WAVESUSDT,0.0348,-8.9853
4/27/2024 0:30,MDTUSDT,0.0327,-8.9526
4/27/2024 0:30,JUPUSDT,0.0355,-8.9171
4/27/2024 0:30,TLMUSDT,0.0392,-8.8779
4/27/2024 0:30,DYDXUSDT,0.0484,-8.8295
4/27/2024 0:30,DODOXUSDT,0.0359,-8.7936
4/27/2024 0:30,AVAXUSDT,0.0363,-8.7573
4/27/2024 0:30,KSMUSDT,-0.0273,-8.7846
4/27/2024 0:30,CYBERUSDT,0.0412,-8.7434
4/27/2024 0:30,OGNUSDT,0.0359,-8.7075
4/27/2024 7:30,ONGUSDT,0.0463,-8.6612
4/27/2024 8:00,OMUSDT,-0.0213,-8.6825
4/27/2024 10:45,APEUSDT,-0.0239,-8.7064
4/27/2024 12:00,SXPUSDT,-0.0453,-8.7517
4/27/2024 13:15,AGLDUSDT,-0.0216,-8.7733
4/27/2024 13:45,SUIUSDT,-0.0201,-8.7934
4/27/2024 15:15,WUSDT,0.0447,-8.7487
4/27/2024 16:15,ATAUSDT,-0.0232,-8.7719
4/27/2024 17:15,ETHUSDT,0.0429,-8.729
4/27/2024 23:00,SUSHIUSDT,0.0475,-8.6815
4/27/2024 23:15,MANAUSDT,0.0488,-8.6327
4/27/2024 23:15,LSKUSDT,0.0447,-8.588
4/28/2024 0:00,IDUSDT,0.0101,-8.5779
4/28/2024 0:00,ONTUSDT,-0.0334,-8.6113
4/28/2024 1:30,WIFUSDT,-0.0274,-8.6387
4/28/2024 1:30,1000SHIBUSDT,-0.0206,-8.6593
4/28/2024 1:45,TAOUSDT,-0.0206,-8.6799
4/28/2024 2:30,BCHUSDT,-0.0208,-8.7007
4/28/2024 2:45,BNBUSDT,-0.0267,-8.7274
4/28/2024 2:45,ZECUSDT,-0.0262,-8.7536
4/28/2024 2:45,LINKUSDT,-0.032,-8.7856
4/28/2024 2:45,HOTUSDT,0.0436,-8.742
4/28/2024 5:15,LQTYUSDT,-0.0254,-8.7674
4/28/2024 5:45,TAOUSDT,-0.0212,-8.7886
4/28/2024 5:45,BNTUSDT,-0.0236,-8.8122
4/28/2024 6:15,XLMUSDT,-0.0257,-8.8379
4/28/2024 6:15,ETCUSDT,-0.0222,-8.8601
4/28/2024 6:15,OMUSDT,-0.0226,-8.8827
4/28/2024 6:30,GALAUSDT,-0.0235,-8.9062
4/28/2024 6:45,EOSUSDT,-0.0299,-8.9361
4/28/2024 7:00,TRBUSDT,-0.0251,-8.9612
4/28/2024 7:00,ETHUSDT,-0.0215,-8.9827
4/28/2024 7:00,CELRUSDT,-0.022,-9.0047
4/28/2024 10:30,TRXUSDT,-0.0275,-9.0322
4/28/2024 15:00,ARUSDT,-0.0277,-9.0599
4/28/2024 15:00,VANRYUSDT,-0.0273,-9.0872
4/28/2024 18:15,MKRUSDT,-0.0269,-9.1141
4/28/2024 18:45,BATUSDT,-0.0287,-9.1428
4/28/2024 18:45,QTUMUSDT,-0.0235,-9.1663
4/28/2024 18:45,ASTRUSDT,-0.0233,-9.1896
4/28/2024 18:45,APTUSDT,-0.0242,-9.2138
4/28/2024 18:45,ORBSUSDT,-0.0293,-9.2431
4/28/2024 18:45,BSVUSDT,-0.0301,-9.2732
4/28/2024 18:45,KLAYUSDT,-0.0288,-9.302
4/28/2024 18:45,SUPERUSDT,-0.0369,-9.3389
4/28/2024 18:45,WAVESUSDT,-0.0229,-9.3618
4/28/2024 18:45,RUNEUSDT,-0.0205,-9.3823
4/28/2024 18:45,DYDXUSDT,-0.0236,-9.4059
4/28/2024 18:45,BAKEUSDT,-0.0258,-9.4317
4/28/2024 18:45,ZENUSDT,-0.0258,-9.4575
4/28/2024 21:15,TRBUSDT,-0.0231,-9.4806
4/28/2024 21:45,CELOUSDT,0.05,-9.4306
4/28/2024 22:00,WIFUSDT,0.0366,-9.394
4/28/2024 22:00,NFPUSDT,0.0347,-9.3593
4/28/2024 22:00,STEEMUSDT,0.0471,-9.3122
4/28/2024 22:00,TIAUSDT,0.0314,-9.2808
4/28/2024 22:00,1000FLOKIUSDT,0.0409,-9.2399
4/28/2024 22:00,1000BONKUSDT,0.0364,-9.2035
4/28/2024 22:00,BELUSDT,0.0477,-9.1558
4/28/2024 22:00,IDEXUSDT,0.047,-9.1088
4/28/2024 22:00,ZRXUSDT,0.0387,-9.0701
4/28/2024 22:00,ZILUSDT,0.0332,-9.0369
4/29/2024 1:00,STGUSDT,0.0488,-8.9881
4/29/2024 2:15,ENAUSDT,0.0486,-8.9395
4/29/2024 2:30,WOOUSDT,0.045,-8.8945
4/29/2024 2:30,ACEUSDT,0.0426,-8.8519
4/29/2024 2:30,WLDUSDT,-0.0203,-8.8722
4/29/2024 2:30,1000BONKUSDT,-0.0288,-8.901
4/29/2024 2:30,JOEUSDT,0.0437,-8.8573
4/29/2024 2:30,IOTXUSDT,0.0428,-8.8145
4/29/2024 2:30,DOGEUSDT,0.048,-8.7665
4/29/2024 2:30,KLAYUSDT,0.0459,-8.7206
4/29/2024 2:30,ICXUSDT,-0.0206,-8.7412
4/29/2024 2:30,AGLDUSDT,0.0411,-8.7001
4/29/2024 2:30,FXSUSDT,0.047,-8.6531
4/29/2024 2:30,KNCUSDT,0.0439,-8.6092
4/29/2024 2:30,BLURUSDT,0.0497,-8.5595
4/29/2024 2:30,ETHUSDT,0.0395,-8.52
4/29/2024 2:30,SUIUSDT,0.0462,-8.4738
4/29/2024 2:30,ARKUSDT,0.0471,-8.4267
4/29/2024 2:30,DYDXUSDT,-0.0228,-8.4495
4/29/2024 2:30,AVAXUSDT,-0.0202,-8.4697
4/29/2024 2:30,MANTAUSDT,-0.027,-8.4967
4/29/2024 2:30,BCHUSDT,0.0495,-8.4472
4/29/2024 2:30,ADAUSDT,0.0486,-8.3986
4/29/2024 2:30,1000LUNCUSDT,0.0491,-8.3495
4/29/2024 2:30,CYBERUSDT,-0.022,-8.3715
4/29/2024 3:45,SFPUSDT,-0.0205,-8.392
4/29/2024 5:15,TAOUSDT,0.0453,-8.3467
4/29/2024 6:00,API3USDT,0.0458,-8.3009
4/29/2024 6:15,IOTAUSDT,-0.0241,-8.325
4/29/2024 6:15,EDUUSDT,-0.0212,-8.3462
4/29/2024 6:15,IDUSDT,-0.0238,-8.37
4/29/2024 6:15,GASUSDT,-0.022,-8.392
4/29/2024 6:15,KEYUSDT,0.0485,-8.3435
4/29/2024 6:15,JOEUSDT,-0.0237,-8.3672
4/29/2024 6:15,LPTUSDT,-0.021,-8.3882
4/29/2024 6:15,SPELLUSDT,-0.0257,-8.4139
4/29/2024 6:15,HIFIUSDT,0.0454,-8.3685
4/29/2024 6:15,CVXUSDT,0.0479,-8.3206
4/29/2024 6:15,GMTUSDT,0.049,-8.2716
4/29/2024 6:15,STMXUSDT,-0.0234,-8.295
4/29/2024 6:15,BSVUSDT,-0.0236,-8.3186
4/29/2024 6:15,MTLUSDT,-0.0201,-8.3387
4/29/2024 6:15,IMXUSDT,-0.0264,-8.3651
4/29/2024 6:15,NTRNUSDT,0.0425,-8.3226
4/29/2024 6:15,DOTUSDT,0.0421,-8.2805
4/29/2024 6:15,XVSUSDT,-0.0227,-8.3032
4/29/2024 6:15,PERPUSDT,-0.0222,-8.3254
4/29/2024 6:15,TRBUSDT,-0.023,-8.3484
4/29/2024 6:15,KNCUSDT,-0.0202,-8.3686
4/29/2024 6:15,NKNUSDT,-0.0229,-8.3915
4/29/2024 6:15,KAVAUSDT,-0.0245,-8.416
4/29/2024 6:15,LTCUSDT,-0.0202,-8.4362
4/29/2024 6:15,YGGUSDT,-0.0291,-8.4653
4/29/2024 6:15,ATOMUSDT,-0.02,-8.4853
4/29/2024 6:15,PYTHUSDT,-0.0224,-8.5077
4/29/2024 6:15,RENUSDT,-0.0298,-8.5375
4/29/2024 6:15,TLMUSDT,-0.0223,-8.5598
4/29/2024 6:15,SNTUSDT,0.0476,-8.5122
4/29/2024 6:15,FLOWUSDT,-0.0226,-8.5348
4/29/2024 6:15,JTOUSDT,-0.0207,-8.5555
4/29/2024 6:15,ALGOUSDT,-0.0242,-8.5797
4/29/2024 6:15,C98USDT,-0.0208,-8.6005
4/29/2024 6:15,ORDIUSDT,-0.0213,-8.6218
4/29/2024 6:15,TONUSDT,-0.0255,-8.6473
4/29/2024 6:15,LUNA2USDT,-0.0212,-8.6685
4/29/2024 6:15,ZENUSDT,-0.021,-8.6895
4/29/2024 6:15,LRCUSDT,-0.0205,-8.71
4/29/2024 6:15,ARBUSDT,0.049,-8.661
4/29/2024 6:30,DUSKUSDT,-0.0271,-8.6881
4/29/2024 6:30,RONINUSDT,-0.0223,-8.7104
4/29/2024 6:30,STGUSDT,-0.023,-8.7334
4/29/2024 6:30,OMGUSDT,-0.0239,-8.7573
4/29/2024 6:30,NFPUSDT,-0.0215,-8.7788
4/29/2024 6:30,UNIUSDT,-0.0214,-8.8002
4/29/2024 6:30,GTCUSDT,-0.0265,-8.8267
4/29/2024 6:30,BNBUSDT,-0.0225,-8.8492
4/29/2024 6:30,DEFIUSDT,-0.026,-8.8752
4/29/2024 6:30,ICXUSDT,-0.0216,-8.8968
4/29/2024 6:30,RDNTUSDT,-0.026,-8.9228
4/29/2024 6:30,IDEXUSDT,0.0455,-8.8773
4/29/2024 6:30,DYDXUSDT,-0.0244,-8.9017
4/29/2024 6:30,ZECUSDT,-0.0245,-8.9262
4/29/2024 6:30,AVAXUSDT,-0.0223,-8.9485
4/29/2024 6:30,XAIUSDT,-0.0222,-8.9707
4/29/2024 6:30,ADAUSDT,-0.0247,-8.9954
4/29/2024 6:30,CYBERUSDT,-0.0252,-9.0206
4/29/2024 6:30,RIFUSDT,-0.0244,-9.045
4/29/2024 6:30,FILUSDT,-0.0217,-9.0667
4/29/2024 6:30,DASHUSDT,-0.0219,-9.0886
4/29/2024 9:30,HFTUSDT,-0.0205,-9.1091
4/29/2024 10:30,WOOUSDT,-0.0224,-9.1315
4/29/2024 10:30,BEAMXUSDT,-0.0213,-9.1528
4/29/2024 10:30,UMAUSDT,-0.0222,-9.175
4/29/2024 10:30,SUPERUSDT,-0.0225,-9.1975
4/29/2024 10:30,IDEXUSDT,-0.0258,-9.2233
4/29/2024 10:45,NMRUSDT,0.0469,-9.1764
4/29/2024 10:45,MOVRUSDT,-0.025,-9.2014
4/29/2024 11:30,SNXUSDT,-0.02,-9.2214
4/29/2024 13:30,BALUSDT,0.047,-9.1744
4/29/2024 13:30,SNXUSDT,-0.023,-9.1974
4/29/2024 13:30,AAVEUSDT,-0.0213,-9.2187
4/29/2024 13:30,DEFIUSDT,-0.0217,-9.2404
4/29/2024 13:30,ETHUSDT,-0.0233,-9.2637
4/29/2024 13:30,KASUSDT,-0.0203,-9.284
4/29/2024 16:15,LDOUSDT,-0.0329,-9.3169
4/29/2024 17:15,QNTUSDT,-0.0224,-9.3393
4/29/2024 17:15,BTCUSDT,-0.0207,-9.36
4/29/2024 19:45,ARKUSDT,-0.0203,-9.3803
4/29/2024 20:00,DASHUSDT,-0.0263,-9.4066
4/29/2024 20:30,TUSDT,-0.0219,-9.4285
4/29/2024 21:00,ETHWUSDT,-0.0248,-9.4533
4/30/2024 0:15,BNBUSDT,-0.0209,-9.4742
4/30/2024 0:30,FLMUSDT,-0.0249,-9.4991
4/30/2024 0:30,ADAUSDT,-0.0227,-9.5218
4/30/2024 0:30,ALPHAUSDT,-0.024,-9.5458
4/30/2024 0:45,AUCTIONUSDT,-0.0256,-9.5714
4/30/2024 0:45,ENJUSDT,-0.0235,-9.5949
4/30/2024 0:45,QNTUSDT,-0.0243,-9.6192
4/30/2024 0:45,GRTUSDT,-0.0203,-9.6395
4/30/2024 0:45,MASKUSDT,-0.0225,-9.662
4/30/2024 0:45,NFPUSDT,-0.0211,-9.6831
4/30/2024 0:45,BTCUSDT,-0.0336,-9.7167
4/30/2024 0:45,AAVEUSDT,-0.0204,-9.7371
4/30/2024 0:45,UNIUSDT,-0.0203,-9.7574
4/30/2024 0:45,OMNIUSDT,-0.0262,-9.7836
4/30/2024 0:45,BEAMXUSDT,-0.0203,-9.8039
4/30/2024 0:45,1000SHIBUSDT,-0.0257,-9.8296
4/30/2024 0:45,SPELLUSDT,-0.022,-9.8516
4/30/2024 0:45,BNTUSDT,-0.0226,-9.8742
4/30/2024 0:45,WAXPUSDT,-0.0211,-9.8953
4/30/2024 0:45,SLPUSDT,-0.0256,-9.9209
4/30/2024 0:45,DEFIUSDT,-0.0229,-9.9438
4/30/2024 0:45,NTRNUSDT,-0.0222,-9.966
4/30/2024 0:45,SUPERUSDT,-0.026,-9.992
4/30/2024 0:45,XVSUSDT,-0.0211,-10.0131
4/30/2024 0:45,SXPUSDT,-0.0228,-10.0359
4/30/2024 0:45,TRBUSDT,-0.025,-10.0609
4/30/2024 0:45,FXSUSDT,-0.0206,-10.0815
4/30/2024 0:45,KNCUSDT,-0.0223,-10.1038
4/30/2024 0:45,ARPAUSDT,-0.0208,-10.1246
4/30/2024 0:45,NKNUSDT,-0.0209,-10.1455
4/30/2024 0:45,SOLUSDT,-0.0251,-10.1706
4/30/2024 0:45,REEFUSDT,-0.0212,-10.1918
4/30/2024 0:45,API3USDT,-0.0206,-10.2124
4/30/2024 0:45,KAVAUSDT,-0.021,-10.2334
4/30/2024 0:45,ETHUSDT,-0.0249,-10.2583
4/30/2024 0:45,MOVRUSDT,-0.0204,-10.2787
4/30/2024 0:45,RUNEUSDT,-0.0311,-10.3098
4/30/2024 0:45,TWTUSDT,-0.0206,-10.3304
4/30/2024 0:45,ATOMUSDT,-0.0217,-10.3521
4/30/2024 0:45,JUPUSDT,-0.0245,-10.3766
4/30/2024 0:45,BADGERUSDT,-0.0243,-10.4009
4/30/2024 0:45,BAKEUSDT,-0.0231,-10.424
4/30/2024 0:45,FLOWUSDT,-0.0228,-10.4468
4/30/2024 0:45,LINKUSDT,-0.0207,-10.4675
4/30/2024 0:45,ALGOUSDT,-0.02,-10.4875
4/30/2024 0:45,OXTUSDT,-0.0206,-10.5081
4/30/2024 0:45,CYBERUSDT,-0.0207,-10.5288
4/30/2024 0:45,RIFUSDT,-0.0214,-10.5502
4/30/2024 0:45,ZENUSDT,-0.0264,-10.5766
4/30/2024 0:45,LRCUSDT,-0.0232,-10.5998
4/30/2024 3:45,STEEMUSDT,0.0447,-10.5551
4/30/2024 5:00,TRXUSDT,-0.0218,-10.5769
4/30/2024 7:30,GRTUSDT,0.0455,-10.5314
4/30/2024 7:30,HIFIUSDT,0.05,-10.4814
4/30/2024 7:30,ONEUSDT,0.0473,-10.4341
4/30/2024 7:45,AGIXUSDT,0.0488,-10.3853
4/30/2024 7:45,SKLUSDT,0.0473,-10.338
4/30/2024 7:45,SNXUSDT,0.05,-10.288
4/30/2024 7:45,BEAMXUSDT,0.0494,-10.2386
4/30/2024 7:45,ACHUSDT,0.0469,-10.1917
4/30/2024 7:45,XTZUSDT,0.0475,-10.1442
4/30/2024 7:45,RLCUSDT,0.0483,-10.0959
4/30/2024 7:45,COTIUSDT,0.0461,-10.0498
4/30/2024 8:00,INJUSDT,0.0436,-10.0062
4/30/2024 8:00,CHRUSDT,0.0423,-9.9639
4/30/2024 8:00,WIFUSDT,0.0446,-9.9193
4/30/2024 8:00,OMNIUSDT,0.0383,-9.881
4/30/2024 8:00,1000XECUSDT,0.0402,-9.8408
4/30/2024 8:00,TRUUSDT,0.0494,-9.7914
4/30/2024 8:00,CRVUSDT,0.0422,-9.7492
4/30/2024 8:00,ETHUSDT,0.0416,-9.7076
4/30/2024 8:30,TUSDT,0.0372,-9.6704
4/30/2024 8:30,SUIUSDT,0.0457,-9.6247
4/30/2024 11:30,WIFUSDT,0.0387,-9.586
4/30/2024 11:30,NEOUSDT,0.0468,-9.5392
4/30/2024 12:00,CKBUSDT,0.0342,-9.505
4/30/2024 15:15,STGUSDT,-0.0212,-9.5262
4/30/2024 15:15,AXLUSDT,-0.0204,-9.5466
4/30/2024 15:15,RENUSDT,0.0491,-9.4975
4/30/2024 15:15,HOTUSDT,-0.0223,-9.5198
4/30/2024 19:15,METISUSDT,-0.0219,-9.5417
4/30/2024 19:15,ICXUSDT,-0.0231,-9.5648
5/1/2024 0:00,SFPUSDT,-0.0247,-9.5895
5/1/2024 2:15,TRXUSDT,-0.0243,-9.6138
5/1/2024 4:00,DOTUSDT,-0.0216,-9.6354
5/1/2024 6:45,QTUMUSDT,0.0446,-9.5908
5/1/2024 9:00,BTCDOMUSDT,0.0492,-9.5416
5/1/2024 13:00,BTCDOMUSDT,0.0499,-9.4917
5/1/2024 17:45,TUSDT,0.0464,-9.4453
5/1/2024 19:45,BTCDOMUSDT,-0.0301,-9.4754
5/2/2024 4:45,DOGEUSDT,-0.0205,-9.4959
5/2/2024 4:45,PIXELUSDT,-0.0293,-9.5252
5/2/2024 6:00,SFPUSDT,-0.0272,-9.5524
5/2/2024 7:45,XLMUSDT,-0.0333,-9.5857
5/2/2024 10:00,ONDOUSDT,0.05,-9.5357
5/2/2024 10:00,API3USDT,0.049,-9.4867
5/2/2024 10:45,1000SHIBUSDT,0.0467,-9.44
5/2/2024 10:45,ENSUSDT,0.0493,-9.3907
5/2/2024 10:45,EOSUSDT,0.05,-9.3407
5/2/2024 11:00,APEUSDT,0.0478,-9.2929
5/2/2024 11:00,BALUSDT,0.0446,-9.2483
5/2/2024 11:00,DYMUSDT,-0.0251,-9.2734
5/2/2024 11:00,NTRNUSDT,-0.0206,-9.294
5/2/2024 14:15,BLZUSDT,0.0406,-9.2534
5/2/2024 14:30,ASTRUSDT,-0.0297,-9.2831
5/2/2024 14:30,BTCUSDT,0.0468,-9.2363
5/2/2024 14:30,LINAUSDT,0.0455,-9.1908
5/2/2024 14:30,ENSUSDT,0.0477,-9.1431
5/2/2024 14:30,IMXUSDT,0.042,-9.1011
5/2/2024 14:30,AXSUSDT,0.0481,-9.053
5/2/2024 14:30,STORJUSDT,0.0421,-9.0109
5/2/2024 14:30,USTCUSDT,0.0342,-8.9767
5/2/2024 14:30,PIXELUSDT,0.0423,-8.9344
5/2/2024 15:00,XEMUSDT,0.047,-8.8874
5/2/2024 16:15,CHZUSDT,-0.0236,-8.911
5/2/2024 17:00,IOTAUSDT,-0.0209,-8.9319
5/2/2024 17:00,QTUMUSDT,-0.02,-8.9519
5/2/2024 17:00,ARKUSDT,0.0427,-8.9092
5/2/2024 17:00,UNFIUSDT,0.0486,-8.8606
5/2/2024 17:15,ENJUSDT,-0.0232,-8.8838
5/2/2024 17:15,BONDUSDT,0.0491,-8.8347
5/2/2024 17:15,GASUSDT,-0.0255,-8.8602
5/2/2024 17:15,RADUSDT,0.0475,-8.8127
5/2/2024 17:15,LINAUSDT,0.0264,-8.7863
5/2/2024 17:15,HIFIUSDT,0.0465,-8.7398
5/2/2024 17:15,SLPUSDT,-0.0215,-8.7613
5/2/2024 17:15,GMTUSDT,-0.0241,-8.7854
5/2/2024 17:15,IMXUSDT,0.0461,-8.7393
5/2/2024 17:15,1000XECUSDT,0.0421,-8.6972
5/2/2024 17:15,ICXUSDT,0.049,-8.6482
5/2/2024 17:15,ARPAUSDT,-0.0207,-8.6689
5/2/2024 17:15,LOOMUSDT,-0.0218,-8.6907
5/2/2024 17:15,TLMUSDT,-0.0229,-8.7136
5/2/2024 17:15,MKRUSDT,-0.0218,-8.7354
5/2/2024 17:15,XAIUSDT,0.0474,-8.688
5/2/2024 17:15,RIFUSDT,-0.022,-8.71
5/2/2024 17:45,OMGUSDT,0.0485,-8.6615
5/2/2024 18:30,GLMRUSDT,-0.0331,-8.6946
5/2/2024 18:30,LTCUSDT,-0.0237,-8.7183
5/2/2024 18:30,RVNUSDT,0.0445,-8.6738
5/2/2024 19:45,ENJUSDT,-0.0253,-8.6991
5/2/2024 19:45,RONINUSDT,0.0453,-8.6538
5/2/2024 20:00,MAVUSDT,-0.0243,-8.6781
5/2/2024 20:00,HIFIUSDT,0.0469,-8.6312
5/2/2024 20:00,EOSUSDT,-0.0228,-8.654
5/2/2024 20:00,YFIUSDT,-0.0224,-8.6764
5/2/2024 20:00,DENTUSDT,0.0484,-8.628
5/2/2024 20:00,TLMUSDT,-0.0232,-8.6512
5/2/2024 21:30,PENDLEUSDT,0.0483,-8.6029
5/2/2024 21:30,MAVUSDT,-0.023,-8.6259
5/2/2024 21:30,KNCUSDT,-0.0225,-8.6484
5/2/2024 21:30,YFIUSDT,-0.0206,-8.669
5/3/2024 1:00,OPUSDT,-0.0348,-8.7038
5/3/2024 1:00,KAVAUSDT,-0.0209,-8.7247
5/3/2024 1:30,TWTUSDT,-0.0241,-8.7488
5/3/2024 3:15,CYBERUSDT,0.0459,-8.7029
5/3/2024 3:45,OMUSDT,-0.0247,-8.7276
5/3/2024 4:15,PYTHUSDT,-0.0216,-8.7492
5/3/2024 7:30,ONTUSDT,-0.0215,-8.7707
5/3/2024 9:00,ONGUSDT,-0.0221,-8.7928
5/3/2024 9:00,XMRUSDT,-0.0244,-8.8172
5/3/2024 9:00,ADAUSDT,-0.0248,-8.842
5/3/2024 9:15,WAVESUSDT,-0.0209,-8.8629
5/3/2024 10:00,YFIUSDT,-0.0217,-8.8846
5/3/2024 10:30,AUCTIONUSDT,-0.0259,-8.9105
5/3/2024 10:30,QNTUSDT,-0.0233,-8.9338
5/3/2024 10:30,GASUSDT,-0.0283,-8.9621
5/3/2024 10:30,IOSTUSDT,-0.0328,-8.9949
5/3/2024 10:30,JOEUSDT,-0.0302,-9.0251
5/3/2024 10:30,DYMUSDT,-0.037,-9.0621
5/3/2024 10:30,BELUSDT,-0.0272,-9.0893
5/3/2024 10:30,BANDUSDT,-0.0297,-9.119
5/3/2024 10:30,ZECUSDT,-0.0283,-9.1473
5/3/2024 10:30,KSMUSDT,-0.0293,-9.1766
5/3/2024 10:30,ATAUSDT,-0.0242,-9.2008
5/3/2024 15:30,NFPUSDT,0.0462,-9.1546
5/3/2024 15:30,WLDUSDT,0.0315,-9.1231
5/3/2024 15:30,SUSHIUSDT,0.0444,-9.0787
5/3/2024 15:30,PYTHUSDT,0.0422,-9.0365
5/3/2024 15:30,ARBUSDT,-0.0221,-9.0586
5/3/2024 15:45,ONEUSDT,0.0464,-9.0122
5/3/2024 15:45,XRPUSDT,0.047,-8.9652
5/3/2024 15:45,FLMUSDT,-0.0216,-8.9868
5/3/2024 15:45,ACHUSDT,0.0489,-8.9379
5/3/2024 16:00,1INCHUSDT,0.049,-8.8889
5/3/2024 16:00,DYMUSDT,-0.0243,-8.9132
5/3/2024 16:00,BNBUSDT,0.0494,-8.8638
5/3/2024 16:00,NEOUSDT,0.0467,-8.8171
5/3/2024 16:00,BELUSDT,0.0494,-8.7677
5/3/2024 16:00,MDTUSDT,0.0484,-8.7193
5/3/2024 16:00,ROSEUSDT,-0.0235,-8.7428
5/3/2024 16:00,ANKRUSDT,-0.0216,-8.7644
5/3/2024 16:00,COTIUSDT,0.0499,-8.7145
5/3/2024 16:00,CTSIUSDT,0.0494,-8.6651
5/3/2024 16:00,ZRXUSDT,0.0443,-8.6208
5/3/2024 16:00,LUNA2USDT,0.0484,-8.5724
5/3/2024 16:00,CYBERUSDT,-0.023,-8.5954
5/3/2024 16:15,APEUSDT,-0.0231,-8.6185
5/3/2024 16:15,AUCTIONUSDT,-0.0274,-8.6459
5/3/2024 16:15,QNTUSDT,-0.02,-8.6659
5/3/2024 16:15,OMGUSDT,-0.024,-8.6899
5/3/2024 16:15,CHZUSDT,-0.0232,-8.7131
5/3/2024 16:15,LINAUSDT,0.0468,-8.6663
5/3/2024 16:15,AGLDUSDT,-0.021,-8.6873
5/3/2024 16:15,RENUSDT,-0.0207,-8.708
5/3/2024 16:15,MINAUSDT,0.0471,-8.6609
5/3/2024 16:15,GALAUSDT,0.0449,-8.616
5/3/2024 16:15,C98USDT,-0.0217,-8.6377
5/3/2024 16:15,ALPHAUSDT,-0.021,-8.6587
5/3/2024 16:15,ZILUSDT,0.0456,-8.6131
5/3/2024 16:15,RVNUSDT,0.0495,-8.5636
5/3/2024 17:15,SXPUSDT,-0.0209,-8.5845
5/3/2024 17:15,RLCUSDT,-0.0239,-8.6084
5/3/2024 17:30,BEAMXUSDT,-0.0217,-8.6301
5/3/2024 19:30,COMPUSDT,0.0409,-8.5892
5/3/2024 19:30,XRPUSDT,0.0458,-8.5434
5/3/2024 19:30,CKBUSDT,0.0336,-8.5098
5/3/2024 19:30,ANKRUSDT,-0.0291,-8.5389
5/3/2024 19:30,C98USDT,0.0367,-8.5022
5/3/2024 19:45,ACEUSDT,-0.0221,-8.5243
5/3/2024 19:45,BNTUSDT,0.0419,-8.4824
5/3/2024 19:45,FXSUSDT,-0.0206,-8.503
5/3/2024 19:45,NKNUSDT,-0.0204,-8.5234
5/3/2024 19:45,LRCUSDT,0.0481,-8.4753
5/3/2024 20:00,CAKEUSDT,0.0479,-8.4274
5/3/2024 20:00,AGIXUSDT,0.0455,-8.3819
5/3/2024 20:00,MASKUSDT,-0.0226,-8.4045
5/3/2024 20:00,IDUSDT,-0.0212,-8.4257
5/3/2024 20:00,FETUSDT,-0.0251,-8.4508
5/3/2024 20:00,WAXPUSDT,-0.0255,-8.4763
5/3/2024 20:00,GTCUSDT,-0.02,-8.4963
5/3/2024 20:00,CVXUSDT,0.049,-8.4473
5/3/2024 20:00,CFXUSDT,-0.0234,-8.4707
5/3/2024 20:00,NEOUSDT,-0.0238,-8.4945
5/3/2024 20:00,KLAYUSDT,-0.0262,-8.5207
5/3/2024 20:00,CELOUSDT,-0.0228,-8.5435
5/3/2024 20:00,SXPUSDT,-0.0222,-8.5657
5/3/2024 20:00,RDNTUSDT,0.0405,-8.5252
5/3/2024 20:00,ACHUSDT,-0.0272,-8.5524
5/3/2024 20:00,ETCUSDT,0.0498,-8.5026
5/3/2024 20:00,CTSIUSDT,-0.02,-8.5226
5/3/2024 20:00,ALPHAUSDT,-0.0218,-8.5444
5/3/2024 20:00,CYBERUSDT,-0.023,-8.5674
5/3/2024 20:00,OCEANUSDT,0.0423,-8.5251
5/3/2024 20:15,ETHFIUSDT,-0.033,-8.5581
5/3/2024 20:15,TUSDT,0.0378,-8.5203
5/3/2024 20:15,CHZUSDT,-0.0304,-8.5507
5/3/2024 20:15,AIUSDT,-0.0221,-8.5728
5/3/2024 20:15,QTUMUSDT,-0.0275,-8.6003
5/3/2024 20:15,XVGUSDT,-0.0256,-8.6259
5/3/2024 20:15,GMXUSDT,0.0131,-8.6128
5/3/2024 20:15,AAVEUSDT,0.0388,-8.574
5/3/2024 20:15,IOSTUSDT,-0.023,-8.597
5/3/2024 20:15,ONEUSDT,-0.0259,-8.6229
5/3/2024 20:15,ENSUSDT,-0.0304,-8.6533
5/3/2024 20:15,AGLDUSDT,-0.0246,-8.6779
5/3/2024 20:15,BELUSDT,-0.0252,-8.7031
5/3/2024 20:15,REEFUSDT,-0.0255,-8.7286
5/3/2024 20:15,DENTUSDT,-0.0233,-8.7519
5/3/2024 20:15,MDTUSDT,-0.0208,-8.7727
5/3/2024 20:15,CELRUSDT,-0.0245,-8.7972
5/3/2024 20:15,TLMUSDT,0.036,-8.7612
5/3/2024 20:15,KASUSDT,0.0454,-8.7158
5/3/2024 20:15,MANTAUSDT,-0.0234,-8.7392
5/3/2024 20:15,XTZUSDT,-0.0288,-8.768
5/3/2024 20:15,COTIUSDT,0.0353,-8.7327
5/3/2024 20:15,GALAUSDT,-0.0324,-8.7651
5/3/2024 20:15,RIFUSDT,-0.0283,-8.7934
5/3/2024 20:15,ZILUSDT,0.0326,-8.7608
5/3/2024 20:30,GASUSDT,-0.0211,-8.7819
5/3/2024 20:30,PERPUSDT,-0.0261,-8.808
5/3/2024 20:30,ILVUSDT,-0.0227,-8.8307
5/3/2024 20:30,YGGUSDT,-0.0222,-8.8529
5/3/2024 22:00,STXUSDT,0.0493,-8.8036
5/3/2024 22:15,COTIUSDT,-0.0218,-8.8254
5/3/2024 23:00,ETHWUSDT,-0.02,-8.8454
5/3/2024 23:15,INJUSDT,-0.0207,-8.8661
5/3/2024 23:15,DUSKUSDT,0.048,-8.8181
5/3/2024 23:15,1000SHIBUSDT,0.0446,-8.7735
5/3/2024 23:15,MEMEUSDT,-0.0208,-8.7943
5/3/2024 23:15,HOTUSDT,-0.0218,-8.8161
5/4/2024 0:00,HIFIUSDT,0.0197,-8.7964
5/4/2024 0:00,1000XECUSDT,0.047,-8.7494
5/4/2024 0:00,BCHUSDT,0.0466,-8.7028
5/4/2024 0:15,OMUSDT,0.05,-8.6528
5/4/2024 0:30,FTMUSDT,-0.0271,-8.6799
5/4/2024 0:30,AAVEUSDT,-0.0218,-8.7017
5/4/2024 0:30,UNIUSDT,-0.0214,-8.7231
5/4/2024 0:30,VANRYUSDT,-0.0212,-8.7443
5/4/2024 0:30,RUNEUSDT,-0.0209,-8.7652
5/4/2024 0:30,HOTUSDT,-0.0226,-8.7878
5/4/2024 0:30,ZILUSDT,-0.0238,-8.8116
5/4/2024 1:15,BTCUSDT,-0.027,-8.8386
5/4/2024 1:15,MEMEUSDT,-0.0226,-8.8612
5/4/2024 1:15,ACHUSDT,-0.0217,-8.8829
5/4/2024 3:15,WIFUSDT,0.0309,-8.852
5/4/2024 3:15,BNXUSDT,0.0431,-8.8089
5/4/2024 5:45,1000SHIBUSDT,-0.0206,-8.8295
5/4/2024 6:00,1000XECUSDT,-0.024,-8.8535
5/4/2024 7:15,COMBOUSDT,-0.0255,-8.879
5/4/2024 8:00,AEVOUSDT,-0.02,-8.899
5/4/2024 8:30,COMBOUSDT,-0.0235,-8.9225
5/4/2024 8:45,VANRYUSDT,0.0451,-8.8774
5/4/2024 9:30,BLURUSDT,-0.0208,-8.8982
5/4/2024 9:30,KSMUSDT,-0.0208,-8.919
5/4/2024 9:30,ALPHAUSDT,-0.0219,-8.9409
5/4/2024 9:45,ATAUSDT,-0.0225,-8.9634
5/4/2024 10:00,OGNUSDT,-0.0225,-8.9859
5/4/2024 10:15,MEMEUSDT,0.05,-8.9359
5/4/2024 10:30,STGUSDT,-0.0241,-8.96
5/4/2024 10:30,DOGEUSDT,0.046,-8.914
5/4/2024 10:30,TOKENUSDT,-0.025,-8.939
5/4/2024 10:45,1000BONKUSDT,-0.0281,-8.9671
5/4/2024 10:45,COMBOUSDT,-0.0289,-8.996
5/4/2024 12:15,STEEMUSDT,-0.0225,-9.0185
5/4/2024 12:15,ONGUSDT,-0.0039,-9.0224
5/4/2024 12:45,CTSIUSDT,-0.0205,-9.0429
5/4/2024 14:30,TAOUSDT,-0.0225,-9.0654
5/4/2024 14:45,ALGOUSDT,-0.0207,-9.0861
5/4/2024 15:15,BLZUSDT,0.0417,-9.0444
5/4/2024 17:15,KSMUSDT,0.0494,-8.995
5/4/2024 18:30,NMRUSDT,-0.0212,-9.0162
5/4/2024 19:45,EDUUSDT,-0.0246,-9.0408
5/4/2024 19:45,GMXUSDT,-0.024,-9.0648
5/5/2024 0:30,BALUSDT,-0.0294,-9.0942
5/5/2024 0:30,AGIXUSDT,-0.0304,-9.1246
5/5/2024 0:30,SKLUSDT,-0.0329,-9.1575
5/5/2024 0:30,ICPUSDT,-0.0224,-9.1799
5/5/2024 0:30,FETUSDT,0.0373,-9.1426
5/5/2024 0:30,BIGTIMEUSDT,0.036,-9.1066
5/5/2024 0:30,GMTUSDT,-0.0367,-9.1433
5/5/2024 0:30,KLAYUSDT,-0.0322,-9.1755
5/5/2024 0:30,NTRNUSDT,-0.0303,-9.2058
5/5/2024 0:30,ONDOUSDT,-0.0265,-9.2323
5/5/2024 0:30,ICXUSDT,0.0245,-9.2078
5/5/2024 0:30,LDOUSDT,0.0431,-9.1647
5/5/2024 0:30,LQTYUSDT,0.0332,-9.1315
5/5/2024 0:30,RUNEUSDT,0.0265,-9.105
5/5/2024 0:30,CELRUSDT,0.0208,-9.0842
5/5/2024 0:30,DYDXUSDT,0.0101,-9.0741
5/5/2024 0:30,AEVOUSDT,0.0263,-9.0478
5/5/2024 0:30,MANTAUSDT,0.0376,-9.0102
5/5/2024 0:30,XTZUSDT,-0.0345,-9.0447
5/5/2024 0:30,CYBERUSDT,0.0171,-9.0276
5/5/2024 0:30,OCEANUSDT,0.0366,-8.991
5/5/2024 0:30,RIFUSDT,0.0394,-8.9516
5/5/2024 0:30,PIXELUSDT,0.0318,-8.9198
5/5/2024 1:30,DOTUSDT,-0.0203,-8.9401
5/5/2024 3:15,LDOUSDT,-0.0212,-8.9613
5/5/2024 3:15,CTSIUSDT,-0.02,-8.9813
5/5/2024 3:15,ZENUSDT,-0.022,-9.0033
5/5/2024 5:15,HOOKUSDT,-0.0213,-9.0246
5/5/2024 5:30,APEUSDT,-0.0228,-9.0474
5/5/2024 5:30,BANDUSDT,-0.0254,-9.0728
5/5/2024 5:30,ARKUSDT,-0.0252,-9.098
5/5/2024 5:30,GALAUSDT,-0.0223,-9.1203
5/5/2024 5:30,OGNUSDT,-0.0251,-9.1454
5/5/2024 7:00,OMUSDT,-0.0219,-9.1673
5/5/2024 7:30,JASMYUSDT,0.0412,-9.1261
5/5/2024 11:15,WOOUSDT,-0.0201,-9.1462
5/5/2024 11:15,PENDLEUSDT,-0.0346,-9.1808
5/5/2024 11:30,NMRUSDT,0.019,-9.1618
5/5/2024 11:30,GASUSDT,-0.0251,-9.1869
5/5/2024 11:30,RLCUSDT,0.0481,-9.1388
5/5/2024 11:30,ZENUSDT,-0.0203,-9.1591
5/5/2024 12:15,SEIUSDT,-0.0206,-9.1797
5/5/2024 12:45,JOEUSDT,-0.0221,-9.2018
5/5/2024 13:15,BTCUSDT,-0.0243,-9.2261
5/5/2024 13:15,THETAUSDT,0.0492,-9.1769
5/5/2024 13:45,ARKUSDT,0.0475,-9.1294
5/5/2024 14:30,ATOMUSDT,0.0399,-9.0895
5/5/2024 15:15,BTCUSDT,-0.022,-9.1115
5/5/2024 17:15,AMBUSDT,-0.0213,-9.1328
5/5/2024 18:30,XMRUSDT,-0.0614,-9.1942
5/5/2024 19:00,AXLUSDT,0.0498,-9.1444
5/5/2024 19:45,DYDXUSDT,-0.0219,-9.1663
5/5/2024 20:15,ONTUSDT,-0.0232,-9.1895
5/5/2024 21:30,ETCUSDT,-0.0204,-9.2099
5/5/2024 22:00,SEIUSDT,-0.0218,-9.2317
5/5/2024 22:45,OMNIUSDT,-0.021,-9.2527
5/6/2024 0:45,RONINUSDT,-0.0208,-9.2735
5/6/2024 1:00,CRVUSDT,-0.02,-9.2935
5/6/2024 2:45,ADAUSDT,-0.0206,-9.3141
5/6/2024 5:00,CVXUSDT,0.0126,-9.3015
5/6/2024 7:30,SUPERUSDT,-0.0283,-9.3298
5/6/2024 7:30,CTSIUSDT,-0.0242,-9.354
5/6/2024 8:00,SOLUSDT,0.0441,-9.3099
5/6/2024 8:00,ETCUSDT,-0.0255,-9.3354
5/6/2024 8:00,VETUSDT,-0.0238,-9.3592
5/6/2024 8:15,ALTUSDT,-0.0291,-9.3883
5/6/2024 8:15,BEAMXUSDT,-0.033,-9.4213
5/6/2024 8:15,TWTUSDT,0.031,-9.3903
5/6/2024 8:15,AEVOUSDT,-0.02,-9.4103
5/6/2024 9:15,RADUSDT,-0.0451,-9.4554
5/6/2024 10:00,ATOMUSDT,-0.0202,-9.4756
5/6/2024 12:45,GLMUSDT,0.0383,-9.4373
5/6/2024 14:45,STGUSDT,0.0484,-9.3889
5/6/2024 14:45,DOTUSDT,-0.0208,-9.4097
5/6/2024 14:45,ONTUSDT,0.0483,-9.3614
5/6/2024 14:45,MKRUSDT,0.0447,-9.3167
5/6/2024 16:30,MDTUSDT,-0.0268,-9.3435
5/6/2024 16:45,TONUSDT,-0.0205,-9.364
5/6/2024 17:30,STGUSDT,0.0492,-9.3148
5/6/2024 17:30,EGLDUSDT,-0.0227,-9.3375
5/6/2024 19:00,1000SATSUSDT,-0.021,-9.3585
5/6/2024 19:00,API3USDT,-0.0228,-9.3813
5/6/2024 19:00,TONUSDT,-0.0273,-9.4086
5/6/2024 19:15,ONDOUSDT,-0.0209,-9.4295
5/6/2024 22:15,FXSUSDT,0.0496,-9.3799
5/6/2024 22:30,API3USDT,-0.0206,-9.4005
5/6/2024 23:00,ICPUSDT,-0.0223,-9.4228
5/6/2024 23:00,MINAUSDT,-0.0227,-9.4455
5/7/2024 5:15,SUSHIUSDT,-0.02,-9.4655
5/7/2024 10:45,AGIXUSDT,-0.0218,-9.4873
5/7/2024 10:45,XVGUSDT,-0.026,-9.5133
5/7/2024 10:45,STORJUSDT,-0.0277,-9.541
5/7/2024 11:00,BALUSDT,-0.0205,-9.5615
5/7/2024 11:00,BNBUSDT,-0.0268,-9.5883
5/7/2024 11:15,RADUSDT,-0.0272,-9.6155
5/7/2024 11:45,PENDLEUSDT,-0.0256,-9.6411
5/7/2024 13:15,XMRUSDT,-0.0221,-9.6632
5/7/2024 13:45,NMRUSDT,-0.0232,-9.6864
5/7/2024 13:45,PENDLEUSDT,-0.0239,-9.7103
5/7/2024 13:45,ONGUSDT,-0.024,-9.7343
5/7/2024 14:45,KEYUSDT,-0.0305,-9.7648
5/7/2024 14:45,STMXUSDT,-0.023,-9.7878
5/7/2024 14:45,MTLUSDT,0.0342,-9.7536
5/7/2024 14:45,KSMUSDT,-0.0208,-9.7744
5/7/2024 14:45,TRXUSDT,0.0483,-9.7261
5/7/2024 16:15,BCHUSDT,-0.0205,-9.7466
5/7/2024 17:30,KASUSDT,-0.0224,-9.769
5/7/2024 18:15,TIAUSDT,0.0484,-9.7206
5/7/2024 19:15,TRXUSDT,-0.02,-9.7406
5/7/2024 21:30,ALTUSDT,0.0477,-9.6929
5/7/2024 21:30,TIAUSDT,0.038,-9.6549
5/7/2024 21:30,HIFIUSDT,0.0431,-9.6118
5/7/2024 21:30,CFXUSDT,0.0481,-9.5637
5/7/2024 21:30,ARPAUSDT,0.05,-9.5137
5/7/2024 21:30,SOLUSDT,0.0471,-9.4666
5/7/2024 21:30,TNSRUSDT,0.0481,-9.4185
5/7/2024 21:30,ACHUSDT,0.0445,-9.374
5/7/2024 21:30,LUNA2USDT,-0.0208,-9.3948
5/7/2024 21:30,PIXELUSDT,0.0338,-9.361
5/7/2024 21:45,AGIXUSDT,0.0464,-9.3146
5/7/2024 21:45,TUSDT,0.0474,-9.2672
5/7/2024 21:45,MAGICUSDT,0.0482,-9.219
5/7/2024 21:45,SLPUSDT,0.0482,-9.1708
5/7/2024 21:45,NTRNUSDT,0.0491,-9.1217
5/7/2024 21:45,TLMUSDT,0.0467,-9.075
5/7/2024 21:45,HOTUSDT,0.049,-9.026
5/7/2024 21:45,OCEANUSDT,0.0472,-8.9788
5/7/2024 21:45,ZILUSDT,0.05,-8.9288
5/7/2024 23:00,APEUSDT,0.039,-8.8898
5/7/2024 23:00,XLMUSDT,-0.0332,-8.923
5/7/2024 23:00,VANRYUSDT,-0.023,-8.946
5/7/2024 23:45,ETHFIUSDT,-0.0205,-8.9665
5/8/2024 0:30,ONDOUSDT,-0.0215,-8.988
5/8/2024 4:00,RUNEUSDT,-0.0238,-9.0118
5/8/2024 4:30,EDUUSDT,-0.021,-9.0328
5/8/2024 4:30,ALICEUSDT,-0.0268,-9.0596
5/8/2024 5:00,MINAUSDT,-0.0205,-9.0801
5/8/2024 6:00,AAVEUSDT,-0.0204,-9.1005
5/8/2024 6:00,KEYUSDT,-0.0207,-9.1212
5/8/2024 6:00,FXSUSDT,-0.0229,-9.1441
5/8/2024 6:15,APEUSDT,-0.0258,-9.1699
5/8/2024 6:15,ENJUSDT,-0.0263,-9.1962
5/8/2024 6:15,HFTUSDT,-0.0252,-9.2214
5/8/2024 6:15,CHRUSDT,-0.0204,-9.2418
5/8/2024 6:15,IOTAUSDT,-0.0244,-9.2662
5/8/2024 6:15,FTMUSDT,-0.0243,-9.2905
5/8/2024 6:15,TUSDT,-0.0251,-9.3156
5/8/2024 6:15,DARUSDT,-0.0272,-9.3428
5/8/2024 6:15,ALTUSDT,0.049,-9.2938
5/8/2024 6:15,COMPUSDT,-0.02,-9.3138
5/8/2024 6:15,MANAUSDT,-0.0225,-9.3363
5/8/2024 6:15,UNIUSDT,-0.0276,-9.3639
5/8/2024 6:15,MAGICUSDT,-0.0253,-9.3892
5/8/2024 6:15,RADUSDT,-0.0244,-9.4136
5/8/2024 6:15,LINAUSDT,-0.0216,-9.4352
5/8/2024 6:15,SPELLUSDT,-0.0278,-9.463
5/8/2024 6:15,MAVUSDT,-0.0279,-9.4909
5/8/2024 6:15,ONEUSDT,-0.0255,-9.5164
5/8/2024 6:15,ENSUSDT,-0.0276,-9.544
5/8/2024 6:15,ORBSUSDT,-0.0271,-9.5711
5/8/2024 6:15,HOOKUSDT,-0.0212,-9.5923
5/8/2024 6:15,HBARUSDT,-0.0267,-9.619
5/8/2024 6:15,1000XECUSDT,-0.0292,-9.6482
5/8/2024 6:15,ICXUSDT,-0.0237,-9.6719
5/8/2024 6:15,PERPUSDT,-0.0233,-9.6952
5/8/2024 6:15,KNCUSDT,-0.0229,-9.7181
5/8/2024 6:15,ARPAUSDT,-0.025,-9.7431
5/8/2024 6:15,REEFUSDT,-0.0215,-9.7646
5/8/2024 6:15,DENTUSDT,-0.0251,-9.7897
5/8/2024 6:15,MKRUSDT,0.0453,-9.7444
5/8/2024 6:15,STORJUSDT,-0.0206,-9.765
5/8/2024 6:15,XAIUSDT,-0.0239,-9.7889
5/8/2024 6:15,C98USDT,-0.0289,-9.8178
5/8/2024 6:15,ALPHAUSDT,-0.0273,-9.8451
5/8/2024 6:15,OMUSDT,-0.0263,-9.8714
5/8/2024 6:15,OGNUSDT,-0.023,-9.8944
5/8/2024 6:15,LRCUSDT,-0.0206,-9.915
5/8/2024 7:15,1000SHIBUSDT,-0.0254,-9.9404
5/8/2024 7:15,BANDUSDT,-0.031,-9.9714
5/8/2024 9:15,1000FLOKIUSDT,-0.0203,-9.9917
5/8/2024 9:15,1000BONKUSDT,-0.0211,-10.0128
5/8/2024 9:30,EDUUSDT,-0.0254,-10.0382
5/8/2024 9:30,QTUMUSDT,-0.0251,-10.0633
5/8/2024 9:30,ALTUSDT,-0.0252,-10.0885
5/8/2024 9:30,ICPUSDT,-0.0299,-10.1184
5/8/2024 9:30,STXUSDT,-0.022,-10.1404
5/8/2024 9:30,OPUSDT,-0.0245,-10.1649
5/8/2024 9:30,GMXUSDT,-0.0201,-10.185
5/8/2024 9:30,MANAUSDT,-0.0227,-10.2077
5/8/2024 9:30,1000SHIBUSDT,-0.0276,-10.2353
5/8/2024 9:30,WAXPUSDT,-0.0215,-10.2568
5/8/2024 9:30,NEOUSDT,-0.0255,-10.2823
5/8/2024 9:30,IMXUSDT,-0.0256,-10.3079
5/8/2024 9:30,ONDOUSDT,-0.0228,-10.3307
5/8/2024 9:30,BELUSDT,-0.0203,-10.351
5/8/2024 9:30,CKBUSDT,-0.0263,-10.3773
5/8/2024 9:30,FLMUSDT,-0.0216,-10.3989
5/8/2024 9:45,TRXUSDT,0.0458,-10.3531
5/8/2024 11:00,FETUSDT,0.0472,-10.3059
5/8/2024 11:00,COMBOUSDT,-0.0207,-10.3266
5/8/2024 11:00,OCEANUSDT,0.0451,-10.2815
5/8/2024 11:15,NFPUSDT,-0.0206,-10.3021
5/8/2024 11:15,QTUMUSDT,-0.0224,-10.3245
5/8/2024 11:15,STXUSDT,-0.0241,-10.3486
5/8/2024 11:15,TAOUSDT,0.0337,-10.3149
5/8/2024 11:15,OPUSDT,-0.0203,-10.3352
5/8/2024 11:15,YGGUSDT,-0.0218,-10.357
5/8/2024 11:15,TOKENUSDT,-0.0245,-10.3815
5/8/2024 12:30,SNXUSDT,-0.02,-10.4015
5/8/2024 12:30,RADUSDT,-0.0231,-10.4246
5/8/2024 12:30,XEMUSDT,-0.02,-10.4446
5/8/2024 12:30,GMTUSDT,-0.022,-10.4666
5/8/2024 12:30,1000RATSUSDT,-0.0204,-10.487
5/8/2024 12:30,GALAUSDT,-0.0204,-10.5074
5/8/2024 12:30,OCEANUSDT,-0.0209,-10.5283
5/8/2024 12:30,ZILUSDT,-0.02,-10.5483
5/8/2024 17:00,IOSTUSDT,-0.0203,-10.5686
5/8/2024 17:45,ZECUSDT,0.0487,-10.5199
5/8/2024 18:15,METISUSDT,-0.021,-10.5409
5/8/2024 18:15,KLAYUSDT,-0.023,-10.5639
5/8/2024 18:15,SXPUSDT,-0.0264,-10.5903
5/8/2024 18:15,REEFUSDT,-0.0298,-10.6201
5/8/2024 18:15,WAVESUSDT,-0.021,-10.6411
5/8/2024 18:15,SANDUSDT,-0.0254,-10.6665
5/8/2024 18:15,ACHUSDT,-0.0218,-10.6883
5/8/2024 18:15,ZILUSDT,-0.02,-10.7083
5/8/2024 22:00,ETHWUSDT,-0.0255,-10.7338
5/8/2024 23:15,ANKRUSDT,-0.0222,-10.756
5/8/2024 23:15,ZRXUSDT,-0.0209,-10.7769
5/9/2024 0:00,STMXUSDT,-0.0258,-10.8027
5/9/2024 2:15,C98USDT,-0.0208,-10.8235
5/9/2024 3:00,SUIUSDT,0.0484,-10.7751
5/9/2024 3:30,TONUSDT,-0.0273,-10.8024
5/9/2024 4:00,TUSDT,-0.0295,-10.8319
5/9/2024 4:00,SANDUSDT,-0.02,-10.8519
5/9/2024 5:30,RLCUSDT,-0.02,-10.8719
5/9/2024 6:00,1000SHIBUSDT,-0.0203,-10.8922
5/9/2024 6:00,HBARUSDT,-0.0247,-10.9169
5/9/2024 6:00,PERPUSDT,-0.0227,-10.9396
5/9/2024 7:15,MTLUSDT,0.0423,-10.8973
5/9/2024 9:15,ASTRUSDT,-0.0274,-10.9247
5/9/2024 9:15,NMRUSDT,-0.0331,-10.9578
5/9/2024 9:15,1INCHUSDT,-0.0252,-10.983
5/9/2024 9:15,MAVUSDT,-0.0225,-11.0055
5/9/2024 9:15,HIFIUSDT,-0.0214,-11.0269
5/9/2024 9:15,XEMUSDT,-0.02,-11.0469
5/9/2024 9:15,NKNUSDT,-0.0209,-11.0678
5/9/2024 9:15,ETHWUSDT,-0.0217,-11.0895
5/9/2024 9:15,STORJUSDT,-0.0207,-11.1102
5/9/2024 9:15,XAIUSDT,0.0391,-11.0711
5/9/2024 9:15,CYBERUSDT,-0.0263,-11.0974
5/9/2024 9:30,BATUSDT,-0.02,-11.1174
5/9/2024 9:30,DENTUSDT,-0.0223,-11.1397
5/9/2024 9:30,RDNTUSDT,-0.0239,-11.1636
5/9/2024 10:00,TRXUSDT,0.0484,-11.1152
5/9/2024 10:45,CELOUSDT,-0.0225,-11.1377
5/9/2024 10:45,API3USDT,-0.022,-11.1597
5/9/2024 13:30,KEYUSDT,-0.0219,-11.1816
5/9/2024 17:30,XMRUSDT,-0.0257,-11.2073
5/9/2024 18:00,1INCHUSDT,-0.0264,-11.2337
5/9/2024 18:00,COMBOUSDT,-0.0216,-11.2553
5/9/2024 18:00,SXPUSDT,-0.0205,-11.2758
5/9/2024 18:00,LINKUSDT,-0.023,-11.2988
5/9/2024 18:00,MANTAUSDT,-0.0301,-11.3289
5/9/2024 18:15,ICXUSDT,-0.02,-11.3489
5/9/2024 18:30,IMXUSDT,0.0459,-11.303
5/9/2024 18:45,BALUSDT,-0.0213,-11.3243
5/9/2024 18:45,OPUSDT,-0.0227,-11.347
5/9/2024 18:45,IOSTUSDT,-0.0202,-11.3672
5/9/2024 19:00,BLURUSDT,-0.02,-11.3872
5/9/2024 19:00,BADGERUSDT,0.0391,-11.3481
5/9/2024 19:15,MTLUSDT,-0.0203,-11.3684
5/9/2024 19:15,STORJUSDT,-0.0205,-11.3889
5/9/2024 19:45,ILVUSDT,-0.0207,-11.4096
5/9/2024 20:00,STEEMUSDT,-0.0208,-11.4304
5/9/2024 20:00,APTUSDT,-0.02,-11.4504
5/9/2024 20:00,XTZUSDT,-0.02,-11.4704
5/9/2024 20:15,SUSHIUSDT,0.0498,-11.4206
5/9/2024 20:30,GMXUSDT,0.0384,-11.3822
5/9/2024 20:30,ONGUSDT,-0.0211,-11.4033
5/9/2024 21:00,LINAUSDT,0.0419,-11.3614
5/9/2024 21:00,KLAYUSDT,-0.02,-11.3814
5/9/2024 21:00,SXPUSDT,0.0455,-11.3359
5/9/2024 21:00,IDEXUSDT,0.0476,-11.2883
5/9/2024 21:15,BLURUSDT,-0.0203,-11.3086
5/9/2024 22:00,APEUSDT,0.0475,-11.2611
5/9/2024 22:00,QTUMUSDT,0.05,-11.2111
5/9/2024 22:00,UNIUSDT,0.0473,-11.1638
5/9/2024 22:00,KEYUSDT,-0.0232,-11.187
5/9/2024 22:00,SLPUSDT,0.0452,-11.1418
5/9/2024 22:00,WAVESUSDT,-0.0251,-11.1669
5/9/2024 22:00,CYBERUSDT,-0.0233,-11.1902
5/9/2024 22:15,AAVEUSDT,-0.0209,-11.2111
5/9/2024 22:15,TIAUSDT,0.044,-11.1671
5/9/2024 22:15,1INCHUSDT,-0.0205,-11.1876
5/9/2024 22:30,BTCUSDT,-0.0279,-11.2155
5/9/2024 22:30,IOSTUSDT,-0.0277,-11.2432
5/9/2024 22:30,DOGEUSDT,-0.0309,-11.2741
5/9/2024 22:30,CFXUSDT,-0.03,-11.3041
5/9/2024 22:30,1000XECUSDT,-0.0325,-11.3366
5/9/2024 22:30,REEFUSDT,-0.0234,-11.36
5/9/2024 22:30,KAVAUSDT,0.0379,-11.3221
5/9/2024 22:30,ETHUSDT,-0.0404,-11.3625
5/9/2024 22:30,TLMUSDT,-0.0271,-11.3896
5/9/2024 22:30,ETCUSDT,-0.022,-11.4116
5/9/2024 22:30,CTSIUSDT,-0.0292,-11.4408
5/9/2024 22:30,ALPHAUSDT,-0.025,-11.4658
5/9/2024 22:30,1000LUNCUSDT,-0.0208,-11.4866
5/9/2024 22:30,HOTUSDT,-0.0222,-11.5088
5/9/2024 22:30,ZILUSDT,-0.0228,-11.5316
5/9/2024 22:45,CHZUSDT,0.035,-11.4966
5/9/2024 22:45,BNBUSDT,-0.023,-11.5196
5/10/2024 0:00,IDUSDT,-0.0208,-11.5404
5/10/2024 0:00,ACEUSDT,-0.0234,-11.5638
5/10/2024 0:00,ONDOUSDT,-0.0247,-11.5885
5/10/2024 0:00,FLOWUSDT,-0.0289,-11.6174
5/10/2024 0:30,NTRNUSDT,-0.02,-11.6374
5/10/2024 1:15,BATUSDT,-0.024,-11.6614
5/10/2024 1:15,IOTAUSDT,-0.0279,-11.6893
5/10/2024 1:15,CTSIUSDT,-0.02,-11.7093
5/10/2024 1:15,VETUSDT,-0.0309,-11.7402
5/10/2024 1:30,ASTRUSDT,-0.0242,-11.7644
5/10/2024 1:30,ADAUSDT,-0.022,-11.7864
5/10/2024 2:30,INJUSDT,0.0498,-11.7366
5/10/2024 2:30,NEARUSDT,-0.0237,-11.7603
5/10/2024 4:00,LSKUSDT,0.0492,-11.7111
5/10/2024 4:00,JUPUSDT,-0.0258,-11.7369
5/10/2024 4:15,AGIXUSDT,-0.0245,-11.7614
5/10/2024 4:15,EDUUSDT,-0.02,-11.7814
5/10/2024 4:15,FETUSDT,-0.0232,-11.8046
5/10/2024 4:15,NMRUSDT,-0.0286,-11.8332
5/10/2024 4:15,HIFIUSDT,0.0264,-11.8068
5/10/2024 4:15,RENUSDT,-0.02,-11.8268
5/10/2024 4:15,XTZUSDT,-0.02,-11.8468
5/10/2024 4:15,OCEANUSDT,-0.0238,-11.8706
5/10/2024 4:15,FILUSDT,-0.0207,-11.8913
5/10/2024 4:45,MAGICUSDT,-0.0211,-11.9124
5/10/2024 5:30,GMXUSDT,0.0105,-11.9019
5/10/2024 6:00,MASKUSDT,-0.0209,-11.9228
5/10/2024 6:00,SKLUSDT,0.0453,-11.8775
5/10/2024 6:00,DARUSDT,-0.0242,-11.9017
5/10/2024 6:00,THETAUSDT,-0.0242,-11.9259
5/10/2024 6:00,TOKENUSDT,-0.0215,-11.9474
5/10/2024 6:30,ACHUSDT,-0.025,-11.9724
5/10/2024 6:45,INJUSDT,0.0463,-11.9261
5/10/2024 6:45,MAGICUSDT,-0.0278,-11.9539
5/10/2024 6:45,TIAUSDT,-0.0208,-11.9747
5/10/2024 6:45,IOTXUSDT,-0.0247,-11.9994
5/10/2024 6:45,RENUSDT,-0.0213,-12.0207
5/10/2024 6:45,MINAUSDT,-0.0221,-12.0428
5/10/2024 6:45,ARBUSDT,-0.0278,-12.0706
5/10/2024 8:45,INJUSDT,0.0358,-12.0348
5/10/2024 10:00,SUIUSDT,0.049,-11.9858
5/10/2024 10:15,SUPERUSDT,0.0337,-11.9521
5/10/2024 11:45,FETUSDT,-0.0212,-11.9733
5/10/2024 11:45,EOSUSDT,-0.02,-11.9933
5/10/2024 11:45,PYTHUSDT,-0.0283,-12.0216
5/10/2024 11:45,XTZUSDT,-0.0257,-12.0473
5/10/2024 12:00,MDTUSDT,-0.0208,-12.0681
5/10/2024 12:15,RLCUSDT,-0.0282,-12.0963
5/10/2024 12:30,LDOUSDT,0.0488,-12.0475
5/10/2024 14:00,QNTUSDT,0.0471,-12.0004
5/10/2024 14:00,COMPUSDT,0.0385,-11.9619
5/10/2024 14:00,RADUSDT,0.0353,-11.9266
5/10/2024 14:15,IDUSDT,0.0423,-11.8843
5/10/2024 19:30,SXPUSDT,0.0494,-11.8349
5/10/2024 20:15,IDUSDT,-0.0243,-11.8592
5/10/2024 20:15,TUSDT,-0.0209,-11.8801
5/10/2024 20:15,LITUSDT,-0.0213,-11.9014
5/10/2024 20:15,SNXUSDT,-0.0214,-11.9228
5/10/2024 20:15,UNIUSDT,-0.0225,-11.9453
5/10/2024 20:15,XEMUSDT,-0.0234,-11.9687
5/10/2024 20:15,ORBSUSDT,-0.0262,-11.9949
5/10/2024 20:15,GMTUSDT,-0.02,-12.0149
5/10/2024 20:15,REEFUSDT,-0.0207,-12.0356
5/10/2024 20:15,SUSHIUSDT,-0.0255,-12.0611
5/10/2024 20:30,STRKUSDT,-0.0225,-12.0836
5/10/2024 22:15,RONINUSDT,-0.0211,-12.1047
5/10/2024 22:15,POWRUSDT,-0.0214,-12.1261
5/10/2024 22:15,DOTUSDT,0.0426,-12.0835
5/10/2024 22:15,SUPERUSDT,-0.022,-12.1055
5/10/2024 22:15,CRVUSDT,-0.0267,-12.1322
5/10/2024 22:15,SUIUSDT,-0.0331,-12.1653
5/10/2024 22:15,SUSHIUSDT,-0.0228,-12.1881
5/10/2024 22:15,ATOMUSDT,-0.0247,-12.2128
5/10/2024 22:15,ZECUSDT,0.0463,-12.1665
5/10/2024 22:15,FLOWUSDT,-0.022,-12.1885
5/10/2024 22:15,FILUSDT,-0.021,-12.2095
5/10/2024 22:15,LRCUSDT,-0.0225,-12.232
5/11/2024 0:00,STPTUSDT,0.0408,-12.1912
5/11/2024 6:15,WLDUSDT,-0.0236,-12.2148
5/11/2024 7:15,RLCUSDT,-0.0237,-12.2385
5/11/2024 8:15,RVNUSDT,0.0484,-12.1901
5/11/2024 10:30,LITUSDT,-0.0276,-12.2177
5/11/2024 10:30,SAGAUSDT,-0.0271,-12.2448
5/11/2024 10:30,THETAUSDT,0.0446,-12.2002
5/11/2024 12:45,COMBOUSDT,-0.0211,-12.2213
5/11/2024 14:00,JTOUSDT,-0.0201,-12.2414
5/11/2024 15:00,STGUSDT,-0.0231,-12.2645
5/11/2024 15:00,ICPUSDT,-0.052,-12.3165
5/11/2024 15:00,IOTXUSDT,-0.0319,-12.3484
5/11/2024 15:00,XAIUSDT,-0.0433,-12.3917
5/11/2024 16:30,TUSDT,-0.0207,-12.4124
5/11/2024 17:30,ARPAUSDT,0.0311,-12.3813
5/11/2024 18:15,POLYXUSDT,0.0496,-12.3317
5/11/2024 18:15,TONUSDT,-0.0207,-12.3524
5/11/2024 19:30,HIGHUSDT,-0.0211,-12.3735
5/11/2024 19:30,EGLDUSDT,-0.02,-12.3935
5/11/2024 20:15,OMGUSDT,0.0481,-12.3454
5/11/2024 23:00,NFPUSDT,-0.0205,-12.3659
5/11/2024 23:30,IDUSDT,-0.0225,-12.3884
5/11/2024 23:30,WIFUSDT,-0.0229,-12.4113
5/11/2024 23:30,ASTRUSDT,-0.0216,-12.4329
5/11/2024 23:30,STXUSDT,-0.0201,-12.453
5/11/2024 23:30,GASUSDT,-0.0222,-12.4752
5/11/2024 23:30,BEAMXUSDT,-0.0313,-12.5065
5/11/2024 23:30,1000BONKUSDT,-0.0309,-12.5374
5/11/2024 23:30,BNTUSDT,0.0439,-12.4935
5/11/2024 23:30,METISUSDT,-0.0245,-12.518
5/11/2024 23:30,CFXUSDT,-0.02,-12.538
5/11/2024 23:30,RSRUSDT,0.0421,-12.4959
5/11/2024 23:30,TRUUSDT,-0.0202,-12.5161
5/11/2024 23:30,XTZUSDT,0.0444,-12.4717
5/11/2024 23:30,KSMUSDT,-0.0236,-12.4953
5/11/2024 23:30,CYBERUSDT,-0.0305,-12.5258
5/11/2024 23:30,ZILUSDT,-0.022,-12.5478
5/11/2024 23:30,DASHUSDT,0.0347,-12.5131
5/12/2024 0:15,BNXUSDT,0.0443,-12.4688
5/12/2024 1:15,SPELLUSDT,-0.0208,-12.4896
5/12/2024 1:15,BICOUSDT,0.05,-12.4396
5/12/2024 1:15,ETHWUSDT,0.0428,-12.3968
5/12/2024 1:15,ROSEUSDT,-0.0222,-12.419
5/12/2024 1:15,XTZUSDT,0.0472,-12.3718
5/12/2024 1:15,CYBERUSDT,-0.0212,-12.393
5/12/2024 1:45,KAVAUSDT,-0.0209,-12.4139
5/12/2024 2:00,CTSIUSDT,-0.02,-12.4339
5/12/2024 2:00,ZRXUSDT,-0.0205,-12.4544
5/12/2024 2:00,OGNUSDT,-0.0217,-12.4761
5/12/2024 2:15,DARUSDT,-0.0214,-12.4975
5/12/2024 2:15,ORBSUSDT,0.0472,-12.4503
5/12/2024 2:15,STORJUSDT,-0.0234,-12.4737
5/12/2024 2:15,VETUSDT,-0.021,-12.4947
5/12/2024 2:30,ARKUSDT,-0.0259,-12.5206
5/12/2024 3:00,HFTUSDT,-0.0213,-12.5419
5/12/2024 3:00,SKLUSDT,-0.0233,-12.5652
5/12/2024 3:00,QTUMUSDT,-0.0278,-12.593
5/12/2024 3:00,RSRUSDT,-0.0209,-12.6139
5/12/2024 3:15,XEMUSDT,-0.02,-12.6339
5/12/2024 5:00,HIGHUSDT,0.0396,-12.5943
5/12/2024 5:15,ARKMUSDT,-0.0212,-12.6155
5/12/2024 7:00,POLYXUSDT,-0.0205,-12.636
5/12/2024 7:15,XEMUSDT,-0.0301,-12.6661
5/12/2024 7:15,MTLUSDT,-0.0254,-12.6915
5/12/2024 7:30,GLMUSDT,-0.0218,-12.7133
5/12/2024 9:15,SFPUSDT,0.0465,-12.6668
5/12/2024 10:15,PIXELUSDT,-0.0322,-12.699
5/12/2024 12:45,WLDUSDT,-0.023,-12.722
5/12/2024 13:15,SSVUSDT,-0.0236,-12.7456
5/12/2024 14:00,LEVERUSDT,0.0481,-12.6975
5/12/2024 14:30,ZETAUSDT,0.0478,-12.6497
5/12/2024 14:30,SUPERUSDT,0.0386,-12.6111
5/12/2024 15:15,LEVERUSDT,0.0195,-12.5916
5/12/2024 15:30,STGUSDT,-0.0221,-12.6137
5/12/2024 15:30,APTUSDT,-0.0249,-12.6386
5/12/2024 15:30,ETHWUSDT,0.0467,-12.5919
5/12/2024 15:30,UNFIUSDT,-0.043,-12.6349
5/12/2024 16:15,TIAUSDT,-0.0232,-12.6581
5/12/2024 16:45,CRVUSDT,0.0434,-12.6147
5/12/2024 17:00,TAOUSDT,0.0385,-12.5762
5/12/2024 17:30,BNBUSDT,-0.028,-12.6042
5/12/2024 18:30,EOSUSDT,0.0461,-12.5581
5/12/2024 19:00,NEARUSDT,-0.0223,-12.5804
5/12/2024 19:00,KLAYUSDT,-0.0218,-12.6022
5/12/2024 19:00,SUPERUSDT,0.0348,-12.5674
5/12/2024 19:00,C98USDT,0.044,-12.5234
5/12/2024 21:00,REZUSDT,-0.0267,-12.5501
5/12/2024 21:00,MEMEUSDT,-0.0223,-12.5724
5/12/2024 21:00,GTCUSDT,0.0461,-12.5263
5/12/2024 21:00,CRVUSDT,-0.0402,-12.5665
5/12/2024 21:15,IDUSDT,-0.0301,-12.5966
5/12/2024 21:15,WIFUSDT,-0.0277,-12.6243
5/12/2024 21:15,NEARUSDT,-0.0228,-12.6471
5/12/2024 21:15,1000FLOKIUSDT,-0.0284,-12.6755
5/12/2024 21:15,1000SATSUSDT,-0.0261,-12.7016
5/12/2024 21:15,WAXPUSDT,0.0394,-12.6622
5/12/2024 21:15,ONGUSDT,0.0442,-12.618
5/12/2024 21:15,BCHUSDT,-0.0203,-12.6383
5/12/2024 21:15,LRCUSDT,-0.0222,-12.6605
5/12/2024 23:30,NFPUSDT,0.0485,-12.612
5/12/2024 23:30,PENDLEUSDT,0.0497,-12.5623
5/12/2024 23:30,ONDOUSDT,-0.021,-12.5833
5/13/2024 0:15,AUCTIONUSDT,0.0475,-12.5358
5/13/2024 0:15,FXSUSDT,0.047,-12.4888
5/13/2024 0:30,NFPUSDT,0.0422,-12.4466
5/13/2024 0:45,NEOUSDT,0.0436,-12.403
5/13/2024 1:00,JOEUSDT,0.0485,-12.3545
5/13/2024 1:15,HIGHUSDT,0.0495,-12.305
5/13/2024 4:15,RONINUSDT,-0.0207,-12.3257
5/13/2024 4:30,BEAMXUSDT,-0.0299,-12.3556
5/13/2024 5:45,CVXUSDT,-0.0239,-12.3795
5/13/2024 5:45,LINKUSDT,-0.0229,-12.4024
5/13/2024 5:45,XTZUSDT,-0.02,-12.4224
5/13/2024 9:45,HIGHUSDT,-0.0314,-12.4538
5/13/2024 12:15,STORJUSDT,-0.0219,-12.4757
5/13/2024 14:00,WAXPUSDT,-0.0204,-12.4961
5/13/2024 14:00,ONGUSDT,-0.021,-12.5171
5/13/2024 14:00,KLAYUSDT,-0.0213,-12.5384
5/13/2024 14:00,YGGUSDT,-0.0254,-12.5638
5/13/2024 14:00,JUPUSDT,-0.023,-12.5868
5/13/2024 14:00,STORJUSDT,-0.0213,-12.6081
5/13/2024 14:00,LRCUSDT,-0.0311,-12.6392
5/13/2024 14:15,ETHWUSDT,-0.0209,-12.6601
5/13/2024 15:30,LITUSDT,-0.0233,-12.6834
5/13/2024 15:30,SLPUSDT,-0.021,-12.7044
5/13/2024 16:15,IOTAUSDT,-0.0274,-12.7318
5/13/2024 16:15,WAXPUSDT,-0.021,-12.7528
5/13/2024 16:15,BSVUSDT,-0.0229,-12.7757
5/13/2024 16:15,1000LUNCUSDT,-0.0201,-12.7958
5/13/2024 20:00,AXLUSDT,0.0413,-12.7545
5/13/2024 20:00,BELUSDT,0.0495,-12.705
5/13/2024 20:15,OGNUSDT,0.05,-12.655
5/13/2024 21:45,RIFUSDT,0.0496,-12.6054
5/13/2024 22:00,TAOUSDT,0.0437,-12.5617
5/13/2024 22:00,MAVIAUSDT,0.0465,-12.5152
5/13/2024 22:15,GLMRUSDT,0.0452,-12.47
5/13/2024 22:15,SNXUSDT,-0.0237,-12.4937
5/13/2024 22:15,OMNIUSDT,-0.0234,-12.5171
5/13/2024 22:15,CELOUSDT,-0.0321,-12.5492
5/13/2024 22:15,AGLDUSDT,-0.0242,-12.5734
5/13/2024 22:15,BELUSDT,0.044,-12.5294
5/13/2024 22:15,ETHWUSDT,0.0419,-12.4875
5/13/2024 22:15,AVAXUSDT,-0.0216,-12.5091
5/13/2024 22:30,HFTUSDT,-0.0234,-12.5325
5/13/2024 22:30,RADUSDT,-0.0222,-12.5547
5/14/2024 0:00,LSKUSDT,-0.0262,-12.5809
5/14/2024 0:00,TRUUSDT,-0.0208,-12.6017
5/14/2024 0:00,MINAUSDT,-0.0206,-12.6223
5/14/2024 0:45,DYMUSDT,0.046,-12.5763
5/14/2024 0:45,YFIUSDT,-0.0217,-12.598
5/14/2024 0:45,DENTUSDT,-0.02,-12.618
5/14/2024 0:45,AVAXUSDT,-0.0207,-12.6387
5/14/2024 1:30,TONUSDT,-0.0222,-12.6609
5/14/2024 1:30,RIFUSDT,-0.0247,-12.6856
5/14/2024 1:45,BIGTIMEUSDT,-0.0241,-12.7097
5/14/2024 1:45,HOOKUSDT,0.0489,-12.6608
5/14/2024 3:45,BEAMXUSDT,-0.0202,-12.681
5/14/2024 3:45,RADUSDT,-0.0217,-12.7027
5/14/2024 3:45,RUNEUSDT,-0.0207,-12.7234
5/14/2024 4:30,JOEUSDT,0.0282,-12.6952
5/14/2024 6:00,IMXUSDT,0.0353,-12.6599
5/14/2024 6:00,MOVRUSDT,0.043,-12.6169
5/14/2024 9:00,ACHUSDT,-0.0218,-12.6387
5/14/2024 10:00,XMRUSDT,-0.0369,-12.6756
5/14/2024 11:15,ZETAUSDT,-0.0202,-12.6958
5/14/2024 11:30,ARKMUSDT,0.0493,-12.6465
5/14/2024 12:00,ICPUSDT,-0.0237,-12.6702
5/14/2024 12:30,BNXUSDT,0.0086,-12.6616
5/14/2024 12:30,TONUSDT,-0.0291,-12.6907
5/14/2024 14:00,APTUSDT,-0.0262,-12.7169
5/14/2024 14:00,ONGUSDT,-0.0265,-12.7434
5/14/2024 14:00,POWRUSDT,-0.0246,-12.768
5/14/2024 14:00,ANKRUSDT,-0.0291,-12.7971
5/14/2024 14:00,LINKUSDT,-0.0245,-12.8216
5/14/2024 14:00,ETCUSDT,-0.0237,-12.8453
5/14/2024 14:00,1000LUNCUSDT,-0.024,-12.8693
5/14/2024 16:30,JTOUSDT,-0.0205,-12.8898
5/14/2024 17:00,CAKEUSDT,-0.0201,-12.9099
5/14/2024 18:30,OMNIUSDT,0.0452,-12.8647
5/14/2024 19:45,ARBUSDT,-0.0217,-12.8864
5/14/2024 21:15,STGUSDT,-0.0212,-12.9076
5/14/2024 21:15,ACEUSDT,0.0482,-12.8594
5/14/2024 21:15,KSMUSDT,-0.0224,-12.8818
5/14/2024 22:00,XMRUSDT,-0.0283,-12.9101
5/14/2024 22:15,DUSKUSDT,-0.0249,-12.935
5/14/2024 22:15,1INCHUSDT,-0.0239,-12.9589
5/14/2024 22:15,IMXUSDT,0.0437,-12.9152
5/14/2024 22:15,FLOWUSDT,-0.02,-12.9352
5/15/2024 0:30,DUSKUSDT,-0.0223,-12.9575
5/15/2024 0:45,OPUSDT,-0.021,-12.9785
5/15/2024 0:45,SLPUSDT,-0.0242,-13.0027
5/15/2024 0:45,XRPUSDT,-0.0223,-13.025
5/15/2024 0:45,SXPUSDT,-0.0259,-13.0509
5/15/2024 0:45,EOSUSDT,-0.0267,-13.0776
5/15/2024 0:45,OMUSDT,-0.0268,-13.1044
5/15/2024 4:30,PENDLEUSDT,0.0459,-13.0585
5/15/2024 7:00,ALTUSDT,-0.0218,-13.0803
5/15/2024 8:00,RUNEUSDT,-0.02,-13.1003
5/15/2024 8:15,MAVUSDT,-0.0258,-13.1261
5/15/2024 8:15,BAKEUSDT,-0.0254,-13.1515
5/15/2024 9:45,DOGEUSDT,0.0466,-13.1049
5/15/2024 9:45,AVAXUSDT,0.045,-13.0599
5/15/2024 12:30,BTCUSDT,0.032,-13.0279
5/15/2024 12:30,METISUSDT,0.0209,-13.007
5/15/2024 14:45,STGUSDT,-0.0215,-13.0285
5/15/2024 16:00,OMGUSDT,0.05,-12.9785
5/15/2024 16:00,GTCUSDT,-0.021,-12.9995
5/15/2024 16:00,XEMUSDT,-0.02,-13.0195
5/15/2024 16:00,STMXUSDT,0.0459,-12.9736
5/15/2024 16:00,LOOMUSDT,0.0497,-12.9239
5/15/2024 16:45,IOSTUSDT,0.0498,-12.8741
5/15/2024 16:45,POLYXUSDT,0.0451,-12.829
5/15/2024 17:00,MANAUSDT,0.0495,-12.7795
5/15/2024 17:00,GASUSDT,-0.0204,-12.7999
5/15/2024 17:00,MAGICUSDT,-0.0219,-12.8218
5/15/2024 17:00,GTCUSDT,-0.02,-12.8418
5/15/2024 17:00,AXSUSDT,0.0497,-12.7921
5/15/2024 17:00,ONTUSDT,0.0496,-12.7425
5/15/2024 17:00,SANDUSDT,-0.0231,-12.7656
5/15/2024 17:00,ACHUSDT,0.0478,-12.7178
5/15/2024 17:00,ETCUSDT,0.0465,-12.6713
5/15/2024 17:00,ALGOUSDT,-0.022,-12.6933
5/15/2024 17:00,1000LUNCUSDT,0.0467,-12.6466
5/15/2024 17:00,ZENUSDT,-0.0214,-12.668
5/15/2024 17:30,GLMUSDT,0.0484,-12.6196
5/15/2024 17:30,ROSEUSDT,-0.0223,-12.6419
5/15/2024 18:00,WOOUSDT,0.0476,-12.5943
5/15/2024 18:15,ENJUSDT,-0.0224,-12.6167
5/15/2024 18:15,BALUSDT,-0.0205,-12.6372
5/15/2024 18:15,EGLDUSDT,-0.0214,-12.6586
5/15/2024 18:15,CFXUSDT,0.0477,-12.6109
5/15/2024 18:15,COMBOUSDT,0.0448,-12.5661
5/15/2024 18:15,FXSUSDT,-0.0287,-12.5948
5/15/2024 18:15,REEFUSDT,-0.0227,-12.6175
5/15/2024 18:15,ETHUSDT,-0.0292,-12.6467
5/15/2024 18:15,THETAUSDT,0.0473,-12.5994
5/15/2024 18:15,FLOWUSDT,0.0488,-12.5506
5/15/2024 18:15,GALAUSDT,0.0431,-12.5075
5/15/2024 18:45,BTCDOMUSDT,-0.0234,-12.5309
5/15/2024 19:15,INJUSDT,-0.0228,-12.5537
5/15/2024 19:30,GTCUSDT,-0.0276,-12.5813
5/15/2024 19:30,ORBSUSDT,-0.0214,-12.6027
5/15/2024 19:30,DOTUSDT,-0.0256,-12.6283
5/15/2024 19:30,NKNUSDT,0.049,-12.5793
5/15/2024 19:30,SOLUSDT,0.0488,-12.5305
5/15/2024 19:30,DENTUSDT,-0.0256,-12.5561
5/15/2024 19:30,LOOMUSDT,0.0446,-12.5115
5/15/2024 19:30,DYDXUSDT,-0.0209,-12.5324
5/15/2024 19:30,DODOXUSDT,-0.0241,-12.5565
5/15/2024 19:30,OXTUSDT,-0.025,-12.5815
5/15/2024 19:30,ALPHAUSDT,-0.0248,-12.6063
5/15/2024 19:30,ZENUSDT,-0.024,-12.6303
5/15/2024 19:30,ZILUSDT,0.0451,-12.5852
5/15/2024 19:30,DASHUSDT,0.0451,-12.5401
5/15/2024 19:45,DARUSDT,-0.0237,-12.5638
5/15/2024 19:45,NEARUSDT,0.0461,-12.5177
5/15/2024 19:45,HBARUSDT,-0.024,-12.5417
5/15/2024 19:45,KNCUSDT,-0.0243,-12.566
5/15/2024 19:45,CTSIUSDT,-0.0207,-12.5867
5/15/2024 19:45,ARBUSDT,-0.0236,-12.6103
5/15/2024 20:00,OMNIUSDT,-0.022,-12.6323
5/15/2024 20:00,ONGUSDT,-0.0267,-12.659
5/15/2024 22:00,LSKUSDT,0.0447,-12.6143
5/15/2024 22:00,DODOXUSDT,-0.0289,-12.6432
5/15/2024 22:15,XVGUSDT,0.0462,-12.597
5/15/2024 22:15,NEARUSDT,-0.026,-12.623
5/15/2024 23:30,LTCUSDT,-0.0237,-12.6467
5/15/2024 23:30,AVAXUSDT,-0.0214,-12.6681
5/16/2024 0:00,RONINUSDT,-0.0221,-12.6902
5/16/2024 0:00,ACEUSDT,-0.0203,-12.7105
5/16/2024 0:00,SXPUSDT,-0.0305,-12.741
5/16/2024 0:00,JUPUSDT,-0.0274,-12.7684
5/16/2024 1:00,NEARUSDT,-0.0207,-12.7891
5/16/2024 1:00,DEFIUSDT,-0.022,-12.8111
5/16/2024 3:00,CELOUSDT,-0.0228,-12.8339
5/16/2024 3:15,RONINUSDT,-0.0213,-12.8552
5/16/2024 3:15,MASKUSDT,-0.0266,-12.8818
5/16/2024 3:15,CHZUSDT,-0.0216,-12.9034
5/16/2024 3:15,1INCHUSDT,-0.0423,-12.9457
5/16/2024 3:15,BEAMXUSDT,-0.024,-12.9697
5/16/2024 3:15,FXSUSDT,-0.0225,-12.9922
5/16/2024 3:15,AVAXUSDT,-0.0225,-13.0147
5/16/2024 3:30,IDUSDT,-0.0317,-13.0464
5/16/2024 3:30,RUNEUSDT,0.0494,-12.997
5/16/2024 3:30,GALAUSDT,0.0457,-12.9513
5/16/2024 4:00,YGGUSDT,-0.0214,-12.9727
5/16/2024 5:45,RUNEUSDT,0.0496,-12.9231
5/16/2024 5:45,LINKUSDT,-0.0207,-12.9438
5/16/2024 6:15,BNTUSDT,-0.0218,-12.9656
5/16/2024 6:15,XVSUSDT,-0.0267,-12.9923
5/16/2024 6:15,ZILUSDT,-0.02,-13.0123
5/16/2024 7:00,HIFIUSDT,-0.0227,-13.035
5/16/2024 7:00,COMBOUSDT,0.0457,-12.9893
5/16/2024 7:15,ROSEUSDT,-0.0214,-13.0107
5/16/2024 7:30,ENSUSDT,-0.0202,-13.0309
5/16/2024 7:30,ALICEUSDT,-0.02,-13.0509
5/16/2024 9:30,MINAUSDT,-0.0275,-13.0784
5/16/2024 9:45,AMBUSDT,-0.0242,-13.1026
5/16/2024 9:45,XVSUSDT,-0.0251,-13.1277
5/16/2024 9:45,STORJUSDT,-0.0235,-13.1512
5/16/2024 10:15,BBUSDT,0.0322,-13.119
5/16/2024 10:30,STRKUSDT,0.0493,-13.0697
5/16/2024 12:00,REZUSDT,0.0146,-13.0551
5/16/2024 12:00,PERPUSDT,0.048,-13.0071
5/16/2024 12:00,ARPAUSDT,0.0427,-12.9644
5/16/2024 12:00,RDNTUSDT,0.0447,-12.9197
5/16/2024 12:00,BADGERUSDT,0.0444,-12.8753
5/16/2024 13:15,LSKUSDT,-0.0258,-12.9011
5/16/2024 14:00,APTUSDT,-0.0202,-12.9213
5/16/2024 14:15,HFTUSDT,-0.022,-12.9433
5/16/2024 14:15,STEEMUSDT,-0.022,-12.9653
5/16/2024 14:15,OPUSDT,-0.0203,-12.9856
5/16/2024 14:15,COMPUSDT,-0.0215,-13.0071
5/16/2024 14:15,MAGICUSDT,-0.0207,-13.0278
5/16/2024 14:15,KEYUSDT,-0.0211,-13.0489
5/16/2024 14:15,ONEUSDT,-0.0277,-13.0766
5/16/2024 14:15,DEFIUSDT,-0.025,-13.1016
5/16/2024 14:15,1000XECUSDT,-0.0224,-13.124
5/16/2024 14:15,GLMUSDT,-0.0214,-13.1454
5/16/2024 14:15,CRVUSDT,-0.02,-13.1654
5/16/2024 14:15,MOVRUSDT,-0.0216,-13.187
5/16/2024 14:15,WAVESUSDT,-0.0239,-13.2109
5/16/2024 14:15,DENTUSDT,-0.02,-13.2309
5/16/2024 14:15,CELRUSDT,-0.0205,-13.2514
5/16/2024 14:15,SANDUSDT,-0.0209,-13.2723
5/16/2024 14:15,TLMUSDT,-0.021,-13.2933
5/16/2024 14:15,DYDXUSDT,-0.0221,-13.3154
5/16/2024 14:15,XAIUSDT,-0.0203,-13.3357
5/16/2024 14:15,BCHUSDT,-0.0245,-13.3602
5/16/2024 14:15,HOTUSDT,-0.02,-13.3802
5/16/2024 14:15,ATAUSDT,-0.022,-13.4022
5/16/2024 14:30,XLMUSDT,-0.0231,-13.4253
5/16/2024 14:30,KLAYUSDT,-0.02,-13.4453
5/16/2024 14:30,BELUSDT,-0.0254,-13.4707
5/16/2024 14:30,1000LUNCUSDT,-0.023,-13.4937
5/16/2024 14:45,TWTUSDT,-0.025,-13.5187
5/16/2024 14:45,ARBUSDT,-0.0309,-13.5496
5/16/2024 17:15,AXLUSDT,-0.0217,-13.5713
5/16/2024 17:15,ETHUSDT,-0.0227,-13.594
5/16/2024 17:15,AVAXUSDT,-0.0225,-13.6165
5/16/2024 17:15,ALGOUSDT,-0.0286,-13.6451
5/16/2024 20:15,AXLUSDT,-0.0209,-13.666
5/16/2024 21:30,BICOUSDT,0.0451,-13.6209
5/16/2024 21:30,CELOUSDT,0.0471,-13.5738
5/16/2024 21:45,BATUSDT,-0.0221,-13.5959
5/16/2024 22:00,AXLUSDT,-0.0232,-13.6191
5/16/2024 22:45,THETAUSDT,-0.0266,-13.6457
5/16/2024 23:15,ACHUSDT,0.0494,-13.5963
5/17/2024 0:45,HBARUSDT,-0.0247,-13.621
5/17/2024 1:15,POWRUSDT,-0.0292,-13.6502
5/17/2024 3:00,KASUSDT,-0.02,-13.6702
5/17/2024 3:45,OXTUSDT,-0.0209,-13.6911
5/17/2024 4:00,JASMYUSDT,-0.0209,-13.712
5/17/2024 4:15,PENDLEUSDT,-0.0251,-13.7371
5/17/2024 5:00,AAVEUSDT,-0.0209,-13.758
5/17/2024 5:00,KNCUSDT,-0.0219,-13.7799
5/17/2024 5:00,ZENUSDT,0.0378,-13.7421
5/17/2024 5:30,SOLUSDT,0.0426,-13.6995
5/17/2024 5:30,JUPUSDT,0.0427,-13.6568
5/17/2024 5:45,AVAXUSDT,0.0492,-13.6076
5/17/2024 6:00,NMRUSDT,-0.0219,-13.6295
5/17/2024 6:00,GALAUSDT,-0.0224,-13.6519
5/17/2024 6:15,RVNUSDT,-0.0211,-13.673
5/17/2024 6:30,SXPUSDT,0.0473,-13.6257
5/17/2024 6:30,YFIUSDT,0.0486,-13.5771
5/17/2024 6:30,STORJUSDT,0.0335,-13.5436
5/17/2024 6:45,INJUSDT,0.0478,-13.4958
5/17/2024 7:00,AXLUSDT,-0.0246,-13.5204
5/17/2024 7:00,POLYXUSDT,0.0493,-13.4711
5/17/2024 7:00,POWRUSDT,-0.0205,-13.4916
5/17/2024 10:15,ALICEUSDT,-0.02,-13.5116
5/17/2024 10:15,BADGERUSDT,0.0497,-13.4619
5/17/2024 10:30,ASTRUSDT,0.0491,-13.4128
5/17/2024 10:30,ZILUSDT,-0.0215,-13.4343
5/17/2024 10:45,KLAYUSDT,-0.024,-13.4583
5/17/2024 11:30,CAKEUSDT,-0.0219,-13.4802
5/17/2024 12:15,CKBUSDT,0.0483,-13.4319
5/17/2024 12:15,TRUUSDT,0.0461,-13.3858
5/17/2024 12:30,DUSKUSDT,0.0458,-13.34
5/17/2024 12:30,TUSDT,-0.0233,-13.3633
5/17/2024 12:30,OPUSDT,-0.0224,-13.3857
5/17/2024 12:30,BTCDOMUSDT,-0.0202,-13.4059
5/17/2024 12:45,ATOMUSDT,-0.0244,-13.4303
5/17/2024 14:15,BALUSDT,-0.02,-13.4503
5/17/2024 14:15,ILVUSDT,-0.0223,-13.4726
5/17/2024 14:15,DODOXUSDT,-0.0211,-13.4937
5/17/2024 14:15,ACHUSDT,-0.0209,-13.5146
5/17/2024 14:15,ORDIUSDT,0.0461,-13.4685
5/17/2024 14:15,RIFUSDT,-0.024,-13.4925
5/17/2024 14:45,STGUSDT,-0.0218,-13.5143
5/17/2024 14:45,NMRUSDT,-0.0216,-13.5359
5/17/2024 15:00,COMBOUSDT,-0.0207,-13.5566
5/17/2024 15:15,BELUSDT,0.0481,-13.5085
5/17/2024 15:15,SUSHIUSDT,-0.0289,-13.5374
5/17/2024 15:15,TLMUSDT,-0.0211,-13.5585
5/17/2024 15:15,GALAUSDT,-0.0258,-13.5843
5/17/2024 15:15,ALPHAUSDT,-0.0204,-13.6047
5/17/2024 15:15,ZENUSDT,-0.0212,-13.6259
5/17/2024 16:00,USTCUSDT,-0.0204,-13.6463
5/17/2024 17:45,SUIUSDT,-0.0229,-13.6692
5/17/2024 19:30,ASTRUSDT,-0.0204,-13.6896
5/17/2024 22:00,XEMUSDT,-0.02,-13.7096
5/17/2024 22:30,CELOUSDT,-0.0279,-13.7375
5/18/2024 0:15,JTOUSDT,0.0482,-13.6893
5/18/2024 0:45,AXSUSDT,-0.0234,-13.7127
5/18/2024 1:00,KNCUSDT,-0.02,-13.7327
5/18/2024 1:00,MKRUSDT,0.0481,-13.6846
5/18/2024 2:00,LTCUSDT,-0.0221,-13.7067
5/18/2024 3:00,ARUSDT,-0.0203,-13.727
5/18/2024 3:15,ROSEUSDT,-0.0202,-13.7472
5/18/2024 3:30,CHZUSDT,-0.0218,-13.769
5/18/2024 3:30,KNCUSDT,-0.0206,-13.7896
5/18/2024 5:15,CYBERUSDT,-0.0216,-13.8112
5/18/2024 5:45,ACHUSDT,0.0459,-13.7653
5/18/2024 6:15,ICPUSDT,-0.0291,-13.7944
5/18/2024 8:45,COTIUSDT,0.0489,-13.7455
5/18/2024 9:45,CYBERUSDT,-0.0202,-13.7657
5/18/2024 10:00,CFXUSDT,-0.0209,-13.7866
5/18/2024 10:15,YFIUSDT,-0.0205,-13.8071
5/18/2024 12:00,BEAMXUSDT,-0.0315,-13.8386
5/18/2024 12:00,CFXUSDT,-0.0204,-13.859
5/18/2024 12:00,YFIUSDT,-0.0206,-13.8796
5/18/2024 12:30,LSKUSDT,0.0487,-13.8309
5/18/2024 14:00,UNIUSDT,0.0424,-13.7885
5/18/2024 14:15,IMXUSDT,-0.0249,-13.8134
5/18/2024 15:15,AXLUSDT,0.0499,-13.7635
5/18/2024 15:45,BNXUSDT,0.031,-13.7325
5/18/2024 21:15,ONDOUSDT,-0.0208,-13.7533
5/18/2024 22:15,CAKEUSDT,-0.0205,-13.7738
5/18/2024 22:30,FLOWUSDT,-0.02,-13.7938
5/19/2024 0:00,JASMYUSDT,-0.0255,-13.8193
5/19/2024 1:30,LSKUSDT,0.0425,-13.7768
5/19/2024 1:45,ALGOUSDT,-0.02,-13.7968
5/19/2024 2:00,ENJUSDT,0.049,-13.7478
5/19/2024 2:00,SSVUSDT,0.0454,-13.7024
5/19/2024 2:15,INJUSDT,-0.0219,-13.7243
5/19/2024 2:15,MANAUSDT,-0.0268,-13.7511
5/19/2024 2:15,LQTYUSDT,-0.0258,-13.7769
5/19/2024 2:45,SOLUSDT,-0.023,-13.7999
5/19/2024 3:00,SAGAUSDT,0.0466,-13.7533
5/19/2024 4:00,LSKUSDT,0.0473,-13.706
5/19/2024 4:15,ATOMUSDT,0.0452,-13.6608
5/19/2024 4:30,ZECUSDT,-0.0237,-13.6845
5/19/2024 5:00,ZETAUSDT,-0.0215,-13.706
5/19/2024 5:45,KAVAUSDT,-0.023,-13.729
5/19/2024 6:15,ICPUSDT,-0.0306,-13.7596
5/19/2024 6:30,ENAUSDT,0.0469,-13.7127
5/19/2024 6:30,SFPUSDT,0.0458,-13.6669
5/19/2024 6:30,GTCUSDT,0.0412,-13.6257
5/19/2024 6:30,MOVRUSDT,0.04,-13.5857
5/19/2024 8:30,GASUSDT,0.0444,-13.5413
5/19/2024 8:30,MAGICUSDT,0.0471,-13.4942
5/19/2024 8:30,OMNIUSDT,0.0453,-13.4489
5/19/2024 8:30,BIGTIMEUSDT,0.0482,-13.4007
5/19/2024 8:30,GTCUSDT,0.0484,-13.3523
5/19/2024 8:30,ETHWUSDT,0.0417,-13.3106
5/19/2024 8:30,CRVUSDT,0.05,-13.2606
5/19/2024 8:30,ONTUSDT,0.0459,-13.2147
5/19/2024 8:30,MKRUSDT,0.0486,-13.1661
5/19/2024 8:30,ZILUSDT,0.0475,-13.1186
5/19/2024 9:00,EOSUSDT,0.0472,-13.0714
5/19/2024 9:00,OMUSDT,-0.0258,-13.0972
5/19/2024 9:15,AUCTIONUSDT,0.0463,-13.0509
5/19/2024 9:15,ETHFIUSDT,0.0488,-13.0021
5/19/2024 9:15,OPUSDT,-0.023,-13.0251
5/19/2024 9:15,CELOUSDT,0.0478,-12.9773
5/19/2024 9:15,ARPAUSDT,0.0489,-12.9284
5/19/2024 9:15,ROSEUSDT,-0.0208,-12.9492
5/19/2024 9:15,ATOMUSDT,0.0493,-12.8999
5/19/2024 9:15,DYDXUSDT,0.0484,-12.8515
5/19/2024 9:15,DODOXUSDT,0.0455,-12.806
5/19/2024 9:15,RLCUSDT,0.0497,-12.7563
5/19/2024 9:15,VETUSDT,-0.0212,-12.7775
5/19/2024 10:45,NEARUSDT,-0.02,-12.7975
5/19/2024 10:45,SAGAUSDT,0.0497,-12.7478
5/19/2024 10:45,HBARUSDT,0.0459,-12.7019
5/19/2024 10:45,ILVUSDT,0.0474,-12.6545
5/19/2024 11:00,TIAUSDT,0.0498,-12.6047
5/19/2024 11:00,MEMEUSDT,0.0457,-12.559
5/19/2024 11:00,HIFIUSDT,0.0348,-12.5242
5/19/2024 11:00,IMXUSDT,0.0289,-12.4953
5/19/2024 11:00,VANRYUSDT,0.0459,-12.4494
5/19/2024 11:00,ZECUSDT,-0.0239,-12.4733
5/19/2024 11:00,FILUSDT,0.0477,-12.4256
5/19/2024 11:00,MAVIAUSDT,0.0417,-12.3839
5/19/2024 12:15,APEUSDT,0.0467,-12.3372
5/19/2024 12:15,AUCTIONUSDT,0.0476,-12.2896
5/19/2024 12:15,IOTAUSDT,0.0407,-12.2489
5/19/2024 12:15,LITUSDT,0.047,-12.2019
5/19/2024 12:15,BONDUSDT,0.0381,-12.1638
5/19/2024 12:15,COMPUSDT,0.0441,-12.1197
5/19/2024 12:15,MANAUSDT,0.0429,-12.0768
5/19/2024 12:15,GASUSDT,0.0455,-12.0313
5/19/2024 12:15,KEYUSDT,0.0453,-11.986
5/19/2024 12:15,JOEUSDT,0.0386,-11.9474
5/19/2024 12:15,LINAUSDT,0.0427,-11.9047
5/19/2024 12:15,STMXUSDT,0.0336,-11.8711
5/19/2024 12:15,HBARUSDT,-0.0231,-11.8942
5/19/2024 12:15,PERPUSDT,0.0474,-11.8468
5/19/2024 12:15,VANRYUSDT,-0.02,-11.8668
5/19/2024 12:15,REEFUSDT,0.0422,-11.8246
5/19/2024 12:15,LQTYUSDT,0.0482,-11.7764
5/19/2024 12:15,WAVESUSDT,0.0348,-11.7416
5/19/2024 12:15,DENTUSDT,0.0474,-11.6942
5/19/2024 12:15,SUSHIUSDT,0.0445,-11.6497
5/19/2024 12:15,TWTUSDT,0.048,-11.6017
5/19/2024 12:15,MKRUSDT,-0.0268,-11.6285
5/19/2024 12:15,JASMYUSDT,0.0445,-11.584
5/19/2024 12:15,ETCUSDT,0.0352,-11.5488
5/19/2024 12:15,XTZUSDT,0.05,-11.4988
5/19/2024 12:15,ATAUSDT,0.0468,-11.452
5/19/2024 12:15,FILUSDT,0.0456,-11.4064
5/19/2024 12:15,ARBUSDT,0.0424,-11.364
5/19/2024 12:30,BOMEUSDT,0.0468,-11.3172
5/19/2024 13:15,IMXUSDT,-0.0223,-11.3395
5/19/2024 13:15,AVAXUSDT,-0.0264,-11.3659
5/19/2024 14:15,CRVUSDT,-0.0251,-11.391
5/19/2024 14:30,SUPERUSDT,-0.0256,-11.4166
5/19/2024 15:00,CAKEUSDT,-0.0273,-11.4439
5/19/2024 15:00,WOOUSDT,-0.0214,-11.4653
5/19/2024 15:00,DUSKUSDT,-0.0231,-11.4884
5/19/2024 15:00,RONINUSDT,-0.0282,-11.5166
5/19/2024 15:00,CHZUSDT,-0.0286,-11.5452
5/19/2024 15:00,SKLUSDT,-0.0225,-11.5677
5/19/2024 15:00,QTUMUSDT,-0.0214,-11.5891
5/19/2024 15:00,ICPUSDT,-0.0209,-11.61
5/19/2024 15:00,UNIUSDT,-0.0272,-11.6372
5/19/2024 15:00,1INCHUSDT,-0.0204,-11.6576
5/19/2024 15:00,XRPUSDT,-0.02,-11.6776
5/19/2024 15:00,SXPUSDT,0.0447,-11.6329
5/19/2024 15:00,API3USDT,-0.0203,-11.6532
5/19/2024 15:00,FLMUSDT,-0.0216,-11.6748
5/19/2024 15:00,ETHUSDT,-0.0214,-11.6962
5/19/2024 15:00,PHBUSDT,-0.0231,-11.7193
5/19/2024 15:00,BADGERUSDT,-0.0218,-11.7411
5/19/2024 15:00,TLMUSDT,-0.0209,-11.762
5/19/2024 15:00,ACHUSDT,0.0473,-11.7147
5/19/2024 15:00,STORJUSDT,0.0459,-11.6688
5/19/2024 15:00,TONUSDT,-0.0203,-11.6891
5/19/2024 15:00,ALPHAUSDT,-0.0208,-11.7099
5/19/2024 15:00,HOTUSDT,-0.0214,-11.7313
5/19/2024 15:00,DASHUSDT,-0.0258,-11.7571
5/19/2024 16:00,TNSRUSDT,0.0487,-11.7084
5/19/2024 16:15,ENJUSDT,-0.0227,-11.7311
5/19/2024 16:15,BALUSDT,0.0474,-11.6837
5/19/2024 16:15,EDUUSDT,-0.0203,-11.704
5/19/2024 16:15,ACEUSDT,0.0374,-11.6666
5/19/2024 16:15,ALTUSDT,0.0483,-11.6183
5/19/2024 16:15,ASTRUSDT,-0.0233,-11.6416
5/19/2024 16:15,ICPUSDT,-0.0307,-11.6723
5/19/2024 16:15,TIAUSDT,0.0481,-11.6242
5/19/2024 16:15,BIGTIMEUSDT,0.0481,-11.5761
5/19/2024 16:15,SPELLUSDT,0.0465,-11.5296
5/19/2024 16:15,SAGAUSDT,0.0452,-11.4844
5/19/2024 16:15,MAVUSDT,0.0454,-11.439
5/19/2024 16:15,GTCUSDT,-0.0216,-11.4606
5/19/2024 16:15,STMXUSDT,-0.0229,-11.4835
5/19/2024 16:15,KLAYUSDT,-0.0225,-11.506
5/19/2024 16:15,PERPUSDT,0.043,-11.463
5/19/2024 16:15,ARKMUSDT,-0.0274,-11.4904
5/19/2024 16:15,EOSUSDT,-0.02,-11.5104
5/19/2024 16:15,TLMUSDT,-0.0212,-11.5316
5/19/2024 16:15,SEIUSDT,-0.022,-11.5536
5/19/2024 16:15,MKRUSDT,-0.0224,-11.576
5/19/2024 16:15,CYBERUSDT,0.0488,-11.5272
5/19/2024 16:15,HOTUSDT,0.05,-11.4772
5/19/2024 16:15,OGNUSDT,-0.02,-11.4972
5/19/2024 16:15,MAVIAUSDT,-0.0222,-11.5194
5/19/2024 16:30,AGIXUSDT,-0.0209,-11.5403
5/19/2024 16:30,SKLUSDT,-0.0202,-11.5605
5/19/2024 16:30,AAVEUSDT,-0.0215,-11.582
5/19/2024 16:30,1INCHUSDT,-0.0205,-11.6025
5/19/2024 16:30,BEAMXUSDT,-0.0211,-11.6236
5/19/2024 16:30,CFXUSDT,0.034,-11.5896
5/19/2024 16:30,FXSUSDT,-0.0204,-11.61
5/19/2024 16:30,OXTUSDT,0.0452,-11.5648
5/19/2024 16:30,OCEANUSDT,-0.0217,-11.5865
5/19/2024 16:45,WOOUSDT,-0.02,-11.6065
5/19/2024 16:45,ZETAUSDT,0.0497,-11.5568
5/19/2024 16:45,DASHUSDT,-0.0213,-11.5781
5/19/2024 18:15,TUSDT,-0.0228,-11.6009
5/19/2024 18:15,ONTUSDT,-0.0207,-11.6216
5/19/2024 18:15,ACHUSDT,-0.0252,-11.6468
5/19/2024 18:30,IDUSDT,-0.02,-11.6668
5/19/2024 18:30,DOTUSDT,-0.0245,-11.6913
5/19/2024 18:30,XTZUSDT,-0.0229,-11.7142
5/19/2024 19:15,CHRUSDT,-0.0204,-11.7346
5/19/2024 19:30,ICPUSDT,-0.0228,-11.7574
5/19/2024 19:30,TAOUSDT,-0.0253,-11.7827
5/19/2024 19:30,TNSRUSDT,-0.0216,-11.8043
5/19/2024 19:45,GLMUSDT,-0.02,-11.8243
5/19/2024 19:45,OMUSDT,0.0479,-11.7764
5/19/2024 19:45,1000LUNCUSDT,-0.0209,-11.7973
5/19/2024 20:30,ETHWUSDT,-0.021,-11.8183
5/19/2024 20:30,PHBUSDT,-0.0203,-11.8386
5/19/2024 20:30,ACHUSDT,-0.0232,-11.8618
5/19/2024 20:30,ZRXUSDT,-0.0221,-11.8839
5/19/2024 21:00,ACEUSDT,-0.022,-11.9059
5/19/2024 21:00,KLAYUSDT,-0.02,-11.9259
5/19/2024 21:15,AGIXUSDT,-0.0208,-11.9467
5/19/2024 21:15,GRTUSDT,-0.0226,-11.9693
5/19/2024 21:15,SNXUSDT,-0.0248,-11.9941
5/19/2024 21:15,APTUSDT,-0.0202,-12.0143
5/19/2024 21:15,1000SHIBUSDT,-0.0215,-12.0358
5/19/2024 21:15,BSVUSDT,-0.0236,-12.0594
5/19/2024 21:15,MTLUSDT,0.0394,-12.02
5/19/2024 21:15,WUSDT,-0.0212,-12.0412
5/19/2024 21:15,TNSRUSDT,0.0456,-11.9956
5/19/2024 21:15,SUSHIUSDT,-0.0225,-12.0181
5/19/2024 21:15,COTIUSDT,-0.022,-12.0401
5/19/2024 23:15,1000BONKUSDT,-0.0255,-12.0656
5/20/2024 0:00,OMNIUSDT,-0.0201,-12.0857
5/20/2024 0:00,EGLDUSDT,-0.0209,-12.1066
5/20/2024 0:00,LSKUSDT,-0.0211,-12.1277
5/20/2024 0:00,JASMYUSDT,-0.0235,-12.1512
5/20/2024 0:00,STORJUSDT,-0.0253,-12.1765
5/20/2024 0:00,OXTUSDT,-0.0213,-12.1978
5/20/2024 0:15,INJUSDT,-0.0213,-12.2191
5/20/2024 0:15,RONINUSDT,-0.0216,-12.2407
5/20/2024 0:15,AXLUSDT,-0.02,-12.2607
5/20/2024 0:15,TUSDT,-0.0216,-12.2823
5/20/2024 0:15,ACEUSDT,-0.0208,-12.3031
5/20/2024 0:15,HIFIUSDT,-0.0254,-12.3285
5/20/2024 0:15,MTLUSDT,-0.028,-12.3565
5/20/2024 0:15,CKBUSDT,-0.0219,-12.3784
5/20/2024 0:15,ETHWUSDT,-0.0206,-12.399
5/20/2024 0:15,TRUUSDT,-0.0206,-12.4196
5/20/2024 0:15,ARKUSDT,-0.0217,-12.4413
5/20/2024 0:15,AXSUSDT,-0.0218,-12.4631
5/20/2024 0:15,LOOMUSDT,-0.0215,-12.4846
5/20/2024 0:15,BAKEUSDT,-0.02,-12.5046
5/20/2024 0:15,RLCUSDT,-0.0218,-12.5264
5/20/2024 1:00,BIGTIMEUSDT,-0.0207,-12.5471
5/20/2024 1:00,YGGUSDT,-0.0258,-12.5729
5/20/2024 1:00,ARBUSDT,-0.0224,-12.5953
5/20/2024 1:15,HFTUSDT,-0.0242,-12.6195
5/20/2024 1:15,ASTRUSDT,-0.0228,-12.6423
5/20/2024 1:15,ARKUSDT,-0.0202,-12.6625
5/20/2024 1:15,SEIUSDT,-0.0213,-12.6838
5/20/2024 1:30,HIFIUSDT,-0.0214,-12.7052
5/20/2024 4:15,THETAUSDT,0.0471,-12.6581
5/20/2024 4:30,GRTUSDT,-0.0254,-12.6835
5/20/2024 10:00,MTLUSDT,-0.0218,-12.7053
5/20/2024 10:15,SUIUSDT,0.0485,-12.6568
5/20/2024 11:30,VANRYUSDT,-0.0264,-12.6832
5/20/2024 12:00,SUIUSDT,0.0459,-12.6373
5/20/2024 12:15,LINKUSDT,-0.0285,-12.6658
5/20/2024 14:00,ARUSDT,-0.0228,-12.6886
5/20/2024 14:00,KLAYUSDT,-0.0217,-12.7103
5/20/2024 14:00,WAVESUSDT,-0.0261,-12.7364
5/20/2024 14:30,STGUSDT,-0.0213,-12.7577
5/20/2024 14:30,COMPUSDT,-0.024,-12.7817
5/20/2024 14:30,NTRNUSDT,-0.0232,-12.8049
5/20/2024 14:30,SANDUSDT,-0.0205,-12.8254
5/20/2024 14:30,LEVERUSDT,-0.0225,-12.8479
5/20/2024 15:00,SFPUSDT,-0.0216,-12.8695
5/20/2024 15:15,AXLUSDT,0.0362,-12.8333
5/20/2024 15:30,MANTAUSDT,0.0495,-12.7838
5/20/2024 16:30,LPTUSDT,-0.0332,-12.817
5/20/2024 18:30,AVAXUSDT,0.0471,-12.7699
5/20/2024 19:15,APEUSDT,0.0047,-12.7652
5/20/2024 19:15,BATUSDT,0.0309,-12.7343
5/20/2024 19:15,HFTUSDT,0.0306,-12.7037
5/20/2024 19:15,XLMUSDT,0.0287,-12.675
5/20/2024 19:15,GRTUSDT,0.0405,-12.6345
5/20/2024 19:15,MASKUSDT,0.012,-12.6225
5/20/2024 19:15,STGUSDT,0.0092,-12.6133
5/20/2024 19:15,IDUSDT,0.0267,-12.5866
5/20/2024 19:15,SKLUSDT,0.0289,-12.5577
5/20/2024 19:15,DARUSDT,0.0262,-12.5315
5/20/2024 19:15,BOMEUSDT,0.0397,-12.4918
5/20/2024 19:15,STEEMUSDT,0.0165,-12.4753
5/20/2024 19:15,XVGUSDT,0.0291,-12.4462
5/20/2024 19:15,COMPUSDT,-0.0033,-12.4495
5/20/2024 19:15,GMXUSDT,0.0183,-12.4312
5/20/2024 19:15,UNIUSDT,-0.0238,-12.455
5/20/2024 19:15,APTUSDT,0.0329,-12.4221
5/20/2024 19:15,1000SHIBUSDT,0.0354,-12.3867
5/20/2024 19:15,NEARUSDT,-0.022,-12.4087
5/20/2024 19:15,JOEUSDT,0.0356,-12.3731
5/20/2024 19:15,LINAUSDT,0.0338,-12.3393
5/20/2024 19:15,HIFIUSDT,0.0354,-12.3039
5/20/2024 19:15,GTCUSDT,0.0124,-12.2915
5/20/2024 19:15,ONEUSDT,0.0196,-12.2719
5/20/2024 19:15,DOGEUSDT,0.0327,-12.2392
5/20/2024 19:15,GMTUSDT,0.0244,-12.2148
5/20/2024 19:15,DEFIUSDT,0.0247,-12.1901
5/20/2024 19:15,SUPERUSDT,-0.0356,-12.2257
5/20/2024 19:15,ICXUSDT,0.022,-12.2037
5/20/2024 19:15,SXPUSDT,0.0138,-12.1899
5/20/2024 19:15,CRVUSDT,0.0097,-12.1802
5/20/2024 19:15,MOVRUSDT,0.0137,-12.1665
5/20/2024 19:15,EOSUSDT,0.0147,-12.1518
5/20/2024 19:15,YFIUSDT,0.0216,-12.1302
5/20/2024 19:15,DENTUSDT,0.0033,-12.1269
5/20/2024 19:15,ALICEUSDT,0.0266,-12.1003
5/20/2024 19:15,ATOMUSDT,0.0359,-12.0644
5/20/2024 19:15,JUPUSDT,-0.02,-12.0844
5/20/2024 19:15,SANDUSDT,0.0089,-12.0755
5/20/2024 19:15,TLMUSDT,0.0318,-12.0437
5/20/2024 19:15,BAKEUSDT,0.0139,-12.0298
5/20/2024 19:15,DODOXUSDT,0.0334,-11.9964
5/20/2024 19:15,JASMYUSDT,-0.0248,-12.0212
5/20/2024 19:15,MANTAUSDT,0.0253,-11.9959
5/20/2024 19:15,STORJUSDT,0.0167,-11.9792
5/20/2024 19:15,LEVERUSDT,0.0197,-11.9595
5/20/2024 19:15,RLCUSDT,0.0409,-11.9186
5/20/2024 19:15,LUNA2USDT,0.0094,-11.9092
5/20/2024 19:15,1000LUNCUSDT,0.0275,-11.8817
5/20/2024 19:15,USTCUSDT,0.0272,-11.8545
5/20/2024 19:15,1000PEPEUSDT,0.0255,-11.829
5/20/2024 19:15,RIFUSDT,0.0437,-11.7853
5/20/2024 21:45,GRTUSDT,0.0384,-11.7469
5/20/2024 21:45,BSVUSDT,0.0397,-11.7072
5/20/2024 21:45,HBARUSDT,-0.0257,-11.7329
5/20/2024 21:45,C98USDT,0.0459,-11.687
5/20/2024 23:15,QTUMUSDT,-0.0226,-11.7096
5/20/2024 23:15,XVGUSDT,-0.0212,-11.7308
5/20/2024 23:15,FLMUSDT,-0.0216,-11.7524
5/20/2024 23:15,CRVUSDT,0.0477,-11.7047
5/20/2024 23:15,WAVESUSDT,-0.0269,-11.7316
5/20/2024 23:15,STRKUSDT,0.0283,-11.7033
5/20/2024 23:15,OGNUSDT,-0.0214,-11.7247
5/21/2024 0:00,NFPUSDT,-0.0257,-11.7504
5/21/2024 0:00,PORTALUSDT,-0.0286,-11.779
5/21/2024 0:00,DYMUSDT,-0.0249,-11.8039
5/21/2024 0:00,AGLDUSDT,-0.0237,-11.8276
5/21/2024 0:00,DENTUSDT,-0.0237,-11.8513
5/21/2024 0:00,ONTUSDT,-0.0248,-11.8761
5/21/2024 1:30,GMXUSDT,-0.0269,-11.903
5/21/2024 4:15,CELRUSDT,-0.0238,-11.9268
5/21/2024 5:15,XMRUSDT,0.0488,-11.878
5/21/2024 5:30,ATAUSDT,-0.0217,-11.8997
5/21/2024 8:00,GTCUSDT,0.0483,-11.8514
5/21/2024 9:15,WOOUSDT,0.0474,-11.804
5/21/2024 10:00,ALTUSDT,-0.0285,-11.8325
5/21/2024 10:45,DARUSDT,-0.02,-11.8525
5/21/2024 10:45,RUNEUSDT,-0.0205,-11.873
5/21/2024 11:00,BANDUSDT,-0.0213,-11.8943
5/21/2024 11:15,MOVRUSDT,-0.0204,-11.9147
5/21/2024 11:15,TLMUSDT,-0.0222,-11.9369
5/21/2024 11:30,STRKUSDT,-0.0269,-11.9638
5/21/2024 11:45,TRBUSDT,0.0459,-11.9179
5/21/2024 13:15,ILVUSDT,-0.0243,-11.9422
5/21/2024 13:30,TUSDT,-0.0228,-11.965
5/21/2024 13:30,APTUSDT,-0.0232,-11.9882
5/21/2024 13:30,NKNUSDT,-0.0249,-12.0131
5/21/2024 13:30,BTCDOMUSDT,0.0437,-11.9694
5/21/2024 13:30,CTSIUSDT,-0.0277,-11.9971
5/21/2024 13:45,JTOUSDT,-0.0266,-12.0237
5/21/2024 14:15,SOLUSDT,-0.0211,-12.0448
5/21/2024 15:15,SKLUSDT,0.0437,-12.0011
5/21/2024 15:45,INJUSDT,-0.0276,-12.0287
5/21/2024 15:45,ZETAUSDT,0.038,-11.9907
5/21/2024 15:45,TONUSDT,-0.0214,-12.0121
5/21/2024 19:00,QNTUSDT,0.0488,-11.9633
5/21/2024 19:00,STGUSDT,-0.0218,-11.9851
5/21/2024 19:15,BTCUSDT,-0.0259,-12.011
5/21/2024 19:15,NEARUSDT,-0.02,-12.031
5/21/2024 19:15,ZETAUSDT,0.0446,-11.9864
5/22/2024 0:00,API3USDT,-0.0203,-12.0067
5/22/2024 0:45,BATUSDT,-0.02,-12.0267
5/22/2024 1:00,RONINUSDT,-0.0291,-12.0558
5/22/2024 2:15,ICPUSDT,-0.0234,-12.0792
5/22/2024 2:30,DUSKUSDT,0.0432,-12.036
5/22/2024 2:30,MASKUSDT,0.0483,-11.9877
5/22/2024 2:30,ETCUSDT,0.0486,-11.9391
5/22/2024 3:00,BONDUSDT,0.05,-11.8891
5/22/2024 3:00,SPELLUSDT,-0.0223,-11.9114
5/22/2024 3:00,XVSUSDT,-0.022,-11.9334
5/22/2024 3:00,BADGERUSDT,0.0266,-11.9068
5/22/2024 3:30,CAKEUSDT,0.0469,-11.8599
5/22/2024 4:15,BATUSDT,0.0439,-11.816
5/22/2024 4:15,BONDUSDT,0.0362,-11.7798
5/22/2024 4:15,GASUSDT,-0.0247,-11.8045
5/22/2024 4:15,DYMUSDT,-0.0207,-11.8252
5/22/2024 4:15,VANRYUSDT,0.0473,-11.7779
5/22/2024 4:15,CKBUSDT,0.0432,-11.7347
5/22/2024 4:15,MOVRUSDT,-0.0225,-11.7572
5/22/2024 4:15,ETCUSDT,-0.0316,-11.7888
5/22/2024 4:15,XTZUSDT,0.0421,-11.7467
5/22/2024 4:15,OGNUSDT,0.0434,-11.7033
5/22/2024 4:30,STGUSDT,-0.0313,-11.7346
5/22/2024 4:30,SNXUSDT,-0.0317,-11.7663
5/22/2024 4:30,OPUSDT,0.0405,-11.7258
5/22/2024 4:30,SPELLUSDT,-0.0434,-11.7692
5/22/2024 4:30,MAVUSDT,-0.0236,-11.7928
5/22/2024 4:30,XEMUSDT,-0.0403,-11.8331
5/22/2024 4:30,EGLDUSDT,-0.0335,-11.8666
5/22/2024 4:30,COMBOUSDT,-0.0404,-11.907
5/22/2024 4:30,XVSUSDT,-0.0345,-11.9415
5/22/2024 4:30,DENTUSDT,-0.0444,-11.9859
5/22/2024 4:30,BLZUSDT,-0.0279,-12.0138
5/22/2024 4:30,MKRUSDT,0.0331,-11.9807
5/22/2024 7:15,CKBUSDT,0.0463,-11.9344
5/22/2024 7:30,PENDLEUSDT,0.044,-11.8904
5/22/2024 8:15,API3USDT,0.0303,-11.8601
5/22/2024 8:15,THETAUSDT,-0.0234,-11.8835
5/22/2024 8:30,RENUSDT,-0.0218,-11.9053
5/22/2024 9:00,ZRXUSDT,-0.0215,-11.9268
5/22/2024 10:30,NEARUSDT,-0.0295,-11.9563
5/22/2024 11:15,SAGAUSDT,0.0455,-11.9108
5/22/2024 11:45,ALTUSDT,-0.023,-11.9338
5/22/2024 11:45,OPUSDT,-0.027,-11.9608
5/22/2024 11:45,ZRXUSDT,-0.0296,-11.9904
5/22/2024 15:00,1INCHUSDT,-0.0206,-12.011
5/22/2024 15:30,LEVERUSDT,-0.026,-12.037
5/22/2024 17:00,TRXUSDT,0.0489,-11.9881
5/22/2024 20:30,COMPUSDT,-0.0205,-12.0086
5/22/2024 20:30,GASUSDT,-0.0212,-12.0298
5/22/2024 21:00,BTCUSDT,-0.0234,-12.0532
5/22/2024 22:30,JTOUSDT,-0.0258,-12.079
5/23/2024 0:00,IMXUSDT,-0.0208,-12.0998
5/23/2024 1:30,REEFUSDT,0.0483,-12.0515
5/23/2024 3:00,REEFUSDT,0.0491,-12.0024
5/23/2024 3:15,DENTUSDT,-0.0249,-12.0273
5/23/2024 3:15,C98USDT,-0.0272,-12.0545
5/23/2024 4:30,RONINUSDT,0.0446,-12.0099
5/23/2024 6:15,INJUSDT,-0.0287,-12.0386
5/23/2024 6:45,BNTUSDT,-0.0231,-12.0617
5/23/2024 7:30,RDNTUSDT,-0.0241,-12.0858
5/23/2024 8:00,RENUSDT,0.0472,-12.0386
5/23/2024 9:00,ARBUSDT,0.0415,-11.9971
5/23/2024 9:15,STMXUSDT,0.0431,-11.954
5/23/2024 10:15,TAOUSDT,-0.0206,-11.9746
5/23/2024 10:30,ETCUSDT,0.0458,-11.9288
5/23/2024 11:15,SSVUSDT,-0.0313,-11.9601
5/23/2024 12:15,ARUSDT,0.0491,-11.911
5/23/2024 12:15,JTOUSDT,0.0455,-11.8655
5/23/2024 12:30,STMXUSDT,0.05,-11.8155
5/23/2024 17:30,MAVUSDT,0.0496,-11.7659
5/23/2024 17:45,MAGICUSDT,0.0494,-11.7165
5/23/2024 17:45,RDNTUSDT,-0.0232,-11.7397
5/23/2024 17:45,ZECUSDT,0.0453,-11.6944
5/23/2024 18:00,SSVUSDT,-0.0301,-11.7245
5/23/2024 18:00,BTCUSDT,-0.0315,-11.756
5/23/2024 18:00,BNTUSDT,-0.0234,-11.7794
5/23/2024 18:00,ETHWUSDT,0.0437,-11.7357
5/23/2024 20:00,CAKEUSDT,-0.0289,-11.7646
5/23/2024 20:00,BATUSDT,-0.033,-11.7976
5/23/2024 20:00,XLMUSDT,-0.0272,-11.8248
5/23/2024 20:00,IOTAUSDT,-0.0365,-11.8613
5/23/2024 20:00,GRTUSDT,-0.0297,-11.891
5/23/2024 20:00,MASKUSDT,-0.0295,-11.9205
5/23/2024 20:00,TUSDT,-0.0374,-11.9579
5/23/2024 20:00,CHZUSDT,-0.0309,-11.9888
5/23/2024 20:00,ASTRUSDT,-0.0286,-12.0174
5/23/2024 20:00,FETUSDT,0.0284,-11.989
5/23/2024 20:00,IOSTUSDT,-0.0364,-12.0254
5/23/2024 20:00,ONGUSDT,-0.0384,-12.0638
5/23/2024 20:00,POLYXUSDT,-0.0353,-12.0991
5/23/2024 20:00,BSVUSDT,-0.0337,-12.1328
5/23/2024 20:00,CFXUSDT,-0.0414,-12.1742
5/23/2024 20:00,POWRUSDT,-0.0327,-12.2069
5/23/2024 20:00,ARPAUSDT,-0.0323,-12.2392
5/23/2024 20:00,API3USDT,-0.0359,-12.2751
5/23/2024 20:00,EOSUSDT,-0.0379,-12.313
5/23/2024 20:00,WAVESUSDT,-0.0334,-12.3464
5/23/2024 20:00,AXSUSDT,-0.0331,-12.3795
5/23/2024 20:00,ATOMUSDT,-0.0233,-12.4028
5/23/2024 20:00,XTZUSDT,-0.0383,-12.4411
5/23/2024 20:00,BCHUSDT,-0.0263,-12.4674
5/23/2024 20:00,DASHUSDT,-0.0257,-12.4931
5/24/2024 0:00,HIGHUSDT,-0.0225,-12.5156
5/24/2024 0:15,ZENUSDT,-0.0268,-12.5424
5/24/2024 2:45,BALUSDT,-0.0245,-12.5669
5/24/2024 3:00,RONINUSDT,-0.021,-12.5879
5/24/2024 3:00,STGUSDT,-0.0203,-12.6082
5/24/2024 3:00,RDNTUSDT,-0.0218,-12.63
5/24/2024 3:15,IOTXUSDT,-0.02,-12.65
5/24/2024 3:30,APTUSDT,-0.026,-12.676
5/24/2024 4:00,XLMUSDT,-0.0241,-12.7001
5/24/2024 4:00,GMXUSDT,-0.0298,-12.7299
5/24/2024 4:00,MANAUSDT,-0.0248,-12.7547
5/24/2024 4:00,ATOMUSDT,-0.0264,-12.7811
5/24/2024 4:00,LRCUSDT,-0.0224,-12.8035
5/24/2024 4:30,ALGOUSDT,-0.021,-12.8245
5/24/2024 8:15,XLMUSDT,-0.0203,-12.8448
5/24/2024 8:15,IOTAUSDT,-0.0205,-12.8653
5/24/2024 8:15,TUSDT,-0.0206,-12.8859
5/24/2024 8:15,CHZUSDT,-0.023,-12.9089
5/24/2024 8:15,LITUSDT,-0.02,-12.9289
5/24/2024 8:15,KEYUSDT,-0.0212,-12.9501
5/24/2024 8:15,UMAUSDT,-0.0232,-12.9733
5/24/2024 8:15,POWRUSDT,-0.0205,-12.9938
5/24/2024 8:15,LSKUSDT,-0.0255,-13.0193
5/24/2024 8:15,DENTUSDT,-0.0221,-13.0414
5/24/2024 8:15,RLCUSDT,-0.0232,-13.0646
5/24/2024 8:15,C98USDT,-0.021,-13.0856
5/24/2024 11:30,TRBUSDT,-0.0205,-13.1061
5/24/2024 11:45,SXPUSDT,0.047,-13.0591
5/24/2024 12:30,SPELLUSDT,-0.0236,-13.0827
5/24/2024 14:15,IOTAUSDT,-0.0247,-13.1074
5/24/2024 14:15,1INCHUSDT,-0.0284,-13.1358
5/24/2024 14:15,COMBOUSDT,0.0431,-13.0927
5/24/2024 14:15,AGLDUSDT,0.0422,-13.0505
5/24/2024 14:15,FLMUSDT,0.0445,-13.006
5/24/2024 14:15,CRVUSDT,-0.0298,-13.0358
5/24/2024 14:30,XTZUSDT,-0.02,-13.0558
5/24/2024 16:00,LTCUSDT,-0.0247,-13.0805
5/24/2024 17:30,RLCUSDT,-0.0211,-13.1016
5/24/2024 18:00,ALGOUSDT,0.0487,-13.0529
5/24/2024 18:00,ATAUSDT,0.0383,-13.0146
5/24/2024 21:30,ALICEUSDT,0.0438,-12.9708
5/24/2024 21:30,BADGERUSDT,0.0387,-12.9321
5/24/2024 23:00,LQTYUSDT,0.0415,-12.8906
5/24/2024 23:30,ASTRUSDT,-0.0247,-12.9153
5/24/2024 23:30,GMTUSDT,0.0486,-12.8667
5/24/2024 23:30,CRVUSDT,0.0449,-12.8218
5/24/2024 23:30,ALGOUSDT,0.0483,-12.7735
5/24/2024 23:30,ALPHAUSDT,0.0472,-12.7263
5/24/2024 23:45,AIUSDT,0.049,-12.6773
5/24/2024 23:45,SXPUSDT,0.0476,-12.6297
5/24/2024 23:45,NKNUSDT,0.0484,-12.5813
5/25/2024 0:30,LOOMUSDT,-0.0212,-12.6025
5/25/2024 0:30,ZENUSDT,-0.0211,-12.6236
5/25/2024 1:00,PENDLEUSDT,0.0443,-12.5793
5/25/2024 2:00,SFPUSDT,-0.0205,-12.5998
5/25/2024 2:00,DENTUSDT,0.05,-12.5498
5/25/2024 2:45,1INCHUSDT,-0.0204,-12.5702
5/25/2024 3:00,CAKEUSDT,0.0445,-12.5257
5/25/2024 3:15,FLMUSDT,0.0449,-12.4808
5/25/2024 3:15,EOSUSDT,0.0298,-12.451
5/25/2024 3:15,ZENUSDT,-0.0205,-12.4715
5/25/2024 3:30,HFTUSDT,-0.0244,-12.4959
5/25/2024 3:45,CHZUSDT,-0.0206,-12.5165
5/25/2024 4:00,SKLUSDT,-0.0228,-12.5393
5/25/2024 4:00,AIUSDT,-0.0341,-12.5734
5/25/2024 4:00,IOSTUSDT,-0.022,-12.5954
5/25/2024 4:00,BEAMXUSDT,0.0482,-12.5472
5/25/2024 4:00,SUPERUSDT,-0.0261,-12.5733
5/25/2024 4:00,ATOMUSDT,-0.0229,-12.5962
5/25/2024 4:00,DODOXUSDT,-0.0281,-12.6243
5/25/2024 4:00,ALPHAUSDT,-0.0349,-12.6592
5/25/2024 4:00,ZILUSDT,0.0349,-12.6243
5/25/2024 4:15,WOOUSDT,-0.0256,-12.6499
5/25/2024 4:45,NMRUSDT,-0.024,-12.6739
5/25/2024 4:45,PYTHUSDT,-0.0203,-12.6942
5/25/2024 5:00,TLMUSDT,-0.0202,-12.7144
5/25/2024 5:15,POWRUSDT,-0.02,-12.7344
5/25/2024 6:00,MEMEUSDT,0.0496,-12.6848
5/25/2024 6:15,UNIUSDT,-0.0203,-12.7051
5/25/2024 6:30,BICOUSDT,-0.0217,-12.7268
5/25/2024 7:00,AXLUSDT,-0.0214,-12.7482
5/25/2024 7:00,1000SATSUSDT,0.0486,-12.6996
5/25/2024 7:00,1000RATSUSDT,0.033,-12.6666
5/25/2024 8:00,SPELLUSDT,-0.0207,-12.6873
5/25/2024 8:15,RUNEUSDT,-0.0205,-12.7078
5/25/2024 9:15,MEMEUSDT,-0.0233,-12.7311
5/25/2024 9:30,FILUSDT,-0.0222,-12.7533
5/25/2024 9:45,WUSDT,-0.0211,-12.7744
5/25/2024 10:45,MTLUSDT,-0.0258,-12.8002
5/25/2024 11:00,KASUSDT,-0.0259,-12.8261
5/25/2024 11:15,MEMEUSDT,-0.0328,-12.8589
5/25/2024 11:15,WUSDT,-0.0203,-12.8792
5/25/2024 11:30,API3USDT,-0.0202,-12.8994
5/25/2024 12:15,HIGHUSDT,-0.0294,-12.9288
5/25/2024 13:30,ONEUSDT,0.0482,-12.8806
5/25/2024 16:00,IMXUSDT,-0.022,-12.9026
5/25/2024 17:00,ENAUSDT,-0.028,-12.9306
5/25/2024 17:00,THETAUSDT,-0.0234,-12.954
5/25/2024 18:30,THETAUSDT,-0.0283,-12.9823
5/25/2024 19:15,ONDOUSDT,-0.0208,-13.0031
5/25/2024 19:15,LDOUSDT,0.0438,-12.9593
5/25/2024 20:00,CYBERUSDT,-0.0217,-12.981
5/25/2024 20:30,RSRUSDT,-0.02,-13.001
5/25/2024 21:00,OGNUSDT,-0.02,-13.021
5/25/2024 21:45,NEARUSDT,-0.0203,-13.0413
5/25/2024 22:15,INJUSDT,-0.0204,-13.0617
5/25/2024 22:15,ARKMUSDT,-0.0203,-13.082
5/25/2024 22:15,EOSUSDT,-0.02,-13.102
5/25/2024 22:30,OGNUSDT,-0.0236,-13.1256
5/26/2024 0:00,THETAUSDT,-0.0251,-13.1507
5/26/2024 0:00,JASMYUSDT,0.0445,-13.1062
5/26/2024 0:15,DARUSDT,-0.0234,-13.1296
5/26/2024 1:00,1000XECUSDT,-0.0221,-13.1517
5/26/2024 1:00,KASUSDT,-0.0238,-13.1755
5/26/2024 1:15,POWRUSDT,-0.0237,-13.1992
5/26/2024 1:45,OMGUSDT,0.0413,-13.1579
5/26/2024 2:00,GMXUSDT,0.0201,-13.1378
5/26/2024 2:00,AXSUSDT,0.044,-13.0938
5/26/2024 2:15,ILVUSDT,-0.0286,-13.1224
5/26/2024 4:00,STGUSDT,0.0424,-13.08
5/26/2024 4:15,GLMUSDT,-0.0271,-13.1071
5/26/2024 4:30,ONEUSDT,0.0492,-13.0579
5/26/2024 4:30,1000XECUSDT,-0.0208,-13.0787
5/26/2024 4:45,GTCUSDT,-0.02,-13.0987
5/26/2024 5:00,ONGUSDT,-0.0212,-13.1199
5/26/2024 5:00,BCHUSDT,-0.0224,-13.1423
5/26/2024 6:15,IOTAUSDT,-0.0237,-13.166
5/26/2024 6:30,NMRUSDT,-0.0208,-13.1868
5/26/2024 6:45,XVSUSDT,-0.022,-13.2088
5/26/2024 7:00,XVGUSDT,-0.0222,-13.231
5/26/2024 7:00,RDNTUSDT,-0.0243,-13.2553
5/26/2024 7:45,XTZUSDT,0.05,-13.2053
5/26/2024 8:30,CHRUSDT,0.0409,-13.1644
5/26/2024 8:45,SXPUSDT,0.0489,-13.1155
5/26/2024 8:45,MKRUSDT,-0.0217,-13.1372
5/26/2024 9:15,SAGAUSDT,-0.0232,-13.1604
5/26/2024 9:30,KEYUSDT,-0.0235,-13.1839
5/26/2024 9:30,ALICEUSDT,-0.024,-13.2079
5/26/2024 9:45,UMAUSDT,-0.0217,-13.2296
5/26/2024 11:00,ETHUSDT,0.0485,-13.1811
5/26/2024 11:00,MKRUSDT,-0.0201,-13.2012
5/26/2024 11:30,SAGAUSDT,-0.0246,-13.2258
5/26/2024 11:30,MAVUSDT,0.044,-13.1818
5/26/2024 11:30,THETAUSDT,-0.0202,-13.202
5/26/2024 12:00,CHRUSDT,-0.0204,-13.2224
5/26/2024 12:00,IMXUSDT,-0.0203,-13.2427
5/26/2024 12:15,ZETAUSDT,-0.0219,-13.2646
5/26/2024 12:15,GALAUSDT,-0.0213,-13.2859
5/26/2024 12:45,1000LUNCUSDT,-0.023,-13.3089
5/26/2024 13:00,TRBUSDT,-0.0288,-13.3377
5/26/2024 13:00,AVAXUSDT,-0.0209,-13.3586
5/26/2024 13:15,IOTXUSDT,-0.0276,-13.3862
5/26/2024 13:30,MANAUSDT,-0.0221,-13.4083
5/26/2024 13:30,NEARUSDT,0.0489,-13.3594
5/26/2024 13:30,TONUSDT,-0.0207,-13.3801
5/26/2024 13:30,ZILUSDT,-0.0212,-13.4013
5/26/2024 13:30,RVNUSDT,-0.0207,-13.422
5/26/2024 14:30,METISUSDT,0.0418,-13.3802
5/26/2024 15:45,XRPUSDT,0.0387,-13.3415
5/26/2024 15:45,PERPUSDT,-0.0282,-13.3697
5/26/2024 15:45,YGGUSDT,-0.0284,-13.3981
5/26/2024 15:45,LINKUSDT,-0.0219,-13.42
5/26/2024 16:30,HIGHUSDT,0.0498,-13.3702
5/26/2024 16:30,TAOUSDT,-0.0216,-13.3918
5/26/2024 16:30,SNXUSDT,0.0445,-13.3473
5/26/2024 17:30,TUSDT,-0.0225,-13.3698
5/26/2024 17:45,VETUSDT,-0.0212,-13.391
5/26/2024 18:30,QNTUSDT,-0.0222,-13.4132
5/26/2024 19:00,AAVEUSDT,-0.0226,-13.4358
5/26/2024 19:00,FLMUSDT,-0.0279,-13.4637
5/26/2024 19:15,ZRXUSDT,-0.0213,-13.485
5/26/2024 19:30,KEYUSDT,0.0429,-13.4421
5/26/2024 20:15,ICXUSDT,-0.0218,-13.4639
5/26/2024 20:15,OCEANUSDT,-0.0205,-13.4844
5/26/2024 20:30,IDUSDT,-0.0232,-13.5076
5/26/2024 20:30,AIUSDT,-0.0202,-13.5278
5/26/2024 20:30,1000XECUSDT,-0.0214,-13.5492
5/26/2024 20:30,SANDUSDT,-0.0225,-13.5717
5/26/2024 20:45,IOTXUSDT,-0.021,-13.5927
5/26/2024 21:00,STGUSDT,-0.0242,-13.6169
5/26/2024 21:00,ICPUSDT,-0.0216,-13.6385
5/26/2024 21:00,BAKEUSDT,-0.0229,-13.6614
5/26/2024 21:00,KSMUSDT,-0.0212,-13.6826
5/26/2024 21:15,NEOUSDT,-0.0211,-13.7037
5/26/2024 23:15,TNSRUSDT,0.0483,-13.6554
5/26/2024 23:30,BICOUSDT,-0.0205,-13.6759
5/27/2024 0:15,AMBUSDT,0.0467,-13.6292
5/27/2024 1:30,COMBOUSDT,0.0307,-13.5985
5/27/2024 1:30,ALPHAUSDT,0.0449,-13.5536
5/27/2024 3:15,DUSKUSDT,-0.0216,-13.5752
5/27/2024 4:00,AXLUSDT,-0.0212,-13.5964
5/27/2024 4:00,ATOMUSDT,-0.02,-13.6164
5/27/2024 4:15,RDNTUSDT,-0.0249,-13.6413
5/27/2024 4:15,BLZUSDT,-0.026,-13.6673
5/27/2024 4:30,XVSUSDT,0.0453,-13.622
5/27/2024 4:30,ALGOUSDT,-0.02,-13.642
5/27/2024 5:15,SXPUSDT,-0.0296,-13.6716
5/27/2024 5:30,CHZUSDT,-0.0233,-13.6949
5/27/2024 5:30,OXTUSDT,0.0218,-13.6731
5/27/2024 6:15,WOOUSDT,0.0424,-13.6307
5/27/2024 8:45,KASUSDT,-0.0296,-13.6603
5/27/2024 9:30,TRXUSDT,-0.0293,-13.6896
5/27/2024 10:30,ENAUSDT,-0.0239,-13.7135
5/27/2024 11:00,SOLUSDT,0.0432,-13.6703
5/27/2024 11:00,HOTUSDT,0.05,-13.6203
5/27/2024 11:15,HIGHUSDT,0.0488,-13.5715
5/27/2024 11:30,JTOUSDT,-0.0208,-13.5923
5/27/2024 11:45,LITUSDT,0.05,-13.5423
5/27/2024 11:45,GMTUSDT,-0.0209,-13.5632
5/27/2024 12:00,XVSUSDT,-0.0268,-13.59
5/27/2024 12:15,AAVEUSDT,-0.0227,-13.6127
5/27/2024 12:15,HOTUSDT,0.0467,-13.566
5/27/2024 12:30,1000XECUSDT,0.0491,-13.5169
5/27/2024 13:00,DARUSDT,0.0483,-13.4686
5/27/2024 13:00,JUPUSDT,0.0448,-13.4238
5/27/2024 13:00,AVAXUSDT,0.0463,-13.3775
5/27/2024 13:15,ARPAUSDT,0.0475,-13.33
5/27/2024 13:30,STGUSDT,-0.0246,-13.3546
5/27/2024 13:30,GTCUSDT,-0.02,-13.3746
5/27/2024 13:30,XEMUSDT,0.0399,-13.3347
5/27/2024 13:30,BICOUSDT,-0.0288,-13.3635
5/27/2024 13:30,FLOWUSDT,0.0388,-13.3247
5/27/2024 13:30,ZILUSDT,0.0477,-13.277
5/27/2024 13:45,ARUSDT,0.0482,-13.2288
5/27/2024 14:00,ARKUSDT,-0.0212,-13.25
5/27/2024 14:15,SSVUSDT,-0.0224,-13.2724
5/27/2024 14:45,BADGERUSDT,0.047,-13.2254
5/27/2024 14:45,LEVERUSDT,0.0463,-13.1791
5/27/2024 15:00,ASTRUSDT,0.0444,-13.1347
5/27/2024 15:00,DEFIUSDT,-0.0202,-13.1549
5/27/2024 15:00,MOVRUSDT,-0.02,-13.1749
5/27/2024 15:00,PYTHUSDT,-0.0227,-13.1976
5/27/2024 15:00,LOOMUSDT,-0.0272,-13.2248
5/27/2024 15:15,1INCHUSDT,-0.02,-13.2448
5/27/2024 15:15,THETAUSDT,-0.0218,-13.2666
5/27/2024 15:30,DARUSDT,0.046,-13.2206
5/27/2024 15:30,PERPUSDT,-0.0287,-13.2493
5/27/2024 15:30,LQTYUSDT,-0.0245,-13.2738
5/27/2024 15:30,LRCUSDT,-0.0255,-13.2993
5/27/2024 17:45,ARKMUSDT,-0.0258,-13.3251
5/27/2024 18:00,WLDUSDT,-0.0221,-13.3472
5/28/2024 0:30,UNIUSDT,0.0469,-13.3003
5/28/2024 0:45,KSMUSDT,0.0479,-13.2524
5/28/2024 1:45,AXLUSDT,-0.0273,-13.2797
5/28/2024 1:45,TUSDT,0.0352,-13.2445
5/28/2024 1:45,SKLUSDT,0.0296,-13.2149
5/28/2024 1:45,ALTUSDT,0.0331,-13.1818
5/28/2024 1:45,TAOUSDT,-0.0276,-13.2094
5/28/2024 1:45,OPUSDT,0.0379,-13.1715
5/28/2024 1:45,GMXUSDT,-0.0346,-13.2061
5/28/2024 1:45,UNIUSDT,-0.0345,-13.2406
5/28/2024 1:45,IOSTUSDT,0.0267,-13.2139
5/28/2024 1:45,HIFIUSDT,0.0372,-13.1767
5/28/2024 1:45,BSVUSDT,0.0317,-13.145
5/28/2024 1:45,HBARUSDT,0.0433,-13.1017
5/28/2024 1:45,RSRUSDT,-0.0363,-13.138
5/28/2024 1:45,SUPERUSDT,0.0334,-13.1046
5/28/2024 1:45,FXSUSDT,0.0413,-13.0633
5/28/2024 1:45,ETHWUSDT,0.0253,-13.038
5/28/2024 1:45,ALICEUSDT,0.0409,-12.9971
5/28/2024 1:45,SUSHIUSDT,-0.0212,-13.0183
5/28/2024 1:45,RENUSDT,-0.0462,-13.0645
5/28/2024 1:45,BAKEUSDT,0.0333,-13.0312
5/28/2024 1:45,ZECUSDT,-0.0354,-13.0666
5/28/2024 1:45,JTOUSDT,-0.0301,-13.0967
5/28/2024 1:45,OMUSDT,0.0222,-13.0745
5/28/2024 1:45,USTCUSDT,0.032,-13.0425
5/28/2024 1:45,OGNUSDT,-0.0314,-13.0739
5/28/2024 3:00,BNBUSDT,-0.0289,-13.1028
5/28/2024 3:30,FXSUSDT,0.0493,-13.0535
5/28/2024 3:30,ILVUSDT,-0.0232,-13.0767
5/28/2024 3:30,MANTAUSDT,-0.0222,-13.0989
5/28/2024 4:00,ONGUSDT,0.0497,-13.0492
5/28/2024 4:15,BALUSDT,-0.0247,-13.0739
5/28/2024 4:15,OPUSDT,-0.025,-13.0989
5/28/2024 4:15,MTLUSDT,-0.0241,-13.123
5/28/2024 4:15,HBARUSDT,-0.0238,-13.1468
5/28/2024 4:15,GLMUSDT,-0.0218,-13.1686
5/28/2024 4:15,WAVESUSDT,-0.0225,-13.1911
5/28/2024 4:15,DENTUSDT,-0.0215,-13.2126
5/28/2024 4:15,KSMUSDT,-0.0219,-13.2345
5/28/2024 4:15,1000LUNCUSDT,-0.0232,-13.2577
5/28/2024 4:30,QNTUSDT,-0.0201,-13.2778
5/28/2024 4:30,TRBUSDT,-0.0341,-13.3119
5/28/2024 4:30,BNXUSDT,-0.0204,-13.3323
5/28/2024 4:30,USTCUSDT,-0.0303,-13.3626
5/28/2024 7:00,BCHUSDT,-0.0205,-13.3831
5/28/2024 7:15,FLMUSDT,-0.02,-13.4031
5/28/2024 8:15,XMRUSDT,-0.021,-13.4241
5/28/2024 9:30,API3USDT,-0.0251,-13.4492
5/28/2024 12:15,JUPUSDT,-0.0205,-13.4697
5/28/2024 13:00,AUCTIONUSDT,-0.0221,-13.4918
5/28/2024 13:15,RDNTUSDT,-0.0279,-13.5197
5/28/2024 15:30,JOEUSDT,-0.0228,-13.5425
5/28/2024 15:30,TRUUSDT,0.0365,-13.506
5/28/2024 16:30,BIGTIMEUSDT,-0.0229,-13.5289
5/28/2024 16:30,SPELLUSDT,-0.0223,-13.5512
5/28/2024 16:30,BNTUSDT,-0.0221,-13.5733
5/28/2024 16:30,ILVUSDT,-0.0242,-13.5975
5/28/2024 16:30,ETHUSDT,-0.0238,-13.6213
5/28/2024 17:45,CKBUSDT,-0.0205,-13.6418
5/28/2024 18:00,C98USDT,-0.0245,-13.6663
5/28/2024 18:30,RONINUSDT,-0.0254,-13.6917
5/28/2024 18:30,TAOUSDT,-0.0271,-13.7188
5/28/2024 18:30,SAGAUSDT,-0.0325,-13.7513
5/28/2024 18:30,BNTUSDT,-0.0304,-13.7817
5/28/2024 18:30,WAXPUSDT,-0.0221,-13.8038
5/28/2024 18:30,ARUSDT,0.0372,-13.7666
5/28/2024 18:30,ILVUSDT,-0.0326,-13.7992
5/28/2024 18:30,ETHUSDT,-0.0482,-13.8474
5/28/2024 18:30,STRKUSDT,-0.0267,-13.8741
5/28/2024 21:30,ZRXUSDT,-0.0204,-13.8945
5/28/2024 22:15,UNIUSDT,-0.0203,-13.9148
5/29/2024 0:30,AIUSDT,-0.0213,-13.9361
5/29/2024 0:45,DODOXUSDT,-0.0217,-13.9578
5/29/2024 2:15,RONINUSDT,-0.0255,-13.9833
5/29/2024 4:45,API3USDT,-0.022,-14.0053
5/29/2024 5:15,1000SATSUSDT,-0.044,-14.0493
5/29/2024 5:15,ORDIUSDT,-0.0387,-14.088
5/29/2024 6:00,PERPUSDT,0.0314,-14.0566
5/29/2024 6:00,BLZUSDT,-0.0214,-14.078
5/29/2024 6:15,AVAXUSDT,-0.0219,-14.0999
5/29/2024 11:30,WAXPUSDT,0.0491,-14.0508
5/29/2024 12:15,ENAUSDT,0.0461,-14.0047
5/29/2024 12:15,KLAYUSDT,-0.0366,-14.0413
5/29/2024 12:30,GALAUSDT,0.0494,-13.9919
5/29/2024 13:00,BNTUSDT,-0.0228,-14.0147
5/29/2024 13:00,FXSUSDT,-0.0357,-14.0504
5/29/2024 13:30,ENAUSDT,0.0432,-14.0072
5/29/2024 13:30,APTUSDT,0.0484,-13.9588
5/29/2024 13:45,IDUSDT,0.048,-13.9108
5/29/2024 13:45,KASUSDT,-0.0229,-13.9337
5/29/2024 14:00,RDNTUSDT,-0.0246,-13.9583
5/29/2024 15:30,1000FLOKIUSDT,-0.0244,-13.9827
5/29/2024 15:45,FTMUSDT,-0.0224,-14.0051
5/29/2024 15:45,DARUSDT,-0.0264,-14.0315
5/29/2024 15:45,MTLUSDT,-0.0226,-14.0541
5/29/2024 15:45,POWRUSDT,-0.0236,-14.0777
5/29/2024 15:45,BICOUSDT,0.0414,-14.0363
5/29/2024 15:45,1000XECUSDT,-0.0209,-14.0572
5/29/2024 15:45,JUPUSDT,-0.02,-14.0772
5/29/2024 16:00,ONEUSDT,0.0441,-14.0331
5/29/2024 16:00,BSVUSDT,-0.0234,-14.0565
5/29/2024 16:00,THETAUSDT,-0.0262,-14.0827
5/29/2024 16:00,ALGOUSDT,-0.0239,-14.1066
5/29/2024 16:00,GALAUSDT,0.0466,-14.06
5/29/2024 16:00,LRCUSDT,0.0425,-14.0175
5/29/2024 19:00,GMXUSDT,-0.0201,-14.0376
5/29/2024 19:15,INJUSDT,-0.0211,-14.0587
5/29/2024 19:30,ONGUSDT,0.0459,-14.0128
5/29/2024 19:30,SUSHIUSDT,-0.024,-14.0368
5/29/2024 19:30,RIFUSDT,-0.0206,-14.0574
5/29/2024 19:45,GRTUSDT,-0.0218,-14.0792
5/29/2024 19:45,LDOUSDT,-0.0206,-14.0998
5/29/2024 19:45,BANDUSDT,-0.0317,-14.1315
5/29/2024 19:45,KSMUSDT,-0.0259,-14.1574
5/29/2024 22:00,NTRNUSDT,-0.0252,-14.1826
5/29/2024 23:00,RIFUSDT,-0.0231,-14.2057
5/29/2024 23:30,PERPUSDT,-0.0215,-14.2272
5/29/2024 23:30,1000LUNCUSDT,-0.0239,-14.2511
5/29/2024 23:30,ZENUSDT,-0.0215,-14.2726
5/30/2024 0:15,TRBUSDT,-0.0223,-14.2949
5/30/2024 0:45,NEOUSDT,-0.02,-14.3149
5/30/2024 0:45,PERPUSDT,-0.0234,-14.3383
5/30/2024 0:45,ARBUSDT,-0.0233,-14.3616
5/30/2024 1:30,ARUSDT,-0.0208,-14.3824
5/30/2024 6:00,FLMUSDT,0.0402,-14.3422
5/30/2024 8:00,TRXUSDT,-0.0242,-14.3664
5/30/2024 10:30,METISUSDT,0.0414,-14.325
5/30/2024 11:45,CHZUSDT,-0.0248,-14.3498
5/30/2024 12:15,NMRUSDT,0.0389,-14.3109
5/30/2024 12:30,BIGTIMEUSDT,-0.0258,-14.3367
5/30/2024 15:15,XMRUSDT,-0.02,-14.3567
5/30/2024 17:15,BSVUSDT,-0.0213,-14.378
5/30/2024 17:15,SUPERUSDT,-0.025,-14.403
5/30/2024 17:15,ETHWUSDT,-0.0258,-14.4288
5/30/2024 17:15,SUIUSDT,-0.02,-14.4488
5/30/2024 17:30,FILUSDT,-0.0268,-14.4756
5/30/2024 18:45,WOOUSDT,-0.0214,-14.497
5/30/2024 20:15,XMRUSDT,-0.0225,-14.5195
5/30/2024 23:30,APEUSDT,0.0451,-14.4744
5/30/2024 23:45,INJUSDT,-0.0287,-14.5031
5/31/2024 0:00,IOTAUSDT,-0.0267,-14.5298
5/31/2024 0:00,SKLUSDT,-0.02,-14.5498
5/31/2024 0:00,FXSUSDT,0.048,-14.5018
5/31/2024 0:00,BLZUSDT,0.0335,-14.4683
5/31/2024 0:00,STORJUSDT,0.0405,-14.4278
5/31/2024 0:00,RIFUSDT,0.041,-14.3868
5/31/2024 0:00,RVNUSDT,-0.0312,-14.418
5/31/2024 0:15,TAOUSDT,-0.0227,-14.4407
5/31/2024 0:15,AAVEUSDT,-0.0229,-14.4636
5/31/2024 0:15,BEAMXUSDT,-0.0222,-14.4858
5/31/2024 0:15,ONEUSDT,-0.0307,-14.5165
5/31/2024 0:15,METISUSDT,-0.025,-14.5415
5/31/2024 0:15,1000XECUSDT,-0.0359,-14.5774
5/31/2024 0:15,GLMUSDT,-0.0219,-14.5993
5/31/2024 0:15,REEFUSDT,-0.036,-14.6353
5/31/2024 0:15,MOVRUSDT,0.0302,-14.6051
5/31/2024 0:15,ARKUSDT,0.046,-14.5591
5/31/2024 0:15,ZENUSDT,-0.0268,-14.5859
5/31/2024 0:30,ADAUSDT,-0.02,-14.6059
5/31/2024 1:00,TWTUSDT,0.0491,-14.5568
5/31/2024 1:45,RUNEUSDT,0.0436,-14.5132
5/31/2024 1:45,BCHUSDT,-0.0212,-14.5344
5/31/2024 3:00,JTOUSDT,-0.0223,-14.5567
5/31/2024 4:15,TOKENUSDT,-0.0217,-14.5784
5/31/2024 5:15,TLMUSDT,-0.0292,-14.6076
5/31/2024 6:15,NKNUSDT,-0.0247,-14.6323
5/31/2024 6:15,TWTUSDT,-0.0243,-14.6566
5/31/2024 8:45,BLZUSDT,0.0496,-14.607
5/31/2024 9:15,METISUSDT,-0.0259,-14.6329
5/31/2024 9:30,ARKMUSDT,-0.0238,-14.6567
5/31/2024 12:30,RSRUSDT,-0.0408,-14.6975
5/31/2024 15:30,1INCHUSDT,-0.0208,-14.7183
5/31/2024 15:45,WOOUSDT,0.0459,-14.6724
5/31/2024 15:45,QNTUSDT,-0.0262,-14.6986
5/31/2024 15:45,MASKUSDT,-0.0207,-14.7193
5/31/2024 15:45,AXLUSDT,-0.0317,-14.751
5/31/2024 15:45,GASUSDT,-0.0261,-14.7771
5/31/2024 15:45,IOSTUSDT,-0.0251,-14.8022
5/31/2024 15:45,BNTUSDT,-0.0203,-14.8225
5/31/2024 15:45,ONEUSDT,-0.0225,-14.845
5/31/2024 15:45,ORBSUSDT,-0.0267,-14.8717
5/31/2024 15:45,POWRUSDT,-0.0248,-14.8965
5/31/2024 15:45,STORJUSDT,-0.0207,-14.9172
5/31/2024 15:45,KSMUSDT,-0.0244,-14.9416
5/31/2024 15:45,LRCUSDT,-0.0234,-14.965
5/31/2024 16:00,TUSDT,-0.0472,-15.0122
5/31/2024 16:00,SKLUSDT,-0.0233,-15.0355
5/31/2024 16:00,FLMUSDT,-0.0326,-15.0681
5/31/2024 16:00,BANDUSDT,-0.0352,-15.1033
5/31/2024 16:00,TWTUSDT,-0.0216,-15.1249
5/31/2024 16:00,TONUSDT,-0.0308,-15.1557
5/31/2024 16:00,HOTUSDT,-0.0255,-15.1812
5/31/2024 19:15,ALPHAUSDT,0.0399,-15.1413
5/31/2024 20:30,SSVUSDT,0.0494,-15.0919
5/31/2024 21:00,CHRUSDT,-0.0252,-15.1171
5/31/2024 23:15,ENSUSDT,0.0432,-15.0739
5/31/2024 23:30,ATAUSDT,-0.0227,-15.0966
6/1/2024 0:15,ONGUSDT,0.0488,-15.0478
6/1/2024 1:00,ORDIUSDT,-0.0215,-15.0693
6/1/2024 1:45,HIGHUSDT,0.0497,-15.0196
6/1/2024 3:15,LRCUSDT,0.05,-14.9696
6/1/2024 4:15,BICOUSDT,-0.0211,-14.9907
6/1/2024 4:30,SNXUSDT,0.047,-14.9437
6/1/2024 4:30,LEVERUSDT,-0.0228,-14.9665
6/1/2024 5:15,KNCUSDT,0.0484,-14.9181
6/1/2024 5:15,YFIUSDT,-0.0229,-14.941
6/1/2024 6:00,HOOKUSDT,-0.0253,-14.9663
6/1/2024 6:00,LRCUSDT,-0.0344,-15.0007
6/1/2024 6:30,PENDLEUSDT,-0.0242,-15.0249
6/1/2024 7:30,XVGUSDT,-0.027,-15.0519
6/1/2024 7:30,PORTALUSDT,-0.021,-15.0729
6/1/2024 7:30,STMXUSDT,-0.02,-15.0929
6/1/2024 8:15,SAGAUSDT,-0.0221,-15.115
6/1/2024 8:45,LDOUSDT,-0.0273,-15.1423
6/1/2024 9:00,DUSKUSDT,-0.0219,-15.1642
6/1/2024 9:00,ACEUSDT,-0.022,-15.1862
6/1/2024 9:00,GTCUSDT,0.0474,-15.1388
6/1/2024 9:00,ALGOUSDT,-0.02,-15.1588
6/1/2024 9:15,MAVUSDT,-0.0278,-15.1866
6/1/2024 9:15,BAKEUSDT,-0.02,-15.2066
6/1/2024 9:15,XTZUSDT,-0.025,-15.2316
6/1/2024 9:30,TWTUSDT,0.0377,-15.1939
6/1/2024 10:00,OXTUSDT,-0.02,-15.2139
6/1/2024 10:15,GTCUSDT,0.0446,-15.1693
6/1/2024 10:45,ZENUSDT,-0.0208,-15.1901
6/1/2024 10:45,LRCUSDT,-0.02,-15.2101
6/1/2024 11:00,STGUSDT,-0.0222,-15.2323
6/1/2024 11:15,ENAUSDT,0.0475,-15.1848
6/1/2024 11:15,BELUSDT,-0.0221,-15.2069
6/1/2024 11:15,ATAUSDT,-0.0263,-15.2332
6/1/2024 13:00,KAVAUSDT,-0.0237,-15.2569
6/1/2024 13:30,ENAUSDT,0.0441,-15.2128
6/1/2024 15:00,CRVUSDT,-0.02,-15.2328
6/1/2024 15:30,RLCUSDT,-0.0203,-15.2531
6/1/2024 15:45,GMXUSDT,-0.0463,-15.2994
6/1/2024 16:30,NTRNUSDT,0.0476,-15.2518
6/1/2024 17:30,NEARUSDT,0.0477,-15.2041
6/1/2024 17:30,PHBUSDT,-0.0252,-15.2293
6/1/2024 17:45,LOOMUSDT,-0.0273,-15.2566
6/1/2024 18:15,METISUSDT,-0.0213,-15.2779
6/1/2024 18:45,1INCHUSDT,-0.0281,-15.306
6/1/2024 19:15,ONTUSDT,-0.0211,-15.3271
6/1/2024 20:00,LITUSDT,-0.0312,-15.3583
6/1/2024 20:00,ONEUSDT,0.0478,-15.3105
6/1/2024 20:15,1000BONKUSDT,0.0497,-15.2608
6/1/2024 20:30,UMAUSDT,-0.0248,-15.2856
6/1/2024 21:00,APEUSDT,0.0481,-15.2375
6/1/2024 21:30,TIAUSDT,-0.0205,-15.258
6/1/2024 21:30,ONDOUSDT,0.0433,-15.2147
6/1/2024 23:00,1000FLOKIUSDT,-0.0286,-15.2433
6/1/2024 23:00,1000BONKUSDT,0.0434,-15.1999
6/1/2024 23:15,LEVERUSDT,-0.0223,-15.2222
6/2/2024 0:00,MANTAUSDT,0.0443,-15.1779
6/2/2024 0:30,MAVUSDT,0.0472,-15.1307
6/2/2024 0:45,RONINUSDT,-0.0207,-15.1514
6/2/2024 0:45,ETHUSDT,-0.0203,-15.1717
6/2/2024 1:00,NFPUSDT,0.0454,-15.1263
6/2/2024 1:00,DASHUSDT,-0.0214,-15.1477
6/2/2024 1:15,RDNTUSDT,-0.0206,-15.1683
6/2/2024 3:00,STMXUSDT,-0.024,-15.1923
6/2/2024 3:30,NKNUSDT,-0.022,-15.2143
6/2/2024 3:30,GALAUSDT,0.0377,-15.1766
6/2/2024 4:00,ALTUSDT,-0.0262,-15.2028
6/2/2024 4:15,EGLDUSDT,-0.0258,-15.2286
6/2/2024 4:30,DYMUSDT,0.0472,-15.1814
6/2/2024 5:00,NMRUSDT,-0.0235,-15.2049
6/2/2024 5:30,USTCUSDT,0.0459,-15.159
6/2/2024 6:00,RONINUSDT,-0.0235,-15.1825
6/2/2024 6:00,GALAUSDT,-0.0232,-15.2057
6/2/2024 6:15,KAVAUSDT,0.0495,-15.1562
6/2/2024 6:30,C98USDT,-0.0237,-15.1799
6/2/2024 7:15,1000FLOKIUSDT,-0.0214,-15.2013
6/2/2024 7:15,BNTUSDT,-0.0295,-15.2308
6/2/2024 7:15,GLMUSDT,0.0464,-15.1844
6/2/2024 7:15,BNXUSDT,-0.0236,-15.208
6/2/2024 7:15,ARPAUSDT,0.0393,-15.1687
6/2/2024 7:15,BADGERUSDT,-0.0231,-15.1918
6/2/2024 7:15,ALGOUSDT,0.0455,-15.1463
6/2/2024 7:15,1000LUNCUSDT,-0.0216,-15.1679
6/2/2024 7:45,BLZUSDT,-0.004,-15.1719
6/2/2024 8:30,PYTHUSDT,-0.0245,-15.1964
6/2/2024 9:15,BALUSDT,-0.0209,-15.2173
6/2/2024 9:15,CHRUSDT,-0.0248,-15.2421
6/2/2024 9:15,CHZUSDT,-0.0205,-15.2626
6/2/2024 9:15,QTUMUSDT,-0.0222,-15.2848
6/2/2024 9:15,BONDUSDT,-0.0385,-15.3233
6/2/2024 9:15,SNXUSDT,-0.027,-15.3503
6/2/2024 9:15,COMPUSDT,-0.0231,-15.3734
6/2/2024 9:15,WLDUSDT,-0.0205,-15.3939
6/2/2024 9:15,1000FLOKIUSDT,-0.0206,-15.4145
6/2/2024 9:15,1000SATSUSDT,0.0414,-15.3731
6/2/2024 9:15,WAXPUSDT,-0.0231,-15.3962
6/2/2024 9:15,ONGUSDT,-0.0294,-15.4256
6/2/2024 9:15,UMAUSDT,-0.0313,-15.4569
6/2/2024 9:15,BSVUSDT,-0.0241,-15.481
6/2/2024 9:15,IMXUSDT,-0.0261,-15.5071
6/2/2024 9:15,GLMUSDT,0.0402,-15.4669
6/2/2024 9:15,ARPAUSDT,-0.0221,-15.489
6/2/2024 9:15,ETHWUSDT,0.0465,-15.4425
6/2/2024 9:15,SUIUSDT,-0.0232,-15.4657
6/2/2024 9:15,THETAUSDT,-0.0274,-15.4931
6/2/2024 9:15,BADGERUSDT,-0.02,-15.5131
6/2/2024 9:15,AVAXUSDT,-0.0289,-15.542
6/2/2024 9:15,MKRUSDT,-0.0233,-15.5653
6/2/2024 9:15,ACHUSDT,-0.0254,-15.5907
6/2/2024 9:15,STORJUSDT,-0.0292,-15.6199
6/2/2024 9:15,MINAUSDT,-0.0287,-15.6486
6/2/2024 9:15,ALGOUSDT,-0.0352,-15.6838
6/2/2024 9:15,COTIUSDT,-0.0482,-15.732
6/2/2024 9:15,ZRXUSDT,-0.0347,-15.7667
6/2/2024 9:15,1000LUNCUSDT,-0.0204,-15.7871
6/2/2024 9:15,UNFIUSDT,-0.0216,-15.8087
6/2/2024 9:15,USTCUSDT,-0.0242,-15.8329
6/2/2024 9:15,LRCUSDT,-0.0247,-15.8576
6/2/2024 9:30,1000SHIBUSDT,-0.0204,-15.878
6/2/2024 9:30,CELOUSDT,-0.0251,-15.9031
6/2/2024 10:15,STGUSDT,0.0469,-15.8562
6/2/2024 10:30,LPTUSDT,0.0448,-15.8114
6/2/2024 10:45,DODOXUSDT,0.0462,-15.7652
6/2/2024 14:15,KSMUSDT,-0.0251,-15.7903
6/2/2024 14:30,RENUSDT,-0.0201,-15.8104
6/2/2024 14:45,YGGUSDT,-0.0203,-15.8307
6/2/2024 15:15,IOTXUSDT,0.0424,-15.7883
6/2/2024 15:30,CFXUSDT,-0.0246,-15.8129
6/2/2024 16:00,COMBOUSDT,-0.023,-15.8359
6/2/2024 16:00,RIFUSDT,-0.0206,-15.8565
6/2/2024 16:30,TWTUSDT,0.0479,-15.8086
6/2/2024 17:15,GMXUSDT,-0.023,-15.8316
6/2/2024 17:30,XMRUSDT,-0.0237,-15.8553
6/2/2024 18:45,TONUSDT,0.0475,-15.8078
6/2/2024 20:00,PENDLEUSDT,-0.0219,-15.8297
6/2/2024 20:00,ALICEUSDT,-0.02,-15.8497
6/2/2024 21:30,SEIUSDT,-0.0316,-15.8813
6/2/2024 23:30,MANAUSDT,-0.02,-15.9013
6/3/2024 0:15,BATUSDT,-0.0254,-15.9267
6/3/2024 0:15,AMBUSDT,-0.0204,-15.9471
6/3/2024 0:15,BANDUSDT,-0.0231,-15.9702
6/3/2024 0:15,THETAUSDT,-0.0223,-15.9925
6/3/2024 0:30,SFPUSDT,-0.024,-16.0165
6/3/2024 0:45,BNBUSDT,0.0439,-15.9726
6/3/2024 4:00,OGNUSDT,-0.0244,-15.997
6/3/2024 4:30,BNBUSDT,0.0487,-15.9483
6/3/2024 5:15,WOOUSDT,-0.0272,-15.9755
6/3/2024 5:15,ENJUSDT,-0.0218,-15.9973
6/3/2024 5:15,CFXUSDT,-0.0206,-16.0179
6/3/2024 5:15,KSMUSDT,0.05,-15.9679
6/3/2024 6:15,BALUSDT,-0.0238,-15.9917
6/3/2024 6:15,COMPUSDT,-0.021,-16.0127
6/3/2024 6:15,AAVEUSDT,-0.0241,-16.0368
6/3/2024 6:15,SUSHIUSDT,-0.0212,-16.058
6/3/2024 6:15,ALGOUSDT,-0.0233,-16.0813
6/3/2024 6:15,LRCUSDT,-0.0277,-16.109
6/3/2024 6:15,ARBUSDT,-0.0238,-16.1328
6/3/2024 6:30,KNCUSDT,0.0484,-16.0844
6/3/2024 6:30,CRVUSDT,-0.0228,-16.1072
6/3/2024 6:30,YFIUSDT,-0.0231,-16.1303
6/3/2024 6:30,FLOWUSDT,-0.02,-16.1503
6/3/2024 6:30,ACHUSDT,-0.0227,-16.173
6/3/2024 6:30,STORJUSDT,-0.021,-16.194
6/3/2024 6:45,APTUSDT,-0.0211,-16.2151
6/3/2024 8:15,BTCUSDT,0.0471,-16.168
6/3/2024 8:15,DOGEUSDT,-0.0208,-16.1888
6/3/2024 8:15,BSVUSDT,-0.0204,-16.2092
6/3/2024 8:15,1000XECUSDT,-0.0244,-16.2336
6/3/2024 8:15,CKBUSDT,-0.0202,-16.2538
6/3/2024 8:15,SOLUSDT,-0.0295,-16.2833
6/3/2024 8:15,ORDIUSDT,0.0468,-16.2365
6/3/2024 8:30,POLYXUSDT,0.039,-16.1975
6/3/2024 9:45,MINAUSDT,-0.0218,-16.2193
6/3/2024 11:30,SUPERUSDT,-0.022,-16.2413
6/3/2024 12:00,STXUSDT,0.0489,-16.1924
6/3/2024 13:45,DYMUSDT,0.0412,-16.1512
6/3/2024 16:30,MKRUSDT,-0.0277,-16.1789
6/3/2024 19:15,ONDOUSDT,-0.026,-16.2049
6/3/2024 20:30,BONDUSDT,0.0354,-16.1695
6/3/2024 20:30,SUSHIUSDT,0.0366,-16.1329
6/3/2024 20:45,ENJUSDT,0.0492,-16.0837
6/3/2024 20:45,GRTUSDT,0.0469,-16.0368
6/3/2024 20:45,XTZUSDT,0.0401,-15.9967
6/3/2024 21:00,COMPUSDT,-0.0227,-16.0194
6/3/2024 21:00,1000PEPEUSDT,0.0447,-15.9747
6/3/2024 21:45,TONUSDT,0.0478,-15.9269
6/3/2024 22:15,IOTXUSDT,-0.0208,-15.9477
6/3/2024 22:15,SANDUSDT,-0.0297,-15.9774
6/3/2024 22:45,1000SHIBUSDT,0.0481,-15.9293
6/3/2024 23:15,BIGTIMEUSDT,-0.022,-15.9513
6/3/2024 23:15,ZETAUSDT,-0.0203,-15.9716
6/3/2024 23:15,BADGERUSDT,-0.0218,-15.9934
6/3/2024 23:30,HFTUSDT,-0.0429,-16.0363
6/3/2024 23:30,IOTXUSDT,-0.0213,-16.0576
6/3/2024 23:30,METISUSDT,-0.0234,-16.081
6/3/2024 23:30,FXSUSDT,-0.0207,-16.1017
6/3/2024 23:30,LTCUSDT,-0.0212,-16.1229
6/3/2024 23:30,CELRUSDT,-0.0254,-16.1483
6/3/2024 23:30,ANKRUSDT,-0.0291,-16.1774
6/3/2024 23:30,MANTAUSDT,-0.0271,-16.2045
6/3/2024 23:30,STORJUSDT,0.0368,-16.1677
6/3/2024 23:30,GALAUSDT,0.048,-16.1197
6/4/2024 2:00,NFPUSDT,-0.0257,-16.1454
6/4/2024 2:30,FLOWUSDT,-0.02,-16.1654
6/4/2024 2:45,KLAYUSDT,0.0444,-16.121
6/4/2024 3:00,SFPUSDT,0.0496,-16.0714
6/4/2024 4:00,MASKUSDT,-0.0344,-16.1058
6/4/2024 4:45,1INCHUSDT,-0.024,-16.1298
6/4/2024 4:45,HBARUSDT,-0.0222,-16.152
6/4/2024 5:30,OGNUSDT,-0.02,-16.172
6/4/2024 6:00,MEMEUSDT,-0.0204,-16.1924
6/4/2024 6:00,XTZUSDT,-0.0234,-16.2158
6/4/2024 7:00,KSMUSDT,-0.0262,-16.242
6/4/2024 7:30,GALAUSDT,-0.02,-16.262
6/4/2024 8:00,BICOUSDT,-0.0236,-16.2856
6/4/2024 8:45,BOMEUSDT,-0.0204,-16.306
6/4/2024 9:00,LQTYUSDT,-0.0203,-16.3263
6/4/2024 9:00,RDNTUSDT,-0.0208,-16.3471
6/4/2024 10:15,XAIUSDT,-0.0234,-16.3705
6/4/2024 11:15,TUSDT,-0.0283,-16.3988
6/4/2024 11:15,ARBUSDT,-0.0215,-16.4203
6/4/2024 12:00,LITUSDT,0.0464,-16.3739
6/4/2024 12:15,EGLDUSDT,0.0485,-16.3254
6/4/2024 12:45,HFTUSDT,-0.0225,-16.3479
6/4/2024 12:45,SNXUSDT,-0.0253,-16.3732
6/4/2024 13:45,ONDOUSDT,-0.0255,-16.3987
6/4/2024 14:00,CYBERUSDT,-0.0223,-16.421
6/4/2024 14:30,ACEUSDT,0.05,-16.371
6/4/2024 14:30,BIGTIMEUSDT,-0.02,-16.391
6/4/2024 15:45,TAOUSDT,0.0482,-16.3428
6/4/2024 15:45,SOLUSDT,0.0431,-16.2997
6/4/2024 17:00,TONUSDT,0.0459,-16.2538
6/4/2024 17:30,FTMUSDT,-0.0227,-16.2765
6/4/2024 18:00,NEOUSDT,0.0491,-16.2274
6/4/2024 18:00,MKRUSDT,0.0491,-16.1783
6/4/2024 18:00,ZRXUSDT,-0.0209,-16.1992
6/4/2024 18:15,QTUMUSDT,0.0485,-16.1507
6/4/2024 18:15,1INCHUSDT,-0.0233,-16.174
6/4/2024 18:15,NEARUSDT,-0.0204,-16.1944
6/4/2024 18:15,CRVUSDT,-0.02,-16.2144
6/4/2024 18:15,RUNEUSDT,-0.0219,-16.2363
6/4/2024 18:15,BLZUSDT,-0.0242,-16.2605
6/4/2024 18:15,JUPUSDT,0.0476,-16.2129
6/4/2024 18:15,THETAUSDT,-0.0266,-16.2395
6/4/2024 18:15,DYDXUSDT,0.0394,-16.2001
6/4/2024 18:15,ALGOUSDT,-0.0219,-16.222
6/4/2024 18:45,BNTUSDT,-0.0216,-16.2436
6/4/2024 18:45,DENTUSDT,-0.02,-16.2636
6/4/2024 19:45,QNTUSDT,-0.0204,-16.284
6/4/2024 19:45,NMRUSDT,0.0429,-16.2411
6/4/2024 20:45,WLDUSDT,0.0495,-16.1916
6/4/2024 20:45,MKRUSDT,0.0427,-16.1489
6/4/2024 21:15,QNTUSDT,-0.0205,-16.1694
6/4/2024 21:15,FETUSDT,-0.0209,-16.1903
6/4/2024 21:15,SXPUSDT,0.05,-16.1403
6/4/2024 22:00,BNBUSDT,0.0414,-16.0989
6/4/2024 22:00,ICXUSDT,-0.02,-16.1189
6/4/2024 22:15,QTUMUSDT,0.0464,-16.0725
6/4/2024 22:30,KAVAUSDT,0.0421,-16.0304
6/4/2024 23:30,WAVESUSDT,-0.0254,-16.0558
6/4/2024 23:45,LTCUSDT,0.0486,-16.0072
6/5/2024 0:00,BALUSDT,-0.0221,-16.0293
6/5/2024 0:00,DARUSDT,0.0422,-15.9871
6/5/2024 0:15,TAOUSDT,0.0477,-15.9394
6/5/2024 0:15,LSKUSDT,0.0314,-15.908
6/5/2024 0:15,ORDIUSDT,-0.0274,-15.9354
6/5/2024 0:30,BSVUSDT,0.0488,-15.8866
6/5/2024 1:00,AMBUSDT,-0.0228,-15.9094
6/5/2024 1:30,TUSDT,-0.02,-15.9294
6/5/2024 1:30,WLDUSDT,-0.0237,-15.9531
6/5/2024 1:30,1000SHIBUSDT,0.0417,-15.9114
6/5/2024 1:30,JOEUSDT,-0.0213,-15.9327
6/5/2024 1:30,HIFIUSDT,-0.0376,-15.9703
6/5/2024 1:30,IOTXUSDT,0.0484,-15.9219
6/5/2024 1:30,CFXUSDT,0.0458,-15.8761
6/5/2024 1:30,HBARUSDT,-0.0251,-15.9012
6/5/2024 1:30,ETHWUSDT,-0.0283,-15.9295
6/5/2024 2:00,DYDXUSDT,-0.0298,-15.9593
6/5/2024 2:30,DARUSDT,-0.0205,-15.9798
6/5/2024 3:15,SUIUSDT,0.0466,-15.9332
6/5/2024 4:30,OCEANUSDT,-0.0209,-15.9541
6/5/2024 5:00,ILVUSDT,-0.0205,-15.9746
6/5/2024 6:00,MANTAUSDT,-0.0204,-15.995
6/5/2024 6:15,VETUSDT,0.0409,-15.9541
6/5/2024 6:30,FETUSDT,-0.0235,-15.9776
6/5/2024 6:30,NEARUSDT,-0.0334,-16.011
6/5/2024 8:30,SUIUSDT,-0.0303,-16.0413
6/5/2024 8:45,BNXUSDT,-0.0212,-16.0625
6/5/2024 9:00,DYMUSDT,-0.022,-16.0845
6/5/2024 9:00,RDNTUSDT,-0.0212,-16.1057
6/5/2024 9:30,COMBOUSDT,0.0484,-16.0573
6/5/2024 9:30,TURBOUSDT,-0.0243,-16.0816
6/5/2024 10:30,KAVAUSDT,-0.0238,-16.1054
6/5/2024 12:00,LPTUSDT,-0.0235,-16.1289
6/5/2024 12:15,CHRUSDT,-0.022,-16.1509
6/5/2024 12:15,EDUUSDT,0.0388,-16.1121
6/5/2024 12:15,CHZUSDT,-0.0247,-16.1368
6/5/2024 12:15,BELUSDT,-0.0211,-16.1579
6/5/2024 12:15,KSMUSDT,-0.0263,-16.1842
6/5/2024 12:30,SNXUSDT,-0.02,-16.2042
6/5/2024 12:30,ONGUSDT,-0.0214,-16.2256
6/5/2024 13:30,EDUUSDT,0.0439,-16.1817
6/5/2024 14:00,CYBERUSDT,-0.0214,-16.2031
6/5/2024 14:30,ONGUSDT,-0.0273,-16.2304
6/5/2024 15:15,MASKUSDT,-0.0272,-16.2576
6/5/2024 16:30,1000BONKUSDT,-0.022,-16.2796
6/5/2024 16:45,ZECUSDT,-0.0236,-16.3032
6/5/2024 17:00,DASHUSDT,-0.0353,-16.3385
6/5/2024 17:30,ANKRUSDT,0.0292,-16.3093
6/5/2024 17:30,STORJUSDT,-0.0221,-16.3314
6/5/2024 17:45,ORBSUSDT,-0.0212,-16.3526
6/5/2024 17:45,RUNEUSDT,-0.021,-16.3736
6/5/2024 18:45,OXTUSDT,-0.0286,-16.4022
6/5/2024 19:30,ORBSUSDT,-0.0224,-16.4246
6/5/2024 19:45,BATUSDT,0.0239,-16.4007
6/5/2024 19:45,COMPUSDT,-0.0228,-16.4235
6/5/2024 19:45,JOEUSDT,-0.0263,-16.4498
6/5/2024 19:45,ETHUSDT,-0.0225,-16.4723
6/5/2024 19:45,BCHUSDT,0.0408,-16.4315
6/5/2024 20:00,BSVUSDT,-0.0209,-16.4524
6/5/2024 20:15,SUPERUSDT,-0.0213,-16.4737
6/5/2024 21:00,DENTUSDT,0.0389,-16.4348
6/5/2024 23:00,OMNIUSDT,0.0446,-16.3902
6/5/2024 23:00,SUSHIUSDT,-0.0236,-16.4138
6/6/2024 0:00,XVGUSDT,-0.0209,-16.4347
6/6/2024 0:30,IMXUSDT,-0.0213,-16.456
6/6/2024 0:45,PERPUSDT,0.0433,-16.4127
6/6/2024 1:00,BOMEUSDT,-0.0237,-16.4364
6/6/2024 1:00,EOSUSDT,0.0461,-16.3903
6/6/2024 1:15,LITUSDT,-0.0218,-16.4121
6/6/2024 1:15,1000SATSUSDT,-0.021,-16.4331
6/6/2024 1:15,ZILUSDT,-0.02,-16.4531
6/6/2024 2:30,AEVOUSDT,-0.0229,-16.476
6/6/2024 3:30,RLCUSDT,-0.0218,-16.4978
6/6/2024 3:45,ARPAUSDT,0.0498,-16.448
6/6/2024 4:00,MOVRUSDT,0.0421,-16.4059
6/6/2024 5:00,SNXUSDT,-0.02,-16.4259
6/6/2024 5:15,YGGUSDT,0.0496,-16.3763
6/6/2024 5:15,STRKUSDT,0.0462,-16.3301
6/6/2024 5:15,ARBUSDT,0.0432,-16.2869
6/6/2024 5:45,COTIUSDT,-0.0211,-16.308
6/6/2024 6:30,PERPUSDT,-0.0254,-16.3334
6/6/2024 6:30,ARKMUSDT,-0.0251,-16.3585
6/6/2024 6:30,ARPAUSDT,-0.0229,-16.3814
6/6/2024 6:30,FLMUSDT,-0.0258,-16.4072
6/6/2024 6:30,C98USDT,-0.0258,-16.433
6/6/2024 6:30,ZENUSDT,-0.022,-16.455
6/6/2024 6:45,ALICEUSDT,0.0279,-16.4271
6/6/2024 8:00,ICPUSDT,-0.0222,-16.4493
6/6/2024 8:00,1000SHIBUSDT,-0.0228,-16.4721
6/6/2024 8:00,MAVIAUSDT,-0.0221,-16.4942
6/6/2024 9:15,RSRUSDT,-0.0271,-16.5213
6/6/2024 9:30,CFXUSDT,0.0426,-16.4787
6/6/2024 9:45,PENDLEUSDT,0.0469,-16.4318
6/6/2024 10:30,BIGTIMEUSDT,-0.0207,-16.4525
6/6/2024 12:30,GRTUSDT,0.0471,-16.4054
6/6/2024 13:30,BTCUSDT,-0.022,-16.4274
6/6/2024 13:30,MANAUSDT,-0.0311,-16.4585
6/6/2024 13:30,ZILUSDT,-0.022,-16.4805
6/6/2024 14:15,XRPUSDT,-0.0225,-16.503
6/6/2024 14:15,AGLDUSDT,-0.0212,-16.5242
6/6/2024 15:15,BTCDOMUSDT,-0.0283,-16.5525
6/6/2024 16:00,BICOUSDT,-0.0223,-16.5748
6/6/2024 16:15,MKRUSDT,0.0433,-16.5315
6/6/2024 16:30,RDNTUSDT,0.0485,-16.483
6/6/2024 17:15,IDUSDT,-0.0217,-16.5047
6/6/2024 18:00,STGUSDT,0.0495,-16.4552
6/6/2024 18:00,GTCUSDT,0.0488,-16.4064
6/6/2024 18:30,CTSIUSDT,0.05,-16.3564
6/6/2024 19:00,GRTUSDT,0.0488,-16.3076
6/6/2024 19:00,SKLUSDT,0.0439,-16.2637
6/6/2024 19:00,JUPUSDT,0.0384,-16.2253
6/6/2024 19:00,PYTHUSDT,-0.0236,-16.2489
6/6/2024 19:00,BADGERUSDT,-0.0223,-16.2712
6/6/2024 19:15,WOOUSDT,0.0479,-16.2233
6/6/2024 19:15,ICPUSDT,-0.0209,-16.2442
6/6/2024 19:15,AAVEUSDT,0.0474,-16.1968
6/6/2024 19:30,BALUSDT,0.0446,-16.1522
6/6/2024 19:30,LEVERUSDT,0.0443,-16.1079
6/6/2024 19:30,1000PEPEUSDT,0.0499,-16.058
6/6/2024 23:15,THETAUSDT,0.0494,-16.0086
6/7/2024 0:15,1000LUNCUSDT,-0.021,-16.0296
6/7/2024 2:15,EGLDUSDT,-0.0218,-16.0514
6/7/2024 2:30,WIFUSDT,-0.0229,-16.0743
6/7/2024 2:30,1000BONKUSDT,-0.0297,-16.104
6/7/2024 2:30,POWRUSDT,-0.0213,-16.1253
6/7/2024 2:30,YFIUSDT,-0.0219,-16.1472
6/7/2024 5:15,API3USDT,-0.0333,-16.1805
6/7/2024 6:00,CYBERUSDT,0.0494,-16.1311
6/7/2024 6:30,1000FLOKIUSDT,-0.0211,-16.1522
6/7/2024 6:45,TIAUSDT,-0.0023,-16.1545
6/7/2024 7:30,EDUUSDT,0.0326,-16.1219
6/7/2024 7:45,PHBUSDT,-0.022,-16.1439
6/7/2024 8:00,POLYXUSDT,0.05,-16.0939
6/7/2024 9:30,ICXUSDT,-0.0285,-16.1224
6/7/2024 9:30,ZILUSDT,0.0421,-16.0803
6/7/2024 10:15,SSVUSDT,0.0482,-16.0321
6/7/2024 10:15,EDUUSDT,-0.0218,-16.0539
6/7/2024 10:15,AIUSDT,-0.0222,-16.0761
6/7/2024 11:15,COMPUSDT,-0.0259,-16.102
6/7/2024 11:15,COTIUSDT,0.0417,-16.0603
6/7/2024 11:30,C98USDT,-0.0324,-16.0927
6/7/2024 11:45,SAGAUSDT,-0.0286,-16.1213
6/7/2024 11:45,ILVUSDT,-0.0248,-16.1461
6/7/2024 12:30,AUCTIONUSDT,0.0494,-16.0967
6/7/2024 12:30,BOMEUSDT,0.0301,-16.0666
6/7/2024 12:30,REZUSDT,0.0434,-16.0232
6/7/2024 12:30,MAVUSDT,-0.0298,-16.053
6/7/2024 12:30,SUPERUSDT,0.0297,-16.0233
6/7/2024 12:30,TRBUSDT,-0.029,-16.0523
6/7/2024 12:30,XAIUSDT,0.032,-16.0203
6/7/2024 14:45,LDOUSDT,-0.0252,-16.0455
6/7/2024 17:45,GMXUSDT,0.0444,-16.0011
6/7/2024 17:45,COMBOUSDT,0.0462,-15.9549
6/8/2024 3:30,BNXUSDT,-0.0225,-15.9774
6/8/2024 4:30,SEIUSDT,-0.0237,-16.0011
6/8/2024 6:15,MOVRUSDT,0.0464,-15.9547
6/8/2024 7:30,FILUSDT,-0.0278,-15.9825
6/8/2024 9:15,UMAUSDT,0.0492,-15.9333
6/8/2024 19:30,SFPUSDT,-0.0219,-15.9552
6/8/2024 20:15,WOOUSDT,0.0471,-15.9081
6/8/2024 22:00,MOVRUSDT,-0.0259,-15.934
6/8/2024 22:15,STXUSDT,-0.0294,-15.9634
6/8/2024 22:15,1INCHUSDT,-0.0279,-15.9913
6/8/2024 22:15,UMAUSDT,-0.02,-16.0113
6/9/2024 4:45,TONUSDT,-0.0262,-16.0375
6/9/2024 8:45,KNCUSDT,-0.0297,-16.0672
6/9/2024 9:30,CHRUSDT,-0.023,-16.0902
6/9/2024 10:00,MTLUSDT,-0.0268,-16.117
6/9/2024 10:00,API3USDT,-0.022,-16.139
6/9/2024 11:00,BNXUSDT,-0.0209,-16.1599
6/9/2024 11:30,IDUSDT,-0.0267,-16.1866
6/9/2024 11:30,JUPUSDT,0.0453,-16.1413
6/9/2024 11:30,TONUSDT,-0.0203,-16.1616
6/9/2024 12:30,IDUSDT,-0.0266,-16.1882
6/9/2024 12:30,IOSTUSDT,-0.0231,-16.2113
6/9/2024 12:30,APTUSDT,0.0444,-16.1669
6/9/2024 12:30,KEYUSDT,0.0254,-16.1415
6/9/2024 12:30,UMAUSDT,-0.0241,-16.1656
6/9/2024 12:30,YGGUSDT,0.0373,-16.1283
6/9/2024 12:30,LUNA2USDT,0.005,-16.1233
6/9/2024 14:00,CHZUSDT,0.0491,-16.0742
6/9/2024 14:00,APTUSDT,0.0478,-16.0264
6/9/2024 14:30,TRXUSDT,-0.0203,-16.0467
6/9/2024 14:45,USTCUSDT,0.0485,-15.9982
6/9/2024 16:00,BIGTIMEUSDT,-0.0237,-16.0219
6/9/2024 16:15,STMXUSDT,-0.02,-16.0419
6/9/2024 16:15,STRKUSDT,-0.0222,-16.0641
6/9/2024 16:45,NMRUSDT,0.0089,-16.0552
6/9/2024 17:30,QNTUSDT,0.0483,-16.0069
6/9/2024 18:00,1000SHIBUSDT,-0.0223,-16.0292
6/9/2024 18:00,DOGEUSDT,-0.0263,-16.0555
6/9/2024 18:15,MANAUSDT,-0.0266,-16.0821
6/9/2024 18:15,BADGERUSDT,-0.0226,-16.1047
6/9/2024 18:15,KASUSDT,0.0237,-16.081
6/9/2024 18:45,BLURUSDT,-0.0213,-16.1023
6/9/2024 19:00,AUCTIONUSDT,-0.0257,-16.128
6/9/2024 19:00,XLMUSDT,-0.0205,-16.1485
6/9/2024 19:00,POWRUSDT,-0.0217,-16.1702
6/9/2024 19:00,PERPUSDT,-0.0239,-16.1941
6/9/2024 19:00,BANDUSDT,-0.0219,-16.216
6/9/2024 19:30,GTCUSDT,0.0302,-16.1858
6/9/2024 20:00,REZUSDT,0.0479,-16.1379
6/9/2024 21:00,QTUMUSDT,-0.02,-16.1579
6/9/2024 21:45,BLURUSDT,-0.0269,-16.1848
6/10/2024 0:00,OMGUSDT,-0.02,-16.2048
6/10/2024 0:00,TNSRUSDT,0.0466,-16.1582
6/10/2024 0:15,INJUSDT,-0.0356,-16.1938
6/10/2024 0:15,SSVUSDT,0.0451,-16.1487
6/10/2024 0:30,SUIUSDT,0.0479,-16.1008
6/10/2024 1:15,DUSKUSDT,-0.0357,-16.1365
6/10/2024 1:15,LEVERUSDT,-0.0316,-16.1681
6/10/2024 2:45,ACEUSDT,0.0473,-16.1208
6/10/2024 2:45,ONEUSDT,0.05,-16.0708
6/10/2024 2:45,WAVESUSDT,-0.022,-16.0928
6/10/2024 3:45,ENJUSDT,0.0384,-16.0544
6/10/2024 3:45,WLDUSDT,0.046,-16.0084
6/10/2024 3:45,DENTUSDT,-0.0236,-16.032
6/10/2024 4:45,XMRUSDT,-0.0211,-16.0531
6/10/2024 5:15,SSVUSDT,-0.0211,-16.0742
6/10/2024 5:15,AMBUSDT,0.05,-16.0242
6/10/2024 5:15,ONEUSDT,0.05,-15.9742
6/10/2024 5:15,ZETAUSDT,0.0452,-15.929
6/10/2024 5:15,ARPAUSDT,0.0493,-15.8797
6/10/2024 5:15,DENTUSDT,-0.0216,-15.9013
6/10/2024 5:45,IDUSDT,-0.0228,-15.9241
6/10/2024 5:45,BOMEUSDT,0.0477,-15.8764
6/10/2024 5:45,1000SHIBUSDT,0.0453,-15.8311
6/10/2024 5:45,1000FLOKIUSDT,0.0494,-15.7817
6/10/2024 5:45,REEFUSDT,-0.0208,-15.8025
6/10/2024 5:45,DODOXUSDT,0.0497,-15.7528
6/10/2024 5:45,USTCUSDT,0.0492,-15.7036
6/10/2024 5:45,ATAUSDT,0.0471,-15.6565
6/10/2024 6:15,LTCUSDT,-0.0241,-15.6806
6/10/2024 6:30,ADAUSDT,-0.0216,-15.7022
6/10/2024 6:30,CYBERUSDT,-0.023,-15.7252
6/10/2024 7:00,BEAMXUSDT,-0.0248,-15.75
6/10/2024 7:45,XEMUSDT,-0.02,-15.77
6/10/2024 9:15,KNCUSDT,-0.0202,-15.7902
6/10/2024 11:30,QNTUSDT,-0.0223,-15.8125
6/10/2024 12:00,BNBUSDT,-0.0203,-15.8328
6/10/2024 13:15,OMGUSDT,-0.024,-15.8568
6/10/2024 17:15,TONUSDT,-0.0214,-15.8782
6/10/2024 18:00,SXPUSDT,-0.02,-15.8982
6/10/2024 18:00,ATOMUSDT,-0.0268,-15.925
6/10/2024 21:15,IOTAUSDT,0.0406,-15.8844
6/10/2024 21:15,LSKUSDT,0.0491,-15.8353
6/10/2024 23:15,DARUSDT,0.05,-15.7853
6/10/2024 23:15,FETUSDT,-0.0216,-15.8069
6/10/2024 23:15,GMXUSDT,0.0479,-15.759
6/10/2024 23:15,LINAUSDT,0.0411,-15.7179
6/10/2024 23:15,METISUSDT,0.0427,-15.6752
6/10/2024 23:15,NTRNUSDT,-0.0218,-15.697
6/10/2024 23:15,ONDOUSDT,-0.0229,-15.7199
6/10/2024 23:15,PERPUSDT,-0.0228,-15.7427
6/10/2024 23:15,AGLDUSDT,0.0452,-15.6975
6/11/2024 0:30,MANAUSDT,0.0481,-15.6494
6/11/2024 0:30,XEMUSDT,0.0402,-15.6092
6/11/2024 0:30,ICXUSDT,0.0484,-15.5608
6/11/2024 0:30,SXPUSDT,-0.021,-15.5818
6/11/2024 0:30,ILVUSDT,0.0468,-15.535
6/11/2024 0:30,KAVAUSDT,0.0417,-15.4933
6/11/2024 0:30,SUIUSDT,0.0441,-15.4492
6/11/2024 0:30,SEIUSDT,0.0449,-15.4043
6/11/2024 0:30,RVNUSDT,0.0459,-15.3584
6/11/2024 0:45,LUNA2USDT,-0.0202,-15.3786
6/11/2024 1:30,COMBOUSDT,0.0457,-15.3329
6/11/2024 1:45,LITUSDT,0.0327,-15.3002
6/11/2024 1:45,AAVEUSDT,0.0169,-15.2833
6/11/2024 1:45,MANAUSDT,0.0253,-15.258
6/11/2024 1:45,1INCHUSDT,0.0107,-15.2473
6/11/2024 1:45,MAVUSDT,0.0236,-15.2237
6/11/2024 1:45,WAXPUSDT,0.0137,-15.21
6/11/2024 1:45,ENSUSDT,0.02,-15.19
6/11/2024 1:45,DYMUSDT,0.0244,-15.1656
6/11/2024 1:45,STMXUSDT,0.0169,-15.1487
6/11/2024 1:45,POWRUSDT,0.0156,-15.1331
6/11/2024 1:45,IMXUSDT,0.0238,-15.1093
6/11/2024 1:45,CELOUSDT,0.0228,-15.0865
6/11/2024 1:45,AGLDUSDT,0.0164,-15.0701
6/11/2024 1:45,ILVUSDT,0.0438,-15.0263
6/11/2024 1:45,KAVAUSDT,0.0218,-15.0045
6/11/2024 1:45,WAVESUSDT,0.0394,-14.9651
6/11/2024 1:45,SUIUSDT,-0.0393,-15.0044
6/11/2024 1:45,JUPUSDT,0.0298,-14.9746
6/11/2024 1:45,DYDXUSDT,-0.0201,-14.9947
6/11/2024 1:45,SEIUSDT,-0.0376,-15.0323
6/11/2024 1:45,DODOXUSDT,0.0244,-15.0079
6/11/2024 1:45,AVAXUSDT,0.025,-14.9829
6/11/2024 1:45,MINAUSDT,0.0102,-14.9727
6/11/2024 1:45,XAIUSDT,0.0188,-14.9539
6/11/2024 1:45,1000PEPEUSDT,0.0106,-14.9433
6/11/2024 4:15,SOLUSDT,0.0479,-14.8954
6/11/2024 8:00,RONINUSDT,-0.0203,-14.9157
6/11/2024 8:15,XMRUSDT,-0.0369,-14.9526
6/11/2024 9:30,BTCUSDT,0.0465,-14.9061
6/11/2024 11:00,SFPUSDT,-0.0208,-14.9269
6/11/2024 12:15,KAVAUSDT,0.0496,-14.8773
6/11/2024 15:00,MAVIAUSDT,0.0471,-14.8302
6/11/2024 15:30,CAKEUSDT,-0.0522,-14.8824
6/11/2024 15:30,RONINUSDT,-0.0407,-14.9231
6/11/2024 15:30,XLMUSDT,-0.0363,-14.9594
6/11/2024 15:30,GRTUSDT,-0.0372,-14.9966
6/11/2024 15:30,STEEMUSDT,-0.0341,-15.0307
6/11/2024 15:30,BTCUSDT,-0.034,-15.0647
6/11/2024 15:30,1INCHUSDT,-0.044,-15.1087
6/11/2024 15:30,BEAMXUSDT,-0.0323,-15.141
6/11/2024 15:30,BNTUSDT,-0.041,-15.182
6/11/2024 15:30,WAXPUSDT,-0.0416,-15.2236
6/11/2024 15:30,HBARUSDT,-0.0344,-15.258
6/11/2024 15:30,AGLDUSDT,-0.0391,-15.2971
6/11/2024 15:30,GLMUSDT,-0.0418,-15.3389
6/11/2024 15:30,RUNEUSDT,-0.043,-15.3819
6/11/2024 15:30,SANDUSDT,-0.0341,-15.416
6/11/2024 15:30,BADGERUSDT,-0.046,-15.462
6/11/2024 15:30,FLOWUSDT,-0.0407,-15.5027
6/11/2024 15:30,ETCUSDT,-0.038,-15.5407
6/11/2024 15:30,XTZUSDT,-0.0338,-15.5745
6/11/2024 15:30,ALGOUSDT,-0.0333,-15.6078
6/11/2024 15:30,ZRXUSDT,-0.0373,-15.6451
6/11/2024 15:30,HOTUSDT,-0.0378,-15.6829
6/11/2024 15:30,VETUSDT,-0.0315,-15.7144
6/11/2024 17:00,TRXUSDT,-0.0211,-15.7355
6/11/2024 22:15,TWTUSDT,-0.021,-15.7565
6/12/2024 7:15,RONINUSDT,0.0488,-15.7077
6/12/2024 7:15,BNBUSDT,-0.0279,-15.7356
6/12/2024 7:45,LITUSDT,0.05,-15.6856
6/12/2024 7:45,MAGICUSDT,0.0474,-15.6382
6/12/2024 7:45,1000BONKUSDT,0.0484,-15.5898
6/12/2024 7:45,ORBSUSDT,0.0366,-15.5532
6/12/2024 7:45,METISUSDT,-0.0228,-15.576
6/12/2024 7:45,ZILUSDT,0.0463,-15.5297
6/12/2024 7:45,OGNUSDT,0.0475,-15.4822
6/12/2024 7:45,VETUSDT,0.0444,-15.4378
6/12/2024 8:00,WOOUSDT,0.0467,-15.3911
6/12/2024 8:00,BATUSDT,0.0408,-15.3503
6/12/2024 8:00,EDUUSDT,0.0468,-15.3035
6/12/2024 8:00,WIFUSDT,0.0372,-15.2663
6/12/2024 8:00,1000SHIBUSDT,-0.0235,-15.2898
6/12/2024 8:00,NEARUSDT,-0.0314,-15.3212
6/12/2024 8:00,EGLDUSDT,0.05,-15.2712
6/12/2024 8:00,MTLUSDT,0.0477,-15.2235
6/12/2024 8:00,CELOUSDT,-0.02,-15.2435
6/12/2024 8:00,COMBOUSDT,0.0452,-15.1983
6/12/2024 8:00,SXPUSDT,0.0424,-15.1559
6/12/2024 8:00,ARKMUSDT,0.0464,-15.1095
6/12/2024 8:00,FLMUSDT,0.0379,-15.0716
6/12/2024 8:00,DENTUSDT,0.0424,-15.0292
6/12/2024 8:00,ATOMUSDT,0.0448,-14.9844
6/12/2024 8:00,THETAUSDT,-0.0295,-15.0139
6/12/2024 8:00,ZENUSDT,0.0421,-14.9718
6/12/2024 9:00,ONGUSDT,0.0423,-14.9295
6/12/2024 9:30,GASUSDT,0.0461,-14.8834
6/12/2024 9:30,WLDUSDT,0.0489,-14.8345
6/12/2024 9:30,MTLUSDT,-0.0274,-14.8619
6/12/2024 9:30,ANKRUSDT,0.0462,-14.8157
6/12/2024 9:30,KSMUSDT,0.0493,-14.7664
6/12/2024 9:30,ZENUSDT,-0.021,-14.7874
6/12/2024 9:45,WOOUSDT,0.0464,-14.741
6/12/2024 9:45,BATUSDT,0.0488,-14.6922
6/12/2024 9:45,BALUSDT,0.0466,-14.6456
6/12/2024 9:45,QTUMUSDT,-0.0208,-14.6664
6/12/2024 9:45,ASTRUSDT,-0.026,-14.6924
6/12/2024 9:45,BONDUSDT,0.0429,-14.6495
6/12/2024 9:45,MANAUSDT,0.0438,-14.6057
6/12/2024 9:45,MAGICUSDT,0.05,-14.5557
6/12/2024 9:45,GTCUSDT,0.0415,-14.5142
6/12/2024 9:45,ORBSUSDT,0.0461,-14.4681
6/12/2024 9:45,DOGEUSDT,-0.0205,-14.4886
6/12/2024 9:45,HOOKUSDT,-0.0232,-14.5118
6/12/2024 9:45,LSKUSDT,0.0473,-14.4645
6/12/2024 9:45,SXPUSDT,0.047,-14.4175
6/12/2024 9:45,BLURUSDT,0.0493,-14.3682
6/12/2024 9:45,ILVUSDT,0.0425,-14.3257
6/12/2024 9:45,ETHUSDT,0.041,-14.2847
6/12/2024 9:45,BANDUSDT,0.0497,-14.235
6/12/2024 9:45,ATOMUSDT,0.049,-14.186
6/12/2024 9:45,BADGERUSDT,0.0461,-14.1399
6/12/2024 9:45,ETCUSDT,-0.0209,-14.1608
6/12/2024 9:45,STORJUSDT,0.0419,-14.1189
6/12/2024 9:45,CTSIUSDT,0.0476,-14.0713
6/12/2024 9:45,ADAUSDT,0.05,-14.0213
6/12/2024 9:45,VETUSDT,0.0454,-13.9759
6/12/2024 9:45,RVNUSDT,0.0491,-13.9268
6/12/2024 10:00,TUSDT,0.039,-13.8878
6/12/2024 10:00,SAGAUSDT,0.045,-13.8428
6/12/2024 10:00,WAXPUSDT,0.0391,-13.8037
6/12/2024 10:00,ARKMUSDT,0.0489,-13.7548
6/12/2024 10:00,AVAXUSDT,-0.0287,-13.7835
6/12/2024 10:00,ACHUSDT,0.05,-13.7335
6/12/2024 10:00,ALGOUSDT,0.0418,-13.6917
6/12/2024 12:15,LITUSDT,0.0481,-13.6436
6/12/2024 12:15,RSRUSDT,0.0253,-13.6183
6/12/2024 12:15,RUNEUSDT,0.05,-13.5683
6/12/2024 12:15,DYDXUSDT,0.0462,-13.5221
6/12/2024 12:15,STORJUSDT,0.0488,-13.4733
6/12/2024 12:15,PIXELUSDT,0.0467,-13.4266
6/12/2024 12:15,RVNUSDT,0.0481,-13.3785
6/12/2024 12:30,WOOUSDT,-0.0155,-13.394
6/12/2024 12:30,ENAUSDT,-0.0022,-13.3962
6/12/2024 12:30,IOTAUSDT,0.0124,-13.3838
6/12/2024 12:30,AGIXUSDT,0.0012,-13.3826
6/12/2024 12:30,WIFUSDT,0.0203,-13.3623
6/12/2024 12:30,NFPUSDT,-0.0093,-13.3716
6/12/2024 12:30,BTCUSDT,-0.0274,-13.399
6/12/2024 12:30,NMRUSDT,-0.0105,-13.4095
6/12/2024 12:30,AAVEUSDT,0.0104,-13.3991
6/12/2024 12:30,NEARUSDT,-0.0385,-13.4376
6/12/2024 12:30,KEYUSDT,-0.0057,-13.4433
6/12/2024 12:30,JOEUSDT,0.0075,-13.4358
6/12/2024 12:30,GTCUSDT,-0.0148,-13.4506
6/12/2024 12:30,ONEUSDT,-0.0215,-13.4721
6/12/2024 12:30,STMXUSDT,0.0073,-13.4648
6/12/2024 12:30,NEOUSDT,0.0209,-13.4439
6/12/2024 12:30,HBARUSDT,0.0042,-13.4397
6/12/2024 12:30,DEFIUSDT,-0.0002,-13.4399
6/12/2024 12:30,XVSUSDT,-0.0057,-13.4456
6/12/2024 12:30,ARKMUSDT,-0.0265,-13.4721
6/12/2024 12:30,FLMUSDT,0.0146,-13.4575
6/12/2024 12:30,BADGERUSDT,-0.0085,-13.466
6/12/2024 12:30,RLCUSDT,-0.0202,-13.4862
6/12/2024 12:30,MINAUSDT,0.0019,-13.4843
6/12/2024 12:30,COTIUSDT,-0.0103,-13.4946
6/12/2024 12:30,OCEANUSDT,-0.0063,-13.5009
6/12/2024 12:30,VETUSDT,0.0098,-13.4911
6/12/2024 12:30,ARBUSDT,-0.0077,-13.4988
6/12/2024 16:30,USTCUSDT,-0.0207,-13.5195
6/12/2024 17:00,ARPAUSDT,0.0257,-13.4938
6/12/2024 17:15,BATUSDT,-0.025,-13.5188
6/12/2024 17:15,XLMUSDT,-0.0223,-13.5411
6/12/2024 17:15,ICXUSDT,-0.0247,-13.5658
6/12/2024 17:15,KAVAUSDT,-0.0203,-13.5861
6/12/2024 17:15,ADAUSDT,-0.02,-13.6061
6/12/2024 17:15,ARBUSDT,-0.0245,-13.6306
6/12/2024 17:45,CAKEUSDT,-0.0207,-13.6513
6/12/2024 17:45,APEUSDT,-0.0209,-13.6722
6/12/2024 17:45,FTMUSDT,-0.0202,-13.6924
6/12/2024 17:45,IOSTUSDT,-0.0209,-13.7133
6/12/2024 17:45,YFIUSDT,-0.0217,-13.735
6/12/2024 17:45,SUIUSDT,-0.0237,-13.7587
6/12/2024 17:45,ATOMUSDT,-0.0215,-13.7802
6/12/2024 17:45,SANDUSDT,-0.0209,-13.8011
6/12/2024 17:45,FILUSDT,-0.0218,-13.8229
6/12/2024 18:15,XMRUSDT,-0.0204,-13.8433
6/12/2024 23:15,WIFUSDT,0.0481,-13.7952
6/13/2024 0:00,1000BONKUSDT,0.0499,-13.7453
6/13/2024 0:00,AGLDUSDT,0.0461,-13.6992
6/13/2024 1:15,BNBUSDT,0.047,-13.6522
6/13/2024 1:30,AAVEUSDT,0.049,-13.6032
6/13/2024 1:30,API3USDT,0.0477,-13.5555
6/13/2024 1:30,PYTHUSDT,0.045,-13.5105
6/13/2024 1:30,MANTAUSDT,0.0497,-13.4608
6/13/2024 1:45,WOOUSDT,0.0496,-13.4112
6/13/2024 1:45,CHRUSDT,0.047,-13.3642
6/13/2024 1:45,AIUSDT,0.0493,-13.3149
6/13/2024 1:45,BTCUSDT,0.0489,-13.266
6/13/2024 1:45,PORTALUSDT,0.0427,-13.2233
6/13/2024 1:45,SAGAUSDT,0.0439,-13.1794
6/13/2024 1:45,WAXPUSDT,0.0479,-13.1315
6/13/2024 1:45,XEMUSDT,0.05,-13.0815
6/13/2024 1:45,LSKUSDT,0.0482,-13.0333
6/13/2024 1:45,CKBUSDT,0.0467,-12.9866
6/13/2024 1:45,SOLUSDT,0.0413,-12.9453
6/13/2024 1:45,ETCUSDT,0.0441,-12.9012
6/13/2024 1:45,HOTUSDT,0.0449,-12.8563
6/13/2024 2:00,ASTRUSDT,0.0411,-12.8152
6/13/2024 2:00,FXSUSDT,0.0469,-12.7683
6/13/2024 2:00,ALICEUSDT,0.0426,-12.7257
6/13/2024 6:15,INJUSDT,-0.0222,-12.7479
6/13/2024 6:15,POLYXUSDT,0.0483,-12.6996
6/13/2024 6:30,RUNEUSDT,-0.0222,-12.7218
6/13/2024 6:30,CTSIUSDT,-0.0211,-12.7429
6/13/2024 6:30,ZENUSDT,0.05,-12.6929
6/13/2024 8:00,KLAYUSDT,0.05,-12.6429
6/13/2024 8:45,GLMUSDT,0.0493,-12.5936
6/13/2024 8:45,1000LUNCUSDT,-0.0209,-12.6145
6/13/2024 9:15,SEIUSDT,-0.0214,-12.6359
6/13/2024 9:30,HFTUSDT,-0.0228,-12.6587
6/13/2024 9:30,LDOUSDT,-0.0204,-12.6791
6/13/2024 9:30,CYBERUSDT,-0.0246,-12.7037
6/13/2024 9:30,RVNUSDT,-0.0207,-12.7244
6/13/2024 11:00,1000BONKUSDT,0.0466,-12.6778
6/13/2024 11:45,AVAXUSDT,-0.0261,-12.7039
6/13/2024 11:45,FILUSDT,-0.0213,-12.7252
6/13/2024 12:45,POLYXUSDT,0.0418,-12.6834
6/13/2024 14:00,USTCUSDT,0.0451,-12.6383
6/13/2024 14:15,GLMUSDT,-0.0214,-12.6597
6/13/2024 15:00,KASUSDT,0.0492,-12.6105
6/13/2024 15:15,RONINUSDT,0.0471,-12.5634
6/13/2024 15:15,QTUMUSDT,0.0418,-12.5216
6/13/2024 15:15,GASUSDT,0.0432,-12.4784
6/13/2024 15:15,EGLDUSDT,-0.0237,-12.5021
6/13/2024 15:15,NEOUSDT,0.0415,-12.4606
6/13/2024 15:15,ICXUSDT,0.0432,-12.4174
6/13/2024 15:15,ARKUSDT,0.0486,-12.3688
6/13/2024 15:15,TWTUSDT,-0.0221,-12.3909
6/13/2024 15:15,XTZUSDT,-0.022,-12.4129
6/13/2024 15:15,ADAUSDT,0.0473,-12.3656
6/13/2024 15:15,HOTUSDT,0.0474,-12.3182
6/13/2024 15:15,ZILUSDT,0.046,-12.2722
6/13/2024 15:30,BATUSDT,-0.0302,-12.3024
6/13/2024 15:30,QNTUSDT,0.0451,-12.2573
6/13/2024 15:30,GMXUSDT,-0.0258,-12.2831
6/13/2024 15:30,IOTXUSDT,0.0353,-12.2478
6/13/2024 15:30,XVSUSDT,0.0324,-12.2154
6/13/2024 20:30,TUSDT,-0.02,-12.2354
6/13/2024 20:30,BEAMXUSDT,0.0485,-12.1869
6/13/2024 21:00,THETAUSDT,0.0497,-12.1372
6/13/2024 22:15,JTOUSDT,-0.0206,-12.1578
6/13/2024 23:00,XLMUSDT,-0.0202,-12.178
6/13/2024 23:00,IOTAUSDT,-0.021,-12.199
6/13/2024 23:00,AMBUSDT,-0.02,-12.219
6/13/2024 23:00,TUSDT,-0.0301,-12.2491
6/13/2024 23:00,ALTUSDT,-0.0274,-12.2765
6/13/2024 23:00,MAGICUSDT,-0.0225,-12.299
6/13/2024 23:00,1INCHUSDT,-0.0234,-12.3224
6/13/2024 23:00,BEAMXUSDT,-0.0277,-12.3501
6/13/2024 23:00,SPELLUSDT,-0.0236,-12.3737
6/13/2024 23:00,RSRUSDT,-0.0279,-12.4016
6/13/2024 23:00,PERPUSDT,-0.0228,-12.4244
6/13/2024 23:00,KAVAUSDT,-0.0204,-12.4448
6/13/2024 23:00,SUIUSDT,-0.0279,-12.4727
6/13/2024 23:00,ARKUSDT,-0.0274,-12.5001
6/13/2024 23:00,YGGUSDT,-0.0269,-12.527
6/13/2024 23:00,ONTUSDT,-0.0236,-12.5506
6/13/2024 23:00,PHBUSDT,-0.0266,-12.5772
6/13/2024 23:00,SEIUSDT,-0.0208,-12.598
6/13/2024 23:00,FLOWUSDT,-0.0276,-12.6256
6/13/2024 23:00,DODOXUSDT,-0.0244,-12.65
6/13/2024 23:00,AVAXUSDT,-0.0224,-12.6724
6/13/2024 23:00,XAIUSDT,-0.0209,-12.6933
6/13/2024 23:00,COTIUSDT,-0.0244,-12.7177
6/13/2024 23:00,ORDIUSDT,-0.0253,-12.743
6/13/2024 23:00,PIXELUSDT,-0.0249,-12.7679
6/14/2024 0:00,SEIUSDT,-0.0234,-12.7913
6/14/2024 0:00,UNFIUSDT,-0.021,-12.8123
6/14/2024 2:00,UNIUSDT,0.044,-12.7683
6/14/2024 3:00,KNCUSDT,-0.02,-12.7883
6/14/2024 5:30,MAVUSDT,-0.0225,-12.8108
6/14/2024 5:30,TNSRUSDT,0.0473,-12.7635
6/14/2024 7:30,XTZUSDT,0.0419,-12.7216
6/14/2024 7:45,COMPUSDT,-0.0221,-12.7437
6/14/2024 8:00,LITUSDT,-0.0396,-12.7833
6/14/2024 8:00,PENDLEUSDT,-0.0252,-12.8085
6/14/2024 8:00,HBARUSDT,-0.0216,-12.8301
6/14/2024 8:00,BADGERUSDT,-0.0273,-12.8574
6/14/2024 8:00,ACHUSDT,-0.0251,-12.8825
6/14/2024 8:00,JASMYUSDT,-0.0221,-12.9046
6/14/2024 8:00,C98USDT,-0.0255,-12.9301
6/14/2024 8:45,1000XECUSDT,-0.0228,-12.9529
6/14/2024 8:45,ZECUSDT,-0.0215,-12.9744
6/14/2024 8:45,RIFUSDT,-0.0248,-12.9992
6/14/2024 9:30,OMUSDT,-0.0276,-13.0268
6/14/2024 10:30,BATUSDT,-0.0252,-13.052
6/14/2024 10:30,AXSUSDT,-0.0267,-13.0787
6/14/2024 10:30,HOTUSDT,-0.0212,-13.0999
6/14/2024 11:00,ZECUSDT,-0.0234,-13.1233
6/14/2024 11:15,WOOUSDT,-0.0216,-13.1449
6/14/2024 11:15,EDUUSDT,-0.0206,-13.1655
6/14/2024 11:15,AIUSDT,-0.0243,-13.1898
6/14/2024 11:15,BONDUSDT,-0.0266,-13.2164
6/14/2024 11:15,COMPUSDT,-0.0219,-13.2383
6/14/2024 11:15,1000SHIBUSDT,-0.0212,-13.2595
6/14/2024 11:15,BNTUSDT,-0.0218,-13.2813
6/14/2024 11:15,IOTXUSDT,-0.0222,-13.3035
6/14/2024 11:15,HOOKUSDT,-0.0244,-13.3279
6/14/2024 11:15,RENUSDT,-0.0286,-13.3565
6/14/2024 11:15,RIFUSDT,-0.0299,-13.3864
6/14/2024 12:30,OMGUSDT,-0.0203,-13.4067
6/14/2024 13:15,BALUSDT,-0.0211,-13.4278
6/14/2024 13:15,DARUSDT,-0.024,-13.4518
6/14/2024 13:15,BTCUSDT,-0.0225,-13.4743
6/14/2024 13:15,BNTUSDT,-0.0221,-13.4964
6/14/2024 13:15,IOTXUSDT,-0.0223,-13.5187
6/14/2024 13:15,HOOKUSDT,-0.0255,-13.5442
6/14/2024 13:15,METISUSDT,-0.024,-13.5682
6/14/2024 13:15,PYTHUSDT,-0.0221,-13.5903
6/14/2024 13:15,C98USDT,-0.0277,-13.618
6/14/2024 13:15,UNFIUSDT,-0.0255,-13.6435
6/14/2024 14:00,ETHFIUSDT,0.0455,-13.598
6/14/2024 14:00,1000BONKUSDT,0.0476,-13.5504
6/14/2024 14:00,ANKRUSDT,0.033,-13.5174
6/14/2024 14:00,KASUSDT,0.0437,-13.4737
6/14/2024 14:15,AGIXUSDT,0.043,-13.4307
6/14/2024 14:15,POLYXUSDT,0.0418,-13.3889
6/14/2024 14:15,OCEANUSDT,0.0416,-13.3473
6/14/2024 16:00,ARKUSDT,-0.0382,-13.3855
6/15/2024 2:00,AUCTIONUSDT,-0.0201,-13.4056
6/15/2024 2:45,SFPUSDT,0.05,-13.3556
6/15/2024 3:30,KASUSDT,-0.0271,-13.3827
6/15/2024 3:45,ETHUSDT,0.0494,-13.3333
6/15/2024 5:15,OPUSDT,0.0492,-13.2841
6/15/2024 5:15,DEFIUSDT,0.0484,-13.2357
6/15/2024 5:15,TRBUSDT,0.0405,-13.1952
6/15/2024 5:30,MKRUSDT,0.0496,-13.1456
6/15/2024 6:00,MAGICUSDT,-0.0213,-13.1669
6/15/2024 7:15,PEOPLEUSDT,-0.022,-13.1889
6/15/2024 8:30,WOOUSDT,-0.0254,-13.2143
6/15/2024 8:30,TWTUSDT,-0.0219,-13.2362
6/15/2024 9:00,NFPUSDT,-0.0207,-13.2569
6/15/2024 9:00,1000LUNCUSDT,-0.0206,-13.2775
6/15/2024 9:00,VETUSDT,-0.0303,-13.3078
6/15/2024 10:15,CRVUSDT,0.0346,-13.2732
6/15/2024 11:00,TONUSDT,-0.0201,-13.2933
6/15/2024 12:00,TAOUSDT,-0.0282,-13.3215
6/15/2024 12:00,PENDLEUSDT,0.0496,-13.2719
6/15/2024 12:45,1INCHUSDT,-0.0264,-13.2983
6/15/2024 12:45,AXSUSDT,-0.0282,-13.3265
6/15/2024 13:00,XMRUSDT,-0.0213,-13.3478
6/15/2024 13:15,USTCUSDT,-0.02,-13.3678
6/15/2024 14:00,LEVERUSDT,-0.0238,-13.3916
6/15/2024 14:30,XAIUSDT,-0.0308,-13.4224
6/15/2024 14:45,ICXUSDT,-0.0213,-13.4437
6/15/2024 15:00,OPUSDT,-0.0207,-13.4644
6/15/2024 15:00,PENDLEUSDT,-0.0236,-13.488
6/15/2024 15:00,ORBSUSDT,-0.0221,-13.5101
6/15/2024 15:00,KLAYUSDT,-0.02,-13.5301
6/15/2024 15:00,ZENUSDT,-0.0207,-13.5508
6/15/2024 15:15,CKBUSDT,-0.026,-13.5768
6/15/2024 15:15,SOLUSDT,-0.0202,-13.597
6/15/2024 15:15,ACHUSDT,-0.0202,-13.6172
6/15/2024 15:15,JASMYUSDT,-0.0331,-13.6503
6/15/2024 15:15,BCHUSDT,-0.0238,-13.6741
6/15/2024 17:15,FXSUSDT,-0.0205,-13.6946
6/15/2024 17:45,AGLDUSDT,0.0367,-13.6579
6/15/2024 18:15,TONUSDT,-0.0232,-13.6811
6/15/2024 19:15,YFIUSDT,-0.0262,-13.7073
6/15/2024 20:15,1000BONKUSDT,-0.0235,-13.7308
6/15/2024 20:15,MTLUSDT,-0.0245,-13.7553
6/15/2024 20:15,1000RATSUSDT,-0.0222,-13.7775
6/15/2024 20:15,ARKUSDT,0.0432,-13.7343
6/15/2024 20:15,ATOMUSDT,-0.0213,-13.7556
6/15/2024 20:15,LINKUSDT,0.0456,-13.71
6/15/2024 23:00,XMRUSDT,-0.0336,-13.7436
6/16/2024 0:00,ARKUSDT,0.0432,-13.7004
6/16/2024 0:45,NFPUSDT,-0.023,-13.7234
6/16/2024 3:00,IDUSDT,-0.0262,-13.7496
6/16/2024 3:00,TIAUSDT,-0.0206,-13.7702
6/16/2024 3:00,DYDXUSDT,-0.0216,-13.7918
6/16/2024 3:00,MANTAUSDT,-0.02,-13.8118
6/16/2024 3:00,UNFIUSDT,-0.0224,-13.8342
6/16/2024 3:00,ARBUSDT,-0.0208,-13.855
6/16/2024 3:30,BSVUSDT,-0.0205,-13.8755
6/16/2024 3:30,ONDOUSDT,0.0465,-13.829
6/16/2024 3:30,RLCUSDT,-0.0229,-13.8519
6/16/2024 4:00,TONUSDT,-0.0242,-13.8761
6/16/2024 4:15,ACEUSDT,-0.0209,-13.897
6/16/2024 4:15,KNCUSDT,0.048,-13.849
6/16/2024 4:15,ALGOUSDT,-0.0213,-13.8703
6/16/2024 4:30,MAVUSDT,0.0421,-13.8282
6/16/2024 7:15,KNCUSDT,0.0473,-13.7809
6/16/2024 10:00,PENDLEUSDT,0.0465,-13.7344
6/16/2024 10:30,VANRYUSDT,-0.0209,-13.7553
6/16/2024 10:30,ZECUSDT,-0.0244,-13.7797
6/16/2024 10:30,XAIUSDT,-0.0211,-13.8008
6/16/2024 10:30,OXTUSDT,-0.0224,-13.8232
6/16/2024 12:15,SSVUSDT,0.0498,-13.7734
6/16/2024 12:15,AXLUSDT,0.0455,-13.7279
6/16/2024 12:15,UMAUSDT,0.0237,-13.7042
6/16/2024 12:15,DENTUSDT,-0.02,-13.7242
6/16/2024 12:15,AEVOUSDT,-0.0203,-13.7445
6/16/2024 13:00,AMBUSDT,-0.026,-13.7705
6/16/2024 13:00,STEEMUSDT,-0.0223,-13.7928
6/16/2024 13:00,BIGTIMEUSDT,-0.02,-13.8128
6/16/2024 13:00,ONEUSDT,-0.021,-13.8338
6/16/2024 13:00,ARKMUSDT,0.0464,-13.7874
6/16/2024 13:00,MKRUSDT,0.0484,-13.739
6/16/2024 13:00,CTSIUSDT,-0.0235,-13.7625
6/16/2024 13:00,ATAUSDT,0.0466,-13.7159
6/16/2024 13:00,VETUSDT,-0.0207,-13.7366
6/16/2024 13:15,IOTAUSDT,-0.02,-13.7566
6/16/2024 13:15,NMRUSDT,-0.0211,-13.7777
6/16/2024 13:15,OMNIUSDT,-0.025,-13.8027
6/16/2024 13:15,SOLUSDT,0.0483,-13.7544
6/16/2024 13:15,BADGERUSDT,-0.0209,-13.7753
6/16/2024 14:00,NFPUSDT,-0.0311,-13.8064
6/16/2024 14:00,XVGUSDT,-0.0259,-13.8323
6/16/2024 14:00,LINAUSDT,-0.0244,-13.8567
6/16/2024 14:00,GTCUSDT,-0.024,-13.8807
6/16/2024 14:00,HOOKUSDT,-0.0227,-13.9034
6/16/2024 14:00,REEFUSDT,-0.0242,-13.9276
6/16/2024 14:00,MYROUSDT,-0.0242,-13.9518
6/16/2024 14:00,GALAUSDT,-0.0228,-13.9746
6/16/2024 14:00,STRKUSDT,-0.0229,-13.9975
6/16/2024 14:00,ATAUSDT,0.048,-13.9495
6/16/2024 14:00,RVNUSDT,-0.0219,-13.9714
6/16/2024 15:15,JUPUSDT,0.0438,-13.9276
6/16/2024 15:30,IOSTUSDT,-0.0203,-13.9479
6/16/2024 15:30,NTRNUSDT,-0.0212,-13.9691
6/16/2024 15:30,ANKRUSDT,-0.0207,-13.9898
6/16/2024 15:45,SNXUSDT,-0.0222,-14.012
6/16/2024 15:45,BEAMXUSDT,0.0392,-13.9728
6/16/2024 15:45,SUIUSDT,0.0444,-13.9284
6/16/2024 15:45,VETUSDT,-0.0209,-13.9493
6/16/2024 16:00,NOTUSDT,-0.0222,-13.9715
6/16/2024 16:15,UNFIUSDT,-0.02,-13.9915
6/16/2024 16:30,STMXUSDT,0.0461,-13.9454
6/16/2024 16:30,LQTYUSDT,0.0252,-13.9202
6/16/2024 18:30,BICOUSDT,0.0468,-13.8734
6/16/2024 19:00,TIAUSDT,0.0417,-13.8317
6/16/2024 19:00,GMTUSDT,-0.02,-13.8517
6/16/2024 19:00,DOTUSDT,-0.0218,-13.8735
6/16/2024 19:00,MKRUSDT,-0.0236,-13.8971
6/16/2024 20:15,HIGHUSDT,0.04,-13.8571
6/16/2024 20:15,STMXUSDT,0.05,-13.8071
6/16/2024 20:45,HIFIUSDT,-0.021,-13.8281
6/16/2024 20:45,POLYXUSDT,0.0489,-13.7792
6/16/2024 20:45,CELOUSDT,-0.02,-13.7992
6/16/2024 21:00,1000XECUSDT,-0.0278,-13.827
6/16/2024 21:15,DYDXUSDT,-0.02,-13.847
6/16/2024 21:30,DUSKUSDT,-0.0352,-13.8822
6/16/2024 21:30,SKLUSDT,-0.0245,-13.9067
6/16/2024 21:30,STXUSDT,-0.0322,-13.9389
6/16/2024 21:45,LRCUSDT,-0.0217,-13.9606
6/16/2024 22:00,1INCHUSDT,-0.0525,-14.0131
6/16/2024 22:00,DOTUSDT,-0.0242,-14.0373
6/16/2024 22:00,JUPUSDT,0.0233,-14.014
6/16/2024 22:00,ACHUSDT,0.0097,-14.0043
6/16/2024 22:30,ORBSUSDT,0.0484,-13.9559
6/17/2024 0:15,HIGHUSDT,-0.0307,-13.9866
6/17/2024 0:15,UNFIUSDT,0.0292,-13.9574
6/17/2024 0:30,BONDUSDT,-0.0209,-13.9783
6/17/2024 0:30,ALGOUSDT,-0.0217,-14
6/17/2024 0:30,C98USDT,-0.02,-14.02
6/17/2024 0:30,ALPHAUSDT,-0.0265,-14.0465
6/17/2024 3:30,LTCUSDT,0.0485,-13.998
6/17/2024 5:45,WOOUSDT,0.0495,-13.9485
6/17/2024 5:45,XLMUSDT,0.05,-13.8985
6/17/2024 5:45,SSVUSDT,0.0397,-13.8588
6/17/2024 5:45,UNIUSDT,-0.0217,-13.8805
6/17/2024 5:45,MAGICUSDT,0.0495,-13.831
6/17/2024 5:45,1000FLOKIUSDT,0.0482,-13.7828
6/17/2024 5:45,IMXUSDT,0.0499,-13.7329
6/17/2024 5:45,BICOUSDT,0.0454,-13.6875
6/17/2024 5:45,LSKUSDT,0.0492,-13.6383
6/17/2024 5:45,CELOUSDT,0.0476,-13.5907
6/17/2024 5:45,COMBOUSDT,-0.0254,-13.6161
6/17/2024 5:45,KNCUSDT,0.041,-13.5751
6/17/2024 5:45,ARPAUSDT,0.0475,-13.5276
6/17/2024 5:45,BLURUSDT,0.0495,-13.4781
6/17/2024 5:45,SANDUSDT,0.049,-13.4291
6/17/2024 5:45,GALAUSDT,0.0464,-13.3827
6/17/2024 5:45,ZENUSDT,0.0498,-13.3329
6/17/2024 5:45,RVNUSDT,0.0485,-13.2844
6/17/2024 6:00,BATUSDT,0.0485,-13.2359
6/17/2024 6:00,LITUSDT,0.0487,-13.1872
6/17/2024 6:00,STXUSDT,0.0493,-13.1379
6/17/2024 6:00,FETUSDT,0.0473,-13.0906
6/17/2024 6:00,XVGUSDT,0.0489,-13.0417
6/17/2024 6:00,BONDUSDT,0.0492,-12.9925
6/17/2024 6:00,SPELLUSDT,0.0467,-12.9458
6/17/2024 6:00,DOGEUSDT,0.0492,-12.8966
6/17/2024 6:00,MTLUSDT,0.0469,-12.8497
6/17/2024 6:00,KLAYUSDT,0.048,-12.8017
6/17/2024 6:00,MOVRUSDT,0.0486,-12.7531
6/17/2024 6:00,DENTUSDT,0.0489,-12.7042
6/17/2024 6:00,RDNTUSDT,0.0485,-12.6557
6/17/2024 6:00,BADGERUSDT,0.0474,-12.6083
6/17/2024 6:00,LINKUSDT,0.0466,-12.5617
6/17/2024 6:00,OGNUSDT,0.0491,-12.5126
6/17/2024 6:45,QNTUSDT,0.0473,-12.4653
6/17/2024 6:45,1000XECUSDT,0.0479,-12.4174
6/17/2024 6:45,ONTUSDT,0.0485,-12.3689
6/17/2024 7:00,MAVUSDT,-0.0259,-12.3948
6/17/2024 8:30,DUSKUSDT,0.0414,-12.3534
6/17/2024 8:30,BATUSDT,0.0494,-12.304
6/17/2024 8:30,ASTRUSDT,0.0446,-12.2594
6/17/2024 8:30,ICPUSDT,0.0434,-12.216
6/17/2024 8:30,STXUSDT,0.0432,-12.1728
6/17/2024 8:30,APTUSDT,0.0451,-12.1277
6/17/2024 8:30,KEYUSDT,0.0485,-12.0792
6/17/2024 8:30,JOEUSDT,0.0473,-12.0319
6/17/2024 8:30,ONEUSDT,0.046,-11.9859
6/17/2024 8:30,CFXUSDT,0.0472,-11.9387
6/17/2024 8:30,KLAYUSDT,0.0491,-11.8896
6/17/2024 8:30,DOTUSDT,-0.0211,-11.9107
6/17/2024 8:30,SUPERUSDT,0.0446,-11.8661
6/17/2024 8:30,SOLUSDT,0.0491,-11.817
6/17/2024 8:30,EOSUSDT,0.0465,-11.7705
6/17/2024 8:30,DENTUSDT,0.042,-11.7285
6/17/2024 8:30,SUSHIUSDT,0.049,-11.6795
6/17/2024 8:30,BLZUSDT,0.0408,-11.6387
6/17/2024 8:30,LOOMUSDT,0.0471,-11.5916
6/17/2024 8:30,ACHUSDT,0.0481,-11.5435
6/17/2024 8:30,HOTUSDT,0.0471,-11.4964
6/17/2024 8:30,ZILUSDT,0.0494,-11.447
6/17/2024 8:30,OGNUSDT,0.0474,-11.3996
6/17/2024 8:30,LRCUSDT,0.0432,-11.3564
6/17/2024 9:30,ENAUSDT,0.0488,-11.3076
6/17/2024 9:30,CHZUSDT,0.0472,-11.2604
6/17/2024 9:30,WLDUSDT,0.0477,-11.2127
6/17/2024 9:30,BNBUSDT,0.0454,-11.1673
6/17/2024 9:30,RSRUSDT,0.0472,-11.1201
6/17/2024 9:30,TURBOUSDT,-0.0234,-11.1435
6/17/2024 9:30,DYDXUSDT,0.0474,-11.0961
6/17/2024 9:45,APEUSDT,-0.0222,-11.1183
6/17/2024 9:45,ENJUSDT,0.0468,-11.0715
6/17/2024 9:45,HFTUSDT,0.0458,-11.0257
6/17/2024 9:45,MASKUSDT,-0.0204,-11.0461
6/17/2024 9:45,TUSDT,-0.0213,-11.0674
6/17/2024 9:45,SKLUSDT,0.0431,-11.0243
6/17/2024 9:45,XVGUSDT,0.0469,-10.9774
6/17/2024 9:45,OPUSDT,-0.0233,-11.0007
6/17/2024 9:45,MANAUSDT,0.0426,-10.9581
6/17/2024 9:45,1INCHUSDT,0.0475,-10.9106
6/17/2024 9:45,APTUSDT,0.0469,-10.8637
6/17/2024 9:45,1000BONKUSDT,0.0462,-10.8175
6/17/2024 9:45,PENDLEUSDT,0.0378,-10.7797
6/17/2024 9:45,LINAUSDT,0.0456,-10.7341
6/17/2024 9:45,BNTUSDT,0.05,-10.6841
6/17/2024 9:45,CFXUSDT,0.0463,-10.6378
6/17/2024 9:45,NTRNUSDT,0.0447,-10.5931
6/17/2024 9:45,PERPUSDT,0.0444,-10.5487
6/17/2024 9:45,SOLUSDT,0.0417,-10.507
6/17/2024 9:45,FLMUSDT,0.0418,-10.4652
6/17/2024 9:45,MOVRUSDT,0.0419,-10.4233
6/17/2024 9:45,BANDUSDT,-0.0264,-10.4497
6/17/2024 9:45,YGGUSDT,0.0441,-10.4056
6/17/2024 9:45,JUPUSDT,0.0461,-10.3595
6/17/2024 9:45,RENUSDT,0.0478,-10.3117
6/17/2024 9:45,BADGERUSDT,0.0442,-10.2675
6/17/2024 9:45,XTZUSDT,0.05,-10.2175
6/17/2024 9:45,LUNA2USDT,0.049,-10.1685
6/17/2024 9:45,ADAUSDT,0.0496,-10.1189
6/17/2024 9:45,HOTUSDT,0.048,-10.0709
6/17/2024 9:45,ZENUSDT,-0.0231,-10.094
6/17/2024 9:45,RVNUSDT,0.0465,-10.0475
6/17/2024 10:00,ONGUSDT,0.05,-9.9975
6/17/2024 10:00,DOTUSDT,-0.0223,-10.0198
6/17/2024 10:00,FILUSDT,0.0446,-9.9752
6/17/2024 13:30,1000SHIBUSDT,0.0475,-9.9277
6/17/2024 13:30,BNXUSDT,0.0498,-9.8779
6/17/2024 13:45,STGUSDT,0.0456,-9.8323
6/17/2024 13:45,BNTUSDT,-0.0232,-9.8555
6/17/2024 13:45,LINKUSDT,-0.0216,-9.8771
6/17/2024 13:45,ADAUSDT,-0.02,-9.8971
6/17/2024 14:00,XRPUSDT,0.0489,-9.8482
6/17/2024 15:00,ONGUSDT,0.05,-9.7982
6/17/2024 15:00,BNXUSDT,0.0488,-9.7494
6/17/2024 15:15,ANKRUSDT,0.049,-9.7004
6/17/2024 15:15,OMUSDT,-0.0283,-9.7287
6/17/2024 15:15,1000LUNCUSDT,0.0492,-9.6795
6/17/2024 15:45,COMPUSDT,-0.0208,-9.7003
6/17/2024 15:45,GASUSDT,-0.0233,-9.7236
6/17/2024 15:45,1INCHUSDT,-0.0208,-9.7444
6/17/2024 15:45,UMAUSDT,-0.02,-9.7644
6/17/2024 15:45,DOGEUSDT,0.027,-9.7374
6/17/2024 15:45,BLURUSDT,-0.0208,-9.7582
6/17/2024 15:45,AVAXUSDT,-0.0235,-9.7817
6/17/2024 15:45,XTZUSDT,-0.0216,-9.8033
6/17/2024 16:15,MANAUSDT,-0.022,-9.8253
6/17/2024 23:15,FETUSDT,0.0473,-9.778
6/17/2024 23:15,APTUSDT,0.0494,-9.7286
6/17/2024 23:30,ATOMUSDT,0.0488,-9.6798
6/17/2024 23:45,KASUSDT,0.0492,-9.6306
6/18/2024 0:00,BTCDOMUSDT,0.0495,-9.5811
6/18/2024 1:15,BTCDOMUSDT,0.044,-9.5371
6/18/2024 5:45,1INCHUSDT,-0.0312,-9.5683
6/19/2024 0:30,CELOUSDT,0.05,-9.5183
6/19/2024 0:45,OPUSDT,0.0392,-9.4791
6/19/2024 0:45,GMXUSDT,0.0431,-9.436
6/19/2024 0:45,HOOKUSDT,0.0424,-9.3936
6/19/2024 0:45,BNBUSDT,0.0459,-9.3477
6/19/2024 0:45,HBARUSDT,0.0439,-9.3038
6/19/2024 0:45,SXPUSDT,0.042,-9.2618
6/19/2024 0:45,ARKMUSDT,0.0466,-9.2152
6/19/2024 0:45,DYDXUSDT,0.0492,-9.166
6/19/2024 0:45,ZECUSDT,0.0461,-9.1199
6/19/2024 0:45,AVAXUSDT,0.0447,-9.0752
6/19/2024 0:45,ACHUSDT,0.0432,-9.032
6/19/2024 0:45,ZILUSDT,0.0472,-8.9848
6/19/2024 1:00,BNTUSDT,0.0398,-8.945
6/19/2024 1:00,COMBOUSDT,0.0253,-8.9197
6/19/2024 1:00,FXSUSDT,-0.03,-8.9497
6/19/2024 1:00,YFIUSDT,0.0398,-8.9099
6/19/2024 1:00,BLZUSDT,0.0372,-8.8727
6/19/2024 1:00,MKRUSDT,0.0314,-8.8413
6/19/2024 1:00,ADAUSDT,0.0416,-8.7997
6/19/2024 2:00,DASHUSDT,0.0492,-8.7505
6/19/2024 2:15,QTUMUSDT,-0.0204,-8.7709
6/19/2024 2:15,SOLUSDT,-0.0221,-8.793
6/19/2024 2:45,SFPUSDT,-0.0394,-8.8324
6/19/2024 3:15,IOSTUSDT,0.0485,-8.7839
6/19/2024 4:00,ATAUSDT,-0.02,-8.8039
6/19/2024 5:15,BNBUSDT,-0.0208,-8.8247
6/19/2024 5:15,DOTUSDT,-0.0215,-8.8462
6/19/2024 5:30,NEARUSDT,-0.0218,-8.868
6/19/2024 5:45,AAVEUSDT,-0.0202,-8.8882
6/19/2024 6:00,MAGICUSDT,-0.0223,-8.9105
6/19/2024 6:00,MTLUSDT,-0.021,-8.9315
6/19/2024 6:00,NEOUSDT,-0.0203,-8.9518
6/19/2024 6:00,HBARUSDT,-0.021,-8.9728
6/19/2024 6:00,ANKRUSDT,-0.0217,-8.9945
6/19/2024 6:00,FLOWUSDT,-0.02,-9.0145
6/19/2024 6:00,CTSIUSDT,-0.0226,-9.0371
6/19/2024 6:15,COMPUSDT,-0.02,-9.0571
6/19/2024 6:30,BATUSDT,-0.021,-9.0781
6/19/2024 6:45,JOEUSDT,-0.0205,-9.0986
6/19/2024 6:45,DEFIUSDT,-0.02,-9.1186
6/19/2024 6:45,ARPAUSDT,-0.0203,-9.1389
6/19/2024 6:45,KASUSDT,-0.0206,-9.1595
6/19/2024 7:00,EGLDUSDT,-0.0204,-9.1799
6/19/2024 7:45,TONUSDT,-0.0247,-9.2046
6/19/2024 9:00,ACHUSDT,0.0401,-9.1645
6/19/2024 14:00,KLAYUSDT,-0.0245,-9.189
6/19/2024 14:00,1000RATSUSDT,-0.0236,-9.2126
6/19/2024 14:15,METISUSDT,-0.023,-9.2356
6/19/2024 14:15,CFXUSDT,-0.0245,-9.2601
6/19/2024 14:15,ILVUSDT,-0.0288,-9.2889
6/19/2024 15:30,RIFUSDT,-0.0209,-9.3098
6/19/2024 18:45,ZECUSDT,-0.0234,-9.3332
6/19/2024 20:30,EGLDUSDT,-0.0249,-9.3581
6/19/2024 20:45,NTRNUSDT,-0.0221,-9.3802
6/19/2024 21:00,SSVUSDT,-0.028,-9.4082
6/19/2024 21:00,FXSUSDT,-0.022,-9.4302
6/19/2024 22:45,SFPUSDT,-0.021,-9.4512
6/19/2024 22:45,NOTUSDT,-0.0233,-9.4745
6/19/2024 23:15,CRVUSDT,-0.02,-9.4945
6/20/2024 0:00,DARUSDT,-0.02,-9.5145
6/20/2024 0:00,FXSUSDT,-0.0259,-9.5404
6/20/2024 0:00,BLZUSDT,0.0496,-9.4908
6/20/2024 1:00,SUIUSDT,-0.0233,-9.5141
6/20/2024 2:45,TONUSDT,0.0439,-9.4702
6/20/2024 3:30,ONDOUSDT,-0.0211,-9.4913
6/20/2024 4:00,UNIUSDT,-0.0234,-9.5147
6/20/2024 4:30,ICXUSDT,0.05,-9.4647
6/20/2024 4:30,OGNUSDT,0.0449,-9.4198
6/20/2024 4:30,VETUSDT,0.0489,-9.3709
6/20/2024 4:45,IOSTUSDT,0.05,-9.3209
6/20/2024 4:45,MTLUSDT,0.0482,-9.2727
6/20/2024 6:00,BATUSDT,-0.0225,-9.2952
6/20/2024 6:00,SKLUSDT,-0.0222,-9.3174
6/20/2024 6:00,RSRUSDT,-0.0234,-9.3408
6/20/2024 6:00,DYDXUSDT,-0.0251,-9.3659
6/20/2024 7:00,BATUSDT,-0.02,-9.3859
6/20/2024 7:00,XTZUSDT,-0.02,-9.4059
6/20/2024 7:15,KEYUSDT,-0.0258,-9.4317
6/20/2024 7:15,METISUSDT,-0.0269,-9.4586
6/20/2024 7:15,TNSRUSDT,-0.0243,-9.4829
6/20/2024 7:15,AXSUSDT,-0.0248,-9.5077
6/20/2024 7:15,MINAUSDT,-0.0269,-9.5346
6/20/2024 7:15,TONUSDT,-0.0226,-9.5572
6/20/2024 7:30,1000XECUSDT,-0.02,-9.5772
6/20/2024 7:30,RVNUSDT,-0.0243,-9.6015
6/20/2024 8:45,USTCUSDT,-0.0255,-9.627
6/20/2024 10:45,DUSKUSDT,-0.0272,-9.6542
6/20/2024 10:45,STXUSDT,-0.0229,-9.6771
6/20/2024 10:45,BTCUSDT,-0.0301,-9.7072
6/20/2024 10:45,KEYUSDT,-0.0308,-9.738
6/20/2024 10:45,MEMEUSDT,-0.0244,-9.7624
6/20/2024 10:45,HBARUSDT,-0.0255,-9.7879
6/20/2024 10:45,DEFIUSDT,-0.02,-9.8079
6/20/2024 10:45,1000XECUSDT,-0.0279,-9.8358
6/20/2024 10:45,SUPERUSDT,-0.022,-9.8578
6/20/2024 10:45,SOLUSDT,0.0288,-9.829
6/20/2024 10:45,SUSHIUSDT,-0.0292,-9.8582
6/20/2024 10:45,PYTHUSDT,-0.0277,-9.8859
6/20/2024 10:45,RLCUSDT,-0.0211,-9.907
6/20/2024 10:45,HOTUSDT,-0.0247,-9.9317
6/20/2024 10:45,RVNUSDT,-0.0239,-9.9556
6/20/2024 11:00,ENJUSDT,-0.0332,-9.9888
6/20/2024 11:00,BATUSDT,-0.02,-10.0088
6/20/2024 11:00,MASKUSDT,-0.0336,-10.0424
6/20/2024 11:00,TUSDT,-0.027,-10.0694
6/20/2024 11:00,OPUSDT,-0.0297,-10.0991
6/20/2024 11:00,ONEUSDT,-0.0263,-10.1254
6/20/2024 11:00,EGLDUSDT,-0.0289,-10.1543
6/20/2024 11:00,POLYXUSDT,-0.0225,-10.1768
6/20/2024 11:00,CELOUSDT,-0.0259,-10.2027
6/20/2024 11:00,PERPUSDT,-0.0282,-10.2309
6/20/2024 11:00,ARPAUSDT,-0.0262,-10.2571
6/20/2024 11:00,BLURUSDT,-0.0251,-10.2822
6/20/2024 11:00,KAVAUSDT,-0.0289,-10.3111
6/20/2024 11:00,YGGUSDT,-0.0363,-10.3474
6/20/2024 16:00,BONDUSDT,-0.0284,-10.3758
6/20/2024 16:00,1000SHIBUSDT,-0.0204,-10.3962
6/20/2024 18:45,1INCHUSDT,0.0493,-10.3469
6/20/2024 20:15,SFPUSDT,-0.0218,-10.3687
6/20/2024 21:00,TRBUSDT,-0.0211,-10.3898
6/20/2024 23:15,LSKUSDT,-0.0204,-10.4102
6/20/2024 23:15,ANKRUSDT,-0.0267,-10.4369
6/21/2024 0:00,ACHUSDT,-0.0319,-10.4688
6/21/2024 0:15,SSVUSDT,-0.031,-10.4998
6/21/2024 4:00,AVAXUSDT,-0.0223,-10.5221
6/21/2024 4:30,ICXUSDT,-0.0208,-10.5429
6/21/2024 5:00,FETUSDT,-0.0443,-10.5872
6/21/2024 5:45,TRBUSDT,0.0455,-10.5417
6/21/2024 5:45,LRCUSDT,-0.0211,-10.5628
6/21/2024 6:30,HIFIUSDT,-0.0208,-10.5836
6/21/2024 7:30,1000BONKUSDT,-0.0273,-10.6109
6/21/2024 7:30,LPTUSDT,0.0421,-10.5688
6/21/2024 7:30,SAGAUSDT,0.0387,-10.5301
6/21/2024 7:30,REEFUSDT,-0.0321,-10.5622
6/21/2024 7:30,ARKUSDT,0.0443,-10.5179
6/21/2024 8:45,BATUSDT,-0.0257,-10.5436
6/21/2024 8:45,XLMUSDT,-0.0276,-10.5712
6/21/2024 8:45,ICPUSDT,-0.0255,-10.5967
6/21/2024 8:45,GTCUSDT,-0.0282,-10.6249
6/21/2024 8:45,UMAUSDT,-0.0276,-10.6525
6/21/2024 8:45,REEFUSDT,-0.0217,-10.6742
6/21/2024 8:45,FLOWUSDT,-0.0261,-10.7003
6/21/2024 8:45,OXTUSDT,-0.0303,-10.7306
6/21/2024 11:30,CTSIUSDT,-0.0217,-10.7523
6/21/2024 11:45,BAKEUSDT,0.0383,-10.714
6/21/2024 13:15,TAOUSDT,0.0497,-10.6643
6/21/2024 17:15,ARKUSDT,0.0393,-10.625
6/21/2024 20:15,CRVUSDT,-0.02,-10.645
6/21/2024 20:30,AAVEUSDT,0.0438,-10.6012
6/21/2024 22:00,ICPUSDT,-0.0205,-10.6217
6/21/2024 23:45,ENSUSDT,-0.0236,-10.6453
6/22/2024 0:00,AAVEUSDT,-0.0217,-10.667
6/22/2024 0:00,GASUSDT,-0.0235,-10.6905
6/22/2024 0:00,LINAUSDT,-0.0301,-10.7206
6/22/2024 0:00,TRBUSDT,-0.0488,-10.7694
6/22/2024 0:15,HBARUSDT,-0.0226,-10.792
6/22/2024 5:15,PENDLEUSDT,-0.0231,-10.8151
6/22/2024 5:15,ILVUSDT,-0.023,-10.8381
6/22/2024 5:30,DODOXUSDT,-0.0222,-10.8603
6/22/2024 7:00,SUPERUSDT,-0.0206,-10.8809
6/22/2024 7:00,ALGOUSDT,0.0339,-10.847
6/22/2024 9:45,1000XECUSDT,0.0487,-10.7983
6/22/2024 11:00,CYBERUSDT,-0.0209,-10.8192
6/22/2024 11:45,DUSKUSDT,0.0465,-10.7727
6/22/2024 12:15,DODOXUSDT,-0.0218,-10.7945
6/22/2024 12:30,POWRUSDT,0.05,-10.7445
6/22/2024 12:45,NEARUSDT,-0.0311,-10.7756
6/22/2024 12:45,ZENUSDT,-0.0215,-10.7971
6/22/2024 13:15,1000BONKUSDT,-0.0217,-10.8188
6/22/2024 13:15,AEVOUSDT,0.0461,-10.7727
6/22/2024 13:30,KASUSDT,0.049,-10.7237
6/22/2024 13:30,ORDIUSDT,0.0383,-10.6854
6/22/2024 14:15,BIGTIMEUSDT,0.05,-10.6354
6/22/2024 14:30,DOGEUSDT,-0.0206,-10.656
6/22/2024 14:30,TNSRUSDT,-0.0263,-10.6823
6/22/2024 14:45,GLMUSDT,-0.0209,-10.7032
6/22/2024 15:30,VANRYUSDT,0.0257,-10.6775
6/22/2024 16:15,POWRUSDT,0.0399,-10.6376
6/22/2024 16:15,KASUSDT,0.0416,-10.596
6/22/2024 16:30,AXLUSDT,-0.0202,-10.6162
6/22/2024 16:30,ACEUSDT,-0.029,-10.6452
6/22/2024 16:30,BOMEUSDT,-0.0292,-10.6744
6/22/2024 16:30,ASTRUSDT,-0.0207,-10.6951
6/22/2024 16:30,ONTUSDT,-0.0351,-10.7302
6/22/2024 16:30,ORDIUSDT,-0.0247,-10.7549
6/22/2024 16:30,HOTUSDT,-0.0308,-10.7857
6/22/2024 16:30,1000PEPEUSDT,-0.0209,-10.8066
6/22/2024 19:00,GMXUSDT,0.0472,-10.7594
6/22/2024 19:15,SFPUSDT,-0.02,-10.7794
6/22/2024 19:15,ZECUSDT,-0.0215,-10.8009
6/22/2024 21:45,NTRNUSDT,0.0384,-10.7625
6/22/2024 22:00,NFPUSDT,-0.0346,-10.7971
6/22/2024 22:00,DYMUSDT,-0.0275,-10.8246
6/22/2024 22:00,RLCUSDT,-0.0207,-10.8453
6/22/2024 23:15,WOOUSDT,-0.0212,-10.8665
6/22/2024 23:30,REZUSDT,-0.0246,-10.8911
6/22/2024 23:30,RSRUSDT,-0.0244,-10.9155
6/22/2024 23:30,XVSUSDT,-0.0212,-10.9367
6/22/2024 23:30,MOVRUSDT,-0.0217,-10.9584
6/22/2024 23:30,CELRUSDT,-0.02,-10.9784
6/22/2024 23:30,MINAUSDT,-0.02,-10.9984
6/22/2024 23:30,PIXELUSDT,-0.02,-11.0184
6/23/2024 0:00,AMBUSDT,0.0371,-10.9813
6/23/2024 0:00,OXTUSDT,-0.0335,-11.0148
6/23/2024 0:15,1INCHUSDT,-0.0228,-11.0376
6/23/2024 0:15,KASUSDT,0.0421,-10.9955
6/23/2024 0:15,ZILUSDT,0.0415,-10.954
6/23/2024 1:00,OMUSDT,0.0473,-10.9067
6/23/2024 2:45,ARBUSDT,-0.0226,-10.9293
6/23/2024 3:45,TIAUSDT,-0.0233,-10.9526
6/23/2024 5:30,GMXUSDT,0.0368,-10.9158
6/23/2024 6:00,SUSHIUSDT,-0.0219,-10.9377
6/23/2024 6:15,TAOUSDT,-0.0215,-10.9592
6/23/2024 6:30,CELRUSDT,-0.022,-10.9812
6/23/2024 7:00,AMBUSDT,-0.0209,-11.0021
6/23/2024 8:30,PYTHUSDT,-0.021,-11.0231
6/23/2024 8:45,REEFUSDT,-0.0222,-11.0453
6/23/2024 8:45,CRVUSDT,-0.02,-11.0653
6/23/2024 9:00,SEIUSDT,-0.0295,-11.0948
6/23/2024 9:00,STORJUSDT,-0.0326,-11.1274
6/23/2024 9:00,ZENUSDT,-0.0265,-11.1539
6/23/2024 9:30,ARKUSDT,0.0392,-11.1147
6/23/2024 11:45,LDOUSDT,-0.0205,-11.1352
6/23/2024 13:00,RVNUSDT,0.0421,-11.0931
6/23/2024 13:15,AUCTIONUSDT,0.0339,-11.0592
6/23/2024 13:15,ENJUSDT,-0.0268,-11.086
6/23/2024 13:15,CHRUSDT,0.0448,-11.0412
6/23/2024 13:15,STGUSDT,0.0472,-10.994
6/23/2024 13:15,BBUSDT,0.0453,-10.9487
6/23/2024 13:15,AIUSDT,0.0436,-10.9051
6/23/2024 13:15,LITUSDT,0.05,-10.8551
6/23/2024 13:15,NMRUSDT,0.0453,-10.8098
6/23/2024 13:15,1INCHUSDT,0.0478,-10.762
6/23/2024 13:15,WAXPUSDT,0.0453,-10.7167
6/23/2024 13:15,HIFIUSDT,0.047,-10.6697
6/23/2024 13:15,ONGUSDT,-0.0242,-10.6939
6/23/2024 13:15,HOOKUSDT,0.047,-10.6469
6/23/2024 13:15,ARPAUSDT,0.0444,-10.6025
6/23/2024 13:15,LQTYUSDT,0.048,-10.5545
6/23/2024 13:15,ANKRUSDT,0.0419,-10.5126
6/23/2024 13:15,SEIUSDT,0.0483,-10.4643
6/23/2024 13:15,ACHUSDT,0.049,-10.4153
6/23/2024 13:15,GALAUSDT,0.0372,-10.3781
6/23/2024 13:15,ZILUSDT,0.0392,-10.3389
6/23/2024 14:00,ICPUSDT,0.0413,-10.2976
6/23/2024 14:00,1000FLOKIUSDT,0.0485,-10.2491
6/23/2024 14:00,IMXUSDT,0.0466,-10.2025
6/23/2024 14:00,1000XECUSDT,0.0481,-10.1544
6/23/2024 14:00,AGLDUSDT,0.0457,-10.1087
6/23/2024 14:00,TNSRUSDT,0.0489,-10.0598
6/23/2024 14:00,YGGUSDT,0.047,-10.0128
6/23/2024 14:00,PHBUSDT,0.0479,-9.9649
6/23/2024 14:00,LINKUSDT,0.0454,-9.9195
6/23/2024 14:15,DUSKUSDT,0.0322,-9.8873
6/23/2024 20:00,LQTYUSDT,0.0496,-9.8377
6/23/2024 20:15,HFTUSDT,-0.0206,-9.8583
6/23/2024 20:15,QNTUSDT,0.0418,-9.8165
6/23/2024 20:15,BBUSDT,0.05,-9.7665
6/23/2024 20:15,OPUSDT,0.0499,-9.7166
6/23/2024 20:15,MAGICUSDT,-0.0203,-9.7369
6/23/2024 20:15,REZUSDT,0.0442,-9.6927
6/23/2024 20:15,BEAMXUSDT,0.0465,-9.6462
6/23/2024 20:15,SAGAUSDT,0.0474,-9.5988
6/23/2024 20:15,NEOUSDT,0.0487,-9.5501
6/23/2024 20:15,PERPUSDT,0.0463,-9.5038
6/23/2024 20:15,REEFUSDT,0.0491,-9.4547
6/23/2024 20:15,RDNTUSDT,0.0478,-9.4069
6/23/2024 20:15,MYROUSDT,0.0467,-9.3602
6/23/2024 20:15,MKRUSDT,0.0481,-9.3121
6/23/2024 20:30,CAKEUSDT,0.0466,-9.2655
6/23/2024 20:30,APEUSDT,0.0476,-9.2179
6/23/2024 20:30,1000FLOKIUSDT,0.0441,-9.1738
6/23/2024 20:30,ONGUSDT,-0.0261,-9.1999
6/23/2024 20:30,UMAUSDT,0.0458,-9.1541
6/23/2024 20:30,RSRUSDT,-0.0218,-9.1759
6/23/2024 20:30,BICOUSDT,-0.0214,-9.1973
6/23/2024 20:30,SUPERUSDT,-0.0202,-9.2175
6/23/2024 20:30,ICXUSDT,-0.0211,-9.2386
6/23/2024 20:30,ILVUSDT,0.0444,-9.1942
6/23/2024 20:30,MOVRUSDT,-0.0218,-9.216
6/23/2024 20:30,DENTUSDT,-0.022,-9.238
6/23/2024 20:30,ALICEUSDT,-0.02,-9.258
6/23/2024 20:30,ZRXUSDT,-0.0204,-9.2784
6/23/2024 20:30,1000PEPEUSDT,0.0479,-9.2305
6/23/2024 20:30,ZENUSDT,-0.0356,-9.2661
6/23/2024 22:30,BEAMXUSDT,0.0494,-9.2167
6/23/2024 22:30,BNBUSDT,0.0486,-9.1681
6/24/2024 2:00,ENSUSDT,0.0447,-9.1234
6/24/2024 2:30,TAOUSDT,-0.0205,-9.1439
6/24/2024 2:30,DOGEUSDT,0.0443,-9.0996
6/24/2024 2:30,TONUSDT,0.0495,-9.0501
6/24/2024 5:00,RONINUSDT,0.0468,-9.0033
6/24/2024 5:00,FTMUSDT,0.0397,-8.9636
6/24/2024 5:00,MASKUSDT,0.0447,-8.9189
6/24/2024 5:00,STGUSDT,0.0459,-8.873
6/24/2024 5:00,TUSDT,0.0458,-8.8272
6/24/2024 5:00,CHZUSDT,0.0448,-8.7824
6/24/2024 5:00,1INCHUSDT,-0.0278,-8.8102
6/24/2024 5:00,1000SHIBUSDT,0.0455,-8.7647
6/24/2024 5:00,WAXPUSDT,0.0439,-8.7208
6/24/2024 5:00,NEOUSDT,-0.0217,-8.7425
6/24/2024 5:00,NTRNUSDT,0.0458,-8.6967
6/24/2024 5:00,ICXUSDT,-0.02,-8.7167
6/24/2024 5:00,API3USDT,0.0413,-8.6754
6/24/2024 5:00,AXSUSDT,-0.0204,-8.6958
6/24/2024 5:00,ANKRUSDT,-0.0268,-8.7226
6/24/2024 5:00,XTZUSDT,-0.0318,-8.7544
6/24/2024 5:00,C98USDT,-0.0224,-8.7768
6/24/2024 5:00,OMUSDT,-0.0282,-8.805
6/24/2024 5:00,HOTUSDT,0.0438,-8.7612
6/24/2024 5:15,BATUSDT,-0.0249,-8.7861
6/24/2024 5:15,BTCUSDT,-0.0211,-8.8072
6/24/2024 5:15,COMPUSDT,0.0407,-8.7665
6/24/2024 5:15,ETHUSDT,0.0421,-8.7244
6/24/2024 5:15,RUNEUSDT,-0.0239,-8.7483
6/24/2024 5:15,TONUSDT,0.0379,-8.7104
6/24/2024 8:00,MANAUSDT,-0.0214,-8.7318
6/24/2024 8:00,1000FLOKIUSDT,-0.0228,-8.7546
6/24/2024 8:00,1000BONKUSDT,-0.0207,-8.7753
6/24/2024 8:00,ORBSUSDT,-0.02,-8.7953
6/24/2024 8:00,COMBOUSDT,0.0417,-8.7536
6/24/2024 8:00,1000PEPEUSDT,-0.0234,-8.777
6/24/2024 9:15,MKRUSDT,0.0485,-8.7285
6/24/2024 9:30,XLMUSDT,0.0326,-8.6959
6/24/2024 9:30,FXSUSDT,0.0392,-8.6567
6/24/2024 12:00,REZUSDT,-0.0212,-8.6779
6/24/2024 16:00,ALICEUSDT,-0.02,-8.6979
6/24/2024 16:45,POLYXUSDT,-0.0205,-8.7184
6/24/2024 19:45,BTCUSDT,-0.0306,-8.749
6/24/2024 23:15,JUPUSDT,0.0482,-8.7008
6/24/2024 23:30,IOUSDT,-0.0212,-8.722
6/24/2024 23:30,ETCUSDT,0.0491,-8.6729
6/24/2024 23:30,TONUSDT,0.0447,-8.6282
6/24/2024 23:30,MAVIAUSDT,0.0492,-8.579
6/25/2024 0:45,ICXUSDT,0.0484,-8.5306
6/25/2024 0:45,KAVAUSDT,-0.025,-8.5556
6/25/2024 0:45,NOTUSDT,-0.0203,-8.5759
6/25/2024 1:00,STGUSDT,-0.0269,-8.6028
6/25/2024 1:00,BONDUSDT,-0.0229,-8.6257
6/25/2024 1:00,YGGUSDT,-0.0204,-8.6461
6/25/2024 1:45,ALGOUSDT,0.0485,-8.5976
6/25/2024 2:00,C98USDT,-0.0209,-8.6185
6/25/2024 2:15,MAVIAUSDT,-0.0226,-8.6411
6/25/2024 2:30,SEIUSDT,-0.0228,-8.6639
6/25/2024 3:00,STXUSDT,0.0396,-8.6243
6/25/2024 3:00,OPUSDT,-0.0263,-8.6506
6/25/2024 3:00,MANAUSDT,-0.0235,-8.6741
6/25/2024 3:00,1INCHUSDT,-0.0286,-8.7027
6/25/2024 3:00,NEARUSDT,-0.0298,-8.7325
6/25/2024 3:00,LINAUSDT,-0.02,-8.7525
6/25/2024 3:00,1000SATSUSDT,-0.0308,-8.7833
6/25/2024 3:00,HIFIUSDT,-0.0287,-8.812
6/25/2024 3:00,ONEUSDT,-0.0312,-8.8432
6/25/2024 3:00,DYMUSDT,-0.0237,-8.8669
6/25/2024 3:00,RSRUSDT,0.0489,-8.818
6/25/2024 3:00,AGLDUSDT,-0.0228,-8.8408
6/25/2024 3:00,BELUSDT,-0.0238,-8.8646
6/25/2024 3:00,VANRYUSDT,0.0469,-8.8177
6/25/2024 3:00,ARPAUSDT,-0.0263,-8.844
6/25/2024 3:00,ETHUSDT,-0.0293,-8.8733
6/25/2024 3:00,BANDUSDT,-0.0243,-8.8976
6/25/2024 3:00,DENTUSDT,0.0449,-8.8527
6/25/2024 3:00,TWTUSDT,-0.023,-8.8757
6/25/2024 3:00,AXSUSDT,0.0304,-8.8453
6/25/2024 3:00,ROSEUSDT,-0.0262,-8.8715
6/25/2024 3:00,LOOMUSDT,0.0425,-8.829
6/25/2024 3:00,SANDUSDT,0.0469,-8.7821
6/25/2024 3:00,FLOWUSDT,0.0398,-8.7423
6/25/2024 3:00,NOTUSDT,-0.0281,-8.7704
6/25/2024 3:00,ALPHAUSDT,-0.0253,-8.7957
6/25/2024 3:00,RIFUSDT,-0.0223,-8.818
6/25/2024 3:00,FILUSDT,-0.0273,-8.8453
6/25/2024 4:45,EDUUSDT,-0.0241,-8.8694
6/25/2024 4:45,KLAYUSDT,-0.02,-8.8894
6/25/2024 4:45,SUPERUSDT,-0.0247,-8.9141
6/25/2024 4:45,ARPAUSDT,-0.0208,-8.9349
6/25/2024 5:00,TAOUSDT,-0.0231,-8.958
6/25/2024 6:45,LRCUSDT,-0.0208,-8.9788
6/25/2024 7:45,IOSTUSDT,0.0486,-8.9302
6/25/2024 8:00,GASUSDT,0.0487,-8.8815
6/25/2024 8:45,MKRUSDT,0.0448,-8.8367
6/25/2024 9:15,XEMUSDT,0.0397,-8.797
6/25/2024 9:30,THETAUSDT,0.0485,-8.7485
6/25/2024 11:00,ARUSDT,-0.0332,-8.7817
6/25/2024 12:15,FLOWUSDT,0.0449,-8.7368
6/25/2024 13:45,BIGTIMEUSDT,0.0466,-8.6902
6/25/2024 14:00,ALICEUSDT,0.0441,-8.6461
6/25/2024 14:15,BALUSDT,-0.0317,-8.6778
6/25/2024 14:15,TUSDT,-0.0211,-8.6989
6/25/2024 14:15,MAGICUSDT,0.0291,-8.6698
6/25/2024 14:15,TIAUSDT,-0.036,-8.7058
6/25/2024 14:15,APTUSDT,-0.0227,-8.7285
6/25/2024 14:15,JOEUSDT,0.0271,-8.7014
6/25/2024 14:15,BNTUSDT,-0.0373,-8.7387
6/25/2024 14:15,HIFIUSDT,-0.0471,-8.7858
6/25/2024 14:15,POWRUSDT,-0.0238,-8.8096
6/25/2024 14:15,RSRUSDT,0.0208,-8.7888
6/25/2024 14:15,COMBOUSDT,0.0372,-8.7516
6/25/2024 14:15,ICXUSDT,0.0358,-8.7158
6/25/2024 14:15,BELUSDT,-0.0311,-8.7469
6/25/2024 14:15,ARPAUSDT,-0.0226,-8.7695
6/25/2024 14:15,KAVAUSDT,-0.0295,-8.799
6/25/2024 14:15,AXSUSDT,-0.0258,-8.8248
6/25/2024 14:15,RENUSDT,-0.0245,-8.8493
6/25/2024 14:15,ACHUSDT,-0.0356,-8.8849
6/25/2024 14:15,MINAUSDT,-0.0234,-8.9083
6/25/2024 14:15,ATAUSDT,0.0298,-8.8785
6/25/2024 14:15,VETUSDT,-0.0394,-8.9179
6/25/2024 14:15,ARBUSDT,-0.0354,-8.9533
6/25/2024 15:30,XLMUSDT,-0.0387,-8.992
6/25/2024 15:30,METISUSDT,-0.0286,-9.0206
6/25/2024 15:30,PYTHUSDT,-0.0222,-9.0428
6/25/2024 15:30,FILUSDT,-0.0279,-9.0707
6/25/2024 15:45,LPTUSDT,-0.0207,-9.0914
6/25/2024 17:00,STEEMUSDT,-0.0206,-9.112
6/25/2024 17:00,DASHUSDT,-0.021,-9.133
6/25/2024 18:15,LPTUSDT,-0.0256,-9.1586
6/25/2024 18:15,GMTUSDT,-0.0215,-9.1801
6/25/2024 18:15,KLAYUSDT,-0.0321,-9.2122
6/25/2024 18:15,NKNUSDT,-0.0256,-9.2378
6/25/2024 18:15,SANDUSDT,-0.0276,-9.2654
6/25/2024 18:15,OMUSDT,-0.0238,-9.2892
6/25/2024 18:15,LRCUSDT,-0.0274,-9.3166
6/25/2024 18:30,LINKUSDT,-0.0206,-9.3372
6/25/2024 18:30,MKRUSDT,-0.0262,-9.3634
6/25/2024 18:45,DOGEUSDT,-0.0222,-9.3856
6/25/2024 20:15,GLMUSDT,-0.02,-9.4056
6/25/2024 21:15,SFPUSDT,0.0491,-9.3565
6/26/2024 0:30,TWTUSDT,-0.0229,-9.3794
6/26/2024 1:00,QNTUSDT,0.0481,-9.3313
6/26/2024 1:15,SFPUSDT,0.0355,-9.2958
6/26/2024 1:30,BOMEUSDT,-0.0235,-9.3193
6/26/2024 4:45,ZROUSDT,0.0457,-9.2736
6/26/2024 5:15,SXPUSDT,0.0469,-9.2267
6/26/2024 7:15,CRVUSDT,0.0461,-9.1806
6/26/2024 8:00,NMRUSDT,0.0494,-9.1312
6/26/2024 8:00,ONEUSDT,-0.0216,-9.1528
6/26/2024 8:00,BELUSDT,-0.0219,-9.1747
6/26/2024 8:00,ATAUSDT,-0.0222,-9.1969
6/26/2024 8:15,AAVEUSDT,-0.0247,-9.2216
6/26/2024 8:15,NEARUSDT,0.0496,-9.172
6/26/2024 8:45,METISUSDT,-0.0203,-9.1923
6/26/2024 8:45,API3USDT,-0.0207,-9.213
6/26/2024 9:00,ALICEUSDT,0.0472,-9.1658
6/26/2024 9:30,COMPUSDT,-0.0216,-9.1874
6/26/2024 10:30,STXUSDT,-0.0232,-9.2106
6/26/2024 11:00,AVAXUSDT,-0.027,-9.2376
6/26/2024 11:15,EDUUSDT,-0.022,-9.2596
6/26/2024 11:15,BSVUSDT,-0.023,-9.2826
6/26/2024 11:15,POWRUSDT,-0.0211,-9.3037
6/26/2024 11:15,MEWUSDT,-0.0211,-9.3248
6/26/2024 11:15,ALICEUSDT,-0.0276,-9.3524
6/26/2024 11:15,YGGUSDT,-0.0208,-9.3732
6/26/2024 11:15,RENUSDT,-0.0272,-9.4004
6/26/2024 11:15,ACHUSDT,-0.0213,-9.4217
6/26/2024 11:15,XTZUSDT,-0.02,-9.4417
6/26/2024 11:15,KSMUSDT,-0.0258,-9.4675
6/26/2024 11:15,PIXELUSDT,-0.0237,-9.4912
6/26/2024 11:30,PYTHUSDT,-0.0223,-9.5135
6/26/2024 11:45,COMBOUSDT,0.0341,-9.4794
6/26/2024 12:00,CELRUSDT,-0.0247,-9.5041
6/26/2024 12:00,TLMUSDT,-0.02,-9.5241
6/26/2024 12:30,GMXUSDT,-0.0221,-9.5462
6/26/2024 12:30,IMXUSDT,-0.0204,-9.5666
6/26/2024 14:15,ENSUSDT,-0.0256,-9.5922
6/26/2024 14:30,RONINUSDT,0.0456,-9.5466
6/26/2024 14:30,IOSTUSDT,0.0494,-9.4972
6/26/2024 14:30,KNCUSDT,0.0389,-9.4583
6/26/2024 16:30,LRCUSDT,-0.0202,-9.4785
6/26/2024 16:45,1000SHIBUSDT,0.0497,-9.4288
6/26/2024 16:45,GALAUSDT,-0.0239,-9.4527
6/26/2024 17:00,BATUSDT,-0.0301,-9.4828
6/26/2024 17:00,GRTUSDT,-0.0329,-9.5157
6/26/2024 17:00,COMPUSDT,-0.0246,-9.5403
6/26/2024 17:00,UNIUSDT,-0.0258,-9.5661
6/26/2024 17:00,PENDLEUSDT,-0.0271,-9.5932
6/26/2024 17:00,SAGAUSDT,-0.0352,-9.6284
6/26/2024 17:00,GTCUSDT,-0.0303,-9.6587
6/26/2024 17:00,IOTXUSDT,-0.0447,-9.7034
6/26/2024 17:00,DOGEUSDT,-0.0341,-9.7375
6/26/2024 17:00,METISUSDT,-0.0338,-9.7713
6/26/2024 17:00,BSVUSDT,-0.0299,-9.8012
6/26/2024 17:00,CFXUSDT,-0.0291,-9.8303
6/26/2024 17:00,BNBUSDT,-0.0324,-9.8627
6/26/2024 17:00,RSRUSDT,-0.0327,-9.8954
6/26/2024 17:00,TRBUSDT,-0.0226,-9.918
6/26/2024 17:00,EOSUSDT,-0.0234,-9.9414
6/26/2024 17:00,YFIUSDT,-0.0217,-9.9631
6/26/2024 17:00,RENUSDT,-0.033,-9.9961
6/26/2024 17:00,CTSIUSDT,-0.0316,-10.0277
6/26/2024 18:15,WOOUSDT,-0.0214,-10.0491
6/26/2024 18:30,BEAMXUSDT,-0.0332,-10.0823
6/26/2024 19:00,BTCUSDT,-0.0215,-10.1038
6/26/2024 20:00,UNFIUSDT,-0.0238,-10.1276
6/27/2024 0:15,RONINUSDT,-0.0212,-10.1488
6/27/2024 0:15,USTCUSDT,-0.02,-10.1688
6/27/2024 0:45,KASUSDT,-0.0252,-10.194
6/27/2024 1:15,GASUSDT,-0.023,-10.217
6/27/2024 3:15,QNTUSDT,-0.0208,-10.2378
6/27/2024 3:30,OMNIUSDT,-0.0201,-10.2579
6/27/2024 3:30,OGNUSDT,-0.02,-10.2779
6/27/2024 4:15,TRUUSDT,-0.0221,-10.3
6/27/2024 5:00,AMBUSDT,-0.0205,-10.3205
6/27/2024 5:00,SPELLUSDT,-0.0211,-10.3416
6/27/2024 5:00,WAXPUSDT,-0.0236,-10.3652
6/27/2024 5:00,1000XECUSDT,-0.0251,-10.3903
6/27/2024 5:00,VANRYUSDT,-0.0209,-10.4112
6/27/2024 5:00,REEFUSDT,-0.02,-10.4312
6/27/2024 5:00,API3USDT,-0.0257,-10.4569
6/27/2024 5:00,ARKUSDT,-0.0205,-10.4774
6/27/2024 5:00,LOOMUSDT,-0.0235,-10.5009
6/27/2024 5:00,OXTUSDT,0.0449,-10.456
6/27/2024 5:00,USTCUSDT,-0.0243,-10.4803
6/27/2024 5:00,FILUSDT,-0.0224,-10.5027
6/27/2024 5:15,AXLUSDT,-0.0204,-10.5231
6/27/2024 5:15,HIFIUSDT,-0.0234,-10.5465
6/27/2024 5:15,DOTUSDT,-0.0258,-10.5723
6/27/2024 7:00,ALPHAUSDT,-0.0213,-10.5936
6/27/2024 7:15,ALGOUSDT,-0.02,-10.6136
6/27/2024 7:45,TIAUSDT,-0.021,-10.6346
6/27/2024 11:30,APTUSDT,0.0421,-10.5925
6/27/2024 11:30,AGLDUSDT,0.0463,-10.5462
6/27/2024 11:30,JTOUSDT,-0.0229,-10.5691
6/27/2024 12:00,STEEMUSDT,0.046,-10.5231
6/27/2024 12:00,GMXUSDT,-0.0249,-10.548
6/27/2024 12:00,MAGICUSDT,-0.0226,-10.5706
6/27/2024 12:00,ETHUSDT,0.0287,-10.5419
6/27/2024 12:15,AVAXUSDT,0.0487,-10.4932
6/27/2024 12:30,LDOUSDT,-0.0222,-10.5154
6/27/2024 13:00,XVSUSDT,-0.024,-10.5394
6/27/2024 13:00,KNCUSDT,0.035,-10.5044
6/27/2024 13:00,JUPUSDT,-0.0018,-10.5062
6/27/2024 13:00,XAIUSDT,-0.0254,-10.5316
6/27/2024 13:00,RIFUSDT,-0.0304,-10.562
6/27/2024 14:00,MANTAUSDT,-0.0056,-10.5676
6/27/2024 16:00,ETHWUSDT,-0.0212,-10.5888
6/27/2024 16:00,ROSEUSDT,0.0456,-10.5432
6/27/2024 17:15,ARKMUSDT,-0.0208,-10.564
6/27/2024 18:15,KNCUSDT,-0.0213,-10.5853
6/27/2024 19:00,ONDOUSDT,-0.0267,-10.612
6/27/2024 19:15,ETHWUSDT,-0.0244,-10.6364
6/27/2024 19:15,FILUSDT,-0.0248,-10.6612
6/27/2024 19:30,KSMUSDT,0.0471,-10.6141
6/27/2024 19:45,LTCUSDT,0.0498,-10.5643
6/27/2024 20:00,XLMUSDT,-0.0209,-10.5852
6/27/2024 20:30,MANAUSDT,-0.02,-10.6052
6/27/2024 20:30,POWRUSDT,-0.0218,-10.627
6/27/2024 21:45,INJUSDT,-0.0201,-10.6471
6/27/2024 22:45,XEMUSDT,-0.0298,-10.6769
6/27/2024 23:45,SFPUSDT,-0.0216,-10.6985
6/28/2024 0:15,ARKUSDT,-0.0289,-10.7274
6/28/2024 0:30,SUIUSDT,-0.0232,-10.7506
6/28/2024 5:30,KAVAUSDT,-0.025,-10.7756
6/28/2024 6:00,AGLDUSDT,-0.02,-10.7956
6/28/2024 6:30,CHRUSDT,-0.02,-10.8156
6/28/2024 7:15,IMXUSDT,-0.023,-10.8386
6/28/2024 7:15,BICOUSDT,-0.027,-10.8656
6/28/2024 7:15,DODOXUSDT,-0.0268,-10.8924
6/28/2024 7:30,1000FLOKIUSDT,-0.0204,-10.9128
6/28/2024 9:45,BATUSDT,-0.0266,-10.9394
6/28/2024 9:45,IOTXUSDT,-0.0257,-10.9651
6/28/2024 9:45,NTRNUSDT,0.0497,-10.9154
6/28/2024 10:00,XLMUSDT,-0.0204,-10.9358
6/28/2024 10:00,1000LUNCUSDT,-0.0202,-10.956
6/28/2024 10:30,MYROUSDT,-0.0223,-10.9783
6/28/2024 11:15,ZRXUSDT,-0.0266,-11.0049
6/28/2024 11:15,DASHUSDT,-0.0226,-11.0275
6/28/2024 11:15,ARBUSDT,-0.0224,-11.0499
6/28/2024 12:00,AXLUSDT,-0.0242,-11.0741
6/28/2024 12:00,JOEUSDT,-0.0323,-11.1064
6/28/2024 12:15,MAVUSDT,-0.0238,-11.1302
6/28/2024 12:15,IOTXUSDT,-0.0227,-11.1529
6/28/2024 12:45,TURBOUSDT,-0.0311,-11.184
6/28/2024 13:30,BATUSDT,-0.0209,-11.2049
6/28/2024 13:30,RONINUSDT,-0.0212,-11.2261
6/28/2024 13:30,UMAUSDT,-0.0226,-11.2487
6/28/2024 13:30,POLYXUSDT,-0.0336,-11.2823
6/28/2024 13:30,ORBSUSDT,-0.0226,-11.3049
6/28/2024 13:30,KLAYUSDT,-0.0218,-11.3267
6/28/2024 13:30,SANDUSDT,-0.0235,-11.3502
6/28/2024 13:30,MKRUSDT,-0.0255,-11.3757
6/28/2024 13:30,OXTUSDT,-0.0231,-11.3988
6/28/2024 13:30,ZILUSDT,-0.0227,-11.4215
6/28/2024 13:30,DASHUSDT,-0.0216,-11.4431
6/28/2024 14:30,IOTAUSDT,0.0478,-11.3953
6/28/2024 14:30,JASMYUSDT,-0.0218,-11.4171
6/28/2024 14:45,UNFIUSDT,-0.024,-11.4411
6/28/2024 15:30,ALICEUSDT,0.05,-11.3911
6/28/2024 16:15,LRCUSDT,0.0488,-11.3423
6/28/2024 16:30,ETHFIUSDT,0.0404,-11.3019
6/28/2024 16:30,REZUSDT,0.0483,-11.2536
6/28/2024 16:30,SPELLUSDT,0.05,-11.2036
6/28/2024 16:30,RSRUSDT,0.0494,-11.1542
6/28/2024 16:30,BICOUSDT,0.0494,-11.1048
6/28/2024 16:30,ONDOUSDT,-0.0245,-11.1293
6/28/2024 16:30,KAVAUSDT,0.0493,-11.08
6/28/2024 16:30,SUIUSDT,0.0464,-11.0336
6/28/2024 16:30,YGGUSDT,0.0481,-10.9855
6/28/2024 16:30,AEVOUSDT,0.0459,-10.9396
6/28/2024 16:30,TONUSDT,-0.0217,-10.9613
6/28/2024 16:45,MANTAUSDT,0.0497,-10.9116
6/28/2024 16:45,USTCUSDT,0.0481,-10.8635
6/28/2024 17:45,CFXUSDT,-0.0248,-10.8883
6/28/2024 17:45,HBARUSDT,0.0469,-10.8414
6/28/2024 19:15,BTCUSDT,-0.0275,-10.8689
6/28/2024 20:00,FXSUSDT,0.0481,-10.8208
6/28/2024 21:00,AUCTIONUSDT,0.0466,-10.7742
6/28/2024 21:00,RONINUSDT,0.0498,-10.7244
6/28/2024 21:00,GRTUSDT,-0.0224,-10.7468
6/28/2024 21:00,MASKUSDT,-0.0226,-10.7694
6/28/2024 21:00,SSVUSDT,-0.0302,-10.7996
6/28/2024 21:00,TUSDT,0.05,-10.7496
6/28/2024 21:00,SKLUSDT,0.0481,-10.7015
6/28/2024 21:00,ALTUSDT,-0.0226,-10.7241
6/28/2024 21:00,OPUSDT,-0.0308,-10.7549
6/28/2024 21:00,OMNIUSDT,-0.0235,-10.7784
6/28/2024 21:00,APTUSDT,-0.0214,-10.7998
6/28/2024 21:00,BEAMXUSDT,0.0488,-10.751
6/28/2024 21:00,1000SHIBUSDT,-0.0239,-10.7749
6/28/2024 21:00,JOEUSDT,0.0475,-10.7274
6/28/2024 21:00,PORTALUSDT,-0.0234,-10.7508
6/28/2024 21:00,SPELLUSDT,-0.0213,-10.7721
6/28/2024 21:00,HIFIUSDT,0.049,-10.7231
6/28/2024 21:00,EGLDUSDT,-0.0229,-10.746
6/28/2024 21:00,IOTXUSDT,0.045,-10.701
6/28/2024 21:00,ORBSUSDT,-0.0213,-10.7223
6/28/2024 21:00,BSVUSDT,-0.0232,-10.7455
6/28/2024 21:00,BNBUSDT,-0.0311,-10.7766
6/28/2024 21:00,HBARUSDT,-0.0237,-10.8003
6/28/2024 21:00,RSRUSDT,-0.0233,-10.8236
6/28/2024 21:00,DEFIUSDT,-0.0252,-10.8488
6/28/2024 21:00,BICOUSDT,0.0448,-10.804
6/28/2024 21:00,1000XECUSDT,-0.0275,-10.8315
6/28/2024 21:00,DOTUSDT,-0.0283,-10.8598
6/28/2024 21:00,SUPERUSDT,0.0465,-10.8133
6/28/2024 21:00,SXPUSDT,0.05,-10.7633
6/28/2024 21:00,ARPAUSDT,0.0444,-10.7189
6/28/2024 21:00,API3USDT,-0.0225,-10.7414
6/28/2024 21:00,IOUSDT,-0.0204,-10.7618
6/28/2024 21:00,YGGUSDT,0.0443,-10.7175
6/28/2024 21:00,AXSUSDT,0.0458,-10.6717
6/28/2024 21:00,CELRUSDT,0.0493,-10.6224
6/28/2024 21:00,BADGERUSDT,0.05,-10.5724
6/28/2024 21:00,DYDXUSDT,-0.0223,-10.5947
6/28/2024 21:00,MKRUSDT,-0.0206,-10.6153
6/28/2024 21:00,ACHUSDT,0.0485,-10.5668
6/28/2024 21:00,MANTAUSDT,-0.0201,-10.5869
6/28/2024 21:00,RLCUSDT,0.0459,-10.541
6/28/2024 21:00,MINAUSDT,-0.0217,-10.5627
6/28/2024 21:00,KSMUSDT,-0.0235,-10.5862
6/28/2024 21:00,ZRXUSDT,-0.0285,-10.6147
6/28/2024 21:00,LUNA2USDT,-0.02,-10.6347
6/28/2024 21:00,ALPHAUSDT,0.0482,-10.5865
6/28/2024 21:00,ZILUSDT,-0.0255,-10.612
6/28/2024 21:00,ATAUSDT,0.044,-10.568
6/28/2024 21:00,FILUSDT,-0.0203,-10.5883
6/28/2024 21:00,LRCUSDT,-0.0203,-10.6086
6/28/2024 22:15,OMUSDT,-0.0204,-10.629
6/28/2024 23:00,RONINUSDT,-0.0202,-10.6492
6/28/2024 23:15,NKNUSDT,0.0496,-10.5996
6/28/2024 23:30,LITUSDT,-0.0229,-10.6225
6/28/2024 23:30,UMAUSDT,0.0468,-10.5757
6/29/2024 0:00,AMBUSDT,0.0425,-10.5332
6/29/2024 0:00,OMGUSDT,-0.0231,-10.5563
6/29/2024 0:00,LSKUSDT,0.0429,-10.5134
6/29/2024 3:15,AVAXUSDT,-0.0227,-10.5361
6/29/2024 5:15,LSKUSDT,0.0494,-10.4867
6/29/2024 5:45,AVAXUSDT,-0.0266,-10.5133
6/29/2024 6:30,BONDUSDT,0.0473,-10.466
6/29/2024 6:45,XMRUSDT,-0.0254,-10.4914
6/29/2024 9:00,IOTXUSDT,0.014,-10.4774
6/29/2024 9:30,ALICEUSDT,-0.0234,-10.5008
6/29/2024 9:45,MEWUSDT,-0.0255,-10.5263
6/29/2024 10:00,WIFUSDT,-0.0212,-10.5475
6/29/2024 10:00,DYMUSDT,0.0338,-10.5137
6/29/2024 10:00,AEVOUSDT,0.0492,-10.4645
6/29/2024 10:15,SANDUSDT,0.05,-10.4145
6/29/2024 10:30,MANTAUSDT,-0.0215,-10.436
6/29/2024 11:00,ALPHAUSDT,0.037,-10.399
6/29/2024 11:15,BOMEUSDT,-0.0201,-10.4191
6/29/2024 12:30,CELOUSDT,0.0451,-10.374
6/29/2024 12:30,SUSHIUSDT,0.0482,-10.3258
6/29/2024 12:30,ALPHAUSDT,0.0493,-10.2765
6/29/2024 12:45,INJUSDT,-0.0236,-10.3001
6/29/2024 13:15,XEMUSDT,-0.0302,-10.3303
6/29/2024 13:30,LTCUSDT,0.0399,-10.2904
6/29/2024 14:00,JOEUSDT,0.0488,-10.2416
6/29/2024 14:15,HFTUSDT,0.0461,-10.1955
6/29/2024 14:15,AMBUSDT,0.0485,-10.147
6/29/2024 14:15,1000SHIBUSDT,-0.0222,-10.1692
6/29/2024 14:15,KEYUSDT,-0.0211,-10.1903
6/29/2024 14:15,EOSUSDT,0.0451,-10.1452
6/29/2024 14:15,ALPHAUSDT,0.0478,-10.0974
6/29/2024 14:15,OGNUSDT,-0.0267,-10.1241
6/29/2024 14:15,LRCUSDT,-0.0234,-10.1475
6/29/2024 14:30,MEMEUSDT,0.0486,-10.0989
6/29/2024 14:30,GTCUSDT,0.0475,-10.0514
6/29/2024 16:00,BNTUSDT,0.0401,-10.0113
6/29/2024 16:00,AXSUSDT,0.0481,-9.9632
6/29/2024 16:00,CELRUSDT,0.05,-9.9132
6/29/2024 16:00,ONTUSDT,0.0418,-9.8714
6/29/2024 16:00,PHBUSDT,0.0482,-9.8232
6/29/2024 16:00,SEIUSDT,0.0413,-9.7819
6/29/2024 16:00,STORJUSDT,0.05,-9.7319
6/29/2024 16:00,CTSIUSDT,0.044,-9.6879
6/29/2024 16:00,ALPHAUSDT,0.0493,-9.6386
6/29/2024 16:15,NMRUSDT,-0.0203,-9.6589
6/29/2024 16:15,PORTALUSDT,0.049,-9.6099
6/29/2024 16:15,CELOUSDT,0.05,-9.5599
6/29/2024 16:15,RIFUSDT,0.0491,-9.5108
6/29/2024 16:45,ATAUSDT,0.05,-9.4608
6/29/2024 17:00,TUSDT,0.0474,-9.4134
6/29/2024 17:00,QTUMUSDT,0.05,-9.3634
6/29/2024 17:00,RSRUSDT,-0.0276,-9.391
6/29/2024 17:00,COMBOUSDT,0.0359,-9.3551
6/29/2024 17:00,VANRYUSDT,0.0374,-9.3177
6/29/2024 17:00,GLMUSDT,0.0493,-9.2684
6/29/2024 17:00,REEFUSDT,0.05,-9.2184
6/29/2024 17:00,IOUSDT,0.0481,-9.1703
6/29/2024 17:00,ARKUSDT,0.041,-9.1293
6/29/2024 17:00,MKRUSDT,-0.0226,-9.1519
6/29/2024 17:00,NOTUSDT,0.044,-9.1079
6/29/2024 17:00,ZILUSDT,-0.0219,-9.1298
6/29/2024 17:45,STMXUSDT,-0.02,-9.1498
6/29/2024 18:00,SSVUSDT,-0.0208,-9.1706
6/29/2024 18:00,PHBUSDT,0.0478,-9.1228
6/29/2024 18:15,XVGUSDT,0.0453,-9.0775
6/29/2024 18:15,ICXUSDT,-0.0222,-9.0997
6/29/2024 18:15,ZRXUSDT,0.0426,-9.0571
6/29/2024 18:30,MKRUSDT,-0.0216,-9.0787
6/29/2024 18:45,KASUSDT,0.0452,-9.0335
6/29/2024 19:15,BEAMXUSDT,0.0496,-8.9839
6/29/2024 19:15,1000BONKUSDT,0.0333,-8.9506
6/29/2024 19:15,SAGAUSDT,-0.0356,-8.9862
6/29/2024 19:15,RSRUSDT,-0.0249,-9.0111
6/29/2024 19:15,KLAYUSDT,-0.0276,-9.0387
6/29/2024 19:15,ONDOUSDT,0.0466,-8.9921
6/29/2024 19:15,SUSHIUSDT,0.0496,-8.9425
6/29/2024 19:30,FETUSDT,0.0477,-8.8948
6/29/2024 20:30,CHZUSDT,0.0496,-8.8452
6/29/2024 20:30,EGLDUSDT,0.0458,-8.7994
6/29/2024 20:30,ONTUSDT,-0.02,-8.8194
6/29/2024 20:30,JUPUSDT,0.0495,-8.7699
6/29/2024 20:30,ZENUSDT,0.0496,-8.7203
6/29/2024 21:00,TIAUSDT,-0.0229,-8.7432
6/29/2024 21:00,1000XECUSDT,-0.0229,-8.7661
6/29/2024 22:00,SPELLUSDT,-0.0212,-8.7873
6/29/2024 22:00,SXPUSDT,0.0421,-8.7452
6/29/2024 22:00,BANDUSDT,0.0495,-8.6957
6/29/2024 22:00,SUSHIUSDT,-0.0217,-8.7174
6/29/2024 22:00,ALGOUSDT,0.0387,-8.6787
6/29/2024 22:00,C98USDT,-0.0234,-8.7021
6/29/2024 22:00,LUNA2USDT,-0.0258,-8.7279
6/29/2024 22:00,ALPHAUSDT,-0.025,-8.7529
6/29/2024 22:00,OGNUSDT,-0.02,-8.7729
6/29/2024 22:15,APEUSDT,-0.0207,-8.7936
6/29/2024 22:15,GRTUSDT,0.0405,-8.7531
6/29/2024 22:15,EDUUSDT,-0.0265,-8.7796
6/29/2024 22:15,DARUSDT,-0.0214,-8.801
6/29/2024 22:15,DEFIUSDT,-0.024,-8.825
6/29/2024 22:15,ONDOUSDT,-0.0256,-8.8506
6/29/2024 22:15,LQTYUSDT,-0.0264,-8.877
6/29/2024 22:15,CELRUSDT,-0.0213,-8.8983
6/29/2024 22:15,FLOWUSDT,-0.02,-8.9183
6/29/2024 22:15,LEVERUSDT,-0.0274,-8.9457
6/30/2024 0:00,XVGUSDT,-0.02,-8.9657
6/30/2024 0:00,WLDUSDT,-0.0322,-8.9979
6/30/2024 0:00,KSMUSDT,-0.0236,-9.0215
6/30/2024 1:00,GRTUSDT,-0.0209,-9.0424
6/30/2024 1:00,WIFUSDT,0.0445,-8.9979
6/30/2024 1:00,FETUSDT,-0.0227,-9.0206
6/30/2024 1:00,BEAMXUSDT,-0.0222,-9.0428
6/30/2024 1:00,WLDUSDT,-0.0202,-9.063
6/30/2024 1:00,1000FLOKIUSDT,-0.0204,-9.0834
6/30/2024 1:00,POLYXUSDT,0.0336,-9.0498
6/30/2024 1:00,1000RATSUSDT,-0.0309,-9.0807
6/30/2024 1:30,BATUSDT,-0.0272,-9.1079
6/30/2024 2:00,TRUUSDT,-0.0208,-9.1287
6/30/2024 2:00,DODOXUSDT,-0.0238,-9.1525
6/30/2024 4:15,RONINUSDT,-0.0217,-9.1742
6/30/2024 4:15,APTUSDT,-0.0204,-9.1946
6/30/2024 4:15,KLAYUSDT,-0.0214,-9.216
6/30/2024 5:00,EDUUSDT,-0.0218,-9.2378
6/30/2024 5:00,1000FLOKIUSDT,-0.0224,-9.2602
6/30/2024 5:00,BLURUSDT,-0.0225,-9.2827
6/30/2024 5:00,EOSUSDT,-0.02,-9.3027
6/30/2024 5:45,ONGUSDT,-0.0237,-9.3264
6/30/2024 10:15,ACEUSDT,-0.0202,-9.3466
6/30/2024 11:00,HFTUSDT,-0.02,-9.3666
6/30/2024 11:00,GMXUSDT,-0.0283,-9.3949
6/30/2024 11:00,ORBSUSDT,0.0404,-9.3545
6/30/2024 11:00,HOOKUSDT,0.026,-9.3285
6/30/2024 11:00,XVSUSDT,0.0406,-9.2879
6/30/2024 11:00,BELUSDT,0.0494,-9.2385
6/30/2024 11:00,ANKRUSDT,-0.0243,-9.2628
6/30/2024 12:00,BSVUSDT,0.0463,-9.2165
6/30/2024 12:00,BNXUSDT,0.0413,-9.1752
6/30/2024 12:00,YGGUSDT,0.0436,-9.1316
6/30/2024 13:15,BEAMXUSDT,0.0437,-9.0879
6/30/2024 15:00,DEFIUSDT,0.0441,-9.0438
6/30/2024 15:00,CKBUSDT,0.0454,-8.9984
6/30/2024 15:00,SOLUSDT,0.0403,-8.9581
6/30/2024 15:00,LOOMUSDT,0.0427,-8.9154
6/30/2024 15:30,ETHFIUSDT,-0.0283,-8.9437
6/30/2024 15:30,GTCUSDT,-0.0218,-8.9655
6/30/2024 15:30,VANRYUSDT,0.0497,-8.9158
6/30/2024 15:30,ILVUSDT,0.0346,-8.8812
6/30/2024 15:30,LQTYUSDT,0.0493,-8.8319
6/30/2024 15:30,ACHUSDT,0.0444,-8.7875
6/30/2024 15:30,OXTUSDT,-0.0211,-8.8086
6/30/2024 17:15,BALUSDT,0.0404,-8.7682
6/30/2024 17:15,FTMUSDT,0.0415,-8.7267
6/30/2024 17:15,ACEUSDT,0.0439,-8.6828
6/30/2024 17:15,UNIUSDT,0.0493,-8.6335
6/30/2024 17:15,BEAMXUSDT,-0.0324,-8.6659
6/30/2024 17:15,IOTXUSDT,0.0477,-8.6182
6/30/2024 17:15,LOOMUSDT,0.0472,-8.571
6/30/2024 17:15,MKRUSDT,0.0492,-8.5218
6/30/2024 17:15,ALPHAUSDT,0.049,-8.4728
6/30/2024 17:15,ATAUSDT,0.0327,-8.4401
6/30/2024 17:15,RVNUSDT,0.0438,-8.3963
6/30/2024 18:00,BELUSDT,-0.0296,-8.4259
6/30/2024 18:45,APTUSDT,0.0481,-8.3778
6/30/2024 19:15,ONTUSDT,0.048,-8.3298
6/30/2024 19:30,HFTUSDT,-0.0209,-8.3507
6/30/2024 20:15,ADAUSDT,-0.0367,-8.3874
6/30/2024 21:00,KNCUSDT,-0.025,-8.4124
6/30/2024 21:00,DASHUSDT,-0.0292,-8.4416
6/30/2024 21:45,AMBUSDT,0.0423,-8.3993
6/30/2024 22:00,BATUSDT,0.05,-8.3493
6/30/2024 22:00,LINKUSDT,0.0497,-8.2996
6/30/2024 22:15,DUSKUSDT,-0.0281,-8.3277
6/30/2024 22:15,ENAUSDT,0.0305,-8.2972
6/30/2024 22:15,BTCUSDT,0.0306,-8.2666
6/30/2024 22:15,SNXUSDT,0.0451,-8.2215
6/30/2024 22:15,ONGUSDT,-0.0306,-8.2521
6/30/2024 22:15,EGLDUSDT,0.0139,-8.2382
6/30/2024 22:15,NEOUSDT,0.0249,-8.2133
6/30/2024 22:15,BANDUSDT,-0.0304,-8.2437
6/30/2024 22:15,ROSEUSDT,0.0314,-8.2123
6/30/2024 22:15,ONTUSDT,-0.0353,-8.2476
6/30/2024 22:15,ANKRUSDT,0.0356,-8.212
6/30/2024 22:15,RENUSDT,0.0338,-8.1782
6/30/2024 22:15,LOOMUSDT,-0.0228,-8.201
6/30/2024 22:15,ETCUSDT,0.0267,-8.1743
6/30/2024 22:15,XTZUSDT,-0.0274,-8.2017
6/30/2024 22:15,JTOUSDT,-0.0323,-8.234
6/30/2024 22:15,MINAUSDT,0.0423,-8.1917
6/30/2024 22:15,ALGOUSDT,0.0446,-8.1471
6/30/2024 22:15,OXTUSDT,-0.0403,-8.1874
6/30/2024 22:15,ALPHAUSDT,-0.0342,-8.2216
6/30/2024 22:30,ORBSUSDT,-0.0244,-8.246
7/1/2024 0:15,STGUSDT,0.0404,-8.2056
7/1/2024 0:15,ASTRUSDT,0.0406,-8.165
7/1/2024 0:30,SOLUSDT,0.0485,-8.1165
7/1/2024 0:30,JUPUSDT,-0.0244,-8.1409
7/1/2024 0:45,UNIUSDT,-0.0226,-8.1635
7/1/2024 1:00,INJUSDT,-0.0204,-8.1839
7/1/2024 1:00,AUCTIONUSDT,0.0285,-8.1554
7/1/2024 1:00,ETHFIUSDT,-0.0252,-8.1806
7/1/2024 1:00,MASKUSDT,-0.0279,-8.2085
7/1/2024 1:00,EDUUSDT,0.0476,-8.1609
7/1/2024 1:00,AMBUSDT,-0.0211,-8.182
7/1/2024 1:00,IDUSDT,0.0282,-8.1538
7/1/2024 1:00,TUSDT,-0.0254,-8.1792
7/1/2024 1:00,CHZUSDT,-0.0326,-8.2118
7/1/2024 1:00,NFPUSDT,-0.0344,-8.2462
7/1/2024 1:00,AIUSDT,-0.0275,-8.2737
7/1/2024 1:00,DARUSDT,-0.0305,-8.3042
7/1/2024 1:00,ICPUSDT,-0.0295,-8.3337
7/1/2024 1:00,STEEMUSDT,-0.0278,-8.3615
7/1/2024 1:00,BTCUSDT,-0.0431,-8.4046
7/1/2024 1:00,HIGHUSDT,-0.0235,-8.4281
7/1/2024 1:00,NMRUSDT,-0.0256,-8.4537
7/1/2024 1:00,SNXUSDT,0.0407,-8.413
7/1/2024 1:00,GMXUSDT,-0.0279,-8.4409
7/1/2024 1:00,MANAUSDT,-0.0238,-8.4647
7/1/2024 1:00,1INCHUSDT,-0.0232,-8.4879
7/1/2024 1:00,IOSTUSDT,-0.0232,-8.5111
7/1/2024 1:00,1000SHIBUSDT,-0.0241,-8.5352
7/1/2024 1:00,1000FLOKIUSDT,-0.0256,-8.5608
7/1/2024 1:00,KEYUSDT,-0.0221,-8.5829
7/1/2024 1:00,PENDLEUSDT,-0.0262,-8.6091
7/1/2024 1:00,PORTALUSDT,-0.0296,-8.6387
7/1/2024 1:00,MEMEUSDT,-0.0345,-8.6732
7/1/2024 1:00,SAGAUSDT,-0.0312,-8.7044
7/1/2024 1:00,BNTUSDT,-0.0324,-8.7368
7/1/2024 1:00,ONEUSDT,-0.0293,-8.7661
7/1/2024 1:00,UMAUSDT,-0.0211,-8.7872
7/1/2024 1:00,POLYXUSDT,-0.0233,-8.8105
7/1/2024 1:00,ORBSUSDT,-0.0247,-8.8352
7/1/2024 1:00,DOGEUSDT,-0.033,-8.8682
7/1/2024 1:00,GMTUSDT,-0.0255,-8.8937
7/1/2024 1:00,HOOKUSDT,-0.0268,-8.9205
7/1/2024 1:00,ARUSDT,0.0487,-8.8718
7/1/2024 1:00,BSVUSDT,-0.0275,-8.8993
7/1/2024 1:00,KLAYUSDT,-0.0213,-8.9206
7/1/2024 1:00,1000XECUSDT,-0.0214,-8.942
7/1/2024 1:00,DOTUSDT,0.0377,-8.9043
7/1/2024 1:00,SUPERUSDT,-0.0246,-8.9289
7/1/2024 1:00,CELOUSDT,-0.0274,-8.9563
7/1/2024 1:00,ONDOUSDT,-0.0264,-8.9827
7/1/2024 1:00,ICXUSDT,-0.0234,-9.0061
7/1/2024 1:00,SXPUSDT,-0.0241,-9.0302
7/1/2024 1:00,GLMUSDT,-0.0258,-9.056
7/1/2024 1:00,ILVUSDT,0.0401,-9.0159
7/1/2024 1:00,REEFUSDT,-0.0293,-9.0452
7/1/2024 1:00,KAVAUSDT,-0.0301,-9.0753
7/1/2024 1:00,LQTYUSDT,0.0442,-9.0311
7/1/2024 1:00,FLMUSDT,-0.0225,-9.0536
7/1/2024 1:00,ETHUSDT,-0.0337,-9.0873
7/1/2024 1:00,MOVRUSDT,-0.0226,-9.1099
7/1/2024 1:00,EOSUSDT,-0.0228,-9.1327
7/1/2024 1:00,LTCUSDT,-0.0231,-9.1558
7/1/2024 1:00,SUIUSDT,-0.0344,-9.1902
7/1/2024 1:00,SUSHIUSDT,-0.0286,-9.2188
7/1/2024 1:00,ARKUSDT,-0.0234,-9.2422
7/1/2024 1:00,AXSUSDT,0.0426,-9.1996
7/1/2024 1:00,RDNTUSDT,-0.0238,-9.2234
7/1/2024 1:00,ROSEUSDT,-0.0222,-9.2456
7/1/2024 1:00,ATOMUSDT,-0.0281,-9.2737
7/1/2024 1:00,PYTHUSDT,-0.0284,-9.3021
7/1/2024 1:00,RENUSDT,-0.0282,-9.3303
7/1/2024 1:00,THETAUSDT,-0.0214,-9.3517
7/1/2024 1:00,DYDXUSDT,-0.0366,-9.3883
7/1/2024 1:00,SEIUSDT,-0.0257,-9.414
7/1/2024 1:00,FLOWUSDT,-0.0322,-9.4462
7/1/2024 1:00,DODOXUSDT,-0.0231,-9.4693
7/1/2024 1:00,ETCUSDT,-0.0255,-9.4948
7/1/2024 1:00,MANTAUSDT,-0.0399,-9.5347
7/1/2024 1:00,STORJUSDT,-0.0263,-9.561
7/1/2024 1:00,XTZUSDT,-0.02,-9.581
7/1/2024 1:00,RLCUSDT,-0.0203,-9.6013
7/1/2024 1:00,BCHUSDT,-0.0233,-9.6246
7/1/2024 1:00,CTSIUSDT,-0.022,-9.6466
7/1/2024 1:00,ZRXUSDT,-0.0284,-9.675
7/1/2024 1:00,GALAUSDT,-0.027,-9.702
7/1/2024 1:00,STRKUSDT,-0.0393,-9.7413
7/1/2024 1:00,LUNA2USDT,-0.0266,-9.7679
7/1/2024 1:00,ALPHAUSDT,-0.0225,-9.7904
7/1/2024 1:00,CYBERUSDT,-0.0273,-9.8177
7/1/2024 1:00,TOKENUSDT,-0.0294,-9.8471
7/1/2024 1:00,1000PEPEUSDT,-0.0316,-9.8787
7/1/2024 1:00,PIXELUSDT,-0.0298,-9.9085
7/1/2024 1:00,OGNUSDT,-0.0307,-9.9392
7/1/2024 1:00,ATAUSDT,-0.0211,-9.9603
7/1/2024 1:00,VETUSDT,-0.0303,-9.9906
7/1/2024 1:00,FILUSDT,-0.0273,-10.0179
7/1/2024 1:00,DASHUSDT,-0.0235,-10.0414
7/1/2024 1:00,ARBUSDT,-0.029,-10.0704
7/1/2024 1:15,BATUSDT,-0.0207,-10.0911
7/1/2024 1:15,QTUMUSDT,-0.0275,-10.1186
7/1/2024 1:15,NEOUSDT,-0.0236,-10.1422
7/1/2024 1:15,XVSUSDT,-0.0221,-10.1643
7/1/2024 1:15,AGLDUSDT,-0.0216,-10.1859
7/1/2024 1:15,CELRUSDT,-0.023,-10.2089
7/1/2024 1:15,OXTUSDT,-0.0207,-10.2296
7/1/2024 1:30,EGLDUSDT,0.0476,-10.182
7/1/2024 1:45,TIAUSDT,-0.0234,-10.2054
7/1/2024 2:45,TONUSDT,-0.0258,-10.2312
7/1/2024 3:15,AVAXUSDT,-0.0219,-10.2531
7/1/2024 3:15,JASMYUSDT,-0.0207,-10.2738
7/1/2024 4:00,XVGUSDT,-0.0284,-10.3022
7/1/2024 4:00,PYTHUSDT,-0.0217,-10.3239
7/1/2024 5:00,ALGOUSDT,-0.024,-10.3479
7/1/2024 5:45,MKRUSDT,-0.0221,-10.37
7/1/2024 7:00,ILVUSDT,-0.0244,-10.3944
7/1/2024 7:00,MYROUSDT,-0.0241,-10.4185
7/1/2024 8:15,APEUSDT,-0.0281,-10.4466
7/1/2024 11:15,BLURUSDT,-0.0207,-10.4673
7/1/2024 13:00,1000RATSUSDT,0.0475,-10.4198
7/1/2024 13:00,REEFUSDT,-0.0213,-10.4411
7/1/2024 13:30,BATUSDT,-0.02,-10.4611
7/1/2024 13:45,SKLUSDT,-0.023,-10.4841
7/1/2024 13:45,DARUSDT,-0.0218,-10.5059
7/1/2024 13:45,STEEMUSDT,0.0327,-10.4732
7/1/2024 13:45,GASUSDT,-0.023,-10.4962
7/1/2024 13:45,STMXUSDT,-0.0301,-10.5263
7/1/2024 13:45,1000XECUSDT,-0.0224,-10.5487
7/1/2024 13:45,COMBOUSDT,-0.0233,-10.572
7/1/2024 13:45,TNSRUSDT,-0.0228,-10.5948
7/1/2024 13:45,SEIUSDT,-0.0205,-10.6153
7/1/2024 13:45,MANTAUSDT,-0.0213,-10.6366
7/1/2024 13:45,STRKUSDT,-0.029,-10.6656
7/1/2024 13:45,LUNA2USDT,-0.0214,-10.687
7/1/2024 13:45,VETUSDT,-0.0231,-10.7101
7/1/2024 13:45,LRCUSDT,-0.0229,-10.733
7/1/2024 14:00,ETHFIUSDT,0.0489,-10.6841
7/1/2024 14:00,HIGHUSDT,-0.0233,-10.7074
7/1/2024 14:00,1000FLOKIUSDT,-0.0216,-10.729
7/1/2024 14:00,USTCUSDT,-0.0251,-10.7541
7/1/2024 15:15,IDUSDT,-0.0202,-10.7743
7/1/2024 16:15,XAIUSDT,0.0306,-10.7437
7/1/2024 19:30,FILUSDT,0.0475,-10.6962
7/1/2024 20:00,ATOMUSDT,-0.0213,-10.7175
7/1/2024 20:45,DOTUSDT,-0.0239,-10.7414
7/1/2024 22:00,LEVERUSDT,0.0414,-10.7
7/1/2024 22:00,OMUSDT,-0.0222,-10.7222
7/2/2024 1:15,HFTUSDT,-0.02,-10.7422
7/2/2024 1:15,API3USDT,-0.0214,-10.7636
7/2/2024 1:30,TWTUSDT,-0.0221,-10.7857
7/2/2024 2:15,REZUSDT,-0.0218,-10.8075
7/2/2024 2:15,HOOKUSDT,-0.0213,-10.8288
7/2/2024 2:15,LINKUSDT,-0.0212,-10.85
7/2/2024 2:15,ACHUSDT,-0.0209,-10.8709
7/2/2024 2:30,HIFIUSDT,-0.0219,-10.8928
7/2/2024 2:30,JASMYUSDT,-0.0211,-10.9139
7/2/2024 2:30,C98USDT,-0.0229,-10.9368
7/2/2024 2:30,OGNUSDT,-0.02,-10.9568
7/2/2024 3:45,IOSTUSDT,0.0439,-10.9129
7/2/2024 4:00,ATOMUSDT,-0.0241,-10.937
7/2/2024 4:30,ALTUSDT,0.0491,-10.8879
7/2/2024 5:45,SSVUSDT,-0.0203,-10.9082
7/2/2024 6:00,TAOUSDT,0.0476,-10.8606
7/2/2024 9:30,UMAUSDT,-0.0261,-10.8867
7/2/2024 9:45,UNIUSDT,0.0476,-10.8391
7/2/2024 10:00,NMRUSDT,0.0483,-10.7908
7/2/2024 10:00,MYROUSDT,-0.0203,-10.8111
7/2/2024 10:00,BCHUSDT,-0.0224,-10.8335
7/2/2024 11:00,ONTUSDT,-0.0276,-10.8611
7/2/2024 11:15,BONDUSDT,-0.02,-10.8811
7/2/2024 11:15,ARKMUSDT,-0.0241,-10.9052
7/2/2024 12:00,CKBUSDT,-0.0227,-10.9279
7/2/2024 12:30,METISUSDT,-0.0287,-10.9566
7/2/2024 12:30,KNCUSDT,-0.0226,-10.9792
7/2/2024 12:30,SOLUSDT,-0.0355,-11.0147
7/2/2024 12:30,YGGUSDT,-0.0217,-11.0364
7/2/2024 12:30,PYTHUSDT,-0.0302,-11.0666
7/2/2024 12:30,TONUSDT,-0.0271,-11.0937
7/2/2024 16:15,QTUMUSDT,-0.0214,-11.1151
7/2/2024 17:00,BICOUSDT,-0.0249,-11.14
7/2/2024 19:30,NEARUSDT,-0.0301,-11.1701
7/2/2024 22:00,CELRUSDT,0.0457,-11.1244
7/2/2024 22:00,DASHUSDT,0.0484,-11.076
7/2/2024 22:15,PYTHUSDT,-0.0206,-11.0966
7/2/2024 22:30,1INCHUSDT,-0.0217,-11.1183
7/2/2024 23:00,BALUSDT,-0.0233,-11.1416
7/2/2024 23:00,DENTUSDT,-0.02,-11.1616
7/2/2024 23:00,ZRXUSDT,-0.0235,-11.1851
7/2/2024 23:00,RVNUSDT,-0.022,-11.2071
7/2/2024 23:15,KASUSDT,0.0476,-11.1595
7/3/2024 3:00,IOSTUSDT,-0.0326,-11.1921
7/3/2024 7:00,MEWUSDT,0.0469,-11.1452
7/3/2024 7:00,JUPUSDT,0.0372,-11.108
7/3/2024 7:15,SFPUSDT,-0.0217,-11.1297
7/3/2024 7:15,1000FLOKIUSDT,0.0416,-11.0881
7/3/2024 7:45,MKRUSDT,0.0426,-11.0455
7/3/2024 8:00,ENSUSDT,0.0431,-11.0024
7/3/2024 8:00,RUNEUSDT,0.0464,-10.956
7/3/2024 8:00,ATOMUSDT,0.0491,-10.9069
7/3/2024 8:15,STGUSDT,-0.0203,-10.9272
7/3/2024 8:45,BTCUSDT,0.0465,-10.8807
7/3/2024 10:00,INJUSDT,0.0421,-10.8386
7/3/2024 10:00,BOMEUSDT,0.0485,-10.7901
7/3/2024 10:00,BNBUSDT,0.023,-10.7671
7/3/2024 10:00,ETHUSDT,0.045,-10.7221
7/3/2024 10:00,DYDXUSDT,0.0418,-10.6803
7/3/2024 10:00,AVAXUSDT,0.0461,-10.6342
7/3/2024 10:00,TONUSDT,-0.0254,-10.6596
7/3/2024 12:15,BEAMXUSDT,0.0464,-10.6132
7/3/2024 12:30,QNTUSDT,0.0371,-10.5761
7/3/2024 16:00,ATOMUSDT,0.0497,-10.5264
7/3/2024 17:00,FTMUSDT,0.0397,-10.4867
7/3/2024 17:15,LITUSDT,0.0476,-10.4391
7/3/2024 17:30,MOVRUSDT,0.0498,-10.3893
7/3/2024 17:30,JTOUSDT,0.0498,-10.3395
7/3/2024 17:45,RLCUSDT,0.0494,-10.2901
7/3/2024 19:00,TUSDT,0.0477,-10.2424
7/3/2024 19:00,CHZUSDT,0.0474,-10.195
7/3/2024 19:00,FLMUSDT,0.05,-10.145
7/3/2024 19:00,AXSUSDT,0.0473,-10.0977
7/3/2024 19:00,BAKEUSDT,0.0474,-10.0503
7/3/2024 19:00,ZILUSDT,-0.0322,-10.0825
7/3/2024 23:00,ICPUSDT,0.0462,-10.0363
7/4/2024 0:15,ORBSUSDT,0.0425,-9.9938
7/4/2024 0:45,CFXUSDT,0.0434,-9.9504
7/4/2024 1:00,NMRUSDT,0.0474,-9.903
7/4/2024 1:00,WUSDT,0.0325,-9.8705
7/4/2024 1:00,LTCUSDT,0.0366,-9.8339
7/4/2024 1:00,ROSEUSDT,0.032,-9.8019
7/4/2024 5:30,XMRUSDT,0.0466,-9.7553
7/4/2024 6:15,LQTYUSDT,0.042,-9.7133
7/4/2024 11:45,WOOUSDT,0.0486,-9.6647
7/4/2024 11:45,XVSUSDT,0.0492,-9.6155
7/4/2024 12:15,EDUUSDT,0.0491,-9.5664
7/4/2024 12:15,BELUSDT,0.0481,-9.5183
7/4/2024 12:15,C98USDT,0.0444,-9.4739
7/4/2024 12:30,JOEUSDT,0.0483,-9.4256
7/4/2024 12:30,LQTYUSDT,0.0459,-9.3797
7/4/2024 12:30,AXSUSDT,0.05,-9.3297
7/4/2024 12:45,ENJUSDT,0.041,-9.2887
7/4/2024 12:45,CHZUSDT,0.0337,-9.255
7/4/2024 12:45,STEEMUSDT,0.0364,-9.2186
7/4/2024 12:45,BICOUSDT,0.0434,-9.1752
7/4/2024 16:30,WUSDT,0.0473,-9.1279
7/4/2024 18:00,CFXUSDT,0.049,-9.0789
7/4/2024 19:45,OMNIUSDT,0.0457,-9.0332
7/4/2024 19:45,DYMUSDT,0.046,-8.9872
7/4/2024 20:00,SAGAUSDT,0.0496,-8.9376
7/4/2024 20:00,BLURUSDT,-0.0234,-8.961
7/4/2024 22:15,1000SATSUSDT,0.045,-8.916
7/4/2024 22:15,MAVUSDT,0.047,-8.869
7/4/2024 22:15,YGGUSDT,0.0481,-8.8209
7/4/2024 22:15,ACHUSDT,0.0483,-8.7726
7/4/2024 22:30,BICOUSDT,0.0484,-8.7242
7/4/2024 22:30,LQTYUSDT,0.0434,-8.6808
7/5/2024 2:15,BTCDOMUSDT,0.0448,-8.636
7/5/2024 14:45,KLAYUSDT,0.0477,-8.5883
7/5/2024 15:00,AAVEUSDT,0.0469,-8.5414
7/5/2024 18:15,MKRUSDT,0.05,-8.4914
7/5/2024 18:45,LITUSDT,-0.02,-8.5114
7/5/2024 19:15,SFPUSDT,-0.0227,-8.5341
7/5/2024 20:45,THETAUSDT,-0.0237,-8.5578
7/5/2024 21:30,KAVAUSDT,0.05,-8.5078
7/5/2024 22:15,ENJUSDT,-0.0297,-8.5375
7/5/2024 22:15,1000XECUSDT,0.0489,-8.4886
7/5/2024 22:15,LTCUSDT,0.048,-8.4406
7/5/2024 22:15,CELRUSDT,-0.0231,-8.4637
7/5/2024 23:00,IOTAUSDT,-0.0257,-8.4894
7/6/2024 0:15,1INCHUSDT,-0.0244,-8.5138
7/6/2024 0:15,ORBSUSDT,-0.0223,-8.5361
7/6/2024 0:15,ICXUSDT,-0.0286,-8.5647
7/6/2024 0:15,LTCUSDT,-0.0208,-8.5855
7/6/2024 0:15,BCHUSDT,-0.0242,-8.6097
7/6/2024 0:30,BSVUSDT,-0.0309,-8.6406
7/6/2024 0:30,GLMUSDT,-0.0438,-8.6844
7/6/2024 4:30,ARUSDT,-0.0246,-8.709
7/6/2024 4:30,BLURUSDT,-0.02,-8.729
7/6/2024 9:15,DOTUSDT,0.05,-8.679
7/6/2024 9:45,STGUSDT,-0.0246,-8.7036
7/6/2024 9:45,KLAYUSDT,0.05,-8.6536
7/6/2024 9:45,EOSUSDT,0.05,-8.6036
7/6/2024 9:45,PYTHUSDT,0.046,-8.5576
7/6/2024 9:45,FILUSDT,0.0466,-8.511
7/6/2024 10:00,LITUSDT,0.0481,-8.4629
7/6/2024 10:00,BNBUSDT,0.0473,-8.4156
7/6/2024 10:00,FLOWUSDT,0.0448,-8.3708
7/6/2024 11:15,GMXUSDT,0.0487,-8.3221
7/6/2024 12:15,TRXUSDT,-0.0247,-8.3468
7/6/2024 12:45,ORBSUSDT,0.048,-8.2988
7/6/2024 13:15,MKRUSDT,-0.0207,-8.3195
7/6/2024 13:15,OXTUSDT,0.0496,-8.2699
7/6/2024 13:30,CHZUSDT,0.0479,-8.222
7/6/2024 13:30,MINAUSDT,0.0479,-8.1741
7/6/2024 14:45,BSVUSDT,0.0489,-8.1252
7/6/2024 14:45,SUPERUSDT,0.0487,-8.0765
7/6/2024 15:00,FLOWUSDT,0.05,-8.0265
7/6/2024 15:15,AUCTIONUSDT,-0.0216,-8.0481
7/6/2024 15:15,TUSDT,0.0476,-8.0005
7/6/2024 15:15,OPUSDT,0.0439,-7.9566
7/6/2024 15:15,APTUSDT,0.0488,-7.9078
7/6/2024 15:15,LTCUSDT,0.0482,-7.8596
7/6/2024 15:15,ATAUSDT,0.0484,-7.8112
7/6/2024 15:30,CAKEUSDT,-0.0255,-7.8367
7/6/2024 15:30,LSKUSDT,0.0472,-7.7895
7/6/2024 15:30,BLURUSDT,0.0472,-7.7423
7/6/2024 15:30,ATOMUSDT,0.0469,-7.6954
7/6/2024 15:30,GALAUSDT,-0.0232,-7.7186
7/6/2024 15:30,RVNUSDT,-0.0253,-7.7439
7/6/2024 16:15,MKRUSDT,-0.0353,-7.7792
7/6/2024 16:30,TRXUSDT,-0.0268,-7.806
7/6/2024 17:45,QNTUSDT,-0.025,-7.831
7/6/2024 17:45,XEMUSDT,-0.02,-7.851
7/6/2024 18:30,LQTYUSDT,-0.0204,-7.8714
7/6/2024 18:45,JUPUSDT,-0.0245,-7.8959
7/6/2024 20:00,TNSRUSDT,0.0481,-7.8478
7/6/2024 21:30,PIXELUSDT,-0.0289,-7.8767
7/6/2024 22:00,SXPUSDT,-0.0213,-7.898
7/6/2024 22:15,CHZUSDT,-0.0249,-7.9229
7/6/2024 22:15,LITUSDT,-0.024,-7.9469
7/6/2024 22:15,RVNUSDT,-0.02,-7.9669
7/6/2024 22:45,CAKEUSDT,-0.021,-7.9879
7/6/2024 22:45,NMRUSDT,-0.0202,-8.0081
7/6/2024 23:15,BTCUSDT,-0.0246,-8.0327
7/6/2024 23:15,DOGEUSDT,-0.023,-8.0557
7/6/2024 23:15,BNBUSDT,-0.025,-8.0807
7/7/2024 0:30,AIUSDT,-0.0203,-8.101
7/7/2024 0:30,ZETAUSDT,-0.0232,-8.1242
7/7/2024 4:30,SKLUSDT,-0.0236,-8.1478
7/7/2024 4:30,1000BONKUSDT,0.046,-8.1018
7/7/2024 7:00,STXUSDT,0.0473,-8.0545
7/7/2024 7:00,LDOUSDT,0.0477,-8.0068
7/7/2024 7:15,IOTAUSDT,-0.0224,-8.0292
7/7/2024 7:15,BEAMXUSDT,-0.0203,-8.0495
7/7/2024 7:15,EGLDUSDT,-0.0281,-8.0776
7/7/2024 7:15,BSVUSDT,-0.0215,-8.0991
7/7/2024 7:15,XVSUSDT,-0.0214,-8.1205
7/7/2024 7:15,XMRUSDT,-0.0214,-8.1419
7/7/2024 7:30,STGUSDT,-0.0204,-8.1623
7/7/2024 7:30,BTCDOMUSDT,0.0441,-8.1182
7/7/2024 9:00,HBARUSDT,0.0473,-8.0709
7/7/2024 11:45,NMRUSDT,-0.0201,-8.091
7/7/2024 12:00,BATUSDT,-0.0246,-8.1156
7/7/2024 12:00,LITUSDT,-0.0225,-8.1381
7/7/2024 12:00,MEMEUSDT,-0.0281,-8.1662
7/7/2024 12:00,CTSIUSDT,-0.0225,-8.1887
7/7/2024 12:00,OGNUSDT,-0.0266,-8.2153
7/7/2024 12:30,XRPUSDT,0.0487,-8.1666
7/7/2024 19:45,UNFIUSDT,0.0486,-8.118
7/7/2024 21:00,AIUSDT,0.0252,-8.0928
7/7/2024 21:00,CRVUSDT,0.0302,-8.0626
7/7/2024 21:00,UNFIUSDT,0.0258,-8.0368
7/8/2024 6:15,RDNTUSDT,0.042,-7.9948
7/8/2024 8:00,BNBUSDT,-0.0277,-8.0225
7/8/2024 8:00,ATOMUSDT,0.0454,-7.9771
7/8/2024 11:15,DARUSDT,-0.0473,-8.0244
7/8/2024 20:00,ARUSDT,-0.0319,-8.0563
7/8/2024 20:00,PERPUSDT,-0.025,-8.0813
7/8/2024 22:00,KASUSDT,0.0439,-8.0374
7/8/2024 23:15,SFPUSDT,0.0446,-7.9928
7/9/2024 0:00,ONGUSDT,-0.0409,-8.0337
7/9/2024 1:00,QNTUSDT,0.0414,-7.9923
7/9/2024 1:00,YFIUSDT,0.0467,-7.9456
7/9/2024 1:00,ALGOUSDT,0.0403,-7.9053
7/9/2024 3:15,AEVOUSDT,-0.026,-7.9313
7/9/2024 4:00,BNTUSDT,-0.0231,-7.9544
7/9/2024 4:00,RENUSDT,0.0492,-7.9052
7/9/2024 4:00,HOTUSDT,0.0393,-7.8659
7/9/2024 4:30,SANDUSDT,-0.0211,-7.887
7/9/2024 5:45,MTLUSDT,0.0214,-7.8656
7/9/2024 5:45,LSKUSDT,0.0498,-7.8158
7/9/2024 5:45,CKBUSDT,-0.0216,-7.8374
7/9/2024 5:45,KSMUSDT,-0.0208,-7.8582
7/9/2024 6:00,DOGEUSDT,-0.02,-7.8782
7/9/2024 6:00,XRPUSDT,-0.0222,-7.9004
7/9/2024 6:00,ZILUSDT,0.0486,-7.8518
7/9/2024 6:15,DYDXUSDT,-0.0213,-7.8731
7/9/2024 8:00,BIGTIMEUSDT,-0.0282,-7.9013
7/9/2024 8:15,WOOUSDT,0.0435,-7.8578
7/9/2024 8:15,BATUSDT,0.0473,-7.8105
7/9/2024 8:15,JOEUSDT,0.0494,-7.7611
7/9/2024 8:15,HIFIUSDT,-0.0204,-7.7815
7/9/2024 8:15,REEFUSDT,-0.0242,-7.8057
7/9/2024 8:30,TUSDT,0.0428,-7.7629
7/9/2024 8:30,STEEMUSDT,0.0464,-7.7165
7/9/2024 8:30,LPTUSDT,-0.0244,-7.7409
7/9/2024 8:30,IOTXUSDT,-0.021,-7.7619
7/9/2024 8:30,XVSUSDT,-0.0283,-7.7902
7/9/2024 8:30,BELUSDT,0.0451,-7.7451
7/9/2024 8:30,FXSUSDT,-0.0222,-7.7673
7/9/2024 8:30,SOLUSDT,-0.0248,-7.7921
7/9/2024 8:30,LDOUSDT,-0.0372,-7.8293
7/9/2024 8:30,ALICEUSDT,-0.0225,-7.8518
7/9/2024 8:30,TLMUSDT,0.043,-7.8088
7/9/2024 8:30,KASUSDT,-0.0211,-7.8299
7/9/2024 8:30,ZRXUSDT,-0.0212,-7.8511
7/9/2024 8:30,1000LUNCUSDT,-0.0233,-7.8744
7/9/2024 9:00,XEMUSDT,-0.02,-7.8944
7/9/2024 9:45,STMXUSDT,0.0321,-7.8623
7/9/2024 10:00,LOOMUSDT,-0.0219,-7.8842
7/9/2024 10:00,DASHUSDT,-0.0221,-7.9063
7/9/2024 11:15,YFIUSDT,-0.0219,-7.9282
7/9/2024 11:15,ALGOUSDT,0.0484,-7.8798
7/9/2024 12:15,ZETAUSDT,-0.0303,-7.9101
7/9/2024 12:15,TWTUSDT,-0.0202,-7.9303
7/9/2024 14:00,TUSDT,-0.0253,-7.9556
7/9/2024 15:45,LSKUSDT,-0.0214,-7.977
7/9/2024 17:30,BCHUSDT,-0.0212,-7.9982
7/9/2024 18:30,HIGHUSDT,0.0484,-7.9498
7/9/2024 18:30,SXPUSDT,-0.0212,-7.971
7/9/2024 18:30,ALGOUSDT,-0.02,-7.991
7/9/2024 18:30,CYBERUSDT,-0.0217,-8.0127
7/9/2024 20:15,APTUSDT,0.0468,-7.9659
7/9/2024 20:15,NTRNUSDT,-0.0239,-7.9898
7/9/2024 20:30,BATUSDT,-0.0222,-8.012
7/9/2024 20:30,WIFUSDT,-0.0214,-8.0334
7/9/2024 20:30,ICPUSDT,-0.0256,-8.059
7/9/2024 22:15,METISUSDT,-0.0217,-8.0807
7/9/2024 22:30,OPUSDT,0.0499,-8.0308
7/9/2024 22:30,BSVUSDT,0.0378,-7.993
7/10/2024 0:15,LISTAUSDT,-0.0333,-8.0263
7/10/2024 2:15,REZUSDT,-0.0235,-8.0498
7/10/2024 2:45,LDOUSDT,-0.0244,-8.0742
7/10/2024 4:00,OMGUSDT,-0.0287,-8.1029
7/10/2024 4:00,ARBUSDT,-0.0205,-8.1234
7/10/2024 6:45,LSKUSDT,-0.0206,-8.144
7/10/2024 6:45,MOVRUSDT,-0.0231,-8.1671
7/10/2024 6:45,MANTAUSDT,-0.0246,-8.1917
7/10/2024 10:45,STXUSDT,-0.0234,-8.2151
7/10/2024 11:15,COMPUSDT,-0.0217,-8.2368
7/10/2024 11:15,UNIUSDT,-0.0243,-8.2611
7/10/2024 11:15,BAKEUSDT,-0.0237,-8.2848
7/10/2024 11:15,XAIUSDT,-0.0211,-8.3059
7/10/2024 12:30,WUSDT,-0.0224,-8.3283
7/10/2024 12:30,KSMUSDT,-0.0379,-8.3662
7/10/2024 16:00,CRVUSDT,-0.0239,-8.3901
7/10/2024 19:00,BTCUSDT,-0.0225,-8.4126
7/10/2024 20:15,1000SHIBUSDT,-0.022,-8.4346
7/10/2024 20:15,AVAXUSDT,0.0391,-8.3955
7/10/2024 20:15,1000LUNCUSDT,-0.0206,-8.4161
7/10/2024 21:00,QNTUSDT,-0.0225,-8.4386
7/10/2024 23:00,SFPUSDT,-0.0245,-8.4631
7/11/2024 0:45,KEYUSDT,-0.0242,-8.4873
7/11/2024 0:45,EOSUSDT,-0.02,-8.5073
7/11/2024 1:00,TRXUSDT,0.0497,-8.4576
7/11/2024 1:45,BATUSDT,-0.0293,-8.4869
7/11/2024 1:45,MTLUSDT,-0.0287,-8.5156
7/11/2024 1:45,ICXUSDT,-0.0246,-8.5402
7/11/2024 2:30,ZENUSDT,-0.0202,-8.5604
7/11/2024 2:45,EGLDUSDT,-0.0206,-8.581
7/11/2024 9:00,APEUSDT,0.0398,-8.5412
7/11/2024 9:30,GMTUSDT,0.0454,-8.4958
7/11/2024 9:30,ETCUSDT,0.0448,-8.451
7/11/2024 10:45,REZUSDT,-0.0244,-8.4754
7/11/2024 10:45,SUIUSDT,-0.0213,-8.4967
7/11/2024 10:45,TOKENUSDT,0.048,-8.4487
7/11/2024 11:00,SOLUSDT,0.0479,-8.4008
7/11/2024 11:00,LINKUSDT,0.0456,-8.3552
7/11/2024 11:15,XLMUSDT,0.0394,-8.3158
7/11/2024 11:15,XRPUSDT,0.0175,-8.2983
7/11/2024 11:30,CHZUSDT,0.0479,-8.2504
7/11/2024 11:30,GTCUSDT,0.0471,-8.2033
7/11/2024 11:30,XVSUSDT,0.0399,-8.1634
7/11/2024 11:30,TLMUSDT,0.0334,-8.13
7/11/2024 11:30,DODOXUSDT,0.0277,-8.1023
7/11/2024 11:30,MINAUSDT,0.0464,-8.0559
7/11/2024 11:30,RVNUSDT,0.0483,-8.0076
7/11/2024 11:45,WUSDT,-0.0264,-8.034
7/11/2024 12:15,SANDUSDT,-0.0208,-8.0548
7/11/2024 12:30,BALUSDT,-0.0459,-8.1007
7/11/2024 12:30,SSVUSDT,-0.0226,-8.1233
7/11/2024 12:30,HOTUSDT,-0.0316,-8.1549
7/11/2024 14:15,DASHUSDT,-0.0252,-8.1801
7/11/2024 15:45,STRKUSDT,0.0492,-8.1309
7/11/2024 19:15,ENJUSDT,0.035,-8.0959
7/11/2024 19:15,PEOPLEUSDT,0.0455,-8.0504
7/11/2024 19:15,XVSUSDT,0.0302,-8.0202
7/11/2024 19:15,ROSEUSDT,0.0475,-7.9727
7/11/2024 19:15,PYTHUSDT,0.0452,-7.9275
7/11/2024 20:00,ACEUSDT,0.0476,-7.8799
7/11/2024 20:00,GMXUSDT,-0.0202,-7.9001
7/11/2024 20:00,ORDIUSDT,-0.0243,-7.9244
7/11/2024 21:00,CRVUSDT,-0.0268,-7.9512
7/11/2024 21:15,JOEUSDT,-0.0224,-7.9736
7/11/2024 21:15,PEOPLEUSDT,0.0388,-7.9348
7/11/2024 21:15,CELOUSDT,-0.024,-7.9588
7/11/2024 21:15,REEFUSDT,-0.0234,-7.9822
7/11/2024 21:15,PHBUSDT,-0.0213,-8.0035
7/11/2024 21:15,ALGOUSDT,0.05,-7.9535
7/11/2024 21:15,COTIUSDT,-0.0245,-7.978
7/11/2024 21:15,ZILUSDT,-0.0212,-7.9992
7/11/2024 21:15,RVNUSDT,-0.0236,-8.0228
7/11/2024 21:30,SPELLUSDT,-0.0205,-8.0433
7/11/2024 23:00,ALTUSDT,-0.0237,-8.067
7/11/2024 23:15,FTMUSDT,-0.0223,-8.0893
7/11/2024 23:15,GMXUSDT,-0.0268,-8.1161
7/11/2024 23:15,ONGUSDT,-0.0208,-8.1369
7/11/2024 23:15,MTLUSDT,-0.0214,-8.1583
7/11/2024 23:15,POWRUSDT,-0.0301,-8.1884
7/11/2024 23:15,NEOUSDT,-0.0244,-8.2128
7/11/2024 23:15,NTRNUSDT,-0.0222,-8.235
7/11/2024 23:15,COMBOUSDT,-0.0242,-8.2592
7/11/2024 23:15,TWTUSDT,-0.0209,-8.2801
7/11/2024 23:15,BADGERUSDT,-0.0216,-8.3017
7/11/2024 23:15,RIFUSDT,-0.0224,-8.3241
7/11/2024 23:15,ATAUSDT,-0.0268,-8.3509
7/11/2024 23:30,DENTUSDT,-0.02,-8.3709
7/12/2024 1:00,INJUSDT,-0.0204,-8.3913
7/12/2024 1:00,STEEMUSDT,-0.0205,-8.4118
7/12/2024 1:00,DOTUSDT,-0.0214,-8.4332
7/12/2024 1:15,ENAUSDT,-0.0378,-8.471
7/12/2024 1:15,STGUSDT,-0.0208,-8.4918
7/12/2024 1:15,TUSDT,-0.0355,-8.5273
7/12/2024 1:15,PENDLEUSDT,-0.0348,-8.5621
7/12/2024 1:15,MTLUSDT,-0.0271,-8.5892
7/12/2024 1:15,KAVAUSDT,-0.0358,-8.625
7/12/2024 1:15,TWTUSDT,-0.0259,-8.6509
7/12/2024 1:15,JASMYUSDT,-0.0282,-8.6791
7/12/2024 1:15,MANTAUSDT,-0.0256,-8.7047
7/12/2024 1:15,LEVERUSDT,0.0207,-8.684
7/12/2024 1:15,1000PEPEUSDT,0.0433,-8.6407
7/12/2024 4:15,VETUSDT,-0.0209,-8.6616
7/12/2024 7:15,ICPUSDT,-0.0235,-8.6851
7/12/2024 7:30,RLCUSDT,-0.0254,-8.7105
7/12/2024 7:45,XRPUSDT,0.039,-8.6715
7/12/2024 8:00,TNSRUSDT,-0.022,-8.6935
7/12/2024 8:15,TRXUSDT,0.0492,-8.6443
7/12/2024 9:30,FETUSDT,-0.0202,-8.6645
7/12/2024 9:30,ZKUSDT,-0.0251,-8.6896
7/12/2024 9:30,RLCUSDT,-0.0223,-8.7119
7/12/2024 9:30,ALGOUSDT,-0.0261,-8.738
7/12/2024 9:30,OXTUSDT,-0.0239,-8.7619
7/12/2024 9:45,NEARUSDT,-0.0274,-8.7893
7/12/2024 9:45,KLAYUSDT,-0.0234,-8.8127
7/12/2024 9:45,MOVRUSDT,-0.0214,-8.8341
7/12/2024 9:45,KSMUSDT,-0.0296,-8.8637
7/12/2024 12:30,ICPUSDT,-0.0225,-8.8862
7/12/2024 12:30,ROSEUSDT,-0.0248,-8.911
7/12/2024 12:30,STORJUSDT,-0.041,-8.952
7/12/2024 12:30,ALGOUSDT,-0.0222,-8.9742
7/12/2024 13:15,BSVUSDT,0.0494,-8.9248
7/12/2024 13:15,ZENUSDT,0.0492,-8.8756
7/12/2024 15:15,QNTUSDT,-0.0226,-8.8982
7/12/2024 15:15,LINAUSDT,0.0466,-8.8516
7/12/2024 15:15,WAXPUSDT,0.0481,-8.8035
7/12/2024 15:15,ARKUSDT,-0.0264,-8.8299
7/12/2024 15:45,GMXUSDT,-0.0234,-8.8533
7/12/2024 16:00,ORDIUSDT,0.0428,-8.8105
7/12/2024 16:15,ORBSUSDT,0.0471,-8.7634
7/12/2024 16:15,BANDUSDT,-0.0211,-8.7845
7/12/2024 16:45,KNCUSDT,0.0474,-8.7371
7/12/2024 18:30,DUSKUSDT,-0.0202,-8.7573
7/12/2024 18:30,AUCTIONUSDT,-0.0263,-8.7836
7/12/2024 18:30,ENJUSDT,-0.0209,-8.8045
7/12/2024 18:30,IOTAUSDT,-0.02,-8.8245
7/12/2024 18:30,AMBUSDT,-0.0214,-8.8459
7/12/2024 18:30,LITUSDT,-0.0299,-8.8758
7/12/2024 18:30,ICPUSDT,-0.0238,-8.8996
7/12/2024 18:30,MAGICUSDT,-0.0221,-8.9217
7/12/2024 18:30,APTUSDT,-0.0232,-8.9449
7/12/2024 18:30,MEMEUSDT,-0.0212,-8.9661
7/12/2024 18:30,DOGEUSDT,-0.0223,-8.9884
7/12/2024 18:30,MTLUSDT,-0.0228,-9.0112
7/12/2024 18:30,HBARUSDT,-0.021,-9.0322
7/12/2024 18:30,CELOUSDT,-0.0332,-9.0654
7/12/2024 18:30,ICXUSDT,-0.0214,-9.0868
7/12/2024 18:30,NKNUSDT,-0.0209,-9.1077
7/12/2024 18:30,SOLUSDT,-0.0287,-9.1364
7/12/2024 18:30,MOVRUSDT,-0.0232,-9.1596
7/12/2024 18:30,BANDUSDT,-0.0229,-9.1825
7/12/2024 18:30,ALICEUSDT,-0.0222,-9.2047
7/12/2024 18:30,BLZUSDT,-0.0307,-9.2354
7/12/2024 18:30,ONTUSDT,-0.0236,-9.259
7/12/2024 18:30,ANKRUSDT,-0.0422,-9.3012
7/12/2024 18:30,LOOMUSDT,-0.0238,-9.325
7/12/2024 18:30,TLMUSDT,-0.0245,-9.3495
7/12/2024 18:30,FLOWUSDT,-0.024,-9.3735
7/12/2024 18:30,LINKUSDT,-0.0204,-9.3939
7/12/2024 18:30,DODOXUSDT,0.0456,-9.3483
7/12/2024 18:30,C98USDT,-0.023,-9.3713
7/12/2024 18:30,1000LUNCUSDT,-0.0229,-9.3942
7/12/2024 18:30,ZILUSDT,-0.0258,-9.42
7/12/2024 18:45,MAVUSDT,-0.024,-9.444
7/12/2024 23:30,COMPUSDT,-0.0207,-9.4647
7/12/2024 23:45,BANDUSDT,-0.0261,-9.4908
7/12/2024 23:45,SANDUSDT,0.0492,-9.4416
7/13/2024 0:30,MKRUSDT,0.0482,-9.3934
7/13/2024 1:00,FLOWUSDT,0.0399,-9.3535
7/13/2024 2:30,BNXUSDT,0.042,-9.3115
7/13/2024 2:45,BEAMXUSDT,-0.0237,-9.3352
7/13/2024 3:00,BATUSDT,0.05,-9.2852
7/13/2024 3:00,HOTUSDT,-0.0231,-9.3083
7/13/2024 3:15,TRBUSDT,-0.0252,-9.3335
7/13/2024 3:15,LUNA2USDT,-0.0207,-9.3542
7/13/2024 3:15,FILUSDT,0.0464,-9.3078
7/13/2024 3:30,BONDUSDT,0.0433,-9.2645
7/13/2024 3:30,DOTUSDT,0.0472,-9.2173
7/13/2024 3:45,XEMUSDT,0.05,-9.1673
7/13/2024 5:00,BAKEUSDT,0.047,-9.1203
7/13/2024 5:15,APTUSDT,0.0408,-9.0795
7/13/2024 5:15,FXSUSDT,-0.0207,-9.1002
7/13/2024 5:15,AXSUSDT,0.0492,-9.051
7/13/2024 5:45,PYTHUSDT,0.0478,-9.0032
7/13/2024 6:00,BNXUSDT,0.0491,-8.9541
7/13/2024 6:45,TRXUSDT,-0.0218,-8.9759
7/13/2024 7:15,FXSUSDT,-0.0223,-8.9982
7/13/2024 7:15,VETUSDT,0.0455,-8.9527
7/13/2024 8:00,CHRUSDT,0.0461,-8.9066
7/13/2024 8:00,IDUSDT,-0.0284,-8.935
7/13/2024 8:15,BEAMXUSDT,0.0476,-8.8874
7/13/2024 8:15,BNXUSDT,0.0381,-8.8493
7/13/2024 8:15,YFIUSDT,-0.0206,-8.8699
7/13/2024 9:00,MANAUSDT,-0.0257,-8.8956
7/13/2024 9:15,CAKEUSDT,-0.0221,-8.9177
7/13/2024 9:15,IOTAUSDT,-0.0217,-8.9394
7/13/2024 9:15,ASTRUSDT,0.0468,-8.8926
7/13/2024 9:15,STEEMUSDT,0.0421,-8.8505
7/13/2024 9:15,XRPUSDT,0.0475,-8.803
7/13/2024 9:15,KNCUSDT,-0.0314,-8.8344
7/13/2024 9:15,MOVRUSDT,-0.0249,-8.8593
7/13/2024 9:15,DENTUSDT,0.05,-8.8093
7/13/2024 9:15,CELRUSDT,0.0352,-8.7741
7/13/2024 9:15,DYDXUSDT,-0.0272,-8.8013
7/13/2024 9:15,XTZUSDT,-0.0228,-8.8241
7/13/2024 9:30,BAKEUSDT,-0.0253,-8.8494
7/13/2024 9:45,FTMUSDT,-0.0268,-8.8762
7/13/2024 9:45,GASUSDT,-0.02,-8.8962
7/13/2024 9:45,FXSUSDT,-0.0218,-8.918
7/13/2024 9:45,AVAXUSDT,-0.0232,-8.9412
7/13/2024 10:45,1000RATSUSDT,-0.0267,-8.9679
7/13/2024 12:15,HBARUSDT,0.0472,-8.9207
7/13/2024 12:15,SUIUSDT,-0.0213,-8.942
7/13/2024 12:30,DOGEUSDT,0.0445,-8.8975
7/13/2024 12:30,STORJUSDT,0.05,-8.8475
7/13/2024 13:00,EDUUSDT,0.0486,-8.7989
7/13/2024 13:15,KLAYUSDT,0.0406,-8.7583
7/13/2024 13:30,ENSUSDT,-0.0254,-8.7837
7/13/2024 13:30,API3USDT,-0.0233,-8.807
7/13/2024 13:45,NOTUSDT,-0.0216,-8.8286
7/13/2024 14:00,TNSRUSDT,-0.0238,-8.8524
7/13/2024 15:15,WAXPUSDT,0.0444,-8.808
7/13/2024 15:15,KLAYUSDT,0.0174,-8.7906
7/13/2024 15:15,FLOWUSDT,0.0471,-8.7435
7/13/2024 15:15,DASHUSDT,0.0384,-8.7051
7/13/2024 17:00,SUSHIUSDT,-0.02,-8.7251
7/13/2024 17:00,XMRUSDT,0.0495,-8.6756
7/13/2024 17:30,OXTUSDT,-0.0206,-8.6962
7/13/2024 17:45,CHZUSDT,0.0496,-8.6466
7/13/2024 18:00,BICOUSDT,-0.022,-8.6686
7/13/2024 18:15,MANTAUSDT,-0.0209,-8.6895
7/13/2024 18:15,TOKENUSDT,-0.0206,-8.7101
7/13/2024 18:30,SAGAUSDT,-0.0202,-8.7303
7/13/2024 18:45,EGLDUSDT,-0.0257,-8.756
7/13/2024 19:30,KSMUSDT,-0.0225,-8.7785
7/13/2024 19:45,CHZUSDT,0.0445,-8.734
7/13/2024 20:30,BANDUSDT,-0.0203,-8.7543
7/13/2024 21:00,API3USDT,-0.0227,-8.777
7/13/2024 21:00,MANTAUSDT,-0.0215,-8.7985
7/13/2024 21:15,ETCUSDT,-0.0239,-8.8224
7/13/2024 21:15,VETUSDT,-0.0201,-8.8425
7/13/2024 21:30,FXSUSDT,-0.0217,-8.8642
7/13/2024 21:45,ASTRUSDT,0.0446,-8.8196
7/13/2024 21:45,AAVEUSDT,0.0195,-8.8001
7/13/2024 21:45,PENDLEUSDT,-0.0273,-8.8274
7/13/2024 22:00,LINAUSDT,0.0418,-8.7856
7/13/2024 22:15,ALTUSDT,-0.0316,-8.8172
7/13/2024 22:15,HIGHUSDT,-0.0283,-8.8455
7/13/2024 22:15,SNXUSDT,-0.0344,-8.8799
7/13/2024 22:15,WUSDT,-0.024,-8.9039
7/13/2024 22:15,DYDXUSDT,-0.02,-8.9239
7/13/2024 22:15,AVAXUSDT,-0.0325,-8.9564
7/13/2024 22:15,MANTAUSDT,-0.0292,-8.9856
7/13/2024 22:30,ARUSDT,0.0469,-8.9387
7/14/2024 0:45,RUNEUSDT,0.0464,-8.8923
7/14/2024 0:45,ARKUSDT,-0.02,-8.9123
7/14/2024 0:45,SEIUSDT,0.0472,-8.8651
7/14/2024 0:45,MINAUSDT,0.0479,-8.8172
7/14/2024 0:45,ALGOUSDT,0.0487,-8.7685
7/14/2024 1:00,WAXPUSDT,0.0496,-8.7189
7/14/2024 1:00,NKNUSDT,0.0496,-8.6693
7/14/2024 1:15,BALUSDT,-0.0205,-8.6898
7/14/2024 1:15,CHZUSDT,-0.0216,-8.7114
7/14/2024 1:15,ETHWUSDT,-0.0207,-8.7321
7/14/2024 1:15,ONTUSDT,-0.0257,-8.7578
7/14/2024 1:30,CAKEUSDT,-0.0233,-8.7811
7/14/2024 1:30,APTUSDT,0.0398,-8.7413
7/14/2024 1:30,BEAMXUSDT,-0.0227,-8.764
7/14/2024 1:30,UMAUSDT,-0.021,-8.785
7/14/2024 1:30,DEFIUSDT,0.048,-8.737
7/14/2024 1:30,SUPERUSDT,0.05,-8.687
7/14/2024 1:30,DENTUSDT,0.0484,-8.6386
7/14/2024 1:30,LOOMUSDT,-0.0237,-8.6623
7/14/2024 1:45,HFTUSDT,0.0443,-8.618
7/14/2024 1:45,PYTHUSDT,-0.02,-8.638
7/14/2024 3:00,NEOUSDT,0.0496,-8.5884
7/14/2024 3:45,ONGUSDT,0.0481,-8.5403
7/14/2024 3:45,ONTUSDT,-0.0225,-8.5628
7/14/2024 4:00,TUSDT,-0.0279,-8.5907
7/14/2024 4:00,LITUSDT,-0.0225,-8.6132
7/14/2024 4:00,BELUSDT,-0.0208,-8.634
7/14/2024 4:15,FETUSDT,0.0488,-8.5852
7/14/2024 4:15,HOOKUSDT,-0.02,-8.6052
7/14/2024 4:15,SOLUSDT,0.0499,-8.5553
7/14/2024 4:15,DENTUSDT,0.05,-8.5053
7/14/2024 4:15,SUIUSDT,0.0459,-8.4594
7/14/2024 4:15,MINAUSDT,-0.0229,-8.4823
7/14/2024 5:45,TOKENUSDT,-0.0243,-8.5066
7/14/2024 6:00,SEIUSDT,-0.037,-8.5436
7/14/2024 6:30,QNTUSDT,-0.0266,-8.5702
7/14/2024 7:30,TAOUSDT,-0.0208,-8.591
7/14/2024 8:00,FETUSDT,-0.021,-8.612
7/14/2024 8:00,HOOKUSDT,-0.0257,-8.6377
7/14/2024 8:15,ARKMUSDT,-0.0206,-8.6583
7/14/2024 8:15,ETHUSDT,-0.0255,-8.6838
7/14/2024 8:15,DYDXUSDT,-0.0242,-8.708
7/14/2024 8:15,TOKENUSDT,-0.0214,-8.7294
7/14/2024 8:30,COMPUSDT,0.05,-8.6794
7/14/2024 8:30,DENTUSDT,-0.0259,-8.7053
7/14/2024 11:15,ALPHAUSDT,-0.02,-8.7253
7/14/2024 11:30,COMPUSDT,-0.024,-8.7493
7/14/2024 12:00,CHRUSDT,-0.0266,-8.7759
7/14/2024 12:00,ONEUSDT,-0.0234,-8.7993
7/14/2024 12:00,AXSUSDT,-0.0214,-8.8207
7/14/2024 12:15,STEEMUSDT,-0.0275,-8.8482
7/14/2024 12:15,ACHUSDT,-0.022,-8.8702
7/14/2024 14:15,NTRNUSDT,-0.0205,-8.8907
7/14/2024 14:15,PYTHUSDT,-0.0224,-8.9131
7/14/2024 17:30,OPUSDT,0.0416,-8.8715
7/14/2024 17:30,BLZUSDT,-0.0216,-8.8931
7/14/2024 18:00,BEAMXUSDT,-0.02,-8.9131
7/14/2024 18:30,SNXUSDT,0.0413,-8.8718
7/14/2024 18:30,BLZUSDT,-0.0251,-8.8969
7/14/2024 19:15,TIAUSDT,-0.0278,-8.9247
7/14/2024 19:15,AGLDUSDT,0.0462,-8.8785
7/14/2024 20:15,OMGUSDT,0.0489,-8.8296
7/14/2024 20:15,BLURUSDT,0.05,-8.7796
7/14/2024 20:15,RUNEUSDT,0.0464,-8.7332
7/14/2024 20:30,ONEUSDT,0.0486,-8.6846
7/14/2024 21:00,RSRUSDT,0.049,-8.6356
7/14/2024 21:15,AXLUSDT,0.0472,-8.5884
7/14/2024 21:15,OMNIUSDT,0.0421,-8.5463
7/14/2024 21:15,STRKUSDT,0.0453,-8.501
7/14/2024 21:45,XMRUSDT,-0.0212,-8.5222
7/14/2024 22:45,DASHUSDT,0.05,-8.4722
7/14/2024 23:00,TRUUSDT,0.0496,-8.4226
7/14/2024 23:30,SOLUSDT,0.0493,-8.3733
7/15/2024 0:00,HIFIUSDT,0.0245,-8.3488
7/15/2024 0:00,ONGUSDT,0.0249,-8.3239
7/15/2024 0:15,QTUMUSDT,0.0468,-8.2771
7/15/2024 0:15,STXUSDT,0.0423,-8.2348
7/15/2024 0:15,LINAUSDT,0.0459,-8.1889
7/15/2024 0:15,NKNUSDT,0.0497,-8.1392
7/15/2024 0:15,EOSUSDT,-0.0233,-8.1625
7/15/2024 0:15,ALGOUSDT,0.0478,-8.1147
7/15/2024 0:15,KSMUSDT,0.0349,-8.0798
7/15/2024 0:15,LRCUSDT,0.0449,-8.0349
7/15/2024 0:30,IDUSDT,0.0493,-7.9856
7/15/2024 0:30,WLDUSDT,0.0453,-7.9403
7/15/2024 0:30,DYMUSDT,0.0456,-7.8947
7/15/2024 0:30,MEWUSDT,0.0465,-7.8482
7/15/2024 0:30,LINKUSDT,0.0464,-7.8018
7/15/2024 0:30,NOTUSDT,0.0469,-7.7549
7/15/2024 0:45,APEUSDT,-0.0211,-7.776
7/15/2024 0:45,EDUUSDT,-0.0239,-7.7999
7/15/2024 0:45,COMPUSDT,0.0463,-7.7536
7/15/2024 0:45,MAGICUSDT,0.0456,-7.708
7/15/2024 0:45,MEMEUSDT,0.0452,-7.6628
7/15/2024 0:45,METISUSDT,0.0484,-7.6144
7/15/2024 0:45,KLAYUSDT,0.0432,-7.5712
7/15/2024 0:45,NTRNUSDT,0.0445,-7.5267
7/15/2024 0:45,PERPUSDT,0.0457,-7.481
7/15/2024 0:45,RDNTUSDT,0.0464,-7.4346
7/15/2024 0:45,CELRUSDT,0.0469,-7.3877
7/15/2024 0:45,THETAUSDT,0.05,-7.3377
7/15/2024 0:45,SANDUSDT,0.0495,-7.2882
7/15/2024 1:00,RSRUSDT,0.0454,-7.2428
7/15/2024 1:00,COMBOUSDT,-0.0214,-7.2642
7/15/2024 1:00,OXTUSDT,0.0487,-7.2155
7/15/2024 1:15,ARKMUSDT,0.0492,-7.1663
7/15/2024 1:15,MOVRUSDT,0.0477,-7.1186
7/15/2024 1:15,PYTHUSDT,0.0478,-7.0708
7/15/2024 1:30,OMUSDT,-0.0305,-7.1013
7/15/2024 2:00,RONINUSDT,0.0476,-7.0537
7/15/2024 2:00,CHRUSDT,0.0473,-7.0064
7/15/2024 2:15,ETHFIUSDT,0.0484,-6.958
7/15/2024 2:15,STGUSDT,-0.021,-6.979
7/15/2024 2:15,IDUSDT,0.0489,-6.9301
7/15/2024 2:15,AIUSDT,0.0444,-6.8857
7/15/2024 2:15,GMXUSDT,0.0456,-6.8401
7/15/2024 2:15,REZUSDT,0.0487,-6.7914
7/15/2024 2:15,SPELLUSDT,-0.0229,-6.8143
7/15/2024 2:15,BNTUSDT,0.0461,-6.7682
7/15/2024 2:15,WAXPUSDT,0.0492,-6.719
7/15/2024 2:15,BSVUSDT,0.0411,-6.6779
7/15/2024 2:15,BNBUSDT,0.0441,-6.6338
7/15/2024 2:15,CKBUSDT,0.0447,-6.5891
7/15/2024 2:15,KAVAUSDT,0.049,-6.5401
7/15/2024 2:15,EOSUSDT,-0.0233,-6.5634
7/15/2024 2:15,LTCUSDT,-0.0207,-6.5841
7/15/2024 2:15,DENTUSDT,0.0479,-6.5362
7/15/2024 2:15,TWTUSDT,-0.0215,-6.5577
7/15/2024 2:15,AXSUSDT,0.0493,-6.5084
7/15/2024 2:15,CELRUSDT,-0.0213,-6.5297
7/15/2024 2:15,ZILUSDT,0.049,-6.4807
7/15/2024 2:30,ENJUSDT,0.0461,-6.4346
7/15/2024 2:30,BATUSDT,0.0487,-6.3859
7/15/2024 2:30,SKLUSDT,0.0445,-6.3414
7/15/2024 2:30,APTUSDT,-0.0273,-6.3687
7/15/2024 2:30,METISUSDT,0.0482,-6.3205
7/15/2024 2:30,HBARUSDT,0.0484,-6.2721
7/15/2024 2:30,KLAYUSDT,0.05,-6.2221
7/15/2024 2:30,NTRNUSDT,0.0491,-6.173
7/15/2024 2:30,GALAUSDT,0.0486,-6.1244
7/15/2024 2:30,ORDIUSDT,0.04,-6.0844
7/15/2024 2:45,WOOUSDT,0.047,-6.0374
7/15/2024 3:30,AUCTIONUSDT,0.0451,-5.9923
7/15/2024 3:30,COMBOUSDT,-0.0266,-6.0189
7/15/2024 3:45,PORTALUSDT,0.0481,-5.9708
7/15/2024 3:45,RSRUSDT,-0.0227,-5.9935
7/15/2024 3:45,FXSUSDT,-0.0204,-6.0139
7/15/2024 3:45,ARKUSDT,-0.02,-6.0339
7/15/2024 3:45,SANDUSDT,-0.0208,-6.0547
7/15/2024 3:45,MINAUSDT,-0.0243,-6.079
7/15/2024 4:15,ENSUSDT,-0.0207,-6.0997
7/15/2024 4:15,CELOUSDT,-0.02,-6.1197
7/15/2024 4:15,OXTUSDT,0.0438,-6.0759
7/15/2024 5:30,QNTUSDT,0.05,-6.0259
7/15/2024 6:00,AIUSDT,-0.0214,-6.0473
7/15/2024 6:00,1000SHIBUSDT,-0.0232,-6.0705
7/15/2024 6:00,BADGERUSDT,0.0476,-6.0229
7/15/2024 6:15,METISUSDT,0.0458,-5.9771
7/15/2024 6:15,HBARUSDT,-0.0258,-6.0029
7/15/2024 6:15,ARBUSDT,0.0497,-5.9532
7/15/2024 6:30,NTRNUSDT,0.0495,-5.9037
7/15/2024 7:30,RONINUSDT,-0.0204,-5.9241
7/15/2024 7:30,NMRUSDT,-0.0214,-5.9455
7/15/2024 7:30,DODOXUSDT,-0.0217,-5.9672
7/15/2024 7:30,MANTAUSDT,-0.0278,-5.995
7/15/2024 7:30,LUNA2USDT,0.0324,-5.9626
7/15/2024 13:30,TAOUSDT,0.0494,-5.9132
7/15/2024 14:45,BNTUSDT,0.0485,-5.8647
7/15/2024 14:45,RSRUSDT,0.0459,-5.8188
7/15/2024 14:45,CKBUSDT,0.0486,-5.7702
7/15/2024 14:45,LUNA2USDT,0.0431,-5.7271
7/15/2024 15:15,RENUSDT,0.0488,-5.6783
7/15/2024 15:45,LEVERUSDT,0.0489,-5.6294
7/15/2024 16:00,BNBUSDT,-0.0226,-5.652
7/15/2024 16:15,CAKEUSDT,-0.0216,-5.6736
7/15/2024 16:15,AUCTIONUSDT,0.0499,-5.6237
7/15/2024 16:15,IDUSDT,0.0464,-5.5773
7/15/2024 16:15,OMNIUSDT,0.0469,-5.5304
7/15/2024 16:15,MEMEUSDT,0.0245,-5.5059
7/15/2024 16:15,SPELLUSDT,0.0473,-5.4586
7/15/2024 16:15,ARPAUSDT,0.0467,-5.4119
7/15/2024 16:15,CRVUSDT,-0.02,-5.4319
7/15/2024 16:15,ARKUSDT,0.0459,-5.386
7/15/2024 16:15,YGGUSDT,0.0456,-5.3404
7/15/2024 16:15,PYTHUSDT,0.0466,-5.2938
7/15/2024 16:15,ETCUSDT,0.0476,-5.2462
7/15/2024 16:30,BTCUSDT,0.0448,-5.2014
7/15/2024 16:45,ZECUSDT,0.0441,-5.1573
7/15/2024 18:15,UNFIUSDT,0.05,-5.1073
7/15/2024 19:00,DOGEUSDT,0.05,-5.0573
7/15/2024 19:00,CYBERUSDT,0.0446,-5.0127
7/15/2024 19:00,LRCUSDT,0.0494,-4.9633
7/15/2024 20:15,STEEMUSDT,0.0462,-4.9171
7/15/2024 20:15,KLAYUSDT,0.0486,-4.8685
7/15/2024 20:15,ETHUSDT,-0.0203,-4.8888
7/15/2024 20:15,STORJUSDT,0.0478,-4.841
7/15/2024 20:30,CELOUSDT,0.05,-4.791
7/15/2024 20:30,SUIUSDT,0.0464,-4.7446
7/15/2024 21:30,AVAXUSDT,-0.0201,-4.7647
7/15/2024 21:45,CFXUSDT,0.0458,-4.7189
7/15/2024 22:00,RONINUSDT,-0.0203,-4.7392
7/15/2024 22:00,STGUSDT,0.0436,-4.6956
7/15/2024 22:00,CHZUSDT,0.0495,-4.6461
7/15/2024 22:00,QTUMUSDT,0.0408,-4.6053
7/15/2024 22:00,BTCUSDT,-0.0302,-4.6355
7/15/2024 22:00,COMPUSDT,-0.024,-4.6595
7/15/2024 22:00,UNIUSDT,-0.0222,-4.6817
7/15/2024 22:00,DOTUSDT,-0.0322,-4.7139
7/15/2024 22:00,CELOUSDT,0.0399,-4.674
7/15/2024 22:00,KNCUSDT,0.0423,-4.6317
7/15/2024 22:00,KAVAUSDT,0.0445,-4.5872
7/15/2024 22:00,ETHUSDT,-0.0254,-4.6126
7/15/2024 22:00,DODOXUSDT,-0.0231,-4.6357
7/15/2024 22:15,1000BONKUSDT,0.0477,-4.588
7/15/2024 22:15,DOGEUSDT,0.048,-4.54
7/15/2024 22:15,ONDOUSDT,-0.023,-4.563
7/15/2024 22:15,RVNUSDT,-0.02,-4.583
7/15/2024 22:30,WOOUSDT,0.0453,-4.5377
7/15/2024 22:30,ENJUSDT,0.049,-4.4887
7/15/2024 22:30,BATUSDT,-0.0304,-4.5191
7/15/2024 22:30,BALUSDT,-0.0219,-4.541
7/15/2024 22:30,MANAUSDT,0.0421,-4.4989
7/15/2024 22:30,LPTUSDT,-0.0256,-4.5245
7/15/2024 22:30,BICOUSDT,0.0401,-4.4844
7/15/2024 22:30,ILVUSDT,-0.0242,-4.5086
7/15/2024 22:30,API3USDT,-0.022,-4.5306
7/15/2024 22:30,LTCUSDT,-0.0206,-4.5512
7/15/2024 22:30,DENTUSDT,0.0384,-4.5128
7/15/2024 22:30,YGGUSDT,-0.0223,-4.5351
7/15/2024 22:30,PHBUSDT,-0.0272,-4.5623
7/15/2024 23:00,OMGUSDT,0.0446,-4.5177
7/15/2024 23:30,LTCUSDT,-0.0226,-4.5403
7/15/2024 23:45,DASHUSDT,-0.0238,-4.5641
7/16/2024 0:00,TRUUSDT,-0.029,-4.5931
7/16/2024 0:00,TWTUSDT,-0.0243,-4.6174
7/16/2024 0:00,ZECUSDT,-0.0268,-4.6442
7/16/2024 1:15,ADAUSDT,-0.0205,-4.6647
7/16/2024 1:45,MAVUSDT,-0.0206,-4.6853
7/16/2024 1:45,CTSIUSDT,-0.0207,-4.706
7/16/2024 1:45,ZILUSDT,-0.0215,-4.7275
7/16/2024 2:00,ALGOUSDT,-0.0216,-4.7491
7/16/2024 3:30,XLMUSDT,-0.0278,-4.7769
7/16/2024 3:45,SFPUSDT,-0.0209,-4.7978
7/16/2024 3:45,SANDUSDT,-0.023,-4.8208
7/16/2024 3:45,ADAUSDT,-0.0258,-4.8466
7/16/2024 5:15,UNFIUSDT,0.0351,-4.8115
7/16/2024 6:45,IMXUSDT,-0.0223,-4.8338
7/16/2024 6:45,CRVUSDT,-0.0323,-4.8661
7/16/2024 6:45,DASHUSDT,-0.0324,-4.8985
7/16/2024 8:15,VETUSDT,-0.0249,-4.9234
7/16/2024 12:45,CRVUSDT,-0.0251,-4.9485
7/16/2024 15:00,METISUSDT,0.0379,-4.9106
7/16/2024 15:00,ICXUSDT,0.032,-4.8786
7/16/2024 15:00,PYTHUSDT,0.0457,-4.8329
7/16/2024 15:30,AEVOUSDT,0.0453,-4.7876
7/16/2024 17:30,C98USDT,-0.0206,-4.8082
7/16/2024 18:45,ATAUSDT,-0.0251,-4.8333
7/16/2024 19:30,SEIUSDT,-0.0288,-4.8621
7/16/2024 19:45,TWTUSDT,0.0416,-4.8205
7/16/2024 20:15,RDNTUSDT,-0.0285,-4.849
7/16/2024 21:15,NTRNUSDT,0.0443,-4.8047
7/17/2024 0:30,SFPUSDT,-0.0225,-4.8272
7/17/2024 0:30,ATOMUSDT,-0.0261,-4.8533
7/17/2024 2:00,MKRUSDT,-0.0216,-4.8749
7/17/2024 4:30,AGLDUSDT,-0.0213,-4.8962
7/17/2024 4:45,LITUSDT,-0.0249,-4.9211
7/17/2024 4:45,ILVUSDT,-0.0202,-4.9413
7/17/2024 4:45,RUNEUSDT,-0.0205,-4.9618
7/17/2024 4:45,RVNUSDT,-0.021,-4.9828
7/17/2024 5:00,RONINUSDT,-0.0287,-5.0115
7/17/2024 5:00,UMAUSDT,0.0473,-4.9642
7/17/2024 5:15,AIUSDT,-0.0254,-4.9896
7/17/2024 6:30,OMNIUSDT,-0.026,-5.0156
7/17/2024 6:30,APTUSDT,-0.0257,-5.0413
7/17/2024 6:30,AGLDUSDT,-0.0212,-5.0625
7/17/2024 6:30,DENTUSDT,-0.02,-5.0825
7/17/2024 7:00,AXSUSDT,-0.0209,-5.1034
7/17/2024 7:15,SKLUSDT,-0.0239,-5.1273
7/17/2024 9:30,OPUSDT,-0.0272,-5.1545
7/17/2024 9:30,ROSEUSDT,-0.0214,-5.1759
7/17/2024 9:45,ONEUSDT,-0.0206,-5.1965
7/17/2024 10:00,BATUSDT,-0.02,-5.2165
7/17/2024 10:15,ONTUSDT,-0.0209,-5.2374
7/17/2024 11:00,ENSUSDT,-0.0208,-5.2582
7/17/2024 11:15,XRPUSDT,-0.023,-5.2812
7/17/2024 11:45,ONTUSDT,-0.0307,-5.3119
7/17/2024 13:45,EOSUSDT,-0.02,-5.3319
7/17/2024 15:15,MOVRUSDT,-0.0343,-5.3662
7/17/2024 15:15,ZECUSDT,-0.0236,-5.3898
7/17/2024 15:45,DUSKUSDT,0.0396,-5.3502
7/17/2024 15:45,AAVEUSDT,-0.0214,-5.3716
7/17/2024 15:45,RSRUSDT,-0.028,-5.3996
7/17/2024 21:30,BELUSDT,-0.0203,-5.4199
7/17/2024 22:45,ZENUSDT,0.0431,-5.3768
7/17/2024 23:00,BATUSDT,-0.0214,-5.3982
7/17/2024 23:00,AXSUSDT,-0.0238,-5.422
7/17/2024 23:00,JTOUSDT,-0.0261,-5.4481
7/17/2024 23:30,STORJUSDT,-0.0204,-5.4685
7/17/2024 23:45,RDNTUSDT,-0.0232,-5.4917
7/17/2024 23:45,THETAUSDT,-0.0238,-5.5155
7/17/2024 23:45,XTZUSDT,-0.0225,-5.538
7/18/2024 0:15,OMUSDT,-0.0224,-5.5604
7/18/2024 0:30,ILVUSDT,0.0458,-5.5146
7/18/2024 1:00,ARUSDT,-0.0281,-5.5427
7/18/2024 2:45,IOTXUSDT,-0.0301,-5.5728
7/18/2024 3:30,SNXUSDT,-0.0215,-5.5943
7/18/2024 3:45,ATAUSDT,-0.02,-5.6143
7/18/2024 4:30,ALTUSDT,0.0494,-5.5649
7/18/2024 4:45,XLMUSDT,0.0406,-5.5243
7/18/2024 4:45,ONTUSDT,-0.0298,-5.5541
7/18/2024 5:00,APTUSDT,-0.025,-5.5791
7/18/2024 6:45,RONINUSDT,-0.0347,-5.6138
7/18/2024 7:00,ICPUSDT,-0.0208,-5.6346
7/18/2024 7:15,HBARUSDT,-0.02,-5.6546
7/18/2024 7:15,IMXUSDT,-0.0209,-5.6755
7/18/2024 7:45,1000XECUSDT,-0.0239,-5.6994
7/18/2024 8:45,ETHUSDT,-0.0245,-5.7239
7/18/2024 8:45,RUNEUSDT,-0.0203,-5.7442
7/18/2024 9:45,LRCUSDT,0.0272,-5.717
7/18/2024 10:00,XTZUSDT,-0.0222,-5.7392
7/18/2024 10:15,SKLUSDT,-0.0241,-5.7633
7/18/2024 10:15,ALTUSDT,-0.025,-5.7883
7/18/2024 10:15,NMRUSDT,0.0492,-5.7391
7/18/2024 10:15,XVGUSDT,-0.0222,-5.7613
7/18/2024 10:15,ENSUSDT,-0.0277,-5.789
7/18/2024 10:15,UMAUSDT,0.0482,-5.7408
7/18/2024 10:15,HOOKUSDT,-0.0225,-5.7633
7/18/2024 10:15,TRBUSDT,-0.024,-5.7873
7/18/2024 10:15,BELUSDT,-0.0263,-5.8136
7/18/2024 10:15,KAVAUSDT,-0.021,-5.8346
7/18/2024 10:15,TNSRUSDT,-0.0247,-5.8593
7/18/2024 10:15,EOSUSDT,-0.0302,-5.8895
7/18/2024 10:15,MINAUSDT,-0.0261,-5.9156
7/18/2024 10:15,1000LUNCUSDT,-0.0228,-5.9384
7/18/2024 10:30,PENDLEUSDT,-0.0217,-5.9601
7/18/2024 13:15,SFPUSDT,0.0377,-5.9224
7/18/2024 13:15,ILVUSDT,-0.03,-5.9524
7/18/2024 13:15,RLCUSDT,0.0236,-5.9288
7/18/2024 20:15,BSVUSDT,-0.0298,-5.9586
7/19/2024 0:00,EGLDUSDT,0.0429,-5.9157
7/19/2024 5:00,JUPUSDT,0.0451,-5.8706
7/19/2024 5:45,APTUSDT,-0.0236,-5.8942
7/19/2024 5:45,RSRUSDT,-0.0203,-5.9145
7/19/2024 5:45,RIFUSDT,-0.0222,-5.9367
7/19/2024 6:00,CHRUSDT,-0.0238,-5.9605
7/19/2024 6:00,ETHFIUSDT,-0.0274,-5.9879
7/19/2024 6:00,AAVEUSDT,-0.0331,-6.021
7/19/2024 6:00,OMNIUSDT,-0.0359,-6.0569
7/19/2024 6:00,IOSTUSDT,-0.0243,-6.0812
7/19/2024 6:00,ONGUSDT,-0.0274,-6.1086
7/19/2024 6:00,HOOKUSDT,-0.0246,-6.1332
7/19/2024 6:00,BNBUSDT,-0.0267,-6.1599
7/19/2024 6:00,ICXUSDT,-0.0241,-6.184
7/19/2024 6:00,SXPUSDT,-0.0261,-6.2101
7/19/2024 6:00,KNCUSDT,-0.0267,-6.2368
7/19/2024 6:00,BANDUSDT,-0.0278,-6.2646
7/19/2024 6:00,THETAUSDT,-0.0255,-6.2901
7/19/2024 6:00,XTZUSDT,-0.0287,-6.3188
7/19/2024 6:00,OXTUSDT,-0.0273,-6.3461
7/19/2024 6:00,LRCUSDT,-0.0226,-6.3687
7/19/2024 9:30,NEOUSDT,-0.0222,-6.3909
7/19/2024 9:45,JOEUSDT,-0.021,-6.4119
7/19/2024 9:45,PENDLEUSDT,-0.0224,-6.4343
7/19/2024 9:45,LINKUSDT,-0.022,-6.4563
7/19/2024 10:00,SSVUSDT,-0.0316,-6.4879
7/19/2024 10:00,LUNA2USDT,-0.0238,-6.5117
7/19/2024 11:00,DASHUSDT,-0.0275,-6.5392
7/19/2024 11:30,CFXUSDT,-0.0216,-6.5608
7/19/2024 11:30,API3USDT,-0.0224,-6.5832
7/19/2024 13:00,OXTUSDT,-0.021,-6.6042
7/19/2024 13:30,ICXUSDT,0.0471,-6.5571
7/19/2024 15:45,XTZUSDT,-0.0266,-6.5837
7/19/2024 16:00,APEUSDT,0.0447,-6.539
7/19/2024 16:00,QTUMUSDT,0.0414,-6.4976
7/19/2024 16:00,STXUSDT,0.0391,-6.4585
7/19/2024 16:00,XVGUSDT,-0.0234,-6.4819
7/19/2024 16:00,UNIUSDT,-0.0238,-6.5057
7/19/2024 16:00,OMNIUSDT,-0.0242,-6.5299
7/19/2024 16:00,KEYUSDT,0.0457,-6.4842
7/19/2024 16:00,LINAUSDT,-0.022,-6.5062
7/19/2024 16:00,DOTUSDT,-0.0297,-6.5359
7/19/2024 16:00,SXPUSDT,-0.0231,-6.559
7/19/2024 16:00,ARPAUSDT,-0.0219,-6.5809
7/19/2024 16:00,ETHUSDT,-0.0243,-6.6052
7/19/2024 16:00,TLMUSDT,-0.0206,-6.6258
7/19/2024 16:00,BCHUSDT,0.0398,-6.586
7/19/2024 16:00,1000LUNCUSDT,0.0446,-6.5414
7/19/2024 16:00,RIFUSDT,-0.025,-6.5664
7/19/2024 16:00,ARBUSDT,0.0411,-6.5253
7/19/2024 16:15,KNCUSDT,-0.0262,-6.5515
7/19/2024 16:45,IOTXUSDT,0.0487,-6.5028
7/19/2024 17:45,KSMUSDT,0.05,-6.4528
7/19/2024 18:00,NFPUSDT,-0.0234,-6.4762
7/19/2024 18:00,JOEUSDT,-0.0205,-6.4967
7/19/2024 18:00,CELOUSDT,0.0466,-6.4501
7/19/2024 18:00,STORJUSDT,0.048,-6.4021
7/19/2024 18:00,OXTUSDT,-0.0273,-6.4294
7/19/2024 18:00,C98USDT,-0.023,-6.4524
7/19/2024 18:30,IOTXUSDT,0.048,-6.4044
7/19/2024 18:30,LRCUSDT,-0.0209,-6.4253
7/19/2024 18:45,NKNUSDT,-0.02,-6.4453
7/19/2024 19:00,WOOUSDT,-0.0329,-6.4782
7/19/2024 19:00,SFPUSDT,0.0482,-6.43
7/19/2024 19:00,ORBSUSDT,-0.0254,-6.4554
7/19/2024 19:00,XMRUSDT,0.0421,-6.4133
7/19/2024 19:00,AVAXUSDT,-0.0265,-6.4398
7/19/2024 19:00,ETCUSDT,0.0489,-6.3909
7/19/2024 19:15,UMAUSDT,0.0382,-6.3527
7/19/2024 19:15,SUPERUSDT,0.0431,-6.3096
7/19/2024 19:30,AMBUSDT,0.048,-6.2616
7/19/2024 19:45,MAVUSDT,-0.0221,-6.2837
7/19/2024 19:45,EGLDUSDT,-0.0215,-6.3052
7/19/2024 19:45,ATAUSDT,0.0461,-6.2591
7/19/2024 20:15,SUIUSDT,0.0479,-6.2112
7/19/2024 20:30,HFTUSDT,-0.0212,-6.2324
7/19/2024 20:30,ETHFIUSDT,-0.0275,-6.2599
7/19/2024 20:30,NFPUSDT,-0.0248,-6.2847
7/19/2024 21:15,NMRUSDT,-0.0234,-6.3081
7/19/2024 21:15,JOEUSDT,-0.0261,-6.3342
7/19/2024 21:15,XEMUSDT,-0.0298,-6.364
7/19/2024 21:15,KLAYUSDT,-0.02,-6.384
7/19/2024 21:15,NTRNUSDT,0.0431,-6.3409
7/19/2024 22:00,BBUSDT,-0.0203,-6.3612
7/19/2024 22:30,METISUSDT,0.0436,-6.3176
7/19/2024 22:45,CHRUSDT,-0.0218,-6.3394
7/19/2024 22:45,POWRUSDT,-0.0407,-6.3801
7/19/2024 23:00,EGLDUSDT,-0.0263,-6.4064
7/19/2024 23:00,IMXUSDT,-0.0274,-6.4338
7/19/2024 23:00,BELUSDT,-0.0218,-6.4556
7/20/2024 0:00,BBUSDT,-0.045,-6.5006
7/20/2024 2:00,TONUSDT,-0.022,-6.5226
7/20/2024 3:15,YGGUSDT,-0.0262,-6.5488
7/20/2024 4:30,FETUSDT,-0.0233,-6.5721
7/20/2024 5:30,AMBUSDT,-0.0228,-6.5949
7/20/2024 5:45,PORTALUSDT,0.0462,-6.5487
7/20/2024 6:00,WUSDT,-0.0272,-6.5759
7/20/2024 6:00,DYDXUSDT,-0.0253,-6.6012
7/20/2024 6:15,KSMUSDT,-0.0273,-6.6285
7/20/2024 6:30,XLMUSDT,-0.0251,-6.6536
7/20/2024 6:30,KAVAUSDT,-0.0243,-6.6779
7/20/2024 6:30,SUSHIUSDT,-0.0217,-6.6996
7/20/2024 6:30,TWTUSDT,-0.0481,-6.7477
7/20/2024 6:45,HIGHUSDT,-0.0221,-6.7698
7/20/2024 7:30,DARUSDT,-0.021,-6.7908
7/20/2024 7:30,MKRUSDT,-0.0274,-6.8182
7/20/2024 8:30,GTCUSDT,-0.0228,-6.841
7/20/2024 8:45,DARUSDT,-0.0216,-6.8626
7/20/2024 9:30,MAVUSDT,-0.0223,-6.8849
7/20/2024 11:00,OMNIUSDT,-0.0201,-6.905
7/20/2024 11:00,REEFUSDT,-0.0219,-6.9269
7/20/2024 11:00,ZECUSDT,-0.0261,-6.953
7/20/2024 11:15,ONEUSDT,-0.0221,-6.9751
7/20/2024 11:30,AGLDUSDT,-0.0281,-7.0032
7/20/2024 12:30,STMXUSDT,-0.025,-7.0282
7/20/2024 13:00,OMGUSDT,-0.0242,-7.0524
7/20/2024 13:00,NEOUSDT,-0.0238,-7.0762
7/20/2024 13:00,RSRUSDT,-0.0258,-7.102
7/20/2024 13:00,KNCUSDT,-0.0304,-7.1324
7/20/2024 13:00,ETHWUSDT,-0.0256,-7.158
7/20/2024 13:00,ROSEUSDT,-0.0203,-7.1783
7/20/2024 13:00,BADGERUSDT,-0.02,-7.1983
7/20/2024 15:15,ATAUSDT,-0.0313,-7.2296
7/20/2024 17:15,NMRUSDT,0.0493,-7.1803
7/20/2024 17:30,RONINUSDT,-0.0236,-7.2039
7/20/2024 17:30,LINKUSDT,-0.0212,-7.2251
7/20/2024 17:45,ILVUSDT,0.0476,-7.1775
7/20/2024 17:45,CTSIUSDT,-0.02,-7.1975
7/20/2024 18:00,AGLDUSDT,-0.0226,-7.2201
7/20/2024 18:00,ARPAUSDT,-0.0216,-7.2417
7/20/2024 19:00,AXSUSDT,-0.0269,-7.2686
7/20/2024 19:15,CTSIUSDT,-0.0504,-7.319
7/20/2024 20:00,WOOUSDT,-0.0226,-7.3416
7/20/2024 20:00,JUPUSDT,-0.0203,-7.3619
7/20/2024 20:45,IMXUSDT,-0.0205,-7.3824
7/20/2024 21:00,MAGICUSDT,-0.0224,-7.4048
7/20/2024 21:45,ARKUSDT,-0.0213,-7.4261
7/20/2024 22:00,RUNEUSDT,-0.028,-7.4541
7/20/2024 22:30,SSVUSDT,0.0399,-7.4142
7/20/2024 22:30,NTRNUSDT,-0.024,-7.4382
7/20/2024 22:30,RDNTUSDT,-0.0231,-7.4613
7/20/2024 23:45,TONUSDT,-0.0208,-7.4821
7/21/2024 0:30,ACEUSDT,-0.0212,-7.5033
7/21/2024 0:30,PIXELUSDT,0.0451,-7.4582
7/21/2024 1:00,RDNTUSDT,-0.0205,-7.4787
7/21/2024 1:30,WOOUSDT,-0.0232,-7.5019
7/21/2024 1:30,ZECUSDT,0.0404,-7.4615
7/21/2024 1:30,AVAXUSDT,-0.0264,-7.4879
7/21/2024 1:30,ZILUSDT,-0.0261,-7.514
7/21/2024 2:00,1000BONKUSDT,-0.0215,-7.5355
7/21/2024 2:30,RIFUSDT,-0.023,-7.5585
7/21/2024 2:45,KLAYUSDT,-0.02,-7.5785
7/21/2024 4:45,ARKUSDT,-0.0214,-7.5999
7/21/2024 5:15,TIAUSDT,-0.0218,-7.6217
7/21/2024 5:45,1INCHUSDT,-0.0308,-7.6525
7/21/2024 6:45,ATAUSDT,-0.02,-7.6725
7/21/2024 7:00,UMAUSDT,-0.0274,-7.6999
7/21/2024 11:15,CTSIUSDT,-0.02,-7.7199
7/21/2024 12:00,MKRUSDT,-0.0226,-7.7425
7/21/2024 12:15,FLMUSDT,-0.0233,-7.7658
7/21/2024 12:30,ONEUSDT,-0.0273,-7.7931
7/21/2024 12:30,BICOUSDT,-0.0243,-7.8174
7/21/2024 13:15,ALTUSDT,0.0431,-7.7743
7/21/2024 13:30,WOOUSDT,-0.0223,-7.7966
7/21/2024 13:30,QNTUSDT,-0.0293,-7.8259
7/21/2024 13:30,GRTUSDT,-0.0274,-7.8533
7/21/2024 13:30,AXLUSDT,-0.0231,-7.8764
7/21/2024 13:30,NEARUSDT,-0.0233,-7.8997
7/21/2024 13:30,IMXUSDT,-0.0279,-7.9276
7/21/2024 13:30,CELOUSDT,-0.024,-7.9516
7/21/2024 13:30,THETAUSDT,-0.0243,-7.9759
7/21/2024 14:15,LINKUSDT,-0.0252,-8.0011
7/21/2024 16:45,ALPHAUSDT,-0.0235,-8.0246
7/21/2024 17:00,NKNUSDT,-0.0223,-8.0469
7/21/2024 17:45,AMBUSDT,-0.0291,-8.076
7/21/2024 17:45,BNXUSDT,-0.0207,-8.0967
7/21/2024 17:45,REEFUSDT,-0.0253,-8.122
7/21/2024 23:15,TIAUSDT,-0.0125,-8.1345
7/22/2024 0:00,GASUSDT,0.0494,-8.0851
7/22/2024 0:15,COMPUSDT,-0.0239,-8.109
7/22/2024 0:15,APTUSDT,-0.023,-8.132
7/22/2024 0:15,KLAYUSDT,-0.0233,-8.1553
7/22/2024 0:15,IOUSDT,-0.0218,-8.1771
7/22/2024 0:15,MINAUSDT,0.0336,-8.1435
7/22/2024 0:15,CYBERUSDT,-0.0218,-8.1653
7/22/2024 0:30,MASKUSDT,-0.0207,-8.186
7/22/2024 0:30,NEOUSDT,-0.0205,-8.2065
7/22/2024 0:30,LQTYUSDT,-0.0203,-8.2268
7/22/2024 0:30,RUNEUSDT,-0.0241,-8.2509
7/22/2024 1:30,OMGUSDT,-0.0274,-8.2783
7/22/2024 2:30,MEMEUSDT,-0.0201,-8.2984
7/22/2024 2:45,COMBOUSDT,-0.0238,-8.3222
7/22/2024 3:00,EGLDUSDT,-0.0277,-8.3499
7/22/2024 3:15,POLYXUSDT,0.0374,-8.3125
7/22/2024 3:30,KEYUSDT,0.0445,-8.268
7/22/2024 4:00,CFXUSDT,-0.034,-8.302
7/22/2024 5:30,1INCHUSDT,-0.0277,-8.3297
7/22/2024 5:30,TRBUSDT,0.0345,-8.2952
7/22/2024 7:45,OMUSDT,-0.0208,-8.316
7/22/2024 8:15,RENUSDT,0.0301,-8.2859
7/22/2024 8:30,OMGUSDT,-0.0246,-8.3105
7/22/2024 8:30,C98USDT,-0.02,-8.3305
7/22/2024 8:45,BICOUSDT,-0.0216,-8.3521
7/22/2024 8:45,ILVUSDT,-0.0202,-8.3723
7/22/2024 8:45,RUNEUSDT,-0.0232,-8.3955
7/22/2024 8:45,BCHUSDT,-0.0204,-8.4159
7/22/2024 8:45,CYBERUSDT,-0.0215,-8.4374
7/22/2024 9:30,KNCUSDT,0.0484,-8.389
7/22/2024 16:15,SSVUSDT,-0.0207,-8.4097
7/22/2024 17:45,BSVUSDT,-0.0208,-8.4305
7/22/2024 20:00,SEIUSDT,-0.0212,-8.4517
7/22/2024 21:00,WLDUSDT,0.0465,-8.4052
7/23/2024 0:15,HIFIUSDT,-0.023,-8.4282
7/23/2024 0:15,XMRUSDT,-0.0209,-8.4491
7/23/2024 1:00,OXTUSDT,0.046,-8.4031
7/23/2024 2:15,XEMUSDT,-0.02,-8.4231
7/23/2024 3:45,ARKUSDT,-0.0243,-8.4474
7/23/2024 19:30,BTCUSDT,-0.0233,-8.4707
7/23/2024 21:45,OMGUSDT,-0.0274,-8.4981
7/23/2024 21:45,JTOUSDT,-0.0261,-8.5242
7/23/2024 23:15,ARKMUSDT,-0.0258,-8.55
7/23/2024 23:15,AEVOUSDT,-0.0219,-8.5719
7/24/2024 0:30,DYMUSDT,-0.0247,-8.5966
7/24/2024 0:30,CYBERUSDT,-0.0237,-8.6203
7/24/2024 1:45,XAIUSDT,-0.0236,-8.6439
7/24/2024 2:15,UMAUSDT,-0.0206,-8.6645
7/24/2024 4:00,SEIUSDT,-0.0214,-8.6859
7/24/2024 4:30,SUIUSDT,-0.0207,-8.7066
7/24/2024 4:45,AVAXUSDT,-0.0206,-8.7272
7/24/2024 6:00,AUCTIONUSDT,-0.0241,-8.7513
7/24/2024 6:30,ENSUSDT,0.0494,-8.7019
7/24/2024 6:45,INJUSDT,0.0488,-8.6531
7/24/2024 7:15,TRUUSDT,0.0458,-8.6073
7/24/2024 8:00,ORBSUSDT,0.0464,-8.5609
7/24/2024 8:00,JUPUSDT,0.0453,-8.5156
7/24/2024 9:15,1000LUNCUSDT,-0.0295,-8.5451
7/24/2024 9:45,IOTAUSDT,-0.02,-8.5651
7/24/2024 9:45,1000XECUSDT,0.0469,-8.5182
7/24/2024 11:30,LSKUSDT,-0.0216,-8.5398
7/24/2024 11:45,IMXUSDT,-0.0208,-8.5606
7/24/2024 13:15,EGLDUSDT,-0.0266,-8.5872
7/24/2024 13:15,KAVAUSDT,-0.0266,-8.6138
7/24/2024 13:15,ARKUSDT,0.0437,-8.5701
7/24/2024 13:15,ANKRUSDT,-0.0242,-8.5943
7/24/2024 13:30,1000XECUSDT,-0.0212,-8.6155
7/24/2024 14:15,IOSTUSDT,-0.0211,-8.6366
7/24/2024 14:15,EGLDUSDT,-0.0257,-8.6623
7/24/2024 14:15,IOTXUSDT,-0.0217,-8.684
7/24/2024 14:15,GMTUSDT,-0.0202,-8.7042
7/24/2024 14:15,LSKUSDT,-0.0233,-8.7275
7/24/2024 14:15,SXPUSDT,-0.0209,-8.7484
7/24/2024 14:15,ANKRUSDT,-0.023,-8.7714
7/24/2024 15:15,REZUSDT,0.0448,-8.7266
7/24/2024 18:15,OPUSDT,0.0443,-8.6823
7/24/2024 18:15,ETHUSDT,0.0488,-8.6335
7/24/2024 18:30,EDUUSDT,0.043,-8.5905
7/24/2024 18:30,SFPUSDT,0.0483,-8.5422
7/24/2024 18:30,SNXUSDT,0.0477,-8.4945
7/24/2024 18:30,AAVEUSDT,0.0369,-8.4576
7/24/2024 18:30,ENSUSDT,0.0441,-8.4135
7/24/2024 18:30,NTRNUSDT,0.0452,-8.3683
7/24/2024 18:30,DOTUSDT,0.0457,-8.3226
7/24/2024 18:30,MKRUSDT,-0.0229,-8.3455
7/24/2024 18:30,ARBUSDT,0.0479,-8.2976
7/24/2024 20:00,KLAYUSDT,0.05,-8.2476
7/24/2024 21:00,CAKEUSDT,0.0349,-8.2127
7/24/2024 21:00,WOOUSDT,0.0454,-8.1673
7/24/2024 21:00,APEUSDT,0.0437,-8.1236
7/24/2024 21:00,IOTAUSDT,0.0338,-8.0898
7/24/2024 21:00,GRTUSDT,0.0347,-8.0551
7/24/2024 21:00,AXLUSDT,0.0423,-8.0128
7/24/2024 21:00,BBUSDT,0.0424,-7.9704
7/24/2024 21:00,SFPUSDT,0.0468,-7.9236
7/24/2024 21:00,SKLUSDT,0.032,-7.8916
7/24/2024 21:00,AAVEUSDT,0.0438,-7.8478
7/24/2024 21:00,1000SHIBUSDT,0.0376,-7.8102
7/24/2024 21:00,NEARUSDT,0.046,-7.7642
7/24/2024 21:00,JOEUSDT,0.0497,-7.7145
7/24/2024 21:00,WAXPUSDT,0.0382,-7.6763
7/24/2024 21:00,DOGEUSDT,0.0456,-7.6307
7/24/2024 21:00,BNBUSDT,0.0426,-7.5881
7/24/2024 21:00,IMXUSDT,0.0448,-7.5433
7/24/2024 21:00,COMBOUSDT,0.0357,-7.5076
7/24/2024 21:00,XVSUSDT,0.038,-7.4696
7/24/2024 21:00,ONDOUSDT,-0.025,-7.4946
7/24/2024 21:00,ICXUSDT,0.0395,-7.4551
7/24/2024 21:00,PERPUSDT,0.0174,-7.4377
7/24/2024 21:00,AGLDUSDT,-0.0255,-7.4632
7/24/2024 21:00,FXSUSDT,0.0431,-7.4201
7/24/2024 21:00,ARPAUSDT,0.0364,-7.3837
7/24/2024 21:00,KAVAUSDT,-0.0395,-7.4232
7/24/2024 21:00,LDOUSDT,0.0432,-7.38
7/24/2024 21:00,LQTYUSDT,-0.0277,-7.4077
7/24/2024 21:00,MOVRUSDT,0.0365,-7.3712
7/24/2024 21:00,YFIUSDT,0.0392,-7.332
7/24/2024 21:00,RENUSDT,0.025,-7.307
7/24/2024 21:00,PHBUSDT,0.0393,-7.2677
7/24/2024 21:00,TLMUSDT,0.0453,-7.2224
7/24/2024 21:00,XTZUSDT,0.0416,-7.1808
7/24/2024 21:00,MINAUSDT,0.039,-7.1418
7/24/2024 21:00,BCHUSDT,0.0464,-7.0954
7/24/2024 21:00,GALAUSDT,0.0487,-7.0467
7/24/2024 21:00,ALPHAUSDT,0.0322,-7.0145
7/24/2024 21:00,TOKENUSDT,0.045,-6.9695
7/24/2024 21:00,1000PEPEUSDT,0.0489,-6.9206
7/24/2024 21:00,FILUSDT,0.05,-6.8706
7/24/2024 21:00,LRCUSDT,0.0345,-6.8361
7/24/2024 21:00,ARBUSDT,0.0361,-6.8
7/25/2024 0:30,GLMUSDT,0.0475,-6.7525
7/25/2024 1:00,INJUSDT,-0.0401,-6.7926
7/25/2024 1:00,APEUSDT,0.0211,-6.7715
7/25/2024 1:00,RONINUSDT,0.0002,-6.7713
7/25/2024 1:00,BALUSDT,0.0279,-6.7434
7/25/2024 1:00,QNTUSDT,-0.0466,-6.79
7/25/2024 1:00,GRTUSDT,0.0224,-6.7676
7/25/2024 1:00,SSVUSDT,0.0294,-6.7382
7/25/2024 1:00,EDUUSDT,0.0261,-6.7121
7/25/2024 1:00,AMBUSDT,0.0165,-6.6956
7/25/2024 1:00,AXLUSDT,0.039,-6.6566
7/25/2024 1:00,TUSDT,0.0229,-6.6337
7/25/2024 1:00,NFPUSDT,0.0272,-6.6065
7/25/2024 1:00,ASTRUSDT,-0.042,-6.6485
7/25/2024 1:00,STEEMUSDT,0.0166,-6.6319
7/25/2024 1:00,BTCUSDT,-0.035,-6.6669
7/25/2024 1:00,FETUSDT,-0.0277,-6.6946
7/25/2024 1:00,NMRUSDT,0.0383,-6.6563
7/25/2024 1:00,XVGUSDT,-0.0334,-6.6897
7/25/2024 1:00,OPUSDT,0.023,-6.6667
7/25/2024 1:00,GMXUSDT,0.0385,-6.6282
7/25/2024 1:00,MAGICUSDT,0.0263,-6.6019
7/25/2024 1:00,APTUSDT,0.0143,-6.5876
7/25/2024 1:00,1000SHIBUSDT,0.0204,-6.5672
7/25/2024 1:00,1000BONKUSDT,-0.037,-6.6042
7/25/2024 1:00,PORTALUSDT,0.0363,-6.5679
7/25/2024 1:00,LPTUSDT,0.0179,-6.55
7/25/2024 1:00,LINAUSDT,0.0205,-6.5295
7/25/2024 1:00,BNTUSDT,0.0319,-6.4976
7/25/2024 1:00,WAXPUSDT,0.0197,-6.4779
7/25/2024 1:00,DOGEUSDT,0.0167,-6.4612
7/25/2024 1:00,METISUSDT,0.024,-6.4372
7/25/2024 1:00,BNBUSDT,-0.0349,-6.4721
7/25/2024 1:00,POWRUSDT,0.018,-6.4541
7/25/2024 1:00,IMXUSDT,0.0213,-6.4328
7/25/2024 1:00,DEFIUSDT,0.0257,-6.4071
7/25/2024 1:00,BICOUSDT,0.0251,-6.382
7/25/2024 1:00,ONDOUSDT,-0.0336,-6.4156
7/25/2024 1:00,PERPUSDT,-0.0031,-6.4187
7/25/2024 1:00,SXPUSDT,0.0298,-6.3889
7/25/2024 1:00,VANRYUSDT,0.0193,-6.3696
7/25/2024 1:00,FXSUSDT,0.0257,-6.3439
7/25/2024 1:00,KNCUSDT,0.029,-6.3149
7/25/2024 1:00,REEFUSDT,0.0046,-6.3103
7/25/2024 1:00,TNSRUSDT,0.0257,-6.2846
7/25/2024 1:00,LDOUSDT,-0.0038,-6.2884
7/25/2024 1:00,FLMUSDT,0.0222,-6.2662
7/25/2024 1:00,CRVUSDT,0.0306,-6.2356
7/25/2024 1:00,MOVRUSDT,0.0077,-6.2279
7/25/2024 1:00,BANDUSDT,0.0389,-6.189
7/25/2024 1:00,LTCUSDT,0.0235,-6.1655
7/25/2024 1:00,RUNEUSDT,0.0024,-6.1631
7/25/2024 1:00,ATOMUSDT,0.0161,-6.147
7/25/2024 1:00,PYTHUSDT,-0.0394,-6.1864
7/25/2024 1:00,ANKRUSDT,0.0256,-6.1608
7/25/2024 1:00,THETAUSDT,0.0291,-6.1317
7/25/2024 1:00,TLMUSDT,0.0163,-6.1154
7/25/2024 1:00,LINKUSDT,0.0316,-6.0838
7/25/2024 1:00,AVAXUSDT,0.0147,-6.0691
7/25/2024 1:00,JASMYUSDT,0.0308,-6.0383
7/25/2024 1:00,RLCUSDT,0.028,-6.0103
7/25/2024 1:00,ZRXUSDT,0.0326,-5.9777
7/25/2024 1:00,GALAUSDT,0.0115,-5.9662
7/25/2024 1:00,ADAUSDT,0.0195,-5.9467
7/25/2024 1:00,1000LUNCUSDT,0.0131,-5.9336
7/25/2024 1:00,CYBERUSDT,0.0319,-5.9017
7/25/2024 1:00,ZILUSDT,0.0102,-5.8915
7/25/2024 1:00,PIXELUSDT,0.0268,-5.8647
7/25/2024 1:00,ARBUSDT,0.0063,-5.8584
7/25/2024 6:00,ZRXUSDT,-0.0207,-5.8791
7/25/2024 10:00,EDUUSDT,0.0394,-5.8397
7/25/2024 10:30,ZROUSDT,-0.0203,-5.86
7/25/2024 11:30,SAGAUSDT,-0.023,-5.883
7/25/2024 11:45,XMRUSDT,-0.0277,-5.9107
7/25/2024 12:30,BALUSDT,0.0339,-5.8768
7/25/2024 12:30,SSVUSDT,-0.0218,-5.8986
7/25/2024 12:30,TUSDT,-0.0302,-5.9288
7/25/2024 12:30,NFPUSDT,-0.0231,-5.9519
7/25/2024 12:30,QTUMUSDT,-0.0231,-5.975
7/25/2024 12:30,PORTALUSDT,-0.0223,-5.9973
7/25/2024 12:30,NEOUSDT,-0.0302,-6.0275
7/25/2024 12:30,BLURUSDT,-0.0249,-6.0524
7/25/2024 12:30,SOLUSDT,-0.0234,-6.0758
7/25/2024 12:30,MKRUSDT,-0.0227,-6.0985
7/25/2024 14:00,WOOUSDT,-0.0256,-6.1241
7/25/2024 14:00,JOEUSDT,-0.0266,-6.1507
7/25/2024 14:00,BNTUSDT,-0.0209,-6.1716
7/25/2024 14:00,BSVUSDT,-0.0216,-6.1932
7/25/2024 14:00,MTLUSDT,-0.0258,-6.219
7/25/2024 14:00,GLMUSDT,-0.0219,-6.2409
7/25/2024 14:00,KAVAUSDT,-0.0247,-6.2656
7/25/2024 14:00,LTCUSDT,-0.0225,-6.2881
7/25/2024 14:00,RDNTUSDT,-0.0298,-6.3179
7/25/2024 14:00,ONTUSDT,-0.0229,-6.3408
7/25/2024 14:00,FLOWUSDT,-0.0237,-6.3645
7/25/2024 14:00,ALGOUSDT,-0.0224,-6.3869
7/25/2024 18:15,BTCDOMUSDT,0.0497,-6.3372
7/25/2024 18:30,BALUSDT,-0.0243,-6.3615
7/25/2024 20:00,UNIUSDT,-0.024,-6.3855
7/25/2024 20:00,BCHUSDT,-0.0247,-6.4102
7/25/2024 20:30,XMRUSDT,0.0477,-6.3625
7/26/2024 0:00,SOLUSDT,0.0476,-6.3149
7/26/2024 0:30,QNTUSDT,-0.0202,-6.3351
7/26/2024 0:45,MAVUSDT,0.0494,-6.2857
7/26/2024 0:45,BADGERUSDT,0.0492,-6.2365
7/26/2024 2:15,CAKEUSDT,0.0392,-6.1973
7/26/2024 2:15,ASTRUSDT,0.0454,-6.1519
7/26/2024 2:15,OPUSDT,0.0314,-6.1205
7/26/2024 2:15,MANAUSDT,0.039,-6.0815
7/26/2024 2:15,UNIUSDT,0.0467,-6.0348
7/26/2024 2:15,BEAMXUSDT,0.0435,-5.9913
7/26/2024 2:15,KEYUSDT,0.0384,-5.9529
7/26/2024 2:15,EGLDUSDT,0.0473,-5.9056
7/26/2024 2:15,IOTXUSDT,0.049,-5.8566
7/26/2024 2:15,BNBUSDT,0.0451,-5.8115
7/26/2024 2:15,1000XECUSDT,0.0382,-5.7733
7/26/2024 2:15,SXPUSDT,0.0435,-5.7298
7/26/2024 2:15,VANRYUSDT,0.0393,-5.6905
7/26/2024 2:15,GLMUSDT,0.0406,-5.6499
7/26/2024 2:15,LQTYUSDT,0.0472,-5.6027
7/26/2024 2:15,ETHUSDT,0.0388,-5.5639
7/26/2024 2:15,CELRUSDT,0.0444,-5.5195
7/26/2024 2:15,ANKRUSDT,0.0432,-5.4763
7/26/2024 2:15,SANDUSDT,0.0353,-5.441
7/26/2024 2:15,BAKEUSDT,0.0443,-5.3967
7/26/2024 2:15,DODOXUSDT,0.0428,-5.3539
7/26/2024 2:15,AVAXUSDT,0.0359,-5.318
7/26/2024 2:15,ETCUSDT,0.0343,-5.2837
7/26/2024 2:15,ALGOUSDT,0.0371,-5.2466
7/26/2024 2:15,CTSIUSDT,0.0416,-5.205
7/26/2024 2:15,C98USDT,0.0489,-5.1561
7/26/2024 2:15,TONUSDT,0.0444,-5.1117
7/26/2024 2:15,RIFUSDT,0.0372,-5.0745
7/26/2024 2:15,ZILUSDT,0.0452,-5.0293
7/26/2024 2:15,PIXELUSDT,0.0476,-4.9817
7/26/2024 2:15,RVNUSDT,0.0489,-4.9328
7/26/2024 2:15,FILUSDT,0.0357,-4.8971
7/26/2024 2:30,ORBSUSDT,0.0465,-4.8506
7/26/2024 2:30,NEOUSDT,0.0488,-4.8018
7/26/2024 2:45,QNTUSDT,-0.0206,-4.8224
7/26/2024 4:00,COMPUSDT,0.0421,-4.7803
7/26/2024 4:15,RUNEUSDT,0.0454,-4.7349
7/26/2024 4:15,ACHUSDT,-0.0242,-4.7591
7/26/2024 4:30,CELOUSDT,0.0418,-4.7173
7/26/2024 4:45,SKLUSDT,-0.0266,-4.7439
7/26/2024 5:15,LEVERUSDT,0.0465,-4.6974
7/26/2024 5:45,ARKUSDT,0.0465,-4.6509
7/26/2024 6:00,GRTUSDT,-0.024,-4.6749
7/26/2024 6:00,STGUSDT,-0.0247,-4.6996
7/26/2024 6:00,NFPUSDT,0.0479,-4.6517
7/26/2024 6:00,ALTUSDT,0.0115,-4.6402
7/26/2024 6:00,TIAUSDT,0.0399,-4.6003
7/26/2024 6:00,1000FLOKIUSDT,-0.0209,-4.6212
7/26/2024 6:00,EGLDUSDT,-0.0259,-4.6471
7/26/2024 6:00,RSRUSDT,0.0472,-4.5999
7/26/2024 6:00,VANRYUSDT,0.048,-4.5519
7/26/2024 6:00,GLMUSDT,0.0433,-4.5086
7/26/2024 6:00,BLURUSDT,0.0366,-4.472
7/26/2024 6:00,BANDUSDT,0.0464,-4.4256
7/26/2024 6:00,YGGUSDT,-0.0208,-4.4464
7/26/2024 6:00,CELRUSDT,0.0439,-4.4025
7/26/2024 6:00,RENUSDT,0.05,-4.3525
7/26/2024 6:00,XAIUSDT,0.05,-4.3025
7/26/2024 6:00,ATAUSDT,0.0474,-4.2551
7/26/2024 6:00,LRCUSDT,0.0468,-4.2083
7/26/2024 6:15,EDUUSDT,-0.0211,-4.2294
7/26/2024 6:15,1INCHUSDT,-0.0205,-4.2499
7/26/2024 6:30,AMBUSDT,0.0373,-4.2126
7/26/2024 6:30,SKLUSDT,-0.0316,-4.2442
7/26/2024 6:30,BADGERUSDT,-0.022,-4.2662
7/26/2024 6:45,MAVUSDT,0.0488,-4.2174
7/26/2024 6:45,CYBERUSDT,0.0483,-4.1691
7/26/2024 7:00,ENAUSDT,-0.0214,-4.1905
7/26/2024 7:00,NKNUSDT,0.0495,-4.141
7/26/2024 7:15,LINAUSDT,-0.0222,-4.1632
7/26/2024 8:15,DYMUSDT,0.0336,-4.1296
7/26/2024 8:15,POLYXUSDT,-0.0216,-4.1512
7/26/2024 8:15,ARKMUSDT,-0.0249,-4.1761
7/26/2024 8:15,JASMYUSDT,0.0479,-4.1282
7/26/2024 8:15,ALGOUSDT,-0.02,-4.1482
7/26/2024 8:30,STXUSDT,-0.0208,-4.169
7/26/2024 8:30,BIGTIMEUSDT,0.0445,-4.1245
7/26/2024 8:30,LSKUSDT,-0.0209,-4.1454
7/26/2024 8:30,SXPUSDT,0.0489,-4.0965
7/26/2024 8:30,SOLUSDT,0.0481,-4.0484
7/26/2024 8:45,KAVAUSDT,0.0459,-4.0025
7/26/2024 9:00,AXLUSDT,-0.0213,-4.0238
7/26/2024 9:30,FLMUSDT,0.05,-3.9738
7/26/2024 9:30,ANKRUSDT,0.0335,-3.9403
7/26/2024 9:45,TUSDT,-0.0222,-3.9625
7/26/2024 10:15,NMRUSDT,0.0318,-3.9307
7/26/2024 10:45,BBUSDT,0.0496,-3.8811
7/26/2024 11:45,RONINUSDT,-0.0214,-3.9025
7/26/2024 11:45,FLMUSDT,-0.02,-3.9225
7/26/2024 11:45,JUPUSDT,-0.0264,-3.9489
7/26/2024 12:00,MKRUSDT,-0.0201,-3.969
7/26/2024 12:15,INJUSDT,-0.0239,-3.9929
7/26/2024 12:15,NTRNUSDT,-0.0239,-4.0168
7/26/2024 12:45,CKBUSDT,0.0418,-3.975
7/26/2024 13:15,BBUSDT,-0.0219,-3.9969
7/26/2024 13:15,JASMYUSDT,-0.0242,-4.0211
7/26/2024 13:30,NTRNUSDT,-0.0208,-4.0419
7/26/2024 13:30,AXSUSDT,0.0496,-3.9923
7/26/2024 16:00,BATUSDT,0.0459,-3.9464
7/26/2024 16:00,BSVUSDT,0.0485,-3.8979
7/26/2024 16:00,KAVAUSDT,-0.0213,-3.9192
7/26/2024 16:15,APTUSDT,0.0465,-3.8727
7/26/2024 16:15,SPELLUSDT,-0.0249,-3.8976
7/26/2024 16:15,NKNUSDT,-0.0227,-3.9203
7/26/2024 16:15,SANDUSDT,0.0452,-3.8751
7/26/2024 16:15,MINAUSDT,-0.0204,-3.8955
7/26/2024 16:30,AXSUSDT,-0.0219,-3.9174
7/26/2024 18:00,ONEUSDT,0.0426,-3.8748
7/26/2024 18:00,TNSRUSDT,0.0457,-3.8291
7/26/2024 18:00,TWTUSDT,0.0439,-3.7852
7/26/2024 18:00,CELRUSDT,-0.022,-3.8072
7/26/2024 18:30,REZUSDT,-0.0278,-3.835
7/26/2024 18:30,MTLUSDT,0.0488,-3.7862
7/26/2024 18:45,TUSDT,0.0488,-3.7374
7/26/2024 18:45,TIAUSDT,0.0496,-3.6878
7/26/2024 18:45,SAGAUSDT,-0.0206,-3.7084
7/26/2024 18:45,WAXPUSDT,0.0492,-3.6592
7/26/2024 18:45,HOTUSDT,0.0464,-3.6128
7/26/2024 19:00,IOTAUSDT,0.0471,-3.5657
7/26/2024 19:00,DOGEUSDT,0.039,-3.5267
7/26/2024 19:00,AXSUSDT,0.036,-3.4907
7/26/2024 19:00,ATOMUSDT,-0.0231,-3.5138
7/26/2024 19:00,MINAUSDT,-0.0232,-3.537
7/26/2024 19:15,BOMEUSDT,-0.0264,-3.5634
7/26/2024 19:15,RLCUSDT,-0.022,-3.5854
7/26/2024 20:00,BONDUSDT,-0.0221,-3.6075
7/26/2024 20:00,MKRUSDT,0.0471,-3.5604
7/26/2024 20:30,SFPUSDT,-0.0243,-3.5847
7/26/2024 21:00,API3USDT,-0.0202,-3.6049
7/26/2024 21:15,XVGUSDT,0.0435,-3.5614
7/26/2024 21:15,MANAUSDT,0.0493,-3.5121
7/26/2024 21:15,IMXUSDT,0.0472,-3.4649
7/26/2024 21:15,ETHWUSDT,-0.0211,-3.486
7/26/2024 21:15,LQTYUSDT,-0.0203,-3.5063
7/26/2024 21:15,AEVOUSDT,-0.0256,-3.5319
7/26/2024 21:45,WAXPUSDT,0.0456,-3.4863
7/26/2024 21:45,RIFUSDT,0.0458,-3.4405
7/26/2024 22:00,EDUUSDT,-0.0248,-3.4653
7/26/2024 22:00,SKLUSDT,-0.0267,-3.492
7/26/2024 22:15,NEOUSDT,0.0464,-3.4456
7/26/2024 22:15,ICXUSDT,0.0449,-3.4007
7/26/2024 22:15,SANDUSDT,0.0478,-3.3529
7/26/2024 22:30,ATAUSDT,-0.02,-3.3729
7/26/2024 23:00,BELUSDT,-0.0221,-3.395
7/26/2024 23:00,DENTUSDT,-0.0236,-3.4186
7/27/2024 0:00,MANAUSDT,0.0415,-3.3771
7/27/2024 0:00,1INCHUSDT,0.05,-3.3271
7/27/2024 0:15,BATUSDT,-0.0288,-3.3559
7/27/2024 0:15,TNSRUSDT,-0.0223,-3.3782
7/27/2024 0:30,QTUMUSDT,0.0433,-3.3349
7/27/2024 2:15,APTUSDT,0.0496,-3.2853
7/27/2024 2:15,ONTUSDT,0.05,-3.2353
7/27/2024 2:45,IOSTUSDT,0.0487,-3.1866
7/27/2024 3:15,PENDLEUSDT,-0.0277,-3.2143
7/27/2024 3:15,OMUSDT,-0.0206,-3.2349
7/27/2024 4:00,ATOMUSDT,0.0425,-3.1924
7/27/2024 4:00,BCHUSDT,0.0439,-3.1485
7/27/2024 4:30,ENJUSDT,-0.0219,-3.1704
7/27/2024 5:30,ZECUSDT,-0.0218,-3.1922
7/27/2024 6:45,SFPUSDT,-0.0204,-3.2126
7/27/2024 7:00,UNIUSDT,0.048,-3.1646
7/27/2024 7:00,BCHUSDT,-0.0215,-3.1861
7/27/2024 7:00,C98USDT,-0.0212,-3.2073
7/27/2024 7:30,XLMUSDT,-0.0257,-3.233
7/27/2024 7:30,HBARUSDT,0.0458,-3.1872
7/27/2024 7:30,THETAUSDT,0.0474,-3.1398
7/27/2024 9:00,IOSTUSDT,-0.02,-3.1598
7/27/2024 9:00,ALGOUSDT,-0.02,-3.1798
7/27/2024 9:15,UNIUSDT,0.048,-3.1318
7/27/2024 9:15,ARUSDT,-0.0201,-3.1519
7/27/2024 9:15,WUSDT,-0.0212,-3.1731
7/27/2024 9:15,BADGERUSDT,-0.0478,-3.2209
7/27/2024 9:45,BNBUSDT,-0.0212,-3.2421
7/27/2024 10:00,LITUSDT,-0.02,-3.2621
7/27/2024 11:30,MEMEUSDT,0.0427,-3.2194
7/27/2024 11:30,MAVUSDT,-0.0217,-3.2411
7/27/2024 12:00,GRTUSDT,-0.0204,-3.2615
7/27/2024 12:00,SKLUSDT,0.0232,-3.2383
7/27/2024 12:00,YGGUSDT,-0.021,-3.2593
7/27/2024 12:00,MANTAUSDT,0.0462,-3.2131
7/27/2024 13:00,CHZUSDT,-0.0255,-3.2386
7/27/2024 13:00,RDNTUSDT,-0.0282,-3.2668
7/27/2024 13:00,ZKUSDT,-0.0211,-3.2879
7/27/2024 13:00,NOTUSDT,0.0388,-3.2491
7/27/2024 13:15,AGLDUSDT,-0.0201,-3.2692
7/27/2024 13:15,LOOMUSDT,-0.0222,-3.2914
7/27/2024 13:30,OMGUSDT,-0.0307,-3.3221
7/27/2024 13:30,LITUSDT,-0.0222,-3.3443
7/27/2024 13:30,ZILUSDT,-0.0271,-3.3714
7/27/2024 16:30,ADAUSDT,-0.025,-3.3964
7/27/2024 17:30,ICPUSDT,-0.0219,-3.4183
7/27/2024 17:30,RSRUSDT,-0.0222,-3.4405
7/27/2024 17:30,ZRXUSDT,-0.022,-3.4625
7/27/2024 17:45,RLCUSDT,-0.0219,-3.4844
7/27/2024 18:15,JTOUSDT,-0.0211,-3.5055
7/27/2024 18:45,GRTUSDT,-0.0251,-3.5306
7/27/2024 18:45,1000FLOKIUSDT,-0.0222,-3.5528
7/27/2024 18:45,EGLDUSDT,0.0409,-3.5119
7/27/2024 18:45,GMTUSDT,-0.0202,-3.5321
7/27/2024 18:45,XRPUSDT,0.0463,-3.4858
7/27/2024 18:45,ONDOUSDT,-0.0222,-3.508
7/27/2024 18:45,FLMUSDT,-0.0229,-3.5309
7/27/2024 18:45,SUIUSDT,-0.0203,-3.5512
7/27/2024 18:45,TWTUSDT,-0.0283,-3.5795
7/27/2024 18:45,JUPUSDT,-0.0212,-3.6007
7/27/2024 18:45,PHBUSDT,-0.0212,-3.6219
7/27/2024 18:45,STRKUSDT,-0.0225,-3.6444
7/27/2024 18:45,FILUSDT,-0.0298,-3.6742
7/27/2024 19:00,1INCHUSDT,-0.0206,-3.6948
7/27/2024 19:00,DYDXUSDT,-0.02,-3.7148
7/27/2024 20:00,TONUSDT,-0.0214,-3.7362
7/27/2024 20:15,BNBUSDT,-0.0323,-3.7685
7/28/2024 2:15,IOTXUSDT,0.0448,-3.7237
7/28/2024 2:30,APTUSDT,0.0482,-3.6755
7/28/2024 3:00,TIAUSDT,0.0489,-3.6266
7/28/2024 3:00,API3USDT,-0.0291,-3.6557
7/28/2024 4:00,IOTXUSDT,0.0496,-3.6061
7/28/2024 4:15,HIGHUSDT,0.0487,-3.5574
7/28/2024 4:15,ARUSDT,-0.0233,-3.5807
7/28/2024 4:15,USTCUSDT,-0.0239,-3.6046
7/28/2024 4:45,MKRUSDT,-0.0302,-3.6348
7/28/2024 5:00,ZRXUSDT,-0.026,-3.6608
7/28/2024 7:15,EDUUSDT,-0.0205,-3.6813
7/28/2024 8:15,1000XECUSDT,-0.0235,-3.7048
7/28/2024 8:30,ZRXUSDT,-0.0226,-3.7274
7/28/2024 8:45,XEMUSDT,0.0431,-3.6843
7/28/2024 10:15,1000RATSUSDT,-0.0252,-3.7095
7/28/2024 11:45,GTCUSDT,0.0476,-3.6619
7/28/2024 12:45,BOMEUSDT,0.048,-3.6139
7/28/2024 13:45,DUSKUSDT,-0.0223,-3.6362
7/28/2024 14:00,TOKENUSDT,0.0459,-3.5903
7/28/2024 15:00,MTLUSDT,0.0455,-3.5448
7/28/2024 16:15,VANRYUSDT,-0.0208,-3.5656
7/28/2024 16:45,XLMUSDT,-0.0206,-3.5862
7/28/2024 16:45,REZUSDT,-0.0233,-3.6095
7/28/2024 16:45,HOOKUSDT,0.0459,-3.5636
7/28/2024 16:45,YFIUSDT,-0.0205,-3.5841
7/28/2024 16:45,ANKRUSDT,-0.02,-3.6041
7/28/2024 19:00,DARUSDT,0.05,-3.5541
7/28/2024 19:15,HOOKUSDT,0.0483,-3.5058
7/28/2024 19:30,COTIUSDT,-0.0202,-3.526
7/28/2024 20:00,RVNUSDT,-0.0243,-3.5503
7/28/2024 20:30,DYMUSDT,-0.0296,-3.5799
7/28/2024 20:45,MAVIAUSDT,-0.0283,-3.6082
7/28/2024 21:00,GLMUSDT,-0.0267,-3.6349
7/28/2024 21:00,JTOUSDT,-0.0364,-3.6713
7/29/2024 2:00,OGNUSDT,-0.0807,-3.752
7/29/2024 2:15,BTCUSDT,-0.0222,-3.7742
7/29/2024 2:15,BNBUSDT,-0.024,-3.7982
7/29/2024 2:15,API3USDT,0.048,-3.7502
7/29/2024 2:15,LQTYUSDT,0.038,-3.7122
7/29/2024 2:15,ETHUSDT,0.049,-3.6632
7/29/2024 2:15,ZKUSDT,-0.0225,-3.6857
7/29/2024 2:30,ASTRUSDT,-0.0269,-3.7126
7/29/2024 2:30,METISUSDT,-0.0227,-3.7353
7/29/2024 2:30,JUPUSDT,0.0368,-3.6985
7/29/2024 2:30,DYDXUSDT,-0.0396,-3.7381
7/29/2024 2:30,STRKUSDT,-0.0243,-3.7624
7/29/2024 4:15,TAOUSDT,-0.0216,-3.784
7/29/2024 5:15,YGGUSDT,0.0387,-3.7453
7/29/2024 5:30,AIUSDT,-0.0223,-3.7676
7/29/2024 5:30,AVAXUSDT,-0.0217,-3.7893
7/29/2024 5:45,XRPUSDT,-0.0206,-3.8099
7/29/2024 5:45,KASUSDT,-0.0234,-3.8333
7/29/2024 6:15,HOTUSDT,-0.02,-3.8533
7/29/2024 6:30,NEOUSDT,-0.0285,-3.8818
7/29/2024 7:00,ONDOUSDT,0.0207,-3.8611
7/29/2024 7:15,BLURUSDT,-0.0217,-3.8828
7/29/2024 7:45,IMXUSDT,0.0462,-3.8366
7/29/2024 7:45,NKNUSDT,-0.0214,-3.858
7/29/2024 8:00,DOGEUSDT,-0.0213,-3.8793
7/29/2024 8:00,RSRUSDT,-0.0203,-3.8996
7/29/2024 8:00,TLMUSDT,-0.0207,-3.9203
7/29/2024 8:00,LEVERUSDT,-0.0204,-3.9407
7/29/2024 8:00,TONUSDT,-0.0289,-3.9696
7/29/2024 8:00,1000PEPEUSDT,-0.0259,-3.9955
7/29/2024 8:15,1000FLOKIUSDT,-0.02,-4.0155
7/29/2024 8:45,BIGTIMEUSDT,-0.0212,-4.0367
7/29/2024 9:00,VANRYUSDT,-0.0262,-4.0629
7/29/2024 9:15,ONGUSDT,-0.0261,-4.089
7/29/2024 9:15,SUPERUSDT,-0.027,-4.116
7/29/2024 9:15,TRBUSDT,-0.0259,-4.1419
7/29/2024 9:15,TOKENUSDT,-0.0211,-4.163
7/29/2024 9:45,STGUSDT,-0.02,-4.183
7/29/2024 9:45,PENDLEUSDT,-0.0234,-4.2064
7/29/2024 9:45,RENDERUSDT,-0.0258,-4.2322
7/29/2024 11:15,BCHUSDT,-0.0227,-4.2549
7/29/2024 11:45,ASTRUSDT,-0.0225,-4.2774
7/29/2024 12:15,IMXUSDT,-0.0213,-4.2987
7/29/2024 13:00,SUSHIUSDT,-0.0226,-4.3213
7/29/2024 13:15,AIUSDT,0.0483,-4.273
7/29/2024 13:45,ZROUSDT,0.0458,-4.2272
7/29/2024 14:00,ACHUSDT,0.0441,-4.1831
7/29/2024 16:15,ILVUSDT,0.0454,-4.1377
7/29/2024 16:30,KEYUSDT,-0.0246,-4.1623
7/29/2024 16:30,HIFIUSDT,0.0295,-4.1328
7/29/2024 16:30,SXPUSDT,-0.0213,-4.1541
7/29/2024 20:45,MKRUSDT,-0.0205,-4.1746
7/29/2024 21:00,BALUSDT,-0.0245,-4.1991
7/29/2024 21:00,HOOKUSDT,-0.0227,-4.2218
7/29/2024 21:00,CFXUSDT,-0.022,-4.2438
7/29/2024 21:00,WUSDT,0.0408,-4.203
7/29/2024 21:00,1000RATSUSDT,-0.0284,-4.2314
7/29/2024 21:00,VANRYUSDT,-0.0222,-4.2536
7/29/2024 21:00,ONTUSDT,-0.0253,-4.2789
7/29/2024 21:15,ARKUSDT,-0.0205,-4.2994
7/29/2024 21:45,MKRUSDT,0.0258,-4.2736
7/29/2024 22:30,DOTUSDT,-0.021,-4.2946
7/29/2024 22:30,SUIUSDT,-0.021,-4.3156
7/29/2024 22:45,CHRUSDT,-0.02,-4.3356
7/29/2024 22:45,ONTUSDT,-0.0208,-4.3564
7/29/2024 22:45,STRKUSDT,0.0476,-4.3088
7/29/2024 23:00,AXLUSDT,-0.0224,-4.3312
7/29/2024 23:00,CKBUSDT,-0.0223,-4.3535
7/29/2024 23:00,TNSRUSDT,-0.021,-4.3745
7/29/2024 23:00,RVNUSDT,0.0461,-4.3284
7/30/2024 0:00,BIGTIMEUSDT,-0.0211,-4.3495
7/30/2024 1:00,MKRUSDT,-0.0246,-4.3741
7/30/2024 1:45,SOLUSDT,-0.0272,-4.4013
7/30/2024 7:00,GTCUSDT,-0.0257,-4.427
7/30/2024 7:45,DARUSDT,-0.02,-4.447
7/30/2024 8:00,LINAUSDT,-0.0266,-4.4736
7/30/2024 8:15,NKNUSDT,-0.0382,-4.5118
7/30/2024 9:00,SANDUSDT,-0.0221,-4.5339
7/30/2024 9:15,BATUSDT,-0.0228,-4.5567
7/30/2024 9:30,LQTYUSDT,-0.0419,-4.5986
7/30/2024 11:00,UNIUSDT,-0.0207,-4.6193
7/30/2024 11:00,BLURUSDT,-0.0244,-4.6437
7/30/2024 12:15,ARKMUSDT,0.0416,-4.6021
7/30/2024 12:15,USTCUSDT,-0.0371,-4.6392
7/30/2024 13:30,MAGICUSDT,0.0477,-4.5915
7/30/2024 13:45,NFPUSDT,0.048,-4.5435
7/30/2024 13:45,PORTALUSDT,0.0492,-4.4943
7/30/2024 13:45,ONEUSDT,0.0452,-4.4491
7/30/2024 13:45,NEOUSDT,0.048,-4.4011
7/30/2024 13:45,IMXUSDT,0.0493,-4.3518
7/30/2024 13:45,1000XECUSDT,-0.0259,-4.3777
7/30/2024 13:45,LSKUSDT,0.0494,-4.3283
7/30/2024 13:45,ONTUSDT,0.0441,-4.2842
7/30/2024 13:45,PYTHUSDT,0.0467,-4.2375
7/30/2024 15:45,STORJUSDT,0.0483,-4.1892
7/30/2024 16:45,OMNIUSDT,0.0452,-4.144
7/30/2024 16:45,NEARUSDT,-0.0203,-4.1643
7/30/2024 16:45,POWRUSDT,0.0493,-4.115
7/30/2024 16:45,USTCUSDT,0.0476,-4.0674
7/30/2024 17:00,AUCTIONUSDT,0.0462,-4.0212
7/30/2024 17:00,GRTUSDT,0.0445,-3.9767
7/30/2024 17:00,MASKUSDT,0.0441,-3.9326
7/30/2024 17:00,ALTUSDT,0.0442,-3.8884
7/30/2024 17:00,UNIUSDT,0.0457,-3.8427
7/30/2024 17:00,1INCHUSDT,0.0477,-3.795
7/30/2024 17:00,1000SHIBUSDT,-0.0281,-3.8231
7/30/2024 17:00,BIGTIMEUSDT,0.0489,-3.7742
7/30/2024 17:00,PORTALUSDT,0.0407,-3.7335
7/30/2024 17:00,DOGEUSDT,0.0472,-3.6863
7/30/2024 17:00,IOUSDT,0.0463,-3.64
7/30/2024 17:00,SEIUSDT,0.0445,-3.5955
7/30/2024 17:00,XTZUSDT,0.0461,-3.5494
7/30/2024 17:00,ALGOUSDT,0.0441,-3.5053
7/30/2024 17:00,ARBUSDT,0.0456,-3.4597
7/30/2024 17:15,RUNEUSDT,0.0495,-3.4102
7/30/2024 17:15,LEVERUSDT,0.0338,-3.3764
7/30/2024 19:00,LDOUSDT,-0.022,-3.3984
7/30/2024 19:15,WAXPUSDT,0.0466,-3.3518
7/30/2024 20:00,ILVUSDT,-0.0253,-3.3771
7/30/2024 22:00,TONUSDT,0.0487,-3.3284
7/30/2024 23:15,LISTAUSDT,-0.0248,-3.3532
7/31/2024 0:00,OMGUSDT,-0.0291,-3.3823
7/31/2024 0:15,REZUSDT,-0.0233,-3.4056
7/31/2024 0:15,BLZUSDT,-0.0202,-3.4258
7/31/2024 1:00,COMPUSDT,-0.0335,-3.4593
7/31/2024 2:15,CAKEUSDT,-0.0362,-3.4955
7/31/2024 7:45,EOSUSDT,0.0297,-3.4658
7/31/2024 8:15,ORBSUSDT,-0.0018,-3.4676
7/31/2024 8:30,LOOMUSDT,0.0491,-3.4185
7/31/2024 8:45,SOLUSDT,-0.021,-3.4395
7/31/2024 9:15,NOTUSDT,-0.0289,-3.4684
7/31/2024 9:30,DYMUSDT,-0.0274,-3.4958
7/31/2024 10:15,PENDLEUSDT,-0.0209,-3.5167
7/31/2024 10:30,ADAUSDT,-0.0218,-3.5385
7/31/2024 10:45,LOOMUSDT,-0.0242,-3.5627
7/31/2024 14:15,SFPUSDT,-0.0234,-3.5861
7/31/2024 15:30,HOTUSDT,-0.021,-3.6071
7/31/2024 16:30,SFPUSDT,-0.0204,-3.6275
7/31/2024 16:30,HBARUSDT,0.0444,-3.5831
7/31/2024 17:30,AAVEUSDT,-0.0214,-3.6045
7/31/2024 17:30,COMBOUSDT,-0.0206,-3.6251
7/31/2024 18:15,OXTUSDT,-0.0232,-3.6483
7/31/2024 18:15,OGNUSDT,-0.0231,-3.6714
7/31/2024 19:15,XLMUSDT,0.0448,-3.6266
7/31/2024 19:15,UNIUSDT,0.0498,-3.5768
7/31/2024 19:15,RUNEUSDT,0.047,-3.5298
7/31/2024 19:30,SNXUSDT,0.0343,-3.4955
7/31/2024 19:30,DYDXUSDT,0.0457,-3.4498
7/31/2024 22:15,RONINUSDT,-0.0229,-3.4727
7/31/2024 22:15,MEMEUSDT,0.0455,-3.4272
7/31/2024 22:15,SUPERUSDT,0.0494,-3.3778
7/31/2024 22:15,TNSRUSDT,0.0397,-3.3381
7/31/2024 22:15,STORJUSDT,-0.0214,-3.3595
7/31/2024 23:00,XVGUSDT,0.05,-3.3095
7/31/2024 23:45,JOEUSDT,-0.0206,-3.3301
8/1/2024 0:00,STEEMUSDT,0.0494,-3.2807
8/1/2024 0:15,TUSDT,0.0481,-3.2326
8/1/2024 0:15,GMXUSDT,-0.0217,-3.2543
8/1/2024 1:00,ACEUSDT,-0.0241,-3.2784
8/1/2024 2:15,SXPUSDT,0.0458,-3.2326
8/1/2024 2:45,STEEMUSDT,0.0485,-3.1841
8/1/2024 3:00,BICOUSDT,0.0487,-3.1354
8/1/2024 3:45,MAGICUSDT,0.0483,-3.0871
8/1/2024 4:00,XVSUSDT,-0.0236,-3.1107
8/1/2024 4:00,KAVAUSDT,0.0495,-3.0612
8/1/2024 4:15,CAKEUSDT,0.0444,-3.0168
8/1/2024 4:15,ENJUSDT,0.0374,-2.9794
8/1/2024 4:15,HFTUSDT,0.0376,-2.9418
8/1/2024 4:15,RONINUSDT,-0.0273,-2.9691
8/1/2024 4:15,GRTUSDT,-0.0267,-2.9958
8/1/2024 4:15,ETHFIUSDT,0.0469,-2.9489
8/1/2024 4:15,STGUSDT,0.0489,-2.9
8/1/2024 4:15,TUSDT,0.0334,-2.8666
8/1/2024 4:15,QTUMUSDT,0.0465,-2.8201
8/1/2024 4:15,LITUSDT,0.0447,-2.7754
8/1/2024 4:15,ASTRUSDT,-0.0244,-2.7998
8/1/2024 4:15,FETUSDT,-0.0244,-2.8242
8/1/2024 4:15,HIGHUSDT,0.0354,-2.7888
8/1/2024 4:15,TAOUSDT,0.0487,-2.7401
8/1/2024 4:15,NMRUSDT,-0.0256,-2.7657
8/1/2024 4:15,XVGUSDT,0.041,-2.7247
8/1/2024 4:15,GMXUSDT,-0.0292,-2.7539
8/1/2024 4:15,REZUSDT,0.038,-2.7159
8/1/2024 4:15,IOSTUSDT,0.0425,-2.6734
8/1/2024 4:15,1000BONKUSDT,0.048,-2.6254
8/1/2024 4:15,BIGTIMEUSDT,-0.0254,-2.6508
8/1/2024 4:15,PEOPLEUSDT,0.0374,-2.6134
8/1/2024 4:15,SPELLUSDT,0.0357,-2.5777
8/1/2024 4:15,EGLDUSDT,0.0479,-2.5298
8/1/2024 4:15,ZETAUSDT,-0.0233,-2.5531
8/1/2024 4:15,RSRUSDT,0.0409,-2.5122
8/1/2024 4:15,DEFIUSDT,-0.0281,-2.5403
8/1/2024 4:15,SUPERUSDT,0.0458,-2.4945
8/1/2024 4:15,CELOUSDT,0.0402,-2.4543
8/1/2024 4:15,PERPUSDT,0.039,-2.4153
8/1/2024 4:15,KNCUSDT,0.0384,-2.3769
8/1/2024 4:15,NKNUSDT,0.0425,-2.3344
8/1/2024 4:15,CKBUSDT,0.0369,-2.2975
8/1/2024 4:15,LQTYUSDT,0.0473,-2.2502
8/1/2024 4:15,FLMUSDT,0.0472,-2.203
8/1/2024 4:15,RDNTUSDT,-0.0217,-2.2247
8/1/2024 4:15,JUPUSDT,-0.0273,-2.252
8/1/2024 4:15,ACHUSDT,-0.0218,-2.2738
8/1/2024 4:15,XTZUSDT,0.0382,-2.2356
8/1/2024 4:15,RLCUSDT,0.0393,-2.1963
8/1/2024 4:15,MINAUSDT,-0.0259,-2.2222
8/1/2024 4:15,GALAUSDT,-0.0286,-2.2508
8/1/2024 4:15,C98USDT,0.0356,-2.2152
8/1/2024 4:15,ORDIUSDT,0.0475,-2.1677
8/1/2024 4:15,LUNA2USDT,0.0303,-2.1374
8/1/2024 4:15,CYBERUSDT,0.0426,-2.0948
8/1/2024 4:15,ZILUSDT,0.0379,-2.0569
8/1/2024 4:15,ATAUSDT,0.0383,-2.0186
8/1/2024 4:15,FILUSDT,-0.0208,-2.0394
8/1/2024 4:15,ARBUSDT,0.0408,-1.9986
8/1/2024 4:30,ARKUSDT,0.0413,-1.9573
8/1/2024 4:30,MKRUSDT,-0.0219,-1.9792
8/1/2024 11:00,CRVUSDT,-0.0355,-2.0147
8/1/2024 11:30,QNTUSDT,0.0382,-1.9765
8/1/2024 14:00,STMXUSDT,0.0221,-1.9544
8/1/2024 18:00,XMRUSDT,-0.0203,-1.9747
8/2/2024 1:00,ARKUSDT,-0.0228,-1.9975
8/2/2024 5:00,MKRUSDT,0.0484,-1.9491
8/2/2024 5:00,USTCUSDT,0.0458,-1.9033
8/2/2024 5:30,WAXPUSDT,-0.0217,-1.925
8/2/2024 5:30,MINAUSDT,-0.0208,-1.9458
8/2/2024 5:30,TONUSDT,-0.0291,-1.9749
8/2/2024 5:45,STEEMUSDT,-0.0213,-1.9962
8/2/2024 5:45,HIFIUSDT,-0.0245,-2.0207
8/2/2024 5:45,GMTUSDT,-0.0249,-2.0456
8/2/2024 7:45,GRTUSDT,-0.0227,-2.0683
8/2/2024 10:00,QNTUSDT,0.048,-2.0203
8/2/2024 10:00,NOTUSDT,-0.023,-2.0433
8/2/2024 12:30,RENDERUSDT,-0.0256,-2.0689
8/2/2024 13:45,MKRUSDT,0.0489,-2.02
8/2/2024 17:45,STMXUSDT,-0.0215,-2.0415
8/2/2024 21:00,SKLUSDT,0.0457,-1.9958
8/2/2024 21:00,EGLDUSDT,-0.0219,-2.0177
8/2/2024 21:00,BSVUSDT,-0.0276,-2.0453
8/2/2024 21:00,IMXUSDT,0.0446,-2.0007
8/2/2024 21:00,ETHWUSDT,-0.0222,-2.0229
8/2/2024 21:00,C98USDT,0.0444,-1.9785
8/2/2024 23:30,BLZUSDT,-0.0201,-1.9986
8/3/2024 0:15,BEAMXUSDT,0.049,-1.9496
8/3/2024 0:15,XMRUSDT,-0.0205,-1.9701
8/3/2024 0:30,1000SHIBUSDT,0.0474,-1.9227
8/3/2024 0:30,PORTALUSDT,-0.0218,-1.9445
8/3/2024 0:30,POWRUSDT,-0.0241,-1.9686
8/3/2024 0:30,BELUSDT,0.0431,-1.9255
8/3/2024 0:30,MOVRUSDT,-0.0211,-1.9466
8/3/2024 0:45,RONINUSDT,-0.0252,-1.9718
8/3/2024 0:45,SSVUSDT,-0.0305,-2.0023
8/3/2024 0:45,QTUMUSDT,0.046,-1.9563
8/3/2024 0:45,XVGUSDT,-0.0235,-1.9798
8/3/2024 0:45,GMXUSDT,-0.0214,-2.0012
8/3/2024 0:45,NEARUSDT,-0.0233,-2.0245
8/3/2024 0:45,KEYUSDT,-0.0202,-2.0447
8/3/2024 0:45,BNTUSDT,-0.0234,-2.0681
8/3/2024 0:45,WAXPUSDT,0.0443,-2.0238
8/3/2024 0:45,NTRNUSDT,0.0482,-1.9756
8/3/2024 0:45,ILVUSDT,-0.0247,-2.0003
8/3/2024 0:45,KAVAUSDT,-0.024,-2.0243
8/3/2024 0:45,RDNTUSDT,0.0484,-1.9759
8/3/2024 0:45,ANKRUSDT,0.0412,-1.9347
8/3/2024 0:45,THETAUSDT,-0.0238,-1.9585
8/3/2024 0:45,C98USDT,-0.02,-1.9785
8/3/2024 0:45,STRKUSDT,-0.023,-2.0015
8/3/2024 11:15,SFPUSDT,-0.024,-2.0255
8/3/2024 12:15,LTCUSDT,-0.0296,-2.0551
8/3/2024 12:15,ZROUSDT,-0.0341,-2.0892
8/3/2024 12:15,LINKUSDT,-0.0211,-2.1103
8/3/2024 14:45,IOSTUSDT,0.0479,-2.0624
8/3/2024 15:15,SNXUSDT,0.0391,-2.0233
8/3/2024 21:00,ETHUSDT,-0.0207,-2.044
8/3/2024 22:15,OMUSDT,-0.0205,-2.0645
8/3/2024 22:15,OGNUSDT,-0.0223,-2.0868
8/4/2024 0:00,MKRUSDT,0.0487,-2.0381
8/4/2024 5:45,TRXUSDT,0.0451,-1.993
8/4/2024 7:30,ENSUSDT,0.0373,-1.9557
8/4/2024 10:00,NEOUSDT,-0.0202,-1.9759
8/4/2024 12:00,ATOMUSDT,0.048,-1.9279
8/4/2024 12:45,BELUSDT,-0.0272,-1.9551
8/4/2024 13:00,1000SATSUSDT,0.0455,-1.9096
8/4/2024 13:00,ATOMUSDT,-0.0248,-1.9344
8/4/2024 14:00,UNIUSDT,0.0423,-1.8921
8/4/2024 14:00,ZROUSDT,0.0119,-1.8802
8/4/2024 16:45,XRPUSDT,-0.0257,-1.9059
8/5/2024 23:00,ORBSUSDT,-0.021,-1.9269
8/6/2024 0:00,UNIUSDT,0.0424,-1.8845
8/6/2024 0:00,HIFIUSDT,0.02,-1.8645
8/6/2024 0:15,XLMUSDT,0.0366,-1.8279
8/6/2024 7:30,RUNEUSDT,-0.0231,-1.851
8/6/2024 7:30,PYTHUSDT,-0.0227,-1.8737
8/6/2024 7:30,ADAUSDT,-0.0211,-1.8948
8/6/2024 7:45,ENAUSDT,-0.0204,-1.9152
8/6/2024 7:45,ASTRUSDT,-0.0206,-1.9358
8/6/2024 7:45,MAVUSDT,-0.0229,-1.9587
8/6/2024 7:45,NTRNUSDT,-0.0249,-1.9836
8/6/2024 7:45,ARPAUSDT,-0.02,-2.0036
8/6/2024 7:45,API3USDT,-0.02,-2.0236
8/6/2024 7:45,MOVRUSDT,-0.0214,-2.045
8/6/2024 7:45,BANDUSDT,-0.0205,-2.0655
8/6/2024 7:45,ATOMUSDT,-0.0226,-2.0881
8/6/2024 7:45,C98USDT,-0.0225,-2.1106
8/6/2024 12:30,ETHUSDT,-0.0221,-2.1327
8/6/2024 12:30,MKRUSDT,-0.0208,-2.1535
8/6/2024 12:45,NEARUSDT,-0.0274,-2.1809
8/6/2024 12:45,1000XECUSDT,-0.0223,-2.2032
8/6/2024 16:00,VETUSDT,-0.0229,-2.2261
8/6/2024 18:00,YFIUSDT,-0.0203,-2.2464
8/6/2024 18:00,RVNUSDT,-0.021,-2.2674
8/6/2024 19:30,SEIUSDT,-0.02,-2.2874
8/6/2024 21:30,SFPUSDT,0.047,-2.2404
8/6/2024 22:00,POWRUSDT,-0.0298,-2.2702
8/6/2024 22:15,BANDUSDT,-0.0281,-2.2983
8/6/2024 23:30,BONDUSDT,-0.022,-2.3203
8/6/2024 23:30,ZETAUSDT,-0.0248,-2.3451
8/7/2024 4:15,QNTUSDT,-0.0265,-2.3716
8/7/2024 5:15,OXTUSDT,0.0471,-2.3245
8/7/2024 7:15,LOOMUSDT,-0.0209,-2.3454
8/7/2024 8:45,ALGOUSDT,-0.02,-2.3654
8/7/2024 10:15,ENSUSDT,-0.0234,-2.3888
8/7/2024 11:00,LDOUSDT,0.0479,-2.3409
8/7/2024 14:00,STMXUSDT,0.0448,-2.2961
8/7/2024 14:00,TONUSDT,0.0448,-2.2513
8/7/2024 14:15,UMAUSDT,0.0352,-2.2161
8/7/2024 14:15,RDNTUSDT,-0.0345,-2.2506
8/7/2024 18:15,XVGUSDT,-0.0223,-2.2729
8/7/2024 18:30,QNTUSDT,-0.0213,-2.2942
8/7/2024 18:30,FTMUSDT,-0.0207,-2.3149
8/7/2024 18:30,EDUUSDT,-0.02,-2.3349
8/7/2024 18:30,SKLUSDT,0.042,-2.2929
8/7/2024 18:30,1000SHIBUSDT,-0.0246,-2.3175
8/7/2024 18:30,IOTXUSDT,-0.0211,-2.3386
8/7/2024 18:30,DOGEUSDT,-0.0222,-2.3608
8/7/2024 20:30,LISTAUSDT,-0.0214,-2.3822
8/7/2024 20:30,SKLUSDT,-0.0328,-2.415
8/7/2024 20:30,GMXUSDT,-0.0213,-2.4363
8/7/2024 20:30,XEMUSDT,-0.0251,-2.4614
8/7/2024 22:15,DUSKUSDT,-0.0233,-2.4847
8/7/2024 22:15,ENJUSDT,-0.028,-2.5127
8/7/2024 22:15,WAXPUSDT,-0.0224,-2.5351
8/7/2024 22:15,ZETAUSDT,-0.0205,-2.5556
8/8/2024 0:15,1INCHUSDT,-0.023,-2.5786
8/8/2024 0:15,GMTUSDT,-0.0206,-2.5992
8/8/2024 0:15,METISUSDT,-0.0276,-2.6268
8/8/2024 0:15,ARPAUSDT,-0.0221,-2.6489
8/8/2024 0:15,AVAXUSDT,-0.0215,-2.6704
8/8/2024 4:30,APTUSDT,-0.0242,-2.6946
8/8/2024 5:15,AEVOUSDT,-0.0212,-2.7158
8/8/2024 5:15,TONUSDT,0.0435,-2.6723
8/8/2024 5:30,JOEUSDT,0.0482,-2.6241
8/8/2024 5:30,MAVUSDT,-0.0221,-2.6462
8/8/2024 5:30,CKBUSDT,0.0425,-2.6037
8/8/2024 5:30,FILUSDT,-0.0215,-2.6252
8/8/2024 6:00,UNIUSDT,-0.0215,-2.6467
8/8/2024 6:00,IOSTUSDT,-0.0225,-2.6692
8/8/2024 8:30,MKRUSDT,0.0489,-2.6203
8/8/2024 9:00,STORJUSDT,-0.0249,-2.6452
8/8/2024 9:30,AAVEUSDT,-0.0451,-2.6903
8/8/2024 9:30,XMRUSDT,0.0464,-2.6439
8/8/2024 11:45,AIUSDT,-0.022,-2.6659
8/8/2024 12:30,LINKUSDT,0.0291,-2.6368
8/8/2024 16:00,CHRUSDT,-0.0236,-2.6604
8/8/2024 16:00,AIUSDT,0.0471,-2.6133
8/8/2024 16:00,COMPUSDT,0.046,-2.5673
8/8/2024 16:00,DYMUSDT,0.0401,-2.5272
8/8/2024 16:00,METISUSDT,0.0347,-2.4925
8/8/2024 16:00,FXSUSDT,0.045,-2.4475
8/8/2024 16:00,CKBUSDT,0.0342,-2.4133
8/8/2024 16:00,BAKEUSDT,0.036,-2.3773
8/8/2024 16:00,ACHUSDT,-0.0232,-2.4005
8/8/2024 16:00,ALPHAUSDT,-0.0287,-2.4292
8/8/2024 17:45,DENTUSDT,0.0279,-2.4013
8/8/2024 18:15,SUIUSDT,0.0436,-2.3577
8/8/2024 19:00,ZECUSDT,0.0472,-2.3105
8/8/2024 20:00,HBARUSDT,0.0447,-2.2658
8/8/2024 20:15,ENJUSDT,0.0494,-2.2164
8/8/2024 21:15,ICXUSDT,-0.0225,-2.2389
8/8/2024 21:30,STXUSDT,0.0499,-2.189
8/8/2024 21:30,HIFIUSDT,0.0485,-2.1405
8/8/2024 21:30,IMXUSDT,0.0454,-2.0951
8/8/2024 21:30,KLAYUSDT,0.0419,-2.0532
8/8/2024 21:30,LEVERUSDT,0.0455,-2.0077
8/8/2024 21:30,MINAUSDT,0.0435,-1.9642
8/8/2024 21:30,ARBUSDT,0.0494,-1.9148
8/8/2024 21:45,XVGUSDT,0.0371,-1.8777
8/8/2024 21:45,MKRUSDT,0.039,-1.8387
8/8/2024 22:45,BSVUSDT,-0.0349,-1.8736
8/9/2024 2:00,KAVAUSDT,-0.0206,-1.8942
8/9/2024 4:30,GALAUSDT,-0.02,-1.9142
8/9/2024 5:30,ZECUSDT,-0.026,-1.9402
8/9/2024 9:30,BSVUSDT,-0.0244,-1.9646
8/9/2024 10:15,JASMYUSDT,-0.0221,-1.9867
8/9/2024 12:15,CAKEUSDT,-0.0209,-2.0076
8/9/2024 12:15,SOLUSDT,-0.0222,-2.0298
8/9/2024 12:30,OMUSDT,-0.0225,-2.0523
8/9/2024 13:15,JUPUSDT,-0.0202,-2.0725
8/9/2024 13:30,ONEUSDT,-0.0264,-2.0989
8/9/2024 13:30,THETAUSDT,-0.0265,-2.1254
8/9/2024 13:30,AVAXUSDT,-0.0215,-2.1469
8/9/2024 13:30,ACHUSDT,-0.0237,-2.1706
8/9/2024 13:45,QNTUSDT,0.0457,-2.1249
8/9/2024 15:45,CYBERUSDT,-0.0215,-2.1464
8/9/2024 16:15,STORJUSDT,-0.0203,-2.1667
8/9/2024 19:00,ZETAUSDT,-0.0281,-2.1948
8/9/2024 21:00,STGUSDT,-0.025,-2.2198
8/9/2024 21:00,DENTUSDT,-0.0218,-2.2416
8/9/2024 21:00,STORJUSDT,-0.02,-2.2616
8/9/2024 21:00,LEVERUSDT,-0.0277,-2.2893
8/9/2024 21:00,MAVIAUSDT,-0.0256,-2.3149
8/9/2024 21:45,BATUSDT,0.0382,-2.2767
8/9/2024 23:30,XAIUSDT,-0.02,-2.2967
8/9/2024 23:45,LQTYUSDT,-0.0205,-2.3172
8/10/2024 0:15,APEUSDT,-0.0213,-2.3385
8/10/2024 3:00,HOTUSDT,-0.02,-2.3585
8/10/2024 3:15,RENDERUSDT,-0.0222,-2.3807
8/10/2024 4:30,HOTUSDT,-0.038,-2.4187
8/10/2024 4:45,ACEUSDT,-0.0212,-2.4399
8/10/2024 6:00,BTCDOMUSDT,-0.0222,-2.4621
8/10/2024 7:00,AMBUSDT,0.0395,-2.4226
8/10/2024 8:15,BIGTIMEUSDT,0.0426,-2.38
8/10/2024 8:30,JTOUSDT,-0.0204,-2.4004
8/10/2024 9:00,ETHFIUSDT,-0.0209,-2.4213
8/10/2024 9:00,RENUSDT,0.0453,-2.376
8/10/2024 9:15,ONGUSDT,0.0476,-2.3284
8/10/2024 9:15,METISUSDT,-0.0217,-2.3501
8/10/2024 9:30,ENJUSDT,-0.0231,-2.3732
8/10/2024 9:30,QNTUSDT,0.0451,-2.3281
8/10/2024 9:30,NMRUSDT,-0.021,-2.3491
8/10/2024 9:30,MANAUSDT,0.0245,-2.3246
8/10/2024 9:30,UNIUSDT,0.0468,-2.2778
8/10/2024 9:30,PORTALUSDT,-0.0232,-2.301
8/10/2024 9:30,1000XECUSDT,-0.0209,-2.3219
8/10/2024 9:30,EOSUSDT,0.05,-2.2719
8/10/2024 9:30,ROSEUSDT,0.044,-2.2279
8/10/2024 9:30,PYTHUSDT,0.0331,-2.1948
8/10/2024 9:30,ACHUSDT,0.0477,-2.1471
8/10/2024 9:30,AEVOUSDT,0.0448,-2.1023
8/10/2024 9:30,KSMUSDT,0.0479,-2.0544
8/10/2024 9:30,1000LUNCUSDT,0.0454,-2.009
8/10/2024 10:00,ICXUSDT,-0.0259,-2.0349
8/10/2024 10:30,POWRUSDT,-0.02,-2.0549
8/10/2024 10:30,RVNUSDT,0.05,-2.0049
8/10/2024 10:45,DUSKUSDT,-0.0208,-2.0257
8/10/2024 10:45,GMXUSDT,-0.0223,-2.048
8/10/2024 10:45,XEMUSDT,-0.02,-2.068
8/10/2024 11:00,LISTAUSDT,-0.02,-2.088
8/10/2024 11:00,KSMUSDT,0.046,-2.042
8/10/2024 11:15,UNIUSDT,0.0473,-1.9947
8/10/2024 11:15,ALICEUSDT,0.0409,-1.9538
8/10/2024 11:45,C98USDT,-0.0215,-1.9753
8/10/2024 13:15,CRVUSDT,-0.0397,-2.015
8/10/2024 13:15,ZENUSDT,-0.0248,-2.0398
8/10/2024 13:30,MINAUSDT,0.0474,-1.9924
8/10/2024 14:30,ASTRUSDT,0.0491,-1.9433
8/10/2024 14:30,BONDUSDT,-0.0294,-1.9727
8/10/2024 15:45,TAOUSDT,-0.0246,-1.9973
8/10/2024 15:45,ENSUSDT,-0.0229,-2.0202
8/10/2024 15:45,ARUSDT,-0.0233,-2.0435
8/10/2024 15:45,MKRUSDT,-0.0297,-2.0732
8/10/2024 16:15,CELRUSDT,-0.0222,-2.0954
8/10/2024 16:30,NKNUSDT,0.0495,-2.0459
8/10/2024 16:30,AXSUSDT,-0.0266,-2.0725
8/10/2024 16:45,BEAMXUSDT,0.0488,-2.0237
8/10/2024 17:00,RONINUSDT,0.0495,-1.9742
8/10/2024 17:00,ONEUSDT,-0.0266,-2.0008
8/10/2024 17:30,ARUSDT,-0.0225,-2.0233
8/10/2024 17:30,RIFUSDT,-0.0229,-2.0462
8/10/2024 17:45,MASKUSDT,0.0467,-1.9995
8/10/2024 17:45,AXLUSDT,0.0401,-1.9594
8/10/2024 17:45,LITUSDT,0.0466,-1.9128
8/10/2024 17:45,ONGUSDT,0.0483,-1.8645
8/10/2024 17:45,NKNUSDT,0.0391,-1.8254
8/10/2024 17:45,EOSUSDT,-0.0249,-1.8503
8/10/2024 17:45,DODOXUSDT,-0.0206,-1.8709
8/10/2024 18:00,GMTUSDT,-0.0221,-1.893
8/10/2024 18:00,AGLDUSDT,0.05,-1.843
8/10/2024 18:00,CELRUSDT,-0.0274,-1.8704
8/10/2024 18:00,ALGOUSDT,0.0475,-1.8229
8/10/2024 18:00,OGNUSDT,-0.0222,-1.8451
8/10/2024 18:00,VETUSDT,0.0463,-1.7988
8/10/2024 18:45,AAVEUSDT,-0.0219,-1.8207
8/10/2024 18:45,MKRUSDT,-0.0209,-1.8416
8/10/2024 19:30,IDUSDT,0.0469,-1.7947
8/10/2024 19:30,ONEUSDT,-0.02,-1.8147
8/10/2024 19:30,AXSUSDT,-0.0248,-1.8395
8/10/2024 19:30,ALGOUSDT,0.0419,-1.7976
8/10/2024 20:00,BICOUSDT,-0.0211,-1.8187
8/10/2024 20:15,SFPUSDT,0.0493,-1.7694
8/10/2024 20:45,UMAUSDT,0.0449,-1.7245
8/10/2024 21:00,AIUSDT,-0.0227,-1.7472
8/10/2024 21:00,STXUSDT,-0.0327,-1.7799
8/10/2024 21:00,LPTUSDT,0.0409,-1.739
8/10/2024 21:00,RENDERUSDT,0.0404,-1.6986
8/10/2024 21:00,METISUSDT,-0.0242,-1.7228
8/10/2024 21:00,ARKMUSDT,0.0474,-1.6754
8/10/2024 21:00,KNCUSDT,-0.0281,-1.7035
8/10/2024 21:00,AXSUSDT,-0.0222,-1.7257
8/10/2024 21:00,BADGERUSDT,-0.0205,-1.7462
8/10/2024 21:00,LEVERUSDT,-0.0228,-1.769
8/10/2024 21:00,ALGOUSDT,-0.0216,-1.7906
8/10/2024 21:00,KSMUSDT,-0.0233,-1.8139
8/10/2024 21:00,ZRXUSDT,0.0468,-1.7671
8/10/2024 21:15,1INCHUSDT,-0.0218,-1.7889
8/10/2024 21:15,NTRNUSDT,-0.0333,-1.8222
8/10/2024 21:30,CELRUSDT,-0.0225,-1.8447
8/10/2024 22:15,SFPUSDT,-0.0274,-1.8721
8/10/2024 22:30,DASHUSDT,0.0407,-1.8314
8/11/2024 0:00,XVSUSDT,0.0399,-1.7915
8/11/2024 0:00,BANDUSDT,-0.0209,-1.8124
8/11/2024 0:15,UMAUSDT,-0.0215,-1.8339
8/11/2024 1:45,CAKEUSDT,0.0465,-1.7874
8/11/2024 2:00,MEMEUSDT,0.0451,-1.7423
8/11/2024 2:45,OMUSDT,-0.022,-1.7643
8/11/2024 3:00,CAKEUSDT,0.0337,-1.7306
8/11/2024 3:00,BOMEUSDT,-0.0239,-1.7545
8/11/2024 3:15,WOOUSDT,-0.0268,-1.7813
8/11/2024 3:15,OMGUSDT,0.0421,-1.7392
8/11/2024 3:15,COMPUSDT,0.0483,-1.6909
8/11/2024 3:15,OMNIUSDT,-0.0263,-1.7172
8/11/2024 3:15,PENDLEUSDT,0.0347,-1.6825
8/11/2024 3:15,SOLUSDT,0.026,-1.6565
8/11/2024 3:15,BANDUSDT,-0.0244,-1.6809
8/11/2024 3:15,JASMYUSDT,-0.0262,-1.7071
8/11/2024 3:15,GALAUSDT,-0.0231,-1.7302
8/11/2024 5:15,ARKUSDT,-0.0216,-1.7518
8/11/2024 5:45,OMNIUSDT,-0.0214,-1.7732
8/11/2024 5:45,XVSUSDT,-0.0257,-1.7989
8/11/2024 6:00,GMXUSDT,0.0468,-1.7521
8/11/2024 6:00,RUNEUSDT,-0.022,-1.7741
8/11/2024 6:15,REZUSDT,-0.0204,-1.7945
8/11/2024 6:45,DUSKUSDT,0.0396,-1.7549
8/11/2024 6:45,COMPUSDT,0.0495,-1.7054
8/11/2024 7:00,CAKEUSDT,-0.0266,-1.732
8/11/2024 7:00,QNTUSDT,0.0427,-1.6893
8/11/2024 7:00,RSRUSDT,0.0281,-1.6612
8/11/2024 7:15,RENUSDT,0.0455,-1.6157
8/11/2024 7:30,MOVRUSDT,0.0429,-1.5728
8/11/2024 8:15,ASTRUSDT,0.0191,-1.5537
8/11/2024 9:00,JOEUSDT,-0.0214,-1.5751
8/11/2024 9:15,HIGHUSDT,-0.0244,-1.5995
8/11/2024 14:15,SAGAUSDT,0.0489,-1.5506
8/11/2024 14:15,BANDUSDT,0.05,-1.5006
8/11/2024 14:30,SFPUSDT,-0.021,-1.5216
8/11/2024 14:45,ENJUSDT,0.0369,-1.4847
8/11/2024 14:45,BALUSDT,0.0476,-1.4371
8/11/2024 14:45,CHRUSDT,0.0438,-1.3933
8/11/2024 14:45,IOTAUSDT,0.0474,-1.3459
8/11/2024 14:45,BEAMXUSDT,0.0473,-1.2986
8/11/2024 14:45,1000BONKUSDT,0.0447,-1.2539
8/11/2024 14:45,ONEUSDT,0.0419,-1.212
8/11/2024 14:45,RENDERUSDT,0.0493,-1.1627
8/11/2024 14:45,METISUSDT,0.0448,-1.1179
8/11/2024 14:45,CFXUSDT,0.0466,-1.0713
8/11/2024 14:45,SXPUSDT,0.0472,-1.0241
8/11/2024 14:45,KNCUSDT,0.0474,-0.9767
8/11/2024 14:45,ARPAUSDT,0.0489,-0.9278
8/11/2024 14:45,ETHWUSDT,0.0484,-0.8794
8/11/2024 14:45,EOSUSDT,0.0468,-0.8326
8/11/2024 14:45,ROSEUSDT,0.0328,-0.7998
8/11/2024 14:45,ONTUSDT,0.0465,-0.7533
8/11/2024 14:45,ZROUSDT,0.0457,-0.7076
8/11/2024 14:45,LOOMUSDT,0.05,-0.6576
8/11/2024 14:45,MKRUSDT,0.0468,-0.6108
8/11/2024 14:45,ACHUSDT,0.0436,-0.5672
8/11/2024 14:45,AEVOUSDT,0.0446,-0.5226
8/11/2024 14:45,OXTUSDT,-0.0296,-0.5522
8/11/2024 14:45,COTIUSDT,0.049,-0.5032
8/11/2024 14:45,CTSIUSDT,0.0227,-0.4805
8/11/2024 14:45,ZILUSDT,0.0466,-0.4339
8/11/2024 14:45,LRCUSDT,0.0483,-0.3856
8/11/2024 14:45,ARBUSDT,0.0342,-0.3514
8/11/2024 15:00,ONGUSDT,-0.022,-0.3734
8/11/2024 17:15,GASUSDT,0.0489,-0.3245
8/11/2024 18:15,GRTUSDT,0.0489,-0.2756
8/11/2024 18:15,SOLUSDT,0.0425,-0.2331
8/11/2024 18:15,JUPUSDT,0.0483,-0.1848
8/11/2024 19:00,APEUSDT,0.0454,-0.1394
8/11/2024 19:00,BBUSDT,0.0437,-0.0957
8/11/2024 19:00,CHZUSDT,0.0469,-0.0488
8/11/2024 19:00,NFPUSDT,0.0426,-0.0062
8/11/2024 19:00,ICPUSDT,0.0424,0.0362
8/11/2024 19:00,OPUSDT,0.0477,0.0839
8/11/2024 19:00,COMPUSDT,0.0444,0.1283
8/11/2024 19:00,TIAUSDT,0.0453,0.1736
8/11/2024 19:00,PORTALUSDT,0.044,0.2176
8/11/2024 19:00,MEMEUSDT,0.0486,0.2662
8/11/2024 19:00,ONEUSDT,0.0448,0.311
8/11/2024 19:00,BSVUSDT,0.0473,0.3583
8/11/2024 19:00,API3USDT,0.0456,0.4039
8/11/2024 19:00,LDOUSDT,-0.0229,0.381
8/11/2024 19:00,LOOMUSDT,0.0454,0.4264
8/11/2024 19:00,SANDUSDT,0.0423,0.4687
8/11/2024 19:00,GALAUSDT,0.038,0.5067
8/11/2024 19:15,XVGUSDT,0.0417,0.5484
8/11/2024 19:15,SNXUSDT,0.0399,0.5883
8/11/2024 19:15,MAGICUSDT,-0.0301,0.5582
8/11/2024 19:15,REZUSDT,-0.0299,0.5283
8/11/2024 19:15,HOOKUSDT,-0.0272,0.5011
8/11/2024 19:15,CKBUSDT,0.0367,0.5378
8/11/2024 19:15,IOUSDT,0.0448,0.5826
8/11/2024 19:15,FLMUSDT,0.0393,0.6219
8/11/2024 19:15,RIFUSDT,0.0367,0.6586
8/11/2024 19:15,FILUSDT,0.0328,0.6914
8/11/2024 22:00,LRCUSDT,-0.0219,0.6695
8/11/2024 22:15,APEUSDT,-0.0216,0.6479
8/11/2024 22:15,IDUSDT,-0.0206,0.6273
8/11/2024 22:15,BOMEUSDT,-0.0213,0.606
8/11/2024 22:15,ICPUSDT,-0.0224,0.5836
8/11/2024 22:15,HIGHUSDT,-0.0204,0.5632
8/11/2024 22:15,SNXUSDT,-0.0228,0.5404
8/11/2024 22:15,GASUSDT,-0.0204,0.52
8/11/2024 22:15,TIAUSDT,-0.0258,0.4942
8/11/2024 22:15,OMNIUSDT,-0.0258,0.4684
8/11/2024 22:15,DYMUSDT,-0.0231,0.4453
8/11/2024 22:15,XRPUSDT,-0.0227,0.4226
8/11/2024 22:15,MTLUSDT,-0.0203,0.4023
8/11/2024 22:15,RSRUSDT,-0.0204,0.3819
8/11/2024 22:15,DEFIUSDT,-0.0223,0.3596
8/11/2024 22:15,NTRNUSDT,-0.0246,0.335
8/11/2024 22:15,MEWUSDT,-0.0247,0.3103
8/11/2024 22:15,SUPERUSDT,-0.0209,0.2894
8/11/2024 22:15,ICXUSDT,-0.0302,0.2592
8/11/2024 22:15,TRBUSDT,-0.0237,0.2355
8/11/2024 22:15,ARKMUSDT,-0.0203,0.2152
8/11/2024 22:15,ARPAUSDT,-0.0282,0.187
8/11/2024 22:15,REEFUSDT,-0.0212,0.1658
8/11/2024 22:15,IOUSDT,-0.02,0.1458
8/11/2024 22:15,TNSRUSDT,-0.0253,0.1205
8/11/2024 22:15,SUSHIUSDT,-0.0264,0.0941
8/11/2024 22:15,RENUSDT,-0.0227,0.0714
8/11/2024 22:15,ZKUSDT,-0.0219,0.0495
8/11/2024 22:15,TLMUSDT,-0.0205,0.029
8/11/2024 22:15,MANTAUSDT,-0.0228,0.0062
8/11/2024 22:15,RLCUSDT,-0.0219,-0.0157
8/11/2024 22:15,NOTUSDT,-0.021,-0.0367
8/11/2024 22:15,ZRXUSDT,-0.0253,-0.062
8/11/2024 22:15,LUNA2USDT,-0.0223,-0.0843
8/11/2024 22:15,VETUSDT,-0.0244,-0.1087
8/12/2024 0:00,SUPERUSDT,-0.0211,-0.1298
8/12/2024 2:00,QNTUSDT,-0.0221,-0.1519
8/12/2024 4:00,TONUSDT,-0.0273,-0.1792
8/12/2024 6:30,STMXUSDT,-0.0229,-0.2021
8/12/2024 10:15,DUSKUSDT,0.0459,-0.1562
8/12/2024 10:15,FTMUSDT,0.0343,-0.1219
8/12/2024 10:15,FETUSDT,0.0483,-0.0736
8/12/2024 10:15,PORTALUSDT,0.0333,-0.0403
8/12/2024 10:15,IOTXUSDT,0.0423,0.002
8/12/2024 10:15,DEFIUSDT,-0.0209,-0.0189
8/12/2024 10:15,ONTUSDT,0.0423,0.0234
8/12/2024 10:15,PYTHUSDT,0.0371,0.0605
8/12/2024 10:15,THETAUSDT,0.0437,0.1042
8/12/2024 10:15,DYDXUSDT,0.0421,0.1463
8/12/2024 10:15,MANTAUSDT,0.0299,0.1762
8/12/2024 10:15,XTZUSDT,0.0459,0.2221
8/12/2024 21:00,GASUSDT,-0.0232,0.1989
8/12/2024 21:00,WAXPUSDT,-0.0224,0.1765
8/12/2024 21:00,ONGUSDT,-0.0204,0.1561
8/12/2024 21:00,HBARUSDT,-0.0218,0.1343
8/12/2024 21:00,COMBOUSDT,-0.0232,0.1111
8/12/2024 21:00,STORJUSDT,-0.0248,0.0863
8/12/2024 23:30,BCHUSDT,-0.0446,0.0417
8/13/2024 4:30,DASHUSDT,-0.0246,0.0171
8/13/2024 5:45,SUIUSDT,-0.0216,-0.0045
8/13/2024 8:15,DOTUSDT,-0.0226,-0.0271
8/13/2024 9:30,HBARUSDT,-0.0214,-0.0485
8/13/2024 12:15,COMPUSDT,-0.02,-0.0685
8/13/2024 13:15,TOKENUSDT,-0.0207,-0.0892
8/13/2024 14:15,SFPUSDT,0.0395,-0.0497
8/13/2024 16:00,BATUSDT,-0.0342,-0.0839
8/13/2024 16:00,QTUMUSDT,0.0477,-0.0362
8/13/2024 16:00,IOSTUSDT,-0.0223,-0.0585
8/13/2024 16:00,UMAUSDT,-0.034,-0.0925
8/13/2024 16:00,RLCUSDT,0.0476,-0.0449
8/13/2024 16:00,OGNUSDT,0.0337,-0.0112
8/13/2024 16:15,DUSKUSDT,0.0458,0.0346
8/13/2024 16:15,HIGHUSDT,0.0449,0.0795
8/13/2024 16:15,MTLUSDT,0.0493,0.1288
8/13/2024 16:15,ALPHAUSDT,0.0455,0.1743
8/13/2024 16:45,XVSUSDT,-0.0233,0.151
8/13/2024 20:15,SFPUSDT,-0.0307,0.1203
8/13/2024 21:00,PERPUSDT,0.0465,0.1668
8/13/2024 21:30,HFTUSDT,-0.0272,0.1396
8/13/2024 21:30,1INCHUSDT,0.0472,0.1868
8/13/2024 21:30,KNCUSDT,-0.0222,0.1646
8/13/2024 21:30,TONUSDT,-0.0217,0.1429
8/13/2024 22:00,RUNEUSDT,-0.0234,0.1195
8/13/2024 23:45,IMXUSDT,-0.0213,0.0982
8/14/2024 0:45,BBUSDT,-0.0224,0.0758
8/14/2024 5:45,MAVIAUSDT,-0.0209,0.0549
8/14/2024 6:15,HOOKUSDT,-0.022,0.0329
8/14/2024 8:15,SKLUSDT,-0.0215,0.0114
8/14/2024 9:45,SXPUSDT,-0.0225,-0.0111
8/14/2024 9:45,LQTYUSDT,-0.0262,-0.0373
8/14/2024 11:45,ARKMUSDT,-0.0217,-0.059
8/14/2024 12:15,CAKEUSDT,-0.0255,-0.0845
8/14/2024 12:15,1000FLOKIUSDT,-0.0225,-0.107
8/14/2024 12:15,ETHUSDT,-0.0228,-0.1298
8/14/2024 12:15,YFIUSDT,-0.0314,-0.1612
8/14/2024 12:15,ALICEUSDT,-0.02,-0.1812
8/14/2024 12:15,AVAXUSDT,-0.0253,-0.2065
8/14/2024 12:15,ADAUSDT,-0.0223,-0.2288
8/14/2024 12:30,HIGHUSDT,-0.0249,-0.2537
8/14/2024 12:45,NTRNUSDT,-0.0265,-0.2802
8/14/2024 16:30,MKRUSDT,0.0445,-0.2357
8/14/2024 18:30,TIAUSDT,0.0414,-0.1943
8/14/2024 18:30,1INCHUSDT,0.0487,-0.1456
8/14/2024 18:30,BEAMXUSDT,-0.0209,-0.1665
8/14/2024 18:30,NEOUSDT,0.049,-0.1175
8/14/2024 18:30,LQTYUSDT,-0.0214,-0.1389
8/14/2024 18:45,EDUUSDT,0.0475,-0.0914
8/14/2024 19:00,SUSHIUSDT,-0.0251,-0.1165
8/14/2024 19:00,GALAUSDT,-0.0218,-0.1383
8/14/2024 20:15,IOTAUSDT,-0.0245,-0.1628
8/14/2024 21:30,TIAUSDT,0.0498,-0.113
8/14/2024 21:45,WOOUSDT,-0.0215,-0.1345
8/14/2024 21:45,JUPUSDT,-0.0231,-0.1576
8/14/2024 22:00,STXUSDT,-0.024,-0.1816
8/14/2024 22:00,FETUSDT,-0.0276,-0.2092
8/14/2024 22:00,BEAMXUSDT,-0.0203,-0.2295
8/14/2024 22:00,1000FLOKIUSDT,-0.0216,-0.2511
8/14/2024 22:00,NEOUSDT,-0.0205,-0.2716
8/14/2024 22:00,CKBUSDT,-0.0272,-0.2988
8/14/2024 22:00,TURBOUSDT,-0.0329,-0.3317
8/14/2024 22:00,NOTUSDT,-0.0352,-0.3669
8/15/2024 0:00,ZECUSDT,-0.0269,-0.3938
8/15/2024 1:00,STXUSDT,-0.0248,-0.4186
8/15/2024 1:15,XMRUSDT,0.0457,-0.3729
8/15/2024 2:30,TRXUSDT,-0.0308,-0.4037
8/15/2024 3:45,BBUSDT,-0.0218,-0.4255
8/15/2024 4:00,ONDOUSDT,-0.0217,-0.4472
8/15/2024 4:15,TONUSDT,0.0461,-0.4011
8/15/2024 7:15,ACHUSDT,-0.0221,-0.4232
8/15/2024 10:15,COMBOUSDT,-0.0207,-0.4439
8/15/2024 10:30,SUSHIUSDT,-0.0255,-0.4694
8/15/2024 11:15,RSRUSDT,0.0478,-0.4216
8/15/2024 14:15,LTCUSDT,-0.0235,-0.4451
8/15/2024 15:00,APTUSDT,0.0475,-0.3976
8/15/2024 15:15,ORDIUSDT,-0.0291,-0.4267
8/15/2024 15:30,FXSUSDT,-0.0264,-0.4531
8/15/2024 16:30,GMXUSDT,0.0411,-0.412
8/15/2024 16:30,BANDUSDT,0.0492,-0.3628
8/15/2024 16:30,AVAXUSDT,0.047,-0.3158
8/16/2024 0:30,BTCDOMUSDT,-0.0223,-0.3381
8/16/2024 7:00,AAVEUSDT,-0.0213,-0.3594
8/16/2024 8:00,BONDUSDT,-0.02,-0.3794
8/16/2024 9:30,AUCTIONUSDT,-0.0258,-0.4052
8/16/2024 11:45,1INCHUSDT,0.05,-0.3552
8/16/2024 11:45,BLURUSDT,-0.021,-0.3762
8/16/2024 12:00,DENTUSDT,0.0472,-0.329
8/16/2024 12:15,PHBUSDT,-0.0212,-0.3502
8/16/2024 12:15,TONUSDT,-0.0203,-0.3705
8/16/2024 12:30,SFPUSDT,-0.02,-0.3905
8/16/2024 21:30,EDUUSDT,-0.0204,-0.4109
8/16/2024 21:30,HBARUSDT,-0.021,-0.4319
8/16/2024 22:15,SXPUSDT,-0.0307,-0.4626
8/17/2024 1:45,ONEUSDT,-0.02,-0.4826
8/17/2024 2:15,KEYUSDT,-0.0264,-0.509
8/17/2024 2:45,RDNTUSDT,-0.0221,-0.5311
8/17/2024 3:30,BALUSDT,-0.0243,-0.5554
8/17/2024 3:30,ONEUSDT,-0.0218,-0.5772
8/17/2024 3:30,SUSHIUSDT,-0.0214,-0.5986
8/17/2024 3:30,SEIUSDT,-0.0314,-0.63
8/17/2024 4:15,OXTUSDT,0.0477,-0.5823
8/17/2024 6:45,PIXELUSDT,-0.0213,-0.6036
8/17/2024 7:00,RLCUSDT,-0.0224,-0.626
8/17/2024 7:00,LRCUSDT,-0.0289,-0.6549
8/17/2024 7:15,KLAYUSDT,0.0419,-0.613
8/17/2024 7:45,RSRUSDT,-0.0219,-0.6349
8/17/2024 8:15,SFPUSDT,-0.02,-0.6549
8/17/2024 8:15,VANRYUSDT,-0.0266,-0.6815
8/17/2024 8:30,HBARUSDT,-0.0267,-0.7082
8/17/2024 9:15,ALPHAUSDT,0.0474,-0.6608
8/17/2024 10:45,ENAUSDT,-0.0393,-0.7001
8/17/2024 10:45,NOTUSDT,-0.0266,-0.7267
8/17/2024 10:45,LRCUSDT,-0.0223,-0.749
8/17/2024 11:00,LTCUSDT,-0.0271,-0.7761
8/17/2024 11:45,IOSTUSDT,-0.0207,-0.7968
8/17/2024 11:45,RENUSDT,0.0468,-0.75
8/17/2024 12:00,GTCUSDT,-0.0265,-0.7765
8/17/2024 12:00,ATAUSDT,0.0471,-0.7294
8/17/2024 12:15,ATOMUSDT,-0.0206,-0.75
8/17/2024 12:30,LITUSDT,0.0471,-0.7029
8/17/2024 12:30,NMRUSDT,0.0402,-0.6627
8/17/2024 12:45,CAKEUSDT,0.0483,-0.6144
8/17/2024 12:45,API3USDT,0.0459,-0.5685
8/17/2024 12:45,FLMUSDT,0.05,-0.5185
8/17/2024 14:00,ALPHAUSDT,0.0448,-0.4737
8/17/2024 14:45,CAKEUSDT,0.0481,-0.4256
8/17/2024 14:45,BALUSDT,0.0488,-0.3768
8/17/2024 14:45,JASMYUSDT,-0.0205,-0.3973
8/17/2024 15:00,ICPUSDT,0.047,-0.3503
8/17/2024 15:00,XVSUSDT,0.0217,-0.3286
8/17/2024 15:00,KNCUSDT,0.0474,-0.2812
8/17/2024 15:00,NKNUSDT,0.0446,-0.2366
8/17/2024 15:00,LDOUSDT,0.0491,-0.1875
8/17/2024 15:00,ARKUSDT,0.0492,-0.1383
8/17/2024 15:00,PYTHUSDT,0.0452,-0.0931
8/17/2024 15:00,ETCUSDT,-0.02,-0.1131
8/17/2024 15:30,BLZUSDT,0.0478,-0.0653
8/17/2024 15:45,TRBUSDT,-0.0294,-0.0947
8/17/2024 16:00,DOGEUSDT,-0.0264,-0.1211
8/17/2024 16:00,MEWUSDT,0.0389,-0.0822
8/17/2024 16:00,ETHWUSDT,-0.0219,-0.1041
8/17/2024 16:00,RENUSDT,0.0489,-0.0552
8/17/2024 16:00,1000LUNCUSDT,-0.027,-0.0822
8/17/2024 16:15,RONINUSDT,0.0448,-0.0374
8/17/2024 16:15,KEYUSDT,0.0493,0.0119
8/17/2024 16:15,ETCUSDT,-0.0238,-0.0119
8/17/2024 16:15,MINAUSDT,-0.0254,-0.0373
8/17/2024 16:15,ALPHAUSDT,0.0484,0.0111
8/17/2024 16:15,FILUSDT,-0.0225,-0.0114
8/17/2024 16:45,DUSKUSDT,-0.0268,-0.0382
8/17/2024 16:45,OPUSDT,0.0449,0.0067
8/17/2024 16:45,XRPUSDT,-0.0281,-0.0214
8/17/2024 16:45,SXPUSDT,-0.0233,-0.0447
8/17/2024 16:45,ETHUSDT,-0.0208,-0.0655
8/17/2024 16:45,ONTUSDT,0.0463,-0.0192
8/17/2024 16:45,ARBUSDT,-0.022,-0.0412
8/17/2024 17:00,LEVERUSDT,0.0466,0.0054
8/17/2024 17:00,DASHUSDT,-0.0262,-0.0208
8/17/2024 19:45,ALPHAUSDT,0.0468,0.026
8/17/2024 20:00,APEUSDT,0.0493,0.0753
8/17/2024 20:15,1INCHUSDT,-0.0246,0.0507
8/17/2024 21:00,BATUSDT,-0.0257,0.025
8/17/2024 21:00,GALAUSDT,0.0485,0.0735
8/17/2024 21:15,MAVIAUSDT,0.0486,0.1221
8/17/2024 22:45,LITUSDT,-0.0233,0.0988
8/17/2024 22:45,KSMUSDT,-0.0202,0.0786
8/17/2024 23:30,GALAUSDT,0.0141,0.0927
8/17/2024 23:45,NMRUSDT,-0.0238,0.0689
8/17/2024 23:45,MANAUSDT,-0.0222,0.0467
8/17/2024 23:45,WAXPUSDT,-0.0299,0.0168
8/17/2024 23:45,ARPAUSDT,-0.0244,-0.0076
8/17/2024 23:45,TWTUSDT,-0.0236,-0.0312
8/17/2024 23:45,RLCUSDT,-0.0255,-0.0567
8/17/2024 23:45,LUNA2USDT,-0.022,-0.0787
8/17/2024 23:45,VETUSDT,-0.0245,-0.1032
8/18/2024 0:30,XVGUSDT,-0.0214,-0.1246
8/18/2024 0:30,SOLUSDT,-0.052,-0.1766
8/18/2024 0:30,ORDIUSDT,-0.0218,-0.1984
8/18/2024 0:45,CHZUSDT,-0.0228,-0.2212
8/18/2024 2:30,SUIUSDT,-0.0316,-0.2528
8/18/2024 2:45,APEUSDT,-0.0274,-0.2802
8/18/2024 2:45,FXSUSDT,-0.0232,-0.3034
8/18/2024 2:45,ETCUSDT,-0.0288,-0.3322
8/18/2024 2:45,C98USDT,-0.022,-0.3542
8/18/2024 5:30,XVSUSDT,0.0497,-0.3045
8/18/2024 8:00,LRCUSDT,0.0485,-0.256
8/18/2024 8:15,SUSHIUSDT,-0.0421,-0.2981
8/18/2024 8:30,DODOXUSDT,0.0486,-0.2495
8/18/2024 8:45,WAXPUSDT,0.05,-0.1995
8/18/2024 8:45,MINAUSDT,0.0455,-0.154
8/18/2024 10:30,CHRUSDT,0.0157,-0.1383
8/18/2024 10:30,IOTXUSDT,0.0479,-0.0904
8/18/2024 11:45,EGLDUSDT,0.0413,-0.0491
8/18/2024 12:00,WOOUSDT,0.0474,-0.0017
8/18/2024 12:00,CHZUSDT,0.0437,0.042
8/18/2024 12:00,IOSTUSDT,-0.0271,0.0149
8/18/2024 12:00,JOEUSDT,0.049,0.0639
8/18/2024 12:00,HBARUSDT,0.0447,0.1086
8/18/2024 12:00,YFIUSDT,0.0424,0.151
8/18/2024 12:00,ONTUSDT,0.0469,0.1979
8/18/2024 12:00,ANKRUSDT,0.0466,0.2445
8/18/2024 12:15,IDUSDT,-0.0215,0.223
8/18/2024 12:15,QTUMUSDT,-0.0226,0.2004
8/18/2024 12:15,GASUSDT,-0.0213,0.1791
8/18/2024 12:15,1000FLOKIUSDT,-0.0242,0.1549
8/18/2024 12:15,WUSDT,-0.0265,0.1284
8/18/2024 12:15,SXPUSDT,0.0428,0.1712
8/18/2024 12:15,TRUUSDT,-0.0206,0.1506
8/18/2024 12:15,KAVAUSDT,0.0413,0.1919
8/18/2024 12:15,BLZUSDT,0.043,0.2349
8/18/2024 12:15,THETAUSDT,-0.0245,0.2104
8/18/2024 12:30,STGUSDT,-0.0308,0.1796
8/18/2024 12:30,TIAUSDT,-0.0339,0.1457
8/18/2024 12:30,1INCHUSDT,-0.0269,0.1188
8/18/2024 12:30,WLDUSDT,-0.0389,0.0799
8/18/2024 12:30,ONDOUSDT,-0.0212,0.0587
8/18/2024 12:30,ARKMUSDT,-0.0204,0.0383
8/18/2024 12:30,ETHUSDT,-0.0212,0.0171
8/18/2024 12:30,TWTUSDT,-0.0304,-0.0133
8/18/2024 12:30,PYTHUSDT,-0.026,-0.0393
8/18/2024 12:30,SEIUSDT,-0.0219,-0.0612
8/18/2024 12:30,ZRXUSDT,-0.0251,-0.0863
8/18/2024 12:30,ADAUSDT,-0.0286,-0.1149
8/18/2024 12:30,ZENUSDT,-0.0212,-0.1361
8/18/2024 12:30,ARBUSDT,-0.0234,-0.1595
8/18/2024 14:30,ICXUSDT,-0.02,-0.1795
8/18/2024 15:00,MTLUSDT,-0.0207,-0.2002
8/18/2024 15:15,NKNUSDT,-0.022,-0.2222
8/18/2024 15:30,TIAUSDT,-0.021,-0.2432
8/18/2024 15:30,1000FLOKIUSDT,-0.026,-0.2692
8/18/2024 15:30,ENSUSDT,-0.0209,-0.2901
8/18/2024 15:30,SXPUSDT,-0.0221,-0.3122
8/18/2024 15:30,YFIUSDT,-0.0205,-0.3327
8/18/2024 15:30,RDNTUSDT,-0.0252,-0.3579
8/18/2024 15:30,PYTHUSDT,-0.0212,-0.3791
8/18/2024 15:30,PHBUSDT,-0.0298,-0.4089
8/18/2024 15:30,MKRUSDT,-0.0212,-0.4301
8/18/2024 15:45,ONTUSDT,-0.0212,-0.4513
8/18/2024 16:00,STEEMUSDT,-0.0212,-0.4725
8/18/2024 16:00,KNCUSDT,-0.0217,-0.4942
8/18/2024 16:00,USTCUSDT,0.0113,-0.4829
8/18/2024 16:15,TRUUSDT,-0.0244,-0.5073
8/18/2024 16:15,ARKUSDT,-0.0237,-0.531
8/18/2024 16:15,ANKRUSDT,-0.02,-0.551
8/18/2024 16:15,ZKUSDT,-0.0212,-0.5722
8/18/2024 16:15,BADGERUSDT,-0.0206,-0.5928
8/18/2024 17:15,CAKEUSDT,-0.0226,-0.6154
8/18/2024 18:30,MTLUSDT,-0.0211,-0.6365
8/18/2024 19:00,DUSKUSDT,-0.025,-0.6615
8/18/2024 19:15,BLZUSDT,-0.0268,-0.6883
8/18/2024 19:30,COMPUSDT,-0.0226,-0.7109
8/18/2024 19:45,ONTUSDT,-0.0209,-0.7318
8/18/2024 20:00,RLCUSDT,-0.0238,-0.7556
8/18/2024 20:30,ONGUSDT,-0.0207,-0.7763
8/18/2024 21:30,BCHUSDT,0.0461,-0.7302
8/18/2024 22:15,OMNIUSDT,-0.0236,-0.7538
8/18/2024 23:00,XLMUSDT,-0.0249,-0.7787
8/18/2024 23:00,SFPUSDT,-0.02,-0.7987
8/18/2024 23:15,BNBUSDT,-0.0226,-0.8213
8/18/2024 23:15,BCHUSDT,-0.0204,-0.8417
8/18/2024 23:30,RUNEUSDT,0.042,-0.7997
8/19/2024 2:30,BSVUSDT,-0.0205,-0.8202
8/19/2024 2:30,ZILUSDT,-0.022,-0.8422
8/19/2024 3:45,DASHUSDT,-0.02,-0.8622
8/19/2024 4:30,JOEUSDT,-0.0205,-0.8827
8/19/2024 4:30,CRVUSDT,-0.02,-0.9027
8/19/2024 4:30,LOOMUSDT,-0.0222,-0.9249
8/19/2024 5:15,XEMUSDT,-0.0302,-0.9551
8/19/2024 5:15,POLYXUSDT,-0.0201,-0.9752
8/19/2024 5:15,LSKUSDT,-0.0476,-1.0228
8/19/2024 5:15,NKNUSDT,-0.0215,-1.0443
8/19/2024 5:15,API3USDT,-0.0285,-1.0728
8/19/2024 5:45,MTLUSDT,-0.0207,-1.0935
8/19/2024 6:00,SUPERUSDT,-0.0222,-1.1157
8/19/2024 7:15,HIFIUSDT,-0.0205,-1.1362
8/19/2024 7:45,CKBUSDT,-0.0205,-1.1567
8/19/2024 8:45,DUSKUSDT,-0.0461,-1.2028
8/19/2024 9:45,LISTAUSDT,-0.0291,-1.2319
8/19/2024 9:45,QNTUSDT,-0.0221,-1.254
8/19/2024 9:45,ENAUSDT,-0.0204,-1.2744
8/19/2024 9:45,PENDLEUSDT,-0.0256,-1.3
8/19/2024 9:45,BICOUSDT,-0.0503,-1.3503
8/19/2024 10:30,XEMUSDT,-0.02,-1.3703
8/19/2024 11:00,ZECUSDT,-0.0407,-1.411
8/19/2024 13:15,FILUSDT,-0.022,-1.433
8/19/2024 13:45,AAVEUSDT,-0.0268,-1.4598
8/19/2024 16:15,SNXUSDT,-0.0286,-1.4884
8/19/2024 16:30,DEFIUSDT,-0.0222,-1.5106
8/19/2024 16:30,SXPUSDT,-0.022,-1.5326
8/19/2024 16:30,BLZUSDT,-0.0283,-1.5609
8/19/2024 16:30,ZENUSDT,-0.0214,-1.5823
8/19/2024 17:00,ONGUSDT,0.0429,-1.5394
8/19/2024 17:30,TRXUSDT,0.043,-1.4964
8/19/2024 18:30,LITUSDT,0.05,-1.4464
8/19/2024 19:00,STEEMUSDT,0.0497,-1.3967
8/19/2024 19:00,FLMUSDT,0.0477,-1.349
8/19/2024 19:15,UNFIUSDT,-0.0203,-1.3693
8/19/2024 19:45,BATUSDT,0.049,-1.3203
8/19/2024 20:15,SANDUSDT,-0.0215,-1.3418
8/19/2024 20:30,BTCUSDT,0.0491,-1.2927
8/19/2024 21:30,VANRYUSDT,0.0157,-1.277
8/19/2024 22:00,YGGUSDT,0.0486,-1.2284
8/19/2024 22:00,ANKRUSDT,0.0471,-1.1813
8/19/2024 22:00,MINAUSDT,0.048,-1.1333
8/19/2024 22:00,TRXUSDT,0.0478,-1.0855
8/19/2024 22:15,LISTAUSDT,0.0473,-1.0382
8/19/2024 22:30,ONEUSDT,0.05,-0.9882
8/19/2024 22:30,RENDERUSDT,0.0461,-0.9421
8/19/2024 22:30,FXSUSDT,-0.025,-0.9671
8/19/2024 22:30,UNFIUSDT,-0.0204,-0.9875
8/19/2024 22:30,RVNUSDT,0.05,-0.9375
8/19/2024 22:45,1000RATSUSDT,0.0456,-0.8919
8/19/2024 23:15,BOMEUSDT,0.0459,-0.846
8/19/2024 23:15,BTCUSDT,0.0498,-0.7962
8/19/2024 23:15,TIAUSDT,0.0474,-0.7488
8/19/2024 23:15,JOEUSDT,0.0472,-0.7016
8/19/2024 23:15,MTLUSDT,0.04,-0.6616
8/19/2024 23:15,ROSEUSDT,0.0453,-0.6163
8/19/2024 23:15,SEIUSDT,0.0495,-0.5668
8/19/2024 23:45,XLMUSDT,0.0456,-0.5212
8/19/2024 23:45,IMXUSDT,0.0487,-0.4725
8/19/2024 23:45,BICOUSDT,-0.0261,-0.4986
8/20/2024 0:00,LITUSDT,0.0465,-0.4521
8/20/2024 0:15,HFTUSDT,0.0298,-0.4223
8/20/2024 0:15,IDUSDT,-0.0341,-0.4564
8/20/2024 0:15,CHZUSDT,0.0195,-0.4369
8/20/2024 0:15,STXUSDT,0.0319,-0.405
8/20/2024 0:15,SNXUSDT,0.0473,-0.3577
8/20/2024 0:15,HIFIUSDT,0.0375,-0.3202
8/20/2024 0:15,1000XECUSDT,0.0287,-0.2915
8/20/2024 0:15,VANRYUSDT,-0.0215,-0.313
8/20/2024 0:15,CKBUSDT,0.0336,-0.2794
8/20/2024 0:15,API3USDT,-0.0412,-0.3206
8/20/2024 0:15,MOVRUSDT,-0.0238,-0.3444
8/20/2024 0:15,YFIUSDT,0.0263,-0.3181
8/20/2024 0:15,AXSUSDT,0.0372,-0.2809
8/20/2024 0:15,ATOMUSDT,0.0328,-0.2481
8/20/2024 0:15,SEIUSDT,0.0305,-0.2176
8/20/2024 0:15,UNFIUSDT,-0.0312,-0.2488
8/20/2024 0:15,ZENUSDT,-0.0304,-0.2792
8/20/2024 0:15,PIXELUSDT,-0.0324,-0.3116
8/20/2024 2:00,COTIUSDT,-0.0216,-0.3332
8/20/2024 2:30,RENUSDT,-0.0219,-0.3551
8/20/2024 3:15,BNTUSDT,-0.0239,-0.379
8/20/2024 3:15,CYBERUSDT,-0.0289,-0.4079
8/20/2024 3:30,UNIUSDT,-0.0231,-0.431
8/20/2024 3:30,BLZUSDT,0.0487,-0.3823
8/20/2024 3:30,1000LUNCUSDT,-0.0218,-0.4041
8/20/2024 3:45,COMPUSDT,-0.0326,-0.4367
8/20/2024 4:00,CAKEUSDT,-0.0218,-0.4585
8/20/2024 4:00,HFTUSDT,-0.0213,-0.4798
8/20/2024 4:00,SXPUSDT,-0.022,-0.5018
8/20/2024 4:00,AXSUSDT,-0.0222,-0.524
8/20/2024 4:30,EGLDUSDT,-0.0217,-0.5457
8/20/2024 4:30,XRPUSDT,-0.0203,-0.566
8/20/2024 4:30,GUSDT,-0.0214,-0.5874
8/20/2024 4:30,BANDUSDT,-0.0232,-0.6106
8/20/2024 4:30,MINAUSDT,-0.0211,-0.6317
8/20/2024 4:45,INJUSDT,-0.0206,-0.6523
8/20/2024 4:45,METISUSDT,-0.0205,-0.6728
8/20/2024 4:45,HBARUSDT,-0.0221,-0.6949
8/20/2024 5:00,TUSDT,-0.0222,-0.7171
8/20/2024 5:00,MEMEUSDT,-0.0281,-0.7452
8/20/2024 5:00,GTCUSDT,-0.0331,-0.7783
8/20/2024 5:00,UMAUSDT,-0.0217,-0.8
8/20/2024 5:00,LSKUSDT,-0.0235,-0.8235
8/20/2024 5:00,BNXUSDT,0.0357,-0.7878
8/20/2024 5:00,DENTUSDT,0.0466,-0.7412
8/20/2024 5:00,ZROUSDT,-0.0206,-0.7618
8/20/2024 5:00,XTZUSDT,-0.02,-0.7818
8/20/2024 5:00,1000LUNCUSDT,-0.0236,-0.8054
8/20/2024 5:15,BALUSDT,-0.0236,-0.829
8/20/2024 5:15,GRTUSDT,-0.0265,-0.8555
8/20/2024 5:15,NEARUSDT,-0.0215,-0.877
8/20/2024 5:15,ETHUSDT,-0.0239,-0.9009
8/20/2024 5:15,ARBUSDT,-0.0208,-0.9217
8/20/2024 5:45,LITUSDT,-0.0228,-0.9445
8/20/2024 5:45,COMPUSDT,-0.021,-0.9655
8/20/2024 6:15,EDUUSDT,0.0475,-0.918
8/20/2024 6:15,XRPUSDT,-0.0244,-0.9424
8/20/2024 7:15,ATOMUSDT,-0.0281,-0.9705
8/20/2024 7:30,DENTUSDT,-0.0228,-0.9933
8/20/2024 8:45,WAXPUSDT,0.0489,-0.9444
8/20/2024 9:15,KLAYUSDT,-0.023,-0.9674
8/20/2024 9:15,NTRNUSDT,-0.0258,-0.9932
8/20/2024 11:30,RUNEUSDT,-0.0229,-1.0161
8/20/2024 11:30,ALPHAUSDT,-0.023,-1.0391
8/20/2024 13:00,LTCUSDT,0.0438,-0.9953
8/20/2024 13:00,ZENUSDT,0.0437,-0.9516
8/20/2024 13:45,ALGOUSDT,-0.0249,-0.9765
8/20/2024 20:00,RENUSDT,0.043,-0.9335
8/20/2024 22:15,AUCTIONUSDT,-0.0354,-0.9689
8/20/2024 22:15,THETAUSDT,-0.0201,-0.989
8/20/2024 22:45,ONEUSDT,0.05,-0.939
8/21/2024 0:00,LRCUSDT,-0.0239,-0.9629
8/21/2024 1:45,SXPUSDT,0.0466,-0.9163
8/21/2024 2:00,MAGICUSDT,-0.0237,-0.94
8/21/2024 2:30,CELRUSDT,0.0408,-0.8992
8/21/2024 3:00,PERPUSDT,-0.0287,-0.9279
8/21/2024 3:45,BADGERUSDT,0.0481,-0.8798
8/21/2024 4:15,RLCUSDT,0.0496,-0.8302
8/21/2024 4:30,C98USDT,0.0475,-0.7827
8/21/2024 4:30,LUNA2USDT,-0.032,-0.8147
8/21/2024 5:00,OPUSDT,-0.0205,-0.8352
8/21/2024 5:00,AAVEUSDT,0.0453,-0.7899
8/21/2024 5:00,UNIUSDT,-0.025,-0.8149
8/21/2024 5:30,AGLDUSDT,-0.0279,-0.8428
8/21/2024 5:30,DENTUSDT,0.0409,-0.8019
8/21/2024 5:45,WOOUSDT,-0.0216,-0.8235
8/21/2024 6:00,INJUSDT,-0.0248,-0.8483
8/21/2024 6:00,MANAUSDT,-0.0227,-0.871
8/21/2024 6:00,LPTUSDT,-0.0207,-0.8917
8/21/2024 6:00,DOTUSDT,-0.0207,-0.9124
8/21/2024 6:15,ENAUSDT,-0.0287,-0.9411
8/21/2024 6:15,API3USDT,-0.0306,-0.9717
8/21/2024 6:15,FLMUSDT,-0.0299,-1.0016
8/21/2024 6:15,MINAUSDT,-0.0252,-1.0268
8/21/2024 6:45,YFIUSDT,-0.0308,-1.0576
8/21/2024 7:15,CHZUSDT,-0.0317,-1.0893
8/21/2024 7:45,RDNTUSDT,-0.0287,-1.118
8/21/2024 8:00,BNBUSDT,0.039,-1.079
8/21/2024 12:00,WIFUSDT,0.0486,-1.0304
8/21/2024 12:00,1000BONKUSDT,-0.0203,-1.0507
8/21/2024 12:00,PEOPLEUSDT,-0.0203,-1.071
8/21/2024 12:00,PYTHUSDT,-0.0257,-1.0967
8/21/2024 12:00,ZROUSDT,-0.0228,-1.1195
8/21/2024 12:15,PENDLEUSDT,-0.0214,-1.1409
8/21/2024 12:15,DYMUSDT,-0.0243,-1.1652
8/21/2024 13:15,SOLUSDT,-0.0204,-1.1856
8/21/2024 13:30,1000BONKUSDT,-0.0307,-1.2163
8/21/2024 13:30,HIFIUSDT,-0.0246,-1.2409
8/21/2024 13:30,BICOUSDT,-0.0233,-1.2642
8/21/2024 13:30,ONDOUSDT,-0.0326,-1.2968
8/21/2024 13:30,NKNUSDT,-0.028,-1.3248
8/21/2024 13:30,ARKUSDT,-0.0235,-1.3483
8/21/2024 13:30,BLZUSDT,-0.0235,-1.3718
8/21/2024 13:30,ZROUSDT,-0.0383,-1.4101
8/21/2024 13:30,LINKUSDT,-0.0365,-1.4466
8/21/2024 13:30,JTOUSDT,0.0194,-1.4272
8/21/2024 13:30,ARBUSDT,-0.0392,-1.4664
8/21/2024 16:30,THETAUSDT,0.0472,-1.4192
8/21/2024 16:30,VETUSDT,0.0458,-1.3734
8/21/2024 16:45,MANAUSDT,0.0495,-1.3239
8/21/2024 17:00,ICPUSDT,0.0493,-1.2746
8/21/2024 17:15,RDNTUSDT,0.0432,-1.2314
8/21/2024 17:30,XTZUSDT,-0.0225,-1.2539
8/21/2024 18:15,DASHUSDT,0.0447,-1.2092
8/21/2024 19:45,RENUSDT,0.0496,-1.1596
8/21/2024 20:00,RONINUSDT,-0.0221,-1.1817
8/21/2024 20:00,AGLDUSDT,0.0498,-1.1319
8/21/2024 20:15,OXTUSDT,0.0406,-1.0913
8/21/2024 21:15,LPTUSDT,-0.021,-1.1123
8/21/2024 21:15,ZROUSDT,-0.0205,-1.1328
8/21/2024 21:30,UMAUSDT,-0.0362,-1.169
8/21/2024 21:30,METISUSDT,-0.0274,-1.1964
8/21/2024 21:30,LEVERUSDT,-0.0213,-1.2177
8/21/2024 22:00,LITUSDT,-0.0225,-1.2402
8/21/2024 22:00,OGNUSDT,-0.0257,-1.2659
8/21/2024 22:15,ZKUSDT,-0.0222,-1.2881
8/21/2024 22:15,MAVIAUSDT,-0.0339,-1.322
8/21/2024 22:45,ZETAUSDT,-0.0217,-1.3437
8/21/2024 23:30,WAXPUSDT,-0.0275,-1.3712
8/22/2024 0:00,STGUSDT,0.0489,-1.3223
8/22/2024 0:00,IMXUSDT,-0.023,-1.3453
8/22/2024 0:00,AEVOUSDT,-0.0254,-1.3707
8/22/2024 0:00,UNFIUSDT,-0.0223,-1.393
8/22/2024 0:15,MTLUSDT,-0.0217,-1.4147
8/22/2024 0:15,AGLDUSDT,0.0492,-1.3655
8/22/2024 0:30,HIGHUSDT,-0.0282,-1.3937
8/22/2024 0:30,REEFUSDT,0.05,-1.3437
8/22/2024 7:45,ETHFIUSDT,0.0488,-1.2949
8/22/2024 7:45,ANKRUSDT,-0.02,-1.3149
8/22/2024 8:30,AAVEUSDT,0.0324,-1.2825
8/22/2024 8:45,ZRXUSDT,0.0424,-1.2401
8/22/2024 9:15,PERPUSDT,-0.0251,-1.2652
8/22/2024 9:15,VANRYUSDT,0.049,-1.2162
8/22/2024 9:30,BNXUSDT,0.0373,-1.1789
8/22/2024 10:00,QNTUSDT,0.0489,-1.13
8/22/2024 10:00,THETAUSDT,0.0457,-1.0843
8/22/2024 10:00,FLOWUSDT,0.0466,-1.0377
8/22/2024 10:15,AIUSDT,0.0293,-1.0084
8/22/2024 10:15,1INCHUSDT,-0.0213,-1.0297
8/22/2024 10:15,1000BONKUSDT,-0.0294,-1.0591
8/22/2024 10:15,LPTUSDT,0.03,-1.0291
8/22/2024 10:15,RENDERUSDT,0.05,-0.9791
8/22/2024 10:15,HOOKUSDT,0.0374,-0.9417
8/22/2024 10:15,PYTHUSDT,-0.0421,-0.9838
8/22/2024 10:15,JTOUSDT,0.0428,-0.941
8/22/2024 10:15,1000PEPEUSDT,-0.0251,-0.9661
8/22/2024 10:30,RONINUSDT,-0.0274,-0.9935
8/22/2024 10:30,MASKUSDT,0.0183,-0.9752
8/22/2024 10:30,STGUSDT,-0.0232,-0.9984
8/22/2024 10:30,ENSUSDT,-0.0256,-1.024
8/22/2024 10:30,ONDOUSDT,-0.0232,-1.0472
8/22/2024 10:30,SOLUSDT,-0.0233,-1.0705
8/22/2024 10:45,BNBUSDT,-0.0219,-1.0924
8/22/2024 10:45,AGLDUSDT,-0.0237,-1.1161
8/22/2024 12:30,SYSUSDT,-0.0378,-1.1539
8/22/2024 13:15,ADAUSDT,-0.021,-1.1749
8/22/2024 15:00,GMTUSDT,0.0458,-1.1291
8/22/2024 15:00,XVSUSDT,0.033,-1.0961
8/22/2024 16:30,THETAUSDT,-0.0213,-1.1174
8/22/2024 16:30,LINKUSDT,-0.0267,-1.1441
8/22/2024 17:45,STMXUSDT,-0.0234,-1.1675
8/22/2024 19:30,BALUSDT,-0.02,-1.1875
8/22/2024 20:00,DASHUSDT,-0.0206,-1.2081
8/22/2024 20:45,IOSTUSDT,-0.0287,-1.2368
8/22/2024 20:45,PENDLEUSDT,0.0437,-1.1931
8/22/2024 21:15,LITUSDT,-0.024,-1.2171
8/22/2024 22:45,AXLUSDT,-0.021,-1.2381
8/22/2024 23:30,TIAUSDT,0.0443,-1.1938
8/23/2024 0:00,BOMEUSDT,0.0451,-1.1487
8/23/2024 0:00,SUIUSDT,0.046,-1.1027
8/23/2024 0:15,CFXUSDT,0.0465,-1.0562
8/23/2024 0:15,TRBUSDT,0.0497,-1.0065
8/23/2024 0:15,TNSRUSDT,0.042,-0.9645
8/23/2024 0:15,TWTUSDT,0.0459,-0.9186
8/23/2024 0:15,BADGERUSDT,0.0452,-0.8734
8/23/2024 1:15,ARUSDT,-0.0217,-0.8951
8/23/2024 1:45,INJUSDT,0.0474,-0.8477
8/23/2024 2:00,SUIUSDT,0.0484,-0.7993
8/23/2024 2:15,APEUSDT,0.0474,-0.7519
8/23/2024 2:15,CHRUSDT,0.0143,-0.7376
8/23/2024 2:15,STGUSDT,0.0488,-0.6888
8/23/2024 2:15,TIAUSDT,0.0461,-0.6427
8/23/2024 2:15,CFXUSDT,0.0488,-0.5939
8/23/2024 2:15,HBARUSDT,0.0493,-0.5446
8/23/2024 2:15,JTOUSDT,0.0373,-0.5073
8/23/2024 2:30,SANDUSDT,0.0426,-0.4647
8/23/2024 3:00,ETCUSDT,0.0465,-0.4182
8/23/2024 3:45,STRKUSDT,-0.023,-0.4412
8/23/2024 4:15,TURBOUSDT,0.0349,-0.4063
8/23/2024 4:15,MINAUSDT,0.0314,-0.3749
8/23/2024 4:30,UNIUSDT,-0.0221,-0.397
8/23/2024 4:45,STGUSDT,0.0477,-0.3493
8/23/2024 5:00,1INCHUSDT,0.0393,-0.31
8/23/2024 5:00,HBARUSDT,0.044,-0.266
8/23/2024 5:00,ATOMUSDT,0.0443,-0.2217
8/23/2024 5:00,JUPUSDT,-0.0323,-0.254
8/23/2024 5:00,ANKRUSDT,0.0462,-0.2078
8/23/2024 5:00,OGNUSDT,0.0432,-0.1646
8/23/2024 5:15,BALUSDT,-0.0271,-0.1917
8/23/2024 5:15,CHZUSDT,-0.0237,-0.2154
8/23/2024 5:15,TAOUSDT,-0.0278,-0.2432
8/23/2024 5:15,NEARUSDT,0.0489,-0.1943
8/23/2024 5:15,SANDUSDT,0.0489,-0.1454
8/23/2024 5:15,VETUSDT,0.0287,-0.1167
8/23/2024 5:15,LRCUSDT,0.0335,-0.0832
8/23/2024 6:00,APTUSDT,0.0391,-0.0441
8/23/2024 6:45,LSKUSDT,0.0387,-0.0054
8/23/2024 6:45,API3USDT,0.0366,0.0312
8/23/2024 7:00,ENJUSDT,0.0484,0.0796
8/23/2024 7:00,RONINUSDT,-0.0213,0.0583
8/23/2024 7:00,CFXUSDT,0.0484,0.1067
8/23/2024 7:00,BLURUSDT,0.0428,0.1495
8/23/2024 7:45,GALAUSDT,0.0461,0.1956
8/23/2024 8:00,PEOPLEUSDT,-0.0211,0.1745
8/23/2024 8:00,KAVAUSDT,-0.0213,0.1532
8/23/2024 8:15,LINKUSDT,-0.0253,0.1279
8/23/2024 8:30,FLMUSDT,-0.02,0.1079
8/23/2024 8:30,1000LUNCUSDT,-0.0205,0.0874
8/23/2024 8:45,DYDXUSDT,-0.0222,0.0652
8/23/2024 9:00,SUIUSDT,0.0457,0.1109
8/23/2024 9:15,CELOUSDT,0.0348,0.1457
8/23/2024 9:30,ONEUSDT,0.0398,0.1855
8/23/2024 10:15,WOOUSDT,0.0488,0.2343
8/23/2024 10:15,LINAUSDT,-0.0279,0.2064
8/23/2024 10:15,XMRUSDT,-0.0245,0.1819
8/23/2024 10:15,ROSEUSDT,-0.0293,0.1526
8/23/2024 10:30,BADGERUSDT,0.0489,0.2015
8/23/2024 10:45,BELUSDT,0.0484,0.2499
8/23/2024 11:15,API3USDT,0.0422,0.2921
8/23/2024 12:15,ONEUSDT,-0.0298,0.2623
8/23/2024 12:45,BADGERUSDT,0.0476,0.3099
8/23/2024 12:45,MINAUSDT,0.0486,0.3585
8/23/2024 12:45,FILUSDT,0.0483,0.4068
8/23/2024 14:00,WOOUSDT,-0.0341,0.3727
8/23/2024 14:00,ENJUSDT,-0.0364,0.3363
8/23/2024 14:00,COMPUSDT,-0.0331,0.3032
8/23/2024 14:00,MEMEUSDT,0.0234,0.3266
8/23/2024 14:00,ONEUSDT,-0.0239,0.3027
8/23/2024 14:00,AGLDUSDT,-0.0277,0.275
8/23/2024 14:00,BLZUSDT,-0.023,0.252
8/23/2024 14:00,BADGERUSDT,-0.0422,0.2098
8/23/2024 14:00,ALGOUSDT,0.0372,0.247
8/23/2024 14:00,ARBUSDT,-0.0346,0.2124
8/23/2024 15:30,ARKUSDT,0.0487,0.2611
8/23/2024 16:45,OPUSDT,0.0464,0.3075
8/23/2024 17:00,NKNUSDT,0.0496,0.3571
8/23/2024 17:00,EOSUSDT,0.0459,0.403
8/23/2024 17:15,COMPUSDT,0.0458,0.4488
8/23/2024 17:30,FILUSDT,0.0488,0.4976
8/23/2024 17:45,XRPUSDT,0.0316,0.5292
8/23/2024 19:45,QNTUSDT,0.0488,0.578
8/23/2024 19:45,XMRUSDT,-0.0285,0.5495
8/23/2024 20:00,INJUSDT,0.0493,0.5988
8/23/2024 20:45,C98USDT,-0.02,0.5788
8/23/2024 21:00,SSVUSDT,0.049,0.6278
8/23/2024 21:15,TWTUSDT,0.0458,0.6736
8/23/2024 21:15,BTCDOMUSDT,-0.0261,0.6475
8/23/2024 21:45,CELRUSDT,-0.02,0.6275
8/23/2024 22:00,BEAMXUSDT,-0.021,0.6065
8/23/2024 22:00,GUSDT,-0.0229,0.5836
8/23/2024 22:00,ONDOUSDT,-0.0202,0.5634
8/23/2024 22:00,RDNTUSDT,-0.021,0.5424
8/23/2024 22:00,ONTUSDT,-0.0221,0.5203
8/23/2024 22:15,C98USDT,-0.0215,0.4988
8/23/2024 23:45,HOOKUSDT,0.0457,0.5445
8/24/2024 0:00,POWRUSDT,-0.0234,0.5211
8/24/2024 0:00,GLMUSDT,0.0231,0.5442
8/24/2024 0:15,QTUMUSDT,-0.0363,0.5079
8/24/2024 0:15,ARKMUSDT,-0.024,0.4839
8/24/2024 0:15,TNSRUSDT,0.0289,0.5128
8/24/2024 0:15,ADAUSDT,-0.0231,0.4897
8/24/2024 0:30,BBUSDT,0.0453,0.535
8/24/2024 0:30,GTCUSDT,-0.022,0.513
8/24/2024 0:30,NOTUSDT,-0.0204,0.4926
8/24/2024 0:45,CYBERUSDT,0.0205,0.5131
8/24/2024 2:15,USTCUSDT,0.0431,0.5562
8/24/2024 3:30,ETHFIUSDT,-0.0209,0.5353
8/24/2024 5:15,SOLUSDT,0.0473,0.5826
8/24/2024 7:15,STEEMUSDT,0.0485,0.6311
8/24/2024 7:15,FETUSDT,0.0438,0.6749
8/24/2024 8:45,SOLUSDT,0.0474,0.7223
8/24/2024 9:00,CRVUSDT,-0.02,0.7023
8/24/2024 9:15,XVGUSDT,0.0431,0.7454
8/24/2024 9:30,ROSEUSDT,0.0421,0.7875
8/24/2024 9:30,JUPUSDT,0.0491,0.8366
8/24/2024 9:30,XAIUSDT,-0.0232,0.8134
8/24/2024 12:15,GMTUSDT,-0.028,0.7854
8/24/2024 13:30,YFIUSDT,0.0487,0.8341
8/24/2024 14:00,SFPUSDT,-0.02,0.8141
8/24/2024 14:15,OMGUSDT,0.0381,0.8522
8/24/2024 14:15,NEARUSDT,0.0456,0.8978
8/24/2024 14:30,KSMUSDT,0.0495,0.9473
8/24/2024 14:45,YFIUSDT,0.0496,0.9969
8/24/2024 15:00,STGUSDT,0.0269,1.0238
8/24/2024 15:30,NEARUSDT,0.0481,1.0719
8/24/2024 16:15,UNIUSDT,-0.0263,1.0456
8/24/2024 16:15,REZUSDT,-0.0225,1.0231
8/24/2024 16:15,LINAUSDT,-0.02,1.0031
8/24/2024 16:15,METISUSDT,0.0267,1.0298
8/24/2024 16:15,COMBOUSDT,-0.0222,1.0076
8/24/2024 16:15,ETHWUSDT,-0.0271,0.9805
8/24/2024 16:15,ATOMUSDT,-0.0231,0.9574
8/24/2024 16:15,KSMUSDT,0.0445,1.0019
8/24/2024 16:15,ZENUSDT,-0.0216,0.9803
8/24/2024 16:30,GRTUSDT,-0.021,0.9593
8/24/2024 16:30,APTUSDT,-0.0311,0.9282
8/24/2024 16:30,ALGOUSDT,-0.0211,0.9071
8/24/2024 17:00,SFPUSDT,-0.0324,0.8747
8/24/2024 17:00,ATAUSDT,-0.0249,0.8498
8/24/2024 18:15,ADAUSDT,-0.0231,0.8267
8/24/2024 18:30,JASMYUSDT,-0.0305,0.7962
8/24/2024 19:00,GMTUSDT,-0.0231,0.7731
8/24/2024 19:30,YGGUSDT,-0.0202,0.7529
8/24/2024 20:15,HBARUSDT,-0.024,0.7289
8/24/2024 20:30,YFIUSDT,0.0426,0.7715
8/25/2024 0:30,GMXUSDT,0.0455,0.817
8/25/2024 0:45,EDUUSDT,-0.0254,0.7916
8/25/2024 0:45,UNIUSDT,0.0486,0.8402
8/25/2024 0:45,ONDOUSDT,0.0473,0.8875
8/25/2024 1:30,AAVEUSDT,-0.0225,0.865
8/25/2024 1:30,NEOUSDT,0.0394,0.9044
8/25/2024 3:30,QNTUSDT,0.0496,0.954
8/25/2024 3:30,COMPUSDT,-0.0236,0.9304
8/25/2024 4:00,SFPUSDT,0.0496,0.98
8/25/2024 4:00,EGLDUSDT,-0.0204,0.9596
8/25/2024 4:00,JUPUSDT,-0.0201,0.9395
8/25/2024 4:00,KASUSDT,0.0464,0.9859
8/25/2024 6:00,TAOUSDT,-0.02,0.9659
8/25/2024 6:00,1000PEPEUSDT,0.0315,0.9974
8/25/2024 6:15,1000BONKUSDT,-0.0218,0.9756
8/25/2024 6:15,RSRUSDT,-0.0283,0.9473
8/25/2024 6:15,ARPAUSDT,0.048,0.9953
8/25/2024 6:15,CRVUSDT,0.0461,1.0414
8/25/2024 6:30,HFTUSDT,-0.02,1.0214
8/25/2024 6:30,STORJUSDT,0.0497,1.0711
8/25/2024 7:00,CAKEUSDT,-0.0283,1.0428
8/25/2024 7:00,GMXUSDT,0.0449,1.0877
8/25/2024 7:00,APTUSDT,-0.0283,1.0594
8/25/2024 7:00,EGLDUSDT,-0.0264,1.033
8/25/2024 7:00,LTCUSDT,0.0339,1.0669
8/25/2024 7:00,JUPUSDT,-0.0303,1.0366
8/25/2024 7:00,ETCUSDT,0.0404,1.077
8/25/2024 7:00,FILUSDT,-0.0301,1.0469
8/25/2024 13:15,TRXUSDT,0.0441,1.091
8/25/2024 14:30,IMXUSDT,-0.0208,1.0702
8/25/2024 15:15,SSVUSDT,-0.0319,1.0383
8/25/2024 16:15,ZECUSDT,0.0465,1.0848
8/25/2024 17:00,JOEUSDT,-0.0381,1.0467
8/25/2024 19:00,CTSIUSDT,-0.0358,1.0109
8/25/2024 19:30,NTRNUSDT,-0.0206,0.9903
8/25/2024 19:30,ZRXUSDT,-0.02,0.9703
8/25/2024 21:00,BATUSDT,-0.0313,0.939
8/25/2024 21:00,GMTUSDT,-0.0257,0.9133
8/25/2024 21:00,PHBUSDT,0.0298,0.9431
8/25/2024 21:00,MINAUSDT,-0.0296,0.9135
8/25/2024 21:15,CTSIUSDT,-0.0213,0.8922
8/25/2024 21:45,APTUSDT,-0.0231,0.8691
8/25/2024 23:00,DOGEUSDT,-0.0213,0.8478
8/26/2024 1:30,QNTUSDT,0.0494,0.8972
8/26/2024 1:30,SNXUSDT,0.0483,0.9455
8/26/2024 1:45,XLMUSDT,0.0417,0.9872
8/26/2024 5:15,YFIUSDT,0.0418,1.029
8/26/2024 5:15,CYBERUSDT,0.0464,1.0754
8/26/2024 6:00,ENAUSDT,0.0446,1.12
8/26/2024 6:00,GASUSDT,0.0496,1.1696
8/26/2024 6:00,MAVUSDT,0.046,1.2156
8/26/2024 6:00,ZETAUSDT,0.0471,1.2627
8/26/2024 6:00,TRUUSDT,0.0461,1.3088
8/26/2024 6:00,FILUSDT,0.0455,1.3543
8/26/2024 6:15,BADGERUSDT,-0.024,1.3303
8/26/2024 8:30,LPTUSDT,-0.021,1.3093
8/26/2024 9:00,BIGTIMEUSDT,0.0455,1.3548
8/26/2024 9:00,XTZUSDT,0.0476,1.4024
8/26/2024 9:00,NOTUSDT,0.0383,1.4407
8/26/2024 9:15,RONINUSDT,0.0496,1.4903
8/26/2024 9:15,ENAUSDT,-0.0213,1.469
8/26/2024 9:15,IDUSDT,-0.0216,1.4474
8/26/2024 9:15,PORTALUSDT,-0.0232,1.4242
8/26/2024 9:15,ICXUSDT,-0.02,1.4042
8/26/2024 9:15,GLMUSDT,-0.0227,1.3815
8/26/2024 9:15,ETHWUSDT,-0.0239,1.3576
8/26/2024 9:15,TRUUSDT,-0.0209,1.3367
8/26/2024 9:15,AEVOUSDT,-0.0226,1.3141
8/26/2024 11:15,SEIUSDT,-0.0477,1.2664
8/26/2024 12:00,MAGICUSDT,0.0479,1.3143
8/26/2024 12:30,EDUUSDT,-0.0334,1.2809
8/26/2024 15:00,AMBUSDT,-0.0219,1.259
8/26/2024 15:00,STEEMUSDT,0.0486,1.3076
8/26/2024 15:00,POWRUSDT,0.0433,1.3509
8/26/2024 15:00,WUSDT,0.0452,1.3961
8/26/2024 15:00,CKBUSDT,0.048,1.4441
8/26/2024 15:00,EOSUSDT,0.05,1.4941
8/26/2024 15:00,XTZUSDT,0.0478,1.5419
8/26/2024 15:00,ZILUSDT,-0.02,1.5219
8/26/2024 16:00,ENAUSDT,0.0493,1.5712
8/26/2024 16:00,DASHUSDT,0.0486,1.6198
8/26/2024 16:15,1000LUNCUSDT,0.0476,1.6674
8/26/2024 17:00,NFPUSDT,0.0474,1.7148
8/26/2024 17:00,EOSUSDT,0.05,1.7648
8/26/2024 17:00,ZROUSDT,0.0486,1.8134
8/26/2024 17:00,CTSIUSDT,0.0459,1.8593
8/26/2024 17:00,MAVIAUSDT,0.0473,1.9066
8/26/2024 17:15,GLMUSDT,0.039,1.9456
8/26/2024 17:30,WOOUSDT,0.0498,1.9954
8/26/2024 17:30,APEUSDT,-0.0214,1.974
8/26/2024 17:30,ENJUSDT,0.0479,2.0219
8/26/2024 17:30,FTMUSDT,-0.0292,1.9927
8/26/2024 17:30,CHZUSDT,0.0484,2.0411
8/26/2024 17:30,ICPUSDT,-0.0202,2.0209
8/26/2024 17:30,STEEMUSDT,0.0392,2.0601
8/26/2024 17:30,COMPUSDT,0.0449,2.105
8/26/2024 17:30,1000SHIBUSDT,-0.0228,2.0822
8/26/2024 17:30,ONGUSDT,0.042,2.1242
8/26/2024 17:30,DOGEUSDT,0.0493,2.1735
8/26/2024 17:30,DEFIUSDT,0.0449,2.2184
8/26/2024 17:30,SXPUSDT,0.0446,2.263
8/26/2024 17:30,AXSUSDT,0.046,2.309
8/26/2024 17:30,ZKUSDT,0.0439,2.3529
8/26/2024 17:30,FLOWUSDT,0.0476,2.4005
8/26/2024 17:30,JASMYUSDT,-0.0244,2.3761
8/26/2024 17:30,C98USDT,0.0474,2.4235
8/26/2024 17:30,ORDIUSDT,0.0427,2.4662
8/26/2024 17:30,CYBERUSDT,0.0456,2.5118
8/26/2024 17:30,HOTUSDT,-0.0223,2.4895
8/26/2024 17:30,TOKENUSDT,0.0406,2.5301
8/26/2024 17:30,VETUSDT,0.0493,2.5794
8/26/2024 17:30,LRCUSDT,0.0434,2.6228
8/26/2024 17:45,QNTUSDT,0.0453,2.6681
8/26/2024 17:45,IOTAUSDT,0.0456,2.7137
8/26/2024 17:45,GUSDT,0.0452,2.7589
8/26/2024 17:45,ETCUSDT,0.0391,2.798
8/26/2024 21:00,LISTAUSDT,-0.0241,2.7739
8/26/2024 21:00,CHRUSDT,0.0473,2.8212
8/26/2024 21:00,IDUSDT,-0.0221,2.7991
8/26/2024 21:00,REZUSDT,-0.0203,2.7788
8/26/2024 21:00,WLDUSDT,-0.0206,2.7582
8/26/2024 21:00,BNBUSDT,-0.0251,2.7331
8/26/2024 21:00,MYROUSDT,-0.0205,2.7126
8/26/2024 21:00,KSMUSDT,-0.0205,2.6921
8/26/2024 21:15,WOOUSDT,-0.0204,2.6717
8/26/2024 21:15,BALUSDT,-0.0251,2.6466
8/26/2024 21:15,AIUSDT,-0.0271,2.6195
8/26/2024 21:15,OMNIUSDT,-0.0281,2.5914
8/26/2024 21:15,BEAMXUSDT,-0.0227,2.5687
8/26/2024 21:15,BIGTIMEUSDT,-0.0268,2.5419
8/26/2024 21:15,WAXPUSDT,-0.0235,2.5184
8/26/2024 21:15,GUSDT,-0.0261,2.4923
8/26/2024 21:15,BSVUSDT,-0.0232,2.4691
8/26/2024 21:15,POWRUSDT,-0.0232,2.4459
8/26/2024 21:15,NTRNUSDT,-0.0234,2.4225
8/26/2024 21:15,SUPERUSDT,-0.0217,2.4008
8/26/2024 21:15,COMBOUSDT,-0.0254,2.3754
8/26/2024 21:15,1000RATSUSDT,-0.0241,2.3513
8/26/2024 21:15,API3USDT,-0.0237,2.3276
8/26/2024 21:15,TNSRUSDT,-0.0219,2.3057
8/26/2024 21:15,LDOUSDT,-0.0217,2.284
8/26/2024 21:15,ZKUSDT,-0.0214,2.2626
8/26/2024 21:15,LINKUSDT,0.0467,2.3093
8/26/2024 21:15,OXTUSDT,-0.0229,2.2864
8/26/2024 21:15,ORDIUSDT,-0.0225,2.2639
8/26/2024 21:15,1000LUNCUSDT,-0.03,2.2339
8/26/2024 21:15,RIFUSDT,-0.0238,2.2101
8/26/2024 21:15,MAVIAUSDT,-0.0277,2.1824
8/26/2024 21:15,ARBUSDT,-0.0217,2.1607
8/26/2024 23:30,XVSUSDT,-0.0211,2.1396
8/26/2024 23:30,JTOUSDT,-0.0211,2.1185
8/26/2024 23:45,EGLDUSDT,-0.0252,2.0933
8/26/2024 23:45,NTRNUSDT,-0.0221,2.0712
8/26/2024 23:45,TNSRUSDT,-0.0223,2.0489
8/26/2024 23:45,LINKUSDT,-0.0226,2.0263
8/26/2024 23:45,DASHUSDT,0.0473,2.0736
8/27/2024 0:45,CHRUSDT,-0.0208,2.0528
8/27/2024 5:00,GMTUSDT,-0.0213,2.0315
8/27/2024 5:00,BNXUSDT,-0.02,2.0115
8/27/2024 5:15,1000FLOKIUSDT,0.0467,2.0582
8/27/2024 8:15,TRXUSDT,-0.0247,2.0335
8/27/2024 8:30,ANKRUSDT,0.0495,2.083
8/27/2024 8:45,XMRUSDT,0.0491,2.1321
8/27/2024 9:30,RONINUSDT,0.0492,2.1813
8/27/2024 9:30,XLMUSDT,-0.0204,2.1609
8/27/2024 9:30,IOTXUSDT,-0.0217,2.1392
8/27/2024 9:30,MTLUSDT,0.0482,2.1874
8/27/2024 9:30,NEOUSDT,0.0452,2.2326
8/27/2024 9:30,BICOUSDT,-0.0242,2.2084
8/27/2024 9:30,FXSUSDT,-0.0203,2.1881
8/27/2024 9:30,ARPAUSDT,0.0471,2.2352
8/27/2024 9:30,TRUUSDT,0.0407,2.2759
8/27/2024 9:30,KAVAUSDT,0.05,2.3259
8/27/2024 9:30,ZECUSDT,-0.0209,2.305
8/27/2024 9:45,ICPUSDT,-0.0217,2.2833
8/27/2024 9:45,UNIUSDT,0.0494,2.3327
8/27/2024 9:45,DEFIUSDT,0.05,2.3827
8/27/2024 9:45,ETHWUSDT,0.0496,2.4323
8/27/2024 9:45,TWTUSDT,0.05,2.4823
8/27/2024 9:45,TLMUSDT,0.049,2.5313
8/27/2024 9:45,1000PEPEUSDT,0.0489,2.5802
8/27/2024 10:00,DARUSDT,0.0461,2.6263
8/27/2024 10:00,GASUSDT,0.0467,2.673
8/27/2024 10:00,YFIUSDT,0.0365,2.7095
8/27/2024 10:00,ETCUSDT,0.0463,2.7558
8/27/2024 10:15,SFPUSDT,0.0479,2.8037
8/27/2024 10:15,ORBSUSDT,0.0494,2.8531
8/27/2024 10:15,STRKUSDT,-0.02,2.8331
8/27/2024 10:30,OMGUSDT,-0.0217,2.8114
8/27/2024 10:30,COMPUSDT,-0.0231,2.7883
8/27/2024 12:15,SKLUSDT,-0.0223,2.766
8/27/2024 12:15,BSVUSDT,0.0476,2.8136
8/27/2024 12:15,ARPAUSDT,-0.0292,2.7844
8/27/2024 12:15,BLZUSDT,0.0479,2.8323
8/27/2024 12:15,ATAUSDT,-0.02,2.8123
8/27/2024 12:30,ORBSUSDT,0.05,2.8623
8/27/2024 12:30,BICOUSDT,-0.0224,2.8399
8/27/2024 12:30,ICXUSDT,-0.0223,2.8176
8/27/2024 12:30,OXTUSDT,-0.0223,2.7953
8/27/2024 12:30,CTSIUSDT,-0.0251,2.7702
8/27/2024 13:30,AXLUSDT,0.0498,2.82
8/27/2024 14:00,LISTAUSDT,0.046,2.866
8/27/2024 14:00,RONINUSDT,-0.0253,2.8407
8/27/2024 14:00,ENAUSDT,0.0473,2.888
8/27/2024 14:00,GRTUSDT,-0.0239,2.8641
8/27/2024 14:00,STGUSDT,-0.0251,2.839
8/27/2024 14:00,BBUSDT,0.0447,2.8837
8/27/2024 14:00,STEEMUSDT,0.0463,2.93
8/27/2024 14:00,BTCUSDT,0.0398,2.9698
8/27/2024 14:00,1000SHIBUSDT,-0.0205,2.9493
8/27/2024 14:00,WAXPUSDT,-0.021,2.9283
8/27/2024 14:00,ENSUSDT,0.0462,2.9745
8/27/2024 14:00,ORBSUSDT,-0.0208,2.9537
8/27/2024 14:00,IMXUSDT,-0.021,2.9327
8/27/2024 14:00,SANDUSDT,-0.02,2.9127
8/27/2024 14:00,LINKUSDT,-0.0248,2.8879
8/27/2024 14:00,MAVIAUSDT,-0.0255,2.8624
8/27/2024 14:00,ARBUSDT,-0.0264,2.836
8/27/2024 18:45,TAOUSDT,0.046,2.882
8/27/2024 19:30,ATOMUSDT,0.0469,2.9289
8/27/2024 20:00,AAVEUSDT,0.0463,2.9752
8/27/2024 20:00,ENSUSDT,0.0484,3.0236
8/28/2024 5:15,RENUSDT,-0.0202,3.0034
8/28/2024 12:15,ONGUSDT,-0.0278,2.9756
8/29/2024 2:15,NOTUSDT,-0.0206,2.955
8/29/2024 2:45,1000SHIBUSDT,0.0488,3.0038
8/29/2024 4:30,1000LUNCUSDT,-0.0417,2.9621
8/29/2024 5:15,HIGHUSDT,0.0479,3.01
8/29/2024 5:15,NMRUSDT,0.0415,3.0515
8/29/2024 5:30,MAVUSDT,0.0465,3.098
8/29/2024 5:30,BAKEUSDT,0.0409,3.1389
8/29/2024 5:45,CAKEUSDT,-0.0227,3.1162
8/29/2024 5:45,EOSUSDT,-0.02,3.0962
8/29/2024 6:30,DARUSDT,-0.0233,3.0729
8/29/2024 8:00,LITUSDT,0,3.0729
8/29/2024 9:00,ZROUSDT,0.05,3.1229
8/29/2024 9:15,IOTAUSDT,0.0466,3.1695
8/29/2024 9:15,BBUSDT,0.0415,3.211
8/29/2024 9:15,1000SHIBUSDT,0.0472,3.2582
8/29/2024 9:15,POLYXUSDT,-0.0209,3.2373
8/29/2024 9:15,SUIUSDT,-0.0202,3.2171
8/29/2024 9:15,ROSEUSDT,0.019,3.2361
8/29/2024 9:15,LOOMUSDT,0.0449,3.281
8/29/2024 9:30,OMUSDT,-0.02,3.261
8/29/2024 9:45,AMBUSDT,-0.0255,3.2355
8/29/2024 9:45,DYMUSDT,-0.0237,3.2118
8/29/2024 11:00,STMXUSDT,0.05,3.2618
8/29/2024 11:00,1000PEPEUSDT,0.0384,3.3002
8/29/2024 11:15,MEWUSDT,-0.0251,3.2751
8/29/2024 11:15,KAVAUSDT,0.0485,3.3236
8/29/2024 11:15,JUPUSDT,-0.0203,3.3033
8/29/2024 11:15,FLOWUSDT,0.0449,3.3482
8/29/2024 11:30,IOTAUSDT,0.0387,3.3869
8/29/2024 11:30,EGLDUSDT,0.0416,3.4285
8/29/2024 11:30,BSVUSDT,0.0434,3.4719
8/29/2024 11:30,LSKUSDT,-0.0271,3.4448
8/29/2024 11:30,ILVUSDT,-0.0338,3.411
8/29/2024 11:30,OMUSDT,0.0481,3.4591
8/29/2024 13:45,IOTAUSDT,-0.0216,3.4375
8/29/2024 13:45,METISUSDT,-0.0209,3.4166
8/29/2024 13:45,CFXUSDT,0.0403,3.4569
8/29/2024 13:45,POWRUSDT,-0.0219,3.435
8/29/2024 13:45,SUSHIUSDT,-0.0238,3.4112
8/29/2024 13:45,BLZUSDT,-0.0205,3.3907
8/29/2024 13:45,MINAUSDT,-0.0241,3.3666
8/29/2024 14:00,CHZUSDT,-0.0203,3.3463
8/29/2024 14:00,MAGICUSDT,-0.026,3.3203
8/29/2024 14:00,BIGTIMEUSDT,-0.0249,3.2954
8/29/2024 14:00,PORTALUSDT,-0.0214,3.274
8/29/2024 14:00,MAVUSDT,-0.0224,3.2516
8/29/2024 14:00,DOGEUSDT,-0.02,3.2316
8/29/2024 14:00,VANRYUSDT,-0.031,3.2006
8/29/2024 14:00,ATOMUSDT,-0.0218,3.1788
8/29/2024 14:00,ANKRUSDT,-0.0212,3.1576
8/29/2024 14:00,ACHUSDT,-0.0217,3.1359
8/29/2024 14:00,COTIUSDT,-0.0232,3.1127
8/29/2024 14:00,ORDIUSDT,0.0484,3.1611
8/29/2024 14:00,ALPHAUSDT,0.0432,3.2043
8/29/2024 14:00,ZILUSDT,-0.0298,3.1745
8/29/2024 14:00,PIXELUSDT,-0.023,3.1515
8/29/2024 14:00,LRCUSDT,-0.0252,3.1263
8/29/2024 15:00,XMRUSDT,-0.0228,3.1035
8/29/2024 15:15,AAVEUSDT,-0.0278,3.0757
8/29/2024 15:15,TIAUSDT,-0.0221,3.0536
8/29/2024 15:15,MAVUSDT,-0.0225,3.0311
8/29/2024 15:15,HIFIUSDT,-0.021,3.0101
8/29/2024 15:15,GUSDT,-0.0283,2.9818
8/29/2024 15:15,ETHUSDT,-0.0209,2.9609
8/29/2024 15:15,ORDIUSDT,-0.0295,2.9314
8/29/2024 15:30,BIGTIMEUSDT,-0.02,2.9114
8/29/2024 16:30,LITUSDT,-0.0314,2.88
8/29/2024 16:30,BONDUSDT,-0.02,2.86
8/29/2024 18:00,APEUSDT,0.0408,2.9008
8/29/2024 18:00,LPTUSDT,0.0497,2.9505
8/29/2024 18:00,LQTYUSDT,0.0465,2.997
8/29/2024 18:00,TONUSDT,-0.0228,2.9742
8/29/2024 22:00,1000SHIBUSDT,-0.0217,2.9525
8/29/2024 22:00,BLURUSDT,-0.0234,2.9291
8/30/2024 0:00,STGUSDT,-0.0213,2.9078
8/30/2024 1:00,OGNUSDT,-0.0238,2.884
8/30/2024 1:15,EDUUSDT,-0.0213,2.8627
8/30/2024 3:00,HFTUSDT,0.0482,2.9109
8/30/2024 3:00,STGUSDT,-0.0235,2.8874
8/30/2024 5:00,AUCTIONUSDT,-0.0229,2.8645
8/30/2024 5:00,HFTUSDT,-0.0203,2.8442
8/30/2024 5:00,STXUSDT,-0.0219,2.8223
8/30/2024 5:00,BONDUSDT,0.0482,2.8705
8/30/2024 5:00,ZETAUSDT,-0.0225,2.848
8/30/2024 5:00,GLMUSDT,-0.02,2.828
8/30/2024 5:00,HOTUSDT,-0.0229,2.8051
8/30/2024 5:15,XVGUSDT,-0.0205,2.7846
8/30/2024 5:15,1000XECUSDT,-0.0207,2.7639
8/30/2024 5:15,KNCUSDT,-0.0222,2.7417
8/30/2024 6:30,BEAMXUSDT,0.0494,2.7911
8/30/2024 8:30,XMRUSDT,-0.0235,2.7676
8/30/2024 9:00,DARUSDT,-0.0211,2.7465
8/30/2024 9:00,BEAMXUSDT,-0.0271,2.7194
8/30/2024 9:00,YGGUSDT,-0.0207,2.6987
8/30/2024 10:00,SYSUSDT,-0.0237,2.675
8/30/2024 11:45,VOXELUSDT,-0.0216,2.6534
8/30/2024 12:15,MASKUSDT,-0.0209,2.6325
8/30/2024 12:30,XLMUSDT,-0.02,2.6125
8/30/2024 12:30,SXPUSDT,-0.0259,2.5866
8/30/2024 22:00,UNFIUSDT,-0.0282,2.5584
8/30/2024 23:00,AAVEUSDT,0.0492,2.6076
8/30/2024 23:15,XMRUSDT,-0.02,2.5876
8/30/2024 23:45,EGLDUSDT,0.0461,2.6337
8/31/2024 0:00,GASUSDT,-0.0317,2.602
8/31/2024 0:00,ATOMUSDT,-0.0248,2.5772
8/31/2024 0:15,STGUSDT,-0.0257,2.5515
8/31/2024 0:15,IOSTUSDT,-0.0207,2.5308
8/31/2024 0:15,NTRNUSDT,-0.0231,2.5077
8/31/2024 0:15,AXSUSDT,-0.0236,2.4841
8/31/2024 0:15,SANDUSDT,-0.0236,2.4605
8/31/2024 0:30,APEUSDT,-0.022,2.4385
8/31/2024 0:30,WIFUSDT,-0.0201,2.4184
8/31/2024 0:30,ZETAUSDT,-0.0231,2.3953
8/31/2024 0:30,KAVAUSDT,-0.0259,2.3694
8/31/2024 0:30,LTCUSDT,-0.0202,2.3492
8/31/2024 0:30,CYBERUSDT,-0.0276,2.3216
8/31/2024 1:15,AAVEUSDT,-0.0223,2.2993
8/31/2024 1:30,RENDERUSDT,-0.0286,2.2707
8/31/2024 3:00,KEYUSDT,-0.0214,2.2493
8/31/2024 3:30,JASMYUSDT,-0.0353,2.214
8/31/2024 4:15,HFTUSDT,-0.0234,2.1906
8/31/2024 5:00,STMXUSDT,0.0345,2.2251
8/31/2024 6:00,TUSDT,0.0471,2.2722
8/31/2024 8:15,HOOKUSDT,0.0476,2.3198
8/31/2024 8:30,1000SATSUSDT,-0.0217,2.2981
8/31/2024 8:45,DENTUSDT,0.05,2.3481
8/31/2024 8:45,AVAXUSDT,-0.0466,2.3015
8/31/2024 11:15,IOTXUSDT,0.037,2.3385
8/31/2024 12:00,BEAMXUSDT,0.0457,2.3842
8/31/2024 12:00,MOVRUSDT,-0.0209,2.3633
8/31/2024 12:00,TONUSDT,-0.0219,2.3414
8/31/2024 12:45,PHBUSDT,0.0358,2.3772
8/31/2024 13:30,ENJUSDT,0.0496,2.4268
8/31/2024 13:45,ASTRUSDT,0.0447,2.4715
8/31/2024 13:45,RSRUSDT,0.0443,2.5158
8/31/2024 13:45,SXPUSDT,0.0381,2.5539
8/31/2024 13:45,MOVRUSDT,-0.03,2.5239
8/31/2024 13:45,OGNUSDT,-0.0261,2.4978
8/31/2024 15:00,CRVUSDT,0.05,2.5478
8/31/2024 15:15,GUSDT,-0.0215,2.5263
8/31/2024 15:15,AGLDUSDT,0.0486,2.5749
8/31/2024 15:15,ARKMUSDT,0.046,2.6209
8/31/2024 16:00,WUSDT,0.0487,2.6696
8/31/2024 16:30,APTUSDT,0.0495,2.7191
8/31/2024 16:30,JASMYUSDT,0.05,2.7691
8/31/2024 16:30,ALGOUSDT,0.0444,2.8135
8/31/2024 16:45,AUCTIONUSDT,0.0461,2.8596
8/31/2024 16:45,BRETTUSDT,0.0495,2.9091
8/31/2024 16:45,GMXUSDT,0.044,2.9531
8/31/2024 16:45,NEARUSDT,0.0384,2.9915
8/31/2024 16:45,1000FLOKIUSDT,0.0442,3.0357
8/31/2024 16:45,1000BONKUSDT,0.0475,3.0832
8/31/2024 16:45,SPELLUSDT,0.0445,3.1277
8/31/2024 16:45,HBARUSDT,0.0437,3.1714
8/31/2024 16:45,BICOUSDT,0.0342,3.2056
8/31/2024 16:45,ARKMUSDT,0.046,3.2516
8/31/2024 16:45,API3USDT,0.0443,3.2959
8/31/2024 16:45,CRVUSDT,0.0435,3.3394
8/31/2024 16:45,EOSUSDT,0.05,3.3894
8/31/2024 16:45,ATOMUSDT,0.0482,3.4376
8/31/2024 17:00,ENJUSDT,0.0478,3.4854
8/31/2024 17:00,COMPUSDT,-0.02,3.4654
8/31/2024 17:00,FLMUSDT,0.0465,3.5119
8/31/2024 17:00,MOVRUSDT,-0.0211,3.4908
8/31/2024 18:45,EGLDUSDT,0.0494,3.5402
8/31/2024 19:00,SXPUSDT,-0.021,3.5192
8/31/2024 19:15,QTUMUSDT,0.0484,3.5676
8/31/2024 19:30,BRETTUSDT,-0.0204,3.5472
8/31/2024 19:30,XEMUSDT,0.05,3.5972
8/31/2024 19:30,NEOUSDT,0.047,3.6442
8/31/2024 19:30,KAVAUSDT,0.0489,3.6931
8/31/2024 19:30,LOOMUSDT,-0.0214,3.6717
8/31/2024 19:30,MAVIAUSDT,0.049,3.7207
8/31/2024 20:15,CYBERUSDT,-0.0207,3.7
9/1/2024 0:15,ZROUSDT,0.0492,3.7492
9/1/2024 0:15,ADAUSDT,0.046,3.7952
9/1/2024 0:45,TONUSDT,-0.0258,3.7694
9/1/2024 3:30,XMRUSDT,-0.031,3.7384
9/1/2024 5:15,DOGEUSDT,0.0494,3.7878
9/1/2024 5:15,SOLUSDT,-0.0222,3.7656
9/1/2024 5:30,SFPUSDT,0.045,3.8106
9/1/2024 5:30,STXUSDT,0.0495,3.8601
9/1/2024 5:30,NEARUSDT,-0.0204,3.8397
9/1/2024 5:30,HIFIUSDT,0.0452,3.8849
9/1/2024 5:30,XMRUSDT,-0.0245,3.8604
9/1/2024 5:45,PYTHUSDT,0.0496,3.91
9/1/2024 5:45,TRXUSDT,-0.0207,3.8893
9/1/2024 7:15,IMXUSDT,0.0497,3.939
9/1/2024 8:45,IMXUSDT,0.0445,3.9835
9/1/2024 8:45,BNXUSDT,0.0477,4.0312
9/1/2024 10:00,FTMUSDT,0.0496,4.0808
9/1/2024 10:00,GLMUSDT,0.0406,4.1214
9/1/2024 10:00,CELRUSDT,0.0441,4.1655
9/1/2024 12:15,CHRUSDT,0.0463,4.2118
9/1/2024 12:30,SFPUSDT,-0.0209,4.1909
9/1/2024 12:30,HIGHUSDT,-0.0205,4.1704
9/1/2024 12:30,NMRUSDT,0.0476,4.218
9/1/2024 12:30,BEAMXUSDT,0.0279,4.2459
9/1/2024 12:30,GUSDT,0.05,4.2959
9/1/2024 12:30,IMXUSDT,-0.0282,4.2677
9/1/2024 12:30,MBOXUSDT,0.0493,4.317
9/1/2024 12:30,RIFUSDT,-0.0212,4.2958
9/1/2024 12:45,UNIUSDT,-0.0227,4.2731
9/1/2024 12:45,DEFIUSDT,-0.0204,4.2527
9/1/2024 12:45,BLURUSDT,-0.0238,4.2289
9/1/2024 12:45,LQTYUSDT,-0.0256,4.2033
9/1/2024 12:45,MYROUSDT,-0.022,4.1813
9/1/2024 12:45,SEIUSDT,-0.0234,4.1579
9/1/2024 13:15,TUSDT,-0.0209,4.137
9/1/2024 13:15,LITUSDT,0.0481,4.1851
9/1/2024 13:30,RONINUSDT,0.0406,4.2257
9/1/2024 13:30,AMBUSDT,-0.0297,4.196
9/1/2024 13:30,BANANAUSDT,-0.036,4.16
9/1/2024 13:30,ICPUSDT,-0.0218,4.1382
9/1/2024 13:30,EGLDUSDT,-0.0221,4.1161
9/1/2024 13:30,CELOUSDT,-0.0268,4.0893
9/1/2024 13:30,BADGERUSDT,-0.0259,4.0634
9/1/2024 13:30,ETCUSDT,-0.0254,4.038
9/1/2024 13:30,GALAUSDT,-0.029,4.009
9/1/2024 20:30,ZECUSDT,0.0466,4.0556
9/1/2024 22:15,ZECUSDT,0.0414,4.097
9/2/2024 4:30,BEAMXUSDT,-0.0237,4.0733
9/2/2024 4:30,RSRUSDT,-0.0278,4.0455
9/2/2024 4:30,ZROUSDT,-0.028,4.0175
9/2/2024 7:15,IMXUSDT,-0.0212,3.9963
9/2/2024 7:15,JASMYUSDT,-0.025,3.9713
9/2/2024 7:15,LEVERUSDT,-0.0392,3.9321
9/2/2024 7:30,GUSDT,-0.0208,3.9113
9/2/2024 12:45,BANANAUSDT,-0.0215,3.8898
9/2/2024 13:00,KEYUSDT,-0.02,3.8698
9/2/2024 13:00,HOOKUSDT,-0.0204,3.8494
9/2/2024 13:45,DARUSDT,-0.0469,3.8025
9/2/2024 14:30,ONEUSDT,0.0423,3.8448
9/2/2024 16:45,MKRUSDT,-0.0226,3.8222
9/2/2024 17:00,AAVEUSDT,0.0324,3.8546
9/2/2024 17:00,SUSHIUSDT,0.0479,3.9025
9/2/2024 17:15,IOTAUSDT,-0.0318,3.8707
9/2/2024 17:15,MINAUSDT,0.0457,3.9164
9/2/2024 17:30,LRCUSDT,-0.0203,3.8961
9/2/2024 17:45,OMGUSDT,0.0341,3.9302
9/2/2024 17:45,ORBSUSDT,-0.023,3.9072
9/2/2024 17:45,XRPUSDT,-0.0204,3.8868
9/2/2024 17:45,FXSUSDT,0.0477,3.9345
9/2/2024 17:45,SANDUSDT,-0.0217,3.9128
9/2/2024 18:00,HFTUSDT,-0.0208,3.892
9/2/2024 18:00,AMBUSDT,-0.022,3.87
9/2/2024 18:00,SKLUSDT,0.0404,3.9104
9/2/2024 18:00,CFXUSDT,-0.0205,3.8899
9/2/2024 19:15,CELRUSDT,0.0439,3.9338
9/2/2024 20:00,FXSUSDT,0.0413,3.9751
9/2/2024 20:00,LTCUSDT,0.048,4.0231
9/2/2024 20:00,LRCUSDT,-0.0213,4.0018
9/2/2024 20:30,SNXUSDT,-0.0212,3.9806
9/2/2024 20:30,UMAUSDT,0.0422,4.0228
9/2/2024 20:30,LQTYUSDT,0.0439,4.0667
9/2/2024 20:30,CELRUSDT,0.05,4.1167
9/2/2024 20:30,ZKUSDT,0.0489,4.1656
9/2/2024 20:45,CAKEUSDT,-0.0262,4.1394
9/2/2024 20:45,AMBUSDT,-0.0247,4.1147
9/2/2024 20:45,AXLUSDT,0.0289,4.1436
9/2/2024 20:45,OMNIUSDT,0.0304,4.174
9/2/2024 20:45,APTUSDT,-0.0244,4.1496
9/2/2024 20:45,STMXUSDT,0.0383,4.1879
9/2/2024 20:45,CFXUSDT,0.0356,4.2235
9/2/2024 20:45,ICXUSDT,-0.0305,4.193
9/2/2024 20:45,SOLUSDT,0.0408,4.2338
9/2/2024 20:45,JUPUSDT,0.0351,4.2689
9/2/2024 20:45,LOOMUSDT,-0.0214,4.2475
9/2/2024 20:45,BADGERUSDT,0.0325,4.28
9/2/2024 20:45,COTIUSDT,-0.0223,4.2577
9/2/2024 20:45,PIXELUSDT,-0.0416,4.2161
9/2/2024 21:45,TRXUSDT,-0.0211,4.195
9/3/2024 0:00,STMXUSDT,-0.0455,4.1495
9/3/2024 0:00,BAKEUSDT,0.044,4.1935
9/3/2024 0:45,TONUSDT,-0.0261,4.1674
9/3/2024 1:00,ENJUSDT,0.0471,4.2145
9/3/2024 1:00,NEOUSDT,-0.0237,4.1908
9/3/2024 1:00,KLAYUSDT,-0.0212,4.1696
9/3/2024 1:00,NTRNUSDT,-0.0228,4.1468
9/3/2024 1:00,LSKUSDT,-0.0241,4.1227
9/3/2024 1:00,ARPAUSDT,-0.02,4.1027
9/3/2024 1:00,ARKUSDT,-0.0224,4.0803
9/3/2024 1:00,BLZUSDT,-0.0233,4.057
9/3/2024 1:00,RLCUSDT,-0.021,4.036
9/3/2024 1:00,MINAUSDT,-0.0241,4.0119
9/3/2024 1:15,FTMUSDT,-0.02,3.9919
9/3/2024 2:00,DUSKUSDT,-0.0216,3.9703
9/3/2024 2:00,APEUSDT,-0.0375,3.9328
9/3/2024 2:00,STGUSDT,-0.0228,3.91
9/3/2024 2:00,BANANAUSDT,-0.0281,3.8819
9/3/2024 2:00,IDUSDT,-0.0377,3.8442
9/3/2024 2:00,TUSDT,-0.0236,3.8206
9/3/2024 2:00,ASTRUSDT,-0.0346,3.786
9/3/2024 2:00,OMNIUSDT,-0.0351,3.7509
9/3/2024 2:00,GTCUSDT,-0.0256,3.7253
9/3/2024 2:00,POLYXUSDT,-0.0461,3.6792
9/3/2024 2:00,NTRNUSDT,-0.0354,3.6438
9/3/2024 2:00,DOTUSDT,-0.0377,3.6061
9/3/2024 2:00,SOLUSDT,-0.0459,3.5602
9/3/2024 2:00,API3USDT,-0.03,3.5302
9/3/2024 2:00,JUPUSDT,-0.0365,3.4937
9/3/2024 2:00,MYROUSDT,-0.0402,3.4535
9/3/2024 2:00,SEIUSDT,-0.0204,3.4331
9/3/2024 2:00,DODOXUSDT,-0.0236,3.4095
9/3/2024 2:00,STORJUSDT,-0.0351,3.3744
9/3/2024 2:00,CTSIUSDT,-0.0299,3.3445
9/3/2024 2:00,ORDIUSDT,-0.0385,3.306
9/3/2024 2:00,TONUSDT,-0.0258,3.2802
9/3/2024 2:00,LUNA2USDT,-0.0368,3.2434
9/3/2024 2:00,USTCUSDT,-0.0352,3.2082
9/3/2024 2:00,ATAUSDT,-0.0323,3.1759
9/3/2024 2:00,DASHUSDT,0.0405,3.2164
9/3/2024 3:30,TURBOUSDT,-0.0226,3.1938
9/3/2024 5:00,ASTRUSDT,-0.0219,3.1719
9/3/2024 5:00,1000FLOKIUSDT,-0.0227,3.1492
9/3/2024 5:30,ENJUSDT,-0.0203,3.1289
9/3/2024 7:00,FLOWUSDT,0.0164,3.1453
9/3/2024 7:30,DENTUSDT,-0.0266,3.1187
9/3/2024 8:00,ZILUSDT,-0.0246,3.0941
9/3/2024 8:15,IMXUSDT,0.0455,3.1396
9/3/2024 8:15,ADAUSDT,0.048,3.1876
9/3/2024 8:30,VIDTUSDT,-0.0216,3.166
9/3/2024 8:30,TAOUSDT,0.0368,3.2028
9/3/2024 8:30,BCHUSDT,-0.0324,3.1704
9/3/2024 10:45,RAREUSDT,0.0472,3.2176
9/3/2024 11:15,COMBOUSDT,-0.0258,3.1918
9/3/2024 12:45,MAVUSDT,0.0462,3.238
9/3/2024 12:45,ZROUSDT,0.0496,3.2876
9/3/2024 12:45,KSMUSDT,0.0466,3.3342
9/3/2024 13:00,RAREUSDT,0.05,3.3842
9/3/2024 13:15,WOOUSDT,0.0445,3.4287
9/3/2024 13:15,AIUSDT,0.0459,3.4746
9/3/2024 13:15,XTZUSDT,-0.0267,3.4479
9/3/2024 13:30,BANANAUSDT,0.0294,3.4773
9/3/2024 13:30,TONUSDT,0.0143,3.4916
9/3/2024 13:30,TRXUSDT,0.047,3.5386
9/3/2024 15:45,ALTUSDT,0.0479,3.5865
9/3/2024 17:45,STGUSDT,-0.0222,3.5643
9/3/2024 17:45,BNBUSDT,-0.0207,3.5436
9/3/2024 18:00,TAOUSDT,0.0477,3.5913
9/3/2024 18:00,NTRNUSDT,0.05,3.6413
9/3/2024 18:00,FXSUSDT,0.0333,3.6746
9/3/2024 18:00,LINKUSDT,-0.023,3.6516
9/3/2024 18:00,MKRUSDT,-0.0229,3.6287
9/3/2024 20:30,NTRNUSDT,0.0495,3.6782
9/3/2024 21:15,FTMUSDT,0.048,3.7262
9/3/2024 21:45,OXTUSDT,-0.0304,3.6958
9/3/2024 22:30,PENDLEUSDT,0.0489,3.7447
9/3/2024 22:45,ZKUSDT,0.0435,3.7882
9/3/2024 23:00,HIFIUSDT,0.0418,3.83
9/3/2024 23:00,NTRNUSDT,0.0445,3.8745
9/3/2024 23:15,ZETAUSDT,0.0494,3.9239
9/3/2024 23:45,GTCUSDT,0.0422,3.9661
9/4/2024 0:45,CAKEUSDT,0.044,4.0101
9/4/2024 0:45,WOOUSDT,0.0442,4.0543
9/4/2024 0:45,CHRUSDT,0.0438,4.0981
9/4/2024 0:45,GRTUSDT,-0.0276,4.0705
9/4/2024 0:45,BANANAUSDT,0.0448,4.1153
9/4/2024 0:45,OMGUSDT,-0.02,4.0953
9/4/2024 0:45,CHZUSDT,0.0372,4.1325
9/4/2024 0:45,ALTUSDT,0.0373,4.1698
9/4/2024 0:45,BOMEUSDT,0.0404,4.2102
9/4/2024 0:45,BTCUSDT,0.043,4.2532
9/4/2024 0:45,IOSTUSDT,0.0428,4.296
9/4/2024 0:45,WLDUSDT,0.0377,4.3337
9/4/2024 0:45,JOEUSDT,0.0461,4.3798
9/4/2024 0:45,PORTALUSDT,0.0408,4.4206
9/4/2024 0:45,MEMEUSDT,0.0407,4.4613
9/4/2024 0:45,SPELLUSDT,0.0432,4.5045
9/4/2024 0:45,BNTUSDT,0.0415,4.546
9/4/2024 0:45,DYMUSDT,0.0385,4.5845
9/4/2024 0:45,DOGEUSDT,0.0405,4.625
9/4/2024 0:45,ARUSDT,0.0359,4.6609
9/4/2024 0:45,METISUSDT,0.0417,4.7026
9/4/2024 0:45,CFXUSDT,0.0421,4.7447
9/4/2024 0:45,BNBUSDT,0.0422,4.7869
9/4/2024 0:45,MTLUSDT,0.04,4.8269
9/4/2024 0:45,NEOUSDT,0.0404,4.8673
9/4/2024 0:45,DEFIUSDT,0.0383,4.9056
9/4/2024 0:45,NTRNUSDT,0.0446,4.9502
9/4/2024 0:45,KNCUSDT,0.0418,4.992
9/4/2024 0:45,ARPAUSDT,0.0379,5.0299
9/4/2024 0:45,ETHWUSDT,0.038,5.0679
9/4/2024 0:45,API3USDT,0.0397,5.1076
9/4/2024 0:45,KAVAUSDT,-0.0236,5.084
9/4/2024 0:45,EOSUSDT,0.0417,5.1257
9/4/2024 0:45,LTCUSDT,0.0469,5.1726
9/4/2024 0:45,TURBOUSDT,0.0372,5.2098
9/4/2024 0:45,AXSUSDT,-0.0237,5.1861
9/4/2024 0:45,ZKUSDT,0.0318,5.2179
9/4/2024 0:45,BADGERUSDT,0.0465,5.2644
9/4/2024 0:45,TLMUSDT,0.0464,5.3108
9/4/2024 0:45,SEIUSDT,-0.0291,5.2817
9/4/2024 0:45,ZECUSDT,0.0468,5.3285
9/4/2024 0:45,FLOWUSDT,-0.0245,5.304
9/4/2024 0:45,AVAXUSDT,0.0409,5.3449
9/4/2024 0:45,ACHUSDT,0.0384,5.3833
9/4/2024 0:45,ETCUSDT,0.0358,5.4191
9/4/2024 0:45,MANTAUSDT,0.0434,5.4625
9/4/2024 0:45,STORJUSDT,0.0401,5.5026
9/4/2024 0:45,JTOUSDT,0.0431,5.5457
9/4/2024 0:45,MINAUSDT,0.0375,5.5832
9/4/2024 0:45,ZRXUSDT,0.0389,5.6221
9/4/2024 0:45,LUNA2USDT,0.0429,5.665
9/4/2024 0:45,ZENUSDT,0.0448,5.7098
9/4/2024 0:45,PIXELUSDT,0.0404,5.7502
9/4/2024 0:45,RVNUSDT,0.0385,5.7887
9/4/2024 0:45,DASHUSDT,0.0469,5.8356
9/4/2024 0:45,MAVIAUSDT,0.0403,5.8759
9/4/2024 0:45,LRCUSDT,0.0434,5.9193
9/4/2024 1:00,DENTUSDT,-0.0407,5.8786
9/4/2024 7:30,UNIUSDT,-0.0238,5.8548
9/4/2024 12:00,MASKUSDT,-0.0217,5.8331
9/4/2024 12:00,NULSUSDT,-0.0277,5.8054
9/4/2024 13:00,AMBUSDT,-0.02,5.7854
9/4/2024 13:00,1000FLOKIUSDT,-0.0204,5.765
9/4/2024 13:00,ETHWUSDT,-0.0208,5.7442
9/4/2024 14:00,INJUSDT,0.0356,5.7798
9/5/2024 0:15,BLURUSDT,0.0236,5.8034
9/5/2024 1:00,ASTRUSDT,0.044,5.8474
9/5/2024 3:00,KEYUSDT,0.0342,5.8816
9/5/2024 3:00,BNXUSDT,-0.0392,5.8424
9/5/2024 3:15,DOGSUSDT,-0.0266,5.8158
9/5/2024 6:15,IDUSDT,-0.0245,5.7913
9/5/2024 6:15,BRETTUSDT,-0.0212,5.7701
9/5/2024 6:15,OPUSDT,-0.0229,5.7472
9/5/2024 6:15,MAVUSDT,-0.023,5.7242
9/5/2024 6:15,ENSUSDT,-0.0291,5.6951
9/5/2024 6:15,SUPERUSDT,-0.0217,5.6734
9/5/2024 6:15,MKRUSDT,0.0499,5.7233
9/5/2024 6:15,ZILUSDT,-0.025,5.6983
9/5/2024 9:15,KASUSDT,-0.0246,5.6737
9/5/2024 13:15,EOSUSDT,-0.02,5.6537
9/5/2024 17:15,LTCUSDT,-0.0229,5.6308
9/5/2024 19:00,AIUSDT,-0.0325,5.5983
9/5/2024 19:00,XVGUSDT,-0.024,5.5743
9/5/2024 19:00,RLCUSDT,-0.0247,5.5496
9/5/2024 19:15,QNTUSDT,-0.0211,5.5285
9/5/2024 19:15,GMXUSDT,-0.0218,5.5067
9/5/2024 19:15,IOSTUSDT,-0.0214,5.4853
9/5/2024 19:15,MEMEUSDT,-0.0215,5.4638
9/5/2024 19:15,COMBOUSDT,-0.025,5.4388
9/5/2024 19:15,SOLUSDT,-0.0234,5.4154
9/5/2024 19:15,API3USDT,-0.0204,5.395
9/5/2024 19:15,BADGERUSDT,-0.0237,5.3713
9/5/2024 19:15,ZILUSDT,-0.0241,5.3472
9/5/2024 19:30,AMBUSDT,-0.0298,5.3174
9/5/2024 19:30,ORBSUSDT,-0.0235,5.2939
9/5/2024 19:30,STMXUSDT,-0.0237,5.2702
9/5/2024 19:30,METISUSDT,-0.0252,5.245
9/5/2024 19:30,ONDOUSDT,-0.023,5.222
9/5/2024 19:30,PYTHUSDT,-0.0259,5.1961
9/5/2024 19:30,MKRUSDT,-0.0221,5.174
9/5/2024 21:30,AAVEUSDT,-0.0201,5.1539
9/5/2024 22:15,ASTRUSDT,-0.0296,5.1243
9/5/2024 23:15,JTOUSDT,0.042,5.1663
9/6/2024 0:30,ASTRUSDT,-0.0215,5.1448
9/6/2024 0:30,VANRYUSDT,-0.0211,5.1237
9/6/2024 1:30,NOTUSDT,-0.0256,5.0981
9/6/2024 3:15,LTCUSDT,-0.0277,5.0704
9/6/2024 5:45,NOTUSDT,-0.0281,5.0423
9/6/2024 7:00,ENAUSDT,-0.0249,5.0174
9/6/2024 7:00,ONGUSDT,0.0471,5.0645
9/6/2024 7:00,API3USDT,-0.02,5.0445
9/6/2024 7:15,MASKUSDT,-0.0438,5.0007
9/6/2024 7:15,GTCUSDT,0.0152,5.0159
9/6/2024 7:15,NEOUSDT,-0.0378,4.9781
9/6/2024 7:15,NULSUSDT,-0.0301,4.948
9/6/2024 7:15,TNSRUSDT,-0.035,4.913
9/6/2024 7:15,YGGUSDT,-0.0275,4.8855
9/6/2024 7:15,ROSEUSDT,0.0258,4.9113
9/6/2024 7:15,MYROUSDT,0.0194,4.9307
9/6/2024 7:15,LUNA2USDT,0.019,4.9497
9/6/2024 7:15,ALPHAUSDT,-0.0306,4.9191
9/6/2024 7:15,TOKENUSDT,-0.0343,4.8848
9/6/2024 11:15,APTUSDT,-0.0234,4.8614
9/6/2024 12:00,DOGEUSDT,-0.0283,4.8331
9/6/2024 12:30,SAGAUSDT,0.0071,4.8402
9/6/2024 12:30,SEIUSDT,-0.0343,4.8059
9/6/2024 16:45,ETCUSDT,0.0492,4.8551
9/6/2024 18:15,CYBERUSDT,0.0488,4.9039
9/6/2024 18:30,ICPUSDT,-0.0215,4.8824
9/6/2024 19:30,TRXUSDT,-0.0209,4.8615
9/6/2024 20:30,AUCTIONUSDT,-0.0219,4.8396
9/6/2024 20:30,BATUSDT,-0.0236,4.816
9/6/2024 20:30,HFTUSDT,-0.0207,4.7953
9/6/2024 20:30,RONINUSDT,-0.0246,4.7707
9/6/2024 20:30,SUNUSDT,-0.0215,4.7492
9/6/2024 20:30,XLMUSDT,-0.0205,4.7287
9/6/2024 20:30,IOTAUSDT,-0.02,4.7087
9/6/2024 20:30,EDUUSDT,-0.0211,4.6876
9/6/2024 20:30,SFPUSDT,-0.0305,4.6571
9/6/2024 20:30,AIUSDT,-0.0205,4.6366
9/6/2024 20:30,SNXUSDT,-0.0211,4.6155
9/6/2024 20:30,UNIUSDT,-0.0202,4.5953
9/6/2024 20:30,NEARUSDT,-0.0216,4.5737
9/6/2024 20:30,1000BONKUSDT,-0.0225,4.5512
9/6/2024 20:30,SPELLUSDT,-0.0233,4.5279
9/6/2024 20:30,POWRUSDT,-0.02,4.5079
9/6/2024 20:30,BICOUSDT,-0.0223,4.4856
9/6/2024 20:30,ONDOUSDT,-0.0284,4.4572
9/6/2024 20:30,NKNUSDT,-0.0229,4.4343
9/6/2024 20:30,MBOXUSDT,-0.0244,4.4099
9/6/2024 20:30,LOOMUSDT,0.0339,4.4438
9/6/2024 20:30,ALGOUSDT,-0.0224,4.4214
9/6/2024 20:30,KSMUSDT,-0.0203,4.4011
9/6/2024 20:30,PIXELUSDT,-0.021,4.3801
9/6/2024 20:30,OGNUSDT,-0.0217,4.3584
9/6/2024 20:45,VANRYUSDT,-0.0368,4.3216
9/6/2024 20:45,RAREUSDT,-0.0408,4.2808
9/6/2024 20:45,AVAXUSDT,-0.026,4.2548
9/6/2024 20:45,CHESSUSDT,-0.0322,4.2226
9/7/2024 4:45,IMXUSDT,0.0397,4.2623
9/7/2024 4:45,ALPACAUSDT,-0.0246,4.2377
9/7/2024 5:00,ZROUSDT,0.0465,4.2842
9/7/2024 7:45,APTUSDT,0.0477,4.3319
9/7/2024 8:15,MANTAUSDT,-0.0262,4.3057
9/7/2024 8:30,1INCHUSDT,-0.0276,4.2781
9/7/2024 8:30,KASUSDT,0.0403,4.3184
9/7/2024 8:30,FILUSDT,-0.0216,4.2968
9/7/2024 8:30,CHESSUSDT,0.0449,4.3417
9/7/2024 10:00,1000SATSUSDT,0.039,4.3807
9/7/2024 10:00,UNFIUSDT,-0.021,4.3597
9/7/2024 10:15,CKBUSDT,0.0479,4.4076
9/7/2024 10:15,ALGOUSDT,0.0466,4.4542
9/7/2024 10:30,SYSUSDT,0.0485,4.5027
9/7/2024 10:30,WAXPUSDT,-0.0236,4.4791
9/7/2024 11:00,AXLUSDT,0.0482,4.5273
9/7/2024 11:00,UNIUSDT,-0.0252,4.5021
9/7/2024 11:15,OPUSDT,0.0493,4.5514
9/7/2024 11:15,IOSTUSDT,-0.0228,4.5286
9/7/2024 11:15,DOGEUSDT,0.0445,4.5731
9/7/2024 11:15,BANDUSDT,-0.0217,4.5514
9/7/2024 11:15,RVNUSDT,0.0413,4.5927
9/7/2024 12:00,DARUSDT,0.0481,4.6408
9/7/2024 12:00,KASUSDT,0.0435,4.6843
9/7/2024 12:00,FLUXUSDT,-0.0203,4.664
9/7/2024 12:15,BATUSDT,-0.02,4.644
9/7/2024 12:30,GTCUSDT,0.0459,4.6899
9/7/2024 12:45,FTMUSDT,-0.0207,4.6692
9/7/2024 12:45,PENDLEUSDT,0.0491,4.7183
9/7/2024 12:45,THETAUSDT,-0.0214,4.6969
9/7/2024 13:00,QNTUSDT,0.0471,4.744
9/7/2024 13:00,LTCUSDT,0.05,4.794
9/7/2024 14:15,SNXUSDT,-0.0274,4.7666
9/7/2024 14:15,JOEUSDT,-0.0247,4.7419
9/7/2024 14:15,BICOUSDT,-0.0244,4.7175
9/7/2024 14:15,ICXUSDT,-0.02,4.6975
9/7/2024 14:30,CFXUSDT,0.0494,4.7469
9/7/2024 14:45,STXUSDT,-0.0211,4.7258
9/7/2024 14:45,HIGHUSDT,0.0375,4.7633
9/7/2024 14:45,GASUSDT,-0.0226,4.7407
9/7/2024 14:45,BANDUSDT,-0.0257,4.715
9/7/2024 15:00,GRTUSDT,-0.025,4.69
9/7/2024 15:00,CHZUSDT,-0.0278,4.6622
9/7/2024 15:00,MANAUSDT,-0.037,4.6252
9/7/2024 15:00,BEAMXUSDT,-0.023,4.6022
9/7/2024 15:00,MEMEUSDT,-0.0246,4.5776
9/7/2024 15:00,BNTUSDT,-0.0226,4.555
9/7/2024 15:00,XRPUSDT,-0.0257,4.5293
9/7/2024 15:00,AGLDUSDT,-0.0238,4.5055
9/7/2024 15:00,ARPAUSDT,-0.02,4.4855
9/7/2024 15:00,NKNUSDT,-0.023,4.4625
9/7/2024 15:00,ETHWUSDT,-0.0206,4.4419
9/7/2024 15:00,ONTUSDT,-0.02,4.4219
9/7/2024 15:00,LINKUSDT,-0.0302,4.3917
9/7/2024 15:00,ZRXUSDT,-0.0212,4.3705
9/7/2024 15:00,HOTUSDT,-0.0259,4.3446
9/7/2024 15:00,1000PEPEUSDT,-0.0232,4.3214
9/7/2024 15:00,ZILUSDT,-0.0244,4.297
9/7/2024 15:00,RVNUSDT,0.0455,4.3425
9/7/2024 15:15,1000XECUSDT,-0.0224,4.3201
9/7/2024 15:15,GALAUSDT,0.0393,4.3594
9/7/2024 15:15,RIFUSDT,-0.0339,4.3255
9/7/2024 15:45,SFPUSDT,-0.0233,4.3022
9/7/2024 20:45,BALUSDT,0.048,4.3502
9/8/2024 4:00,SYNUSDT,0.0484,4.3986
9/8/2024 4:00,1000FLOKIUSDT,0.0492,4.4478
9/8/2024 4:15,TUSDT,-0.029,4.4188
9/8/2024 4:15,MEMEUSDT,0.0388,4.4576
9/8/2024 4:15,ONEUSDT,0.041,4.4986
9/8/2024 4:15,MKRUSDT,-0.0203,4.4783
9/8/2024 4:15,NOTUSDT,-0.0214,4.4569
9/8/2024 4:30,LITUSDT,0.0466,4.5035
9/8/2024 4:30,SYSUSDT,-0.0302,4.4733
9/8/2024 6:00,NMRUSDT,-0.0278,4.4455
9/8/2024 6:00,LINAUSDT,0.05,4.4955
9/8/2024 6:00,THETAUSDT,0.0494,4.5449
9/8/2024 6:15,CHZUSDT,-0.0217,4.5232
9/8/2024 6:15,BIGTIMEUSDT,-0.0218,4.5014
9/8/2024 6:15,ZENUSDT,-0.0263,4.4751
9/8/2024 6:30,SYNUSDT,0.0152,4.4903
9/8/2024 6:30,BANDUSDT,-0.02,4.4703
9/8/2024 7:00,WOOUSDT,-0.0258,4.4445
9/8/2024 7:00,CHRUSDT,-0.0439,4.4006
9/8/2024 7:00,STGUSDT,-0.024,4.3766
9/8/2024 7:00,EDUUSDT,0.0207,4.3973
9/8/2024 7:00,AMBUSDT,-0.0225,4.3748
9/8/2024 7:00,IDUSDT,-0.0201,4.3547
9/8/2024 7:00,SKLUSDT,-0.0242,4.3305
9/8/2024 7:00,BOMEUSDT,0.0367,4.3672
9/8/2024 7:00,HIGHUSDT,0.0367,4.4039
9/8/2024 7:00,TAOUSDT,-0.0233,4.3806
9/8/2024 7:00,GMXUSDT,-0.0293,4.3513
9/8/2024 7:00,MANAUSDT,-0.0218,4.3295
9/8/2024 7:00,GASUSDT,-0.0289,4.3006
9/8/2024 7:00,IOSTUSDT,-0.0274,4.2732
9/8/2024 7:00,MEMEUSDT,-0.0261,4.2471
9/8/2024 7:00,LPTUSDT,-0.0222,4.2249
9/8/2024 7:00,SPELLUSDT,0.049,4.2739
9/8/2024 7:00,SAGAUSDT,0.0455,4.3194
9/8/2024 7:00,BNTUSDT,-0.0251,4.2943
9/8/2024 7:00,GTCUSDT,0.0466,4.3409
9/8/2024 7:00,METISUSDT,-0.0219,4.319
9/8/2024 7:00,CFXUSDT,-0.0302,4.2888
9/8/2024 7:00,BNBUSDT,0.047,4.3358
9/8/2024 7:00,HBARUSDT,-0.0284,4.3074
9/8/2024 7:00,SUPERUSDT,0.0432,4.3506
9/8/2024 7:00,TRBUSDT,-0.0226,4.328
9/8/2024 7:00,BELUSDT,0.0489,4.3769
9/8/2024 7:00,VANRYUSDT,0.0447,4.4216
9/8/2024 7:00,ILVUSDT,-0.0212,4.4004
9/8/2024 7:00,TNSRUSDT,0.0311,4.4315
9/8/2024 7:00,YFIUSDT,-0.0207,4.4108
9/8/2024 7:00,DENTUSDT,-0.0233,4.3875
9/8/2024 7:00,PYTHUSDT,-0.0208,4.3667
9/8/2024 7:00,RENUSDT,-0.0247,4.342
9/8/2024 7:00,SEIUSDT,0.0278,4.3698
9/8/2024 7:00,JTOUSDT,-0.0202,4.3496
9/8/2024 7:00,RLCUSDT,-0.0313,4.3183
9/8/2024 7:00,C98USDT,-0.024,4.2943
9/8/2024 7:00,ALPHAUSDT,-0.0254,4.2689
9/8/2024 7:00,1000LUNCUSDT,0.0386,4.3075
9/8/2024 7:00,UNFIUSDT,0.0491,4.3566
9/8/2024 7:00,OGNUSDT,-0.0239,4.3327
9/8/2024 7:15,GRTUSDT,-0.0207,4.312
9/8/2024 7:15,MASKUSDT,0.0499,4.3619
9/8/2024 7:15,NFPUSDT,-0.0313,4.3306
9/8/2024 7:15,NMRUSDT,-0.0228,4.3078
9/8/2024 7:15,DYMUSDT,-0.0242,4.2836
9/8/2024 7:15,GMTUSDT,0.0477,4.3313
9/8/2024 7:15,NEOUSDT,-0.0234,4.3079
9/8/2024 7:15,ARPAUSDT,0.0429,4.3508
9/8/2024 7:15,LRCUSDT,-0.0206,4.3302
9/8/2024 7:30,CAKEUSDT,-0.0229,4.3073
9/8/2024 7:30,ENJUSDT,-0.0223,4.285
9/8/2024 7:30,QTUMUSDT,-0.0212,4.2638
9/8/2024 7:30,NEARUSDT,-0.0212,4.2426
9/8/2024 7:30,AXSUSDT,-0.0221,4.2205
9/8/2024 7:30,LUNA2USDT,-0.02,4.2005
9/8/2024 7:30,HOTUSDT,0.05,4.2505
9/8/2024 7:45,AGLDUSDT,-0.0216,4.2289
9/8/2024 8:30,TAOUSDT,-0.0263,4.2026
9/8/2024 8:30,SNXUSDT,-0.02,4.1826
9/8/2024 8:30,LPTUSDT,-0.0229,4.1597
9/8/2024 8:30,FXSUSDT,0.014,4.1737
9/8/2024 8:30,BLURUSDT,-0.0289,4.1448
9/8/2024 8:30,LEVERUSDT,-0.0209,4.1239
9/8/2024 8:45,1000SHIBUSDT,-0.0214,4.1025
9/8/2024 8:45,ONGUSDT,-0.0215,4.081
9/8/2024 8:45,XTZUSDT,-0.02,4.061
9/8/2024 8:45,ADAUSDT,-0.0233,4.0377
9/8/2024 9:00,TUSDT,-0.0279,4.0098
9/8/2024 9:00,CHZUSDT,-0.0268,3.983
9/8/2024 9:00,AIUSDT,-0.0248,3.9582
9/8/2024 9:00,NMRUSDT,-0.0216,3.9366
9/8/2024 9:00,MEMEUSDT,-0.0259,3.9107
9/8/2024 9:00,UMAUSDT,-0.0247,3.886
9/8/2024 9:00,WUSDT,-0.0263,3.8597
9/8/2024 9:00,SXPUSDT,-0.0235,3.8362
9/8/2024 9:00,ETHWUSDT,-0.0219,3.8143
9/8/2024 9:00,LQTYUSDT,-0.0256,3.7887
9/8/2024 9:00,AXSUSDT,-0.0289,3.7598
9/8/2024 9:00,CELRUSDT,-0.02,3.7398
9/8/2024 9:00,ROSEUSDT,-0.0246,3.7152
9/8/2024 9:00,ETCUSDT,-0.0273,3.6879
9/8/2024 9:00,OXTUSDT,-0.0231,3.6648
9/8/2024 9:00,1000PEPEUSDT,-0.0266,3.6382
9/8/2024 9:00,RIFUSDT,-0.0226,3.6156
9/8/2024 9:00,ATAUSDT,-0.0218,3.5938
9/8/2024 9:00,VETUSDT,-0.0234,3.5704
9/8/2024 9:00,RVNUSDT,-0.0274,3.543
9/8/2024 9:00,ARBUSDT,-0.02,3.523
9/8/2024 10:15,SPELLUSDT,-0.0305,3.4925
9/8/2024 10:15,ARPAUSDT,-0.0262,3.4663
9/8/2024 10:30,GMTUSDT,-0.0201,3.4462
9/8/2024 10:30,GLMUSDT,-0.0235,3.4227
9/8/2024 10:30,CTSIUSDT,-0.0364,3.3863
9/8/2024 12:00,BLZUSDT,-0.02,3.3663
9/8/2024 15:00,BAKEUSDT,0.047,3.4133
9/8/2024 15:15,ZECUSDT,-0.0224,3.3909
9/8/2024 15:45,SNXUSDT,-0.0213,3.3696
9/8/2024 15:45,OPUSDT,-0.0246,3.345
9/8/2024 15:45,SYSUSDT,-0.0367,3.3083
9/8/2024 15:45,NEARUSDT,-0.0251,3.2832
9/8/2024 16:00,SUNUSDT,-0.0272,3.256
9/8/2024 16:00,PEOPLEUSDT,-0.0223,3.2337
9/8/2024 20:30,POLYXUSDT,0.0464,3.2801
9/8/2024 20:30,1000LUNCUSDT,-0.0204,3.2597
9/8/2024 21:00,AIUSDT,0.0426,3.3023
9/8/2024 21:00,APTUSDT,0.0489,3.3512
9/8/2024 21:00,GLMUSDT,0.0428,3.394
9/8/2024 21:00,RENUSDT,0.0385,3.4325
9/8/2024 21:00,KSMUSDT,0.029,3.4615
9/8/2024 22:15,MAGICUSDT,-0.0318,3.4297
9/8/2024 22:15,IMXUSDT,-0.0273,3.4024
9/8/2024 22:15,RLCUSDT,0.0367,3.4391
9/9/2024 0:00,ONEUSDT,0.0479,3.487
9/9/2024 0:45,KEYUSDT,0.0497,3.5367
9/9/2024 1:00,SKLUSDT,0.0472,3.5839
9/9/2024 1:00,RENUSDT,0.0475,3.6314
9/9/2024 1:30,DOGEUSDT,0.0492,3.6806
9/9/2024 2:45,ARKMUSDT,-0.0205,3.6601
9/9/2024 3:15,STRKUSDT,-0.0257,3.6344
9/9/2024 3:30,ATOMUSDT,-0.0341,3.6003
9/9/2024 3:45,FTMUSDT,0.0381,3.6384
9/9/2024 4:00,AVAXUSDT,-0.0216,3.6168
9/9/2024 6:15,GMTUSDT,0.0393,3.6561
9/9/2024 8:00,ENJUSDT,0.0316,3.6877
9/9/2024 8:00,GMTUSDT,0.0435,3.7312
9/9/2024 8:15,NKNUSDT,0.0473,3.7785
9/9/2024 10:00,DOGSUSDT,0.0496,3.8281
9/9/2024 10:15,IOTAUSDT,-0.0216,3.8065
9/9/2024 10:15,SNXUSDT,0.05,3.8565
9/9/2024 10:15,FXSUSDT,0.0485,3.905
9/9/2024 10:15,MOVRUSDT,-0.0233,3.8817
9/9/2024 10:15,ARKUSDT,-0.024,3.8577
9/9/2024 10:15,ACHUSDT,0.0475,3.9052
9/9/2024 10:15,CYBERUSDT,0.05,3.9552
9/9/2024 10:15,RIFUSDT,-0.0213,3.9339
9/9/2024 10:45,CHRUSDT,-0.0209,3.913
9/9/2024 10:45,RENUSDT,0.0386,3.9516
9/9/2024 10:45,1000LUNCUSDT,-0.0342,3.9174
9/9/2024 11:00,VETUSDT,0.0495,3.9669
9/9/2024 12:00,BALUSDT,-0.0208,3.9461
9/9/2024 12:45,BANDUSDT,-0.0205,3.9256
9/9/2024 12:45,BADGERUSDT,-0.0214,3.9042
9/9/2024 13:45,BALUSDT,-0.0225,3.8817
9/9/2024 14:15,GTCUSDT,-0.0268,3.8549
9/9/2024 16:00,KASUSDT,0.0411,3.896
9/9/2024 17:45,XEMUSDT,-0.02,3.876
9/9/2024 18:00,NULSUSDT,-0.0203,3.8557
9/9/2024 18:30,MYROUSDT,-0.0204,3.8353
9/9/2024 19:00,COTIUSDT,-0.0202,3.8151
9/9/2024 19:00,HOTUSDT,-0.0212,3.7939
9/9/2024 19:15,EDUUSDT,-0.0236,3.7703
9/9/2024 19:15,POLYXUSDT,-0.0205,3.7498
9/9/2024 19:15,BELUSDT,-0.0208,3.729
9/9/2024 19:15,VETUSDT,-0.0235,3.7055
9/9/2024 19:30,BICOUSDT,-0.0229,3.6826
9/9/2024 19:30,BLURUSDT,-0.0423,3.6403
9/9/2024 19:45,IDUSDT,-0.023,3.6173
9/9/2024 19:45,ICPUSDT,0.0468,3.6641
9/9/2024 19:45,MANAUSDT,-0.0229,3.6412
9/9/2024 19:45,IMXUSDT,-0.0212,3.62
9/9/2024 19:45,KNCUSDT,-0.0218,3.5982
9/9/2024 19:45,BANDUSDT,0.048,3.6462
9/9/2024 19:45,LOOMUSDT,-0.0251,3.6211
9/9/2024 19:45,LINKUSDT,-0.0208,3.6003
9/9/2024 19:45,XTZUSDT,-0.0233,3.577
9/9/2024 19:45,LRCUSDT,-0.0308,3.5462
9/9/2024 20:45,QNTUSDT,-0.0233,3.5229
9/9/2024 20:45,MTLUSDT,-0.022,3.5009
9/9/2024 21:00,CAKEUSDT,-0.0231,3.4778
9/9/2024 21:00,ENJUSDT,-0.0214,3.4564
9/9/2024 21:00,GRTUSDT,-0.0259,3.4305
9/9/2024 21:00,ACEUSDT,-0.0317,3.3988
9/9/2024 21:00,NFPUSDT,-0.0209,3.3779
9/9/2024 21:00,ASTRUSDT,-0.0203,3.3576
9/9/2024 21:00,HIGHUSDT,-0.0205,3.3371
9/9/2024 21:00,NMRUSDT,-0.023,3.3141
9/9/2024 21:00,GASUSDT,0.0482,3.3623
9/9/2024 21:00,MAGICUSDT,-0.0223,3.34
9/9/2024 21:00,WLDUSDT,-0.0222,3.3178
9/9/2024 21:00,PENDLEUSDT,0.0348,3.3526
9/9/2024 21:00,LPTUSDT,-0.0235,3.3291
9/9/2024 21:00,MAVUSDT,-0.0247,3.3044
9/9/2024 21:00,ENSUSDT,-0.0286,3.2758
9/9/2024 21:00,POLYXUSDT,-0.0238,3.252
9/9/2024 21:00,XRPUSDT,-0.0234,3.2286
9/9/2024 21:00,GUSDT,0.0459,3.2745
9/9/2024 21:00,BNBUSDT,-0.0304,3.2441
9/9/2024 21:00,POWRUSDT,-0.0236,3.2205
9/9/2024 21:00,DEFIUSDT,-0.0218,3.1987
9/9/2024 21:00,MEWUSDT,-0.0299,3.1688
9/9/2024 21:00,1000RATSUSDT,-0.0265,3.1423
9/9/2024 21:00,PERPUSDT,-0.0223,3.12
9/9/2024 21:00,ILVUSDT,-0.0267,3.0933
9/9/2024 21:00,TRUUSDT,-0.0338,3.0595
9/9/2024 21:00,BANDUSDT,-0.0256,3.0339
9/9/2024 21:00,AXSUSDT,-0.0245,3.0094
9/9/2024 21:00,ONTUSDT,-0.025,2.9844
9/9/2024 21:00,JUPUSDT,-0.0215,2.9629
9/9/2024 21:00,PYTHUSDT,-0.0242,2.9387
9/9/2024 21:00,ZKUSDT,-0.0202,2.9185
9/9/2024 21:00,FLOWUSDT,-0.025,2.8935
9/9/2024 21:00,LINKUSDT,-0.0233,2.8702
9/9/2024 21:00,STORJUSDT,-0.0215,2.8487
9/9/2024 21:00,XTZUSDT,-0.025,2.8237
9/9/2024 21:00,MINAUSDT,-0.0212,2.8025
9/9/2024 21:00,ALGOUSDT,-0.0225,2.78
9/9/2024 21:00,COTIUSDT,-0.0239,2.7561
9/9/2024 21:00,TONUSDT,0.0444,2.8005
9/9/2024 21:00,STRKUSDT,-0.0244,2.7761
9/9/2024 21:00,TOKENUSDT,-0.0235,2.7526
9/9/2024 21:00,RIFUSDT,-0.0208,2.7318
9/9/2024 21:00,PIXELUSDT,-0.023,2.7088
9/9/2024 21:00,VETUSDT,-0.0227,2.6861
9/9/2024 21:15,AUCTIONUSDT,-0.0205,2.6656
9/9/2024 21:15,ETHFIUSDT,-0.0244,2.6412
9/9/2024 21:15,BBUSDT,-0.0333,2.6079
9/9/2024 21:15,CHZUSDT,-0.0225,2.5854
9/9/2024 21:15,1INCHUSDT,-0.0246,2.5608
9/9/2024 21:15,MEMEUSDT,-0.0217,2.5391
9/9/2024 21:15,HIFIUSDT,-0.0236,2.5155
9/9/2024 21:15,GTCUSDT,-0.0256,2.4899
9/9/2024 21:15,LSKUSDT,-0.0286,2.4613
9/9/2024 21:15,ONDOUSDT,-0.0222,2.4391
9/9/2024 21:15,LDOUSDT,-0.0211,2.418
9/9/2024 21:15,LTCUSDT,-0.0222,2.3958
9/9/2024 21:15,CELRUSDT,-0.0249,2.3709
9/9/2024 21:15,ATOMUSDT,-0.0348,2.3361
9/9/2024 21:15,PHBUSDT,-0.0216,2.3145
9/9/2024 21:15,LOOMUSDT,-0.031,2.2835
9/9/2024 21:15,BAKEUSDT,-0.0209,2.2626
9/9/2024 21:15,AEVOUSDT,-0.0235,2.2391
9/9/2024 21:15,JTOUSDT,-0.0229,2.2162
9/9/2024 21:15,XAIUSDT,-0.026,2.1902
9/9/2024 21:15,ZRXUSDT,-0.0223,2.1679
9/9/2024 21:15,1000LUNCUSDT,-0.0216,2.1463
9/9/2024 21:15,HOTUSDT,-0.0235,2.1228
9/9/2024 22:15,BNXUSDT,-0.0219,2.1009
9/10/2024 3:45,ALTUSDT,-0.0228,2.0781
9/10/2024 4:30,QUICKUSDT,-0.0211,2.057
9/10/2024 5:00,XMRUSDT,-0.0258,2.0312
9/10/2024 6:30,NEOUSDT,-0.02,2.0112
9/10/2024 6:45,FXSUSDT,-0.0227,1.9885
9/10/2024 7:00,FETUSDT,0.0496,2.0381
9/10/2024 7:30,MTLUSDT,0.0482,2.0863
9/10/2024 7:30,API3USDT,0.0471,2.1334
9/10/2024 7:45,GTCUSDT,-0.022,2.1114
9/10/2024 8:00,ROSEUSDT,-0.021,2.0904
9/10/2024 8:30,STRKUSDT,0.05,2.1404
9/10/2024 9:00,ALPACAUSDT,-0.0255,2.1149
9/10/2024 9:30,TRBUSDT,-0.0223,2.0926
9/10/2024 9:30,BADGERUSDT,-0.0224,2.0702
9/10/2024 10:00,DARUSDT,-0.02,2.0502
9/10/2024 10:15,WAXPUSDT,-0.0266,2.0236
9/10/2024 10:15,POWRUSDT,-0.0308,1.9928
9/10/2024 10:30,HFTUSDT,-0.0208,1.972
9/10/2024 10:30,ICPUSDT,0.0486,2.0206
9/10/2024 10:30,MTLUSDT,0.043,2.0636
9/10/2024 10:30,ALPHAUSDT,0.0497,2.1133
9/10/2024 10:45,STEEMUSDT,-0.0225,2.0908
9/10/2024 11:30,XEMUSDT,-0.02,2.0708
9/10/2024 11:45,PERPUSDT,-0.0208,2.05
9/10/2024 12:00,QNTUSDT,-0.0266,2.0234
9/10/2024 12:45,SAGAUSDT,-0.0243,1.9991
9/10/2024 14:15,AAVEUSDT,0.0457,2.0448
9/10/2024 17:00,SNXUSDT,-0.035,2.0098
9/10/2024 17:00,LSKUSDT,-0.0221,1.9877
9/10/2024 17:00,AGLDUSDT,-0.0224,1.9653
9/10/2024 17:00,BELUSDT,0.0463,2.0116
9/10/2024 17:00,NKNUSDT,0.0418,2.0534
9/10/2024 17:00,IOUSDT,-0.0227,2.0307
9/10/2024 18:15,XLMUSDT,-0.0229,2.0078
9/10/2024 18:30,RPLUSDT,0.0304,2.0382
9/10/2024 19:30,BALUSDT,-0.0256,2.0126
9/10/2024 19:30,XVGUSDT,-0.02,1.9926
9/10/2024 19:30,KAVAUSDT,-0.0254,1.9672
9/10/2024 19:30,TOKENUSDT,-0.0209,1.9463
9/10/2024 20:00,XLMUSDT,-0.027,1.9193
9/10/2024 20:00,AXLUSDT,-0.0225,1.8968
9/10/2024 20:00,STXUSDT,0.0149,1.9117
9/10/2024 20:00,BLZUSDT,-0.0235,1.8882
9/10/2024 20:00,BAKEUSDT,-0.031,1.8572
9/10/2024 20:15,ONDOUSDT,-0.021,1.8362
9/10/2024 20:15,RIFUSDT,-0.0206,1.8156
9/10/2024 21:15,ALPHAUSDT,-0.0247,1.7909
9/10/2024 21:45,ROSEUSDT,-0.0276,1.7633
9/10/2024 22:00,TAOUSDT,0.0338,1.7971
9/11/2024 0:15,ETHWUSDT,0.0476,1.8447
9/11/2024 4:00,COMPUSDT,-0.0206,1.8241
9/11/2024 4:00,FLOWUSDT,-0.025,1.7991
9/11/2024 5:00,CHRUSDT,-0.0369,1.7622
9/11/2024 5:30,RPLUSDT,0.0479,1.8101
9/11/2024 8:00,SUNUSDT,0.0478,1.8579
9/11/2024 8:00,TIAUSDT,-0.0236,1.8343
9/11/2024 8:30,ENJUSDT,-0.0273,1.807
9/11/2024 8:30,BALUSDT,-0.0226,1.7844
9/11/2024 8:30,BBUSDT,-0.0227,1.7617
9/11/2024 8:30,WIFUSDT,-0.0223,1.7394
9/11/2024 8:30,HIGHUSDT,-0.0232,1.7162
9/11/2024 8:30,SOLUSDT,-0.0203,1.6959
9/11/2024 8:30,LEVERUSDT,-0.0278,1.6681
9/11/2024 10:15,MANTAUSDT,-0.0212,1.6469
9/11/2024 11:30,APEUSDT,0.0443,1.6912
9/11/2024 20:00,SXPUSDT,0.0467,1.7379
9/11/2024 20:00,ETCUSDT,-0.0205,1.7174
9/11/2024 20:00,RIFUSDT,0.0478,1.7652
9/11/2024 20:15,HFTUSDT,0.0488,1.814
9/11/2024 20:30,AGLDUSDT,0.05,1.864
9/11/2024 22:30,TONUSDT,0.045,1.909
9/11/2024 23:30,LQTYUSDT,-0.0213,1.8877
9/12/2024 0:00,ASTRUSDT,-0.0208,1.8669
9/12/2024 0:15,BSWUSDT,-0.0283,1.8386
9/12/2024 0:30,PERPUSDT,0.0391,1.8777
9/12/2024 0:30,AGLDUSDT,0.0307,1.9084
9/12/2024 0:30,RIFUSDT,0.0428,1.9512
9/12/2024 3:45,ZETAUSDT,0.0497,2.0009
9/12/2024 3:45,GUSDT,0.0489,2.0498
9/12/2024 3:45,CRVUSDT,-0.0268,2.023
9/12/2024 4:00,LISTAUSDT,0.0471,2.0701
9/12/2024 4:00,ETHFIUSDT,-0.0231,2.047
9/12/2024 4:00,MKRUSDT,-0.0227,2.0243
9/12/2024 4:00,C98USDT,0.0417,2.066
9/12/2024 4:15,ENJUSDT,-0.0203,2.0457
9/12/2024 4:15,AMBUSDT,-0.0222,2.0235
9/12/2024 4:15,NEARUSDT,0.0496,2.0731
9/12/2024 4:15,SPELLUSDT,-0.0203,2.0528
9/12/2024 4:15,MAVUSDT,-0.0227,2.0301
9/12/2024 4:15,ONEUSDT,0.0488,2.0789
9/12/2024 4:15,WUSDT,-0.0207,2.0582
9/12/2024 4:15,API3USDT,-0.0219,2.0363
9/12/2024 4:15,BANDUSDT,-0.0206,2.0157
9/12/2024 4:15,BAKEUSDT,-0.0232,1.9925
9/12/2024 4:15,PIXELUSDT,-0.0225,1.97
9/12/2024 5:15,KLAYUSDT,-0.02,1.95
9/12/2024 5:30,CHRUSDT,-0.0283,1.9217
9/12/2024 5:45,PYTHUSDT,0.0442,1.9659
9/12/2024 7:15,ENJUSDT,-0.022,1.9439
9/12/2024 7:15,SYSUSDT,-0.0218,1.9221
9/12/2024 7:45,ICPUSDT,-0.0271,1.895
9/12/2024 8:00,FETUSDT,-0.0203,1.8747
9/12/2024 8:15,ARKMUSDT,-0.0248,1.8499
9/12/2024 8:30,MTLUSDT,-0.02,1.8299
9/12/2024 8:30,TNSRUSDT,-0.0204,1.8095
9/12/2024 8:30,YGGUSDT,-0.0209,1.7886
9/12/2024 8:30,TLMUSDT,-0.0348,1.7538
9/12/2024 10:15,KSMUSDT,-0.0243,1.7295
9/12/2024 10:30,YGGUSDT,-0.0446,1.6849
9/12/2024 11:45,SUPERUSDT,-0.0212,1.6637
9/12/2024 12:00,SFPUSDT,-0.0225,1.6412
9/12/2024 12:00,BEAMXUSDT,-0.0323,1.6089
9/12/2024 12:30,BBUSDT,-0.0316,1.5773
9/12/2024 12:30,LQTYUSDT,-0.0208,1.5565
9/12/2024 12:30,ATOMUSDT,-0.0231,1.5334
9/12/2024 12:30,OGNUSDT,-0.025,1.5084
9/12/2024 13:15,TWTUSDT,0.0457,1.5541
9/12/2024 13:30,KEYUSDT,-0.0077,1.5464
9/12/2024 13:30,CTSIUSDT,-0.0215,1.5249
9/12/2024 14:30,SUPERUSDT,-0.0302,1.4947
9/12/2024 19:15,IOTAUSDT,0.041,1.5357
9/12/2024 19:15,MOVRUSDT,0.0472,1.5829
9/12/2024 21:00,DASHUSDT,-0.025,1.5579
9/12/2024 21:30,NKNUSDT,-0.0204,1.5375
9/12/2024 21:30,ALPHAUSDT,-0.0256,1.5119
9/12/2024 21:30,ATAUSDT,-0.024,1.4879
9/12/2024 21:45,PIXELUSDT,-0.0249,1.463
9/12/2024 22:00,SSVUSDT,-0.023,1.44
9/12/2024 22:15,WUSDT,0.0475,1.4875
9/12/2024 22:30,STEEMUSDT,-0.0235,1.464
9/12/2024 22:30,MOVRUSDT,0.0433,1.5073
9/12/2024 22:30,DENTUSDT,-0.02,1.4873
9/12/2024 22:30,BAKEUSDT,-0.0225,1.4648
9/12/2024 22:30,ZRXUSDT,-0.0235,1.4413
9/12/2024 22:45,XVGUSDT,-0.0266,1.4147
9/12/2024 23:15,XMRUSDT,-0.02,1.3947
9/12/2024 23:30,CHESSUSDT,-0.0208,1.3739
9/12/2024 23:45,MTLUSDT,-0.0388,1.3351
9/13/2024 0:00,AERGOUSDT,0.0158,1.3509
9/13/2024 0:00,GTCUSDT,-0.02,1.3309
9/13/2024 0:00,KNCUSDT,-0.0217,1.3092
9/13/2024 0:00,DODOXUSDT,-0.0207,1.2885
9/13/2024 0:00,CTSIUSDT,-0.0222,1.2663
9/13/2024 0:30,CHZUSDT,-0.0208,1.2455
9/13/2024 0:30,ZETAUSDT,-0.0264,1.2191
9/13/2024 1:15,TNSRUSDT,-0.0356,1.1835
9/13/2024 1:45,ZROUSDT,0.0391,1.2226
9/13/2024 3:00,CTSIUSDT,-0.0222,1.2004
9/13/2024 3:15,SUNUSDT,0.0373,1.2377
9/13/2024 3:45,HOTUSDT,-0.0237,1.214
9/13/2024 4:30,GTCUSDT,-0.02,1.194
9/13/2024 4:30,DOGSUSDT,0.034,1.228
9/13/2024 4:30,BSVUSDT,-0.0298,1.1982
9/13/2024 4:45,ARUSDT,-0.0247,1.1735
9/13/2024 5:15,FETUSDT,0.0402,1.2137
9/13/2024 5:30,WUSDT,-0.0234,1.1903
9/13/2024 6:00,APEUSDT,0.0397,1.23
9/13/2024 6:00,OPUSDT,-0.0212,1.2088
9/13/2024 6:00,CFXUSDT,-0.0254,1.1834
9/13/2024 6:00,KSMUSDT,0.0494,1.2328
9/13/2024 6:00,TOKENUSDT,0.0489,1.2817
9/13/2024 6:15,VIDTUSDT,0.0435,1.3252
9/13/2024 6:15,STXUSDT,-0.0228,1.3024
9/13/2024 6:30,TIAUSDT,-0.02,1.2824
9/13/2024 6:45,PENDLEUSDT,0.047,1.3294
9/13/2024 7:30,RPLUSDT,-0.0229,1.3065
9/13/2024 7:45,VIDTUSDT,0.0467,1.3532
9/13/2024 7:45,1INCHUSDT,-0.0362,1.317
9/13/2024 7:45,WUSDT,-0.0235,1.2935
9/13/2024 8:15,SEIUSDT,-0.0232,1.2703
9/13/2024 8:30,SYSUSDT,-0.0454,1.2249
9/13/2024 8:45,SSVUSDT,-0.0228,1.2021
9/13/2024 8:45,RENDERUSDT,-0.0211,1.181
9/13/2024 8:45,YFIUSDT,-0.0215,1.1595
9/13/2024 8:45,KSMUSDT,0.0382,1.1977
9/13/2024 9:45,INJUSDT,-0.0243,1.1734
9/13/2024 9:45,AMBUSDT,-0.0276,1.1458
9/13/2024 10:00,FLUXUSDT,-0.021,1.1248
9/13/2024 10:30,ATOMUSDT,-0.023,1.1018
9/13/2024 10:30,ANKRUSDT,-0.02,1.0818
9/13/2024 10:30,TLMUSDT,-0.0222,1.0596
9/13/2024 10:45,BOMEUSDT,-0.0229,1.0367
9/13/2024 11:45,VIDTUSDT,0.0438,1.0805
9/13/2024 11:45,ICPUSDT,-0.0272,1.0533
9/13/2024 12:45,LTCUSDT,0.0436,1.0969
9/13/2024 13:15,THETAUSDT,0.0472,1.1441
9/13/2024 15:00,ETHWUSDT,0.0487,1.1928
9/13/2024 15:15,CAKEUSDT,-0.0264,1.1664
9/13/2024 17:30,BNBUSDT,-0.0204,1.146
9/13/2024 18:15,AMBUSDT,-0.0205,1.1255
9/13/2024 18:15,NOTUSDT,-0.0244,1.1011
9/13/2024 18:30,BATUSDT,-0.02,1.0811
9/13/2024 18:30,ONEUSDT,0.05,1.1311
9/13/2024 19:00,POLYXUSDT,0.0396,1.1707
9/13/2024 20:30,BNTUSDT,-0.0202,1.1505
9/13/2024 20:30,IOUSDT,-0.0328,1.1177
9/13/2024 20:30,MANTAUSDT,0.05,1.1677
9/13/2024 20:45,PORTALUSDT,0.0469,1.2146
9/13/2024 21:00,INJUSDT,0.0419,1.2565
9/13/2024 21:00,BRETTUSDT,-0.0226,1.2339
9/13/2024 21:00,LITUSDT,-0.0266,1.2073
9/13/2024 21:00,BTCUSDT,-0.0236,1.1837
9/13/2024 21:00,APTUSDT,-0.0222,1.1615
9/13/2024 21:00,POLYXUSDT,0.0433,1.2048
9/13/2024 21:00,ETHUSDT,-0.0246,1.1802
9/13/2024 21:00,ARKUSDT,-0.0223,1.1579
9/13/2024 21:15,WIFUSDT,-0.0224,1.1355
9/13/2024 21:15,XVGUSDT,-0.0257,1.1098
9/13/2024 21:15,SYSUSDT,0.0297,1.1395
9/13/2024 21:15,ARKMUSDT,-0.0264,1.1131
9/13/2024 21:15,ALICEUSDT,-0.0225,1.0906
9/13/2024 21:15,KSMUSDT,-0.0205,1.0701
9/13/2024 21:15,USTCUSDT,-0.0217,1.0484
9/13/2024 21:15,1000PEPEUSDT,-0.0214,1.027
9/13/2024 22:15,DENTUSDT,-0.02,1.007
9/13/2024 23:45,SFPUSDT,-0.0334,0.9736
9/13/2024 23:45,OXTUSDT,-0.0255,0.9481
9/14/2024 0:00,DYMUSDT,-0.0256,0.9225
9/14/2024 0:00,ZETAUSDT,-0.0254,0.8971
9/14/2024 0:00,BSVUSDT,-0.0263,0.8708
9/14/2024 0:00,THETAUSDT,-0.0519,0.8189
9/14/2024 1:15,GRTUSDT,-0.0226,0.7963
9/14/2024 1:45,BNXUSDT,-0.0271,0.7692
9/14/2024 2:00,GUSDT,0.0437,0.8129
9/14/2024 2:30,TAOUSDT,-0.029,0.7839
9/14/2024 3:00,WLDUSDT,-0.0261,0.7578
9/14/2024 3:00,LUNA2USDT,0.0443,0.8021
9/14/2024 3:15,UNIUSDT,0.0475,0.8496
9/14/2024 4:15,BBUSDT,-0.0229,0.8267
9/14/2024 4:30,LUNA2USDT,-0.0255,0.8012
9/14/2024 5:30,XMRUSDT,-0.0257,0.7755
9/14/2024 5:45,QNTUSDT,-0.0225,0.753
9/14/2024 7:00,UNIUSDT,-0.0219,0.7311
9/14/2024 7:30,BSWUSDT,-0.0261,0.705
9/14/2024 8:45,BATUSDT,-0.0257,0.6793
9/14/2024 8:45,COMBOUSDT,-0.0207,0.6586
9/14/2024 8:45,LDOUSDT,-0.0238,0.6348
9/14/2024 9:15,EGLDUSDT,-0.0217,0.6131
9/14/2024 9:15,BELUSDT,-0.0236,0.5895
9/14/2024 9:30,SSVUSDT,-0.0203,0.5692
9/14/2024 10:00,UNIUSDT,0.0479,0.6171
9/14/2024 10:30,APTUSDT,0.0401,0.6572
9/14/2024 10:30,WUSDT,-0.0221,0.6351
9/14/2024 10:30,SXPUSDT,-0.0312,0.6039
9/14/2024 10:45,CHRUSDT,-0.0255,0.5784
9/14/2024 10:45,FTMUSDT,-0.0228,0.5556
9/14/2024 10:45,OMNIUSDT,-0.022,0.5336
9/14/2024 10:45,GTCUSDT,-0.0234,0.5102
9/14/2024 10:45,ONDOUSDT,-0.0221,0.4881
9/14/2024 10:45,NULSUSDT,-0.021,0.4671
9/14/2024 10:45,KAVAUSDT,-0.0226,0.4445
9/14/2024 10:45,LDOUSDT,-0.0227,0.4218
9/14/2024 10:45,MYROUSDT,0.0312,0.453
9/14/2024 10:45,SEIUSDT,-0.0208,0.4322
9/14/2024 10:45,XAIUSDT,-0.0213,0.4109
9/14/2024 11:00,HFTUSDT,-0.0222,0.3887
9/14/2024 11:00,SSVUSDT,-0.0248,0.3639
9/14/2024 11:00,IDUSDT,-0.0276,0.3363
9/14/2024 11:00,POWRUSDT,-0.0245,0.3118
9/14/2024 11:00,MEWUSDT,0.0481,0.3599
9/14/2024 11:00,SUPERUSDT,-0.0238,0.3361
9/14/2024 11:00,BANDUSDT,-0.0294,0.3067
9/14/2024 11:00,BCHUSDT,0.0465,0.3532
9/14/2024 14:15,OGNUSDT,0.05,0.4032
9/14/2024 14:30,OPUSDT,-0.0269,0.3763
9/14/2024 16:00,PHBUSDT,-0.0238,0.3525
9/14/2024 16:00,ATAUSDT,-0.02,0.3325
9/14/2024 17:15,NEIROETHUSDT,0.0433,0.3758
9/14/2024 21:00,XRPUSDT,-0.0219,0.3539
9/14/2024 21:45,ICPUSDT,-0.0226,0.3313
9/14/2024 22:30,NFPUSDT,-0.0288,0.3025
9/14/2024 22:30,FETUSDT,0.0387,0.3412
9/14/2024 22:45,TIAUSDT,0.0473,0.3885
9/14/2024 23:00,ATOMUSDT,-0.0227,0.3658
9/15/2024 0:00,ASTRUSDT,-0.0358,0.33
9/15/2024 0:15,AAVEUSDT,0.0436,0.3736
9/15/2024 0:30,PHBUSDT,-0.0234,0.3502
9/15/2024 0:30,BAKEUSDT,-0.0246,0.3256
9/15/2024 1:00,IMXUSDT,-0.0232,0.3024
9/15/2024 1:30,GTCUSDT,-0.024,0.2784
9/15/2024 1:45,BNXUSDT,0.0441,0.3225
9/15/2024 2:45,SKLUSDT,-0.0253,0.2972
9/15/2024 2:45,ONDOUSDT,-0.0204,0.2768
9/15/2024 2:45,MANTAUSDT,-0.02,0.2568
9/15/2024 2:45,XAIUSDT,-0.0262,0.2306
9/15/2024 2:45,STRKUSDT,-0.0248,0.2058
9/15/2024 2:45,CYBERUSDT,-0.0293,0.1765
9/15/2024 3:00,TRBUSDT,-0.0217,0.1548
9/15/2024 3:00,CTSIUSDT,-0.0228,0.132
9/15/2024 4:00,VOXELUSDT,-0.0257,0.1063
9/15/2024 4:00,MKRUSDT,-0.0227,0.0836
9/15/2024 5:00,UNIUSDT,-0.0217,0.0619
9/15/2024 6:00,CHRUSDT,-0.0328,0.0291
9/15/2024 7:45,UNIUSDT,-0.0228,0.0063
9/15/2024 8:00,1000RATSUSDT,0.0476,0.0539
9/15/2024 8:00,LTCUSDT,0.0472,0.1011
9/15/2024 8:15,ASTRUSDT,0.0381,0.1392
9/15/2024 8:30,ACEUSDT,0.0486,0.1878
9/15/2024 8:45,METISUSDT,0.0434,0.2312
9/15/2024 9:45,FTMUSDT,0.0479,0.2791
9/15/2024 10:15,EGLDUSDT,-0.0251,0.254
9/15/2024 10:15,AGLDUSDT,-0.0215,0.2325
9/15/2024 10:15,BANDUSDT,-0.0277,0.2048
9/15/2024 10:15,1000LUNCUSDT,0.0439,0.2487
9/15/2024 11:45,FTMUSDT,0.035,0.2837
9/15/2024 14:15,ADAUSDT,0.0481,0.3318
9/15/2024 14:45,TUSDT,-0.0268,0.305
9/15/2024 16:00,MKRUSDT,0.0496,0.3546
9/15/2024 16:15,BELUSDT,0.0476,0.4022
9/15/2024 16:15,ARPAUSDT,0.0496,0.4518
9/15/2024 16:15,DENTUSDT,0.0482,0.5
9/15/2024 16:15,ZECUSDT,0.0478,0.5478
9/15/2024 16:15,ADAUSDT,0.0474,0.5952
9/15/2024 16:45,GMXUSDT,0.048,0.6432
9/15/2024 16:45,OMNIUSDT,0.0407,0.6839
9/15/2024 16:45,ILVUSDT,0.0401,0.724
9/15/2024 17:00,ENSUSDT,0.0492,0.7732
9/15/2024 17:00,ARUSDT,0.0363,0.8095
9/15/2024 18:30,QNTUSDT,0.0484,0.8579
9/15/2024 18:30,ONEUSDT,0.043,0.9009
9/15/2024 18:30,DASHUSDT,0.0454,0.9463
9/15/2024 19:30,RVNUSDT,0.049,0.9953
9/15/2024 19:45,SFPUSDT,0.0496,1.0449
9/15/2024 20:00,AMBUSDT,0.0481,1.093
9/15/2024 20:00,MAGICUSDT,0.049,1.142
9/15/2024 20:00,POLYXUSDT,0.0484,1.1904
9/15/2024 20:00,KLAYUSDT,0.048,1.2384
9/15/2024 20:00,AGLDUSDT,0.05,1.2884
9/15/2024 20:00,RPLUSDT,0.05,1.3384
9/15/2024 20:00,ALPHAUSDT,0.0497,1.3881
9/15/2024 20:00,TOKENUSDT,0.0469,1.435
9/15/2024 20:15,LISTAUSDT,0.0493,1.4843
9/15/2024 20:15,ENAUSDT,0.05,1.5343
9/15/2024 20:15,ETHFIUSDT,0.049,1.5833
9/15/2024 20:15,AXLUSDT,0.0492,1.6325
9/15/2024 20:15,ICPUSDT,0.0491,1.6816
9/15/2024 20:15,SNXUSDT,0.0474,1.729
9/15/2024 20:15,WLDUSDT,0.0473,1.7763
9/15/2024 20:15,LPTUSDT,0.0468,1.8231
9/15/2024 20:15,SAGAUSDT,0.0487,1.8718
9/15/2024 20:15,METISUSDT,0.0465,1.9183
9/15/2024 20:15,NTRNUSDT,0.0433,1.9616
9/15/2024 20:15,MEWUSDT,0.0449,2.0065
9/15/2024 20:15,TNSRUSDT,0.047,2.0535
9/15/2024 20:15,CRVUSDT,-0.0251,2.0284
9/15/2024 20:15,ARKUSDT,0.0475,2.0759
9/15/2024 20:15,CELRUSDT,0.0472,2.1231
9/15/2024 20:15,ATOMUSDT,0.0475,2.1706
9/15/2024 20:15,AEVOUSDT,0.0486,2.2192
9/15/2024 20:15,HOTUSDT,0.05,2.2692
9/15/2024 20:15,ZILUSDT,0.047,2.3162
9/15/2024 20:15,PIXELUSDT,0.0468,2.363
9/15/2024 21:00,WIFUSDT,0.042,2.405
9/15/2024 21:00,ACEUSDT,0.0405,2.4455
9/15/2024 21:00,FETUSDT,0.0412,2.4867
9/15/2024 21:00,HIGHUSDT,0.0397,2.5264
9/15/2024 21:00,1000BONKUSDT,0.041,2.5674
9/15/2024 21:00,PORTALUSDT,0.041,2.6084
9/15/2024 21:00,WAXPUSDT,0.0389,2.6473
9/15/2024 21:00,EGLDUSDT,0.0426,2.6899
9/15/2024 21:00,HOOKUSDT,0.0465,2.7364
9/15/2024 21:00,ARUSDT,0.036,2.7724
9/15/2024 21:00,EOSUSDT,0.0263,2.7987
9/15/2024 21:00,ONTUSDT,0.0387,2.8374
9/15/2024 21:00,JUPUSDT,0.0409,2.8783
9/15/2024 21:00,MYROUSDT,0.0428,2.9211
9/15/2024 21:00,ZECUSDT,-0.0326,2.8885
9/15/2024 21:00,FLOWUSDT,0.0302,2.9187
9/15/2024 21:00,MKRUSDT,0.0447,2.9634
9/15/2024 21:00,JTOUSDT,0.0414,3.0048
9/15/2024 21:00,XAIUSDT,0.0312,3.036
9/15/2024 21:00,CTSIUSDT,0.0385,3.0745
9/15/2024 21:00,STRKUSDT,0.0414,3.1159
9/15/2024 21:00,1000LUNCUSDT,0.0499,3.1658
9/15/2024 21:00,CYBERUSDT,0.0298,3.1956
9/15/2024 21:00,VETUSDT,0.0413,3.2369
9/15/2024 21:00,FILUSDT,0.0328,3.2697
9/15/2024 23:00,APEUSDT,-0.0266,3.2431
9/15/2024 23:00,EDUUSDT,-0.0235,3.2196
9/15/2024 23:00,STXUSDT,0.0393,3.2589
9/15/2024 23:00,COMPUSDT,-0.0243,3.2346
9/15/2024 23:00,1INCHUSDT,0.0466,3.2812
9/15/2024 23:00,BSVUSDT,-0.0252,3.256
9/15/2024 23:00,NEOUSDT,-0.0214,3.2346
9/15/2024 23:00,SXPUSDT,0.046,3.2806
9/15/2024 23:00,RAREUSDT,0.0483,3.3289
9/15/2024 23:00,NKNUSDT,0.0484,3.3773
9/15/2024 23:00,API3USDT,-0.024,3.3533
9/15/2024 23:00,IOUSDT,-0.0249,3.3284
9/15/2024 23:00,LDOUSDT,-0.0218,3.3066
9/15/2024 23:00,YFIUSDT,-0.0254,3.2812
9/15/2024 23:00,FLOWUSDT,0.0476,3.3288
9/15/2024 23:00,JASMYUSDT,0.0494,3.3782
9/15/2024 23:00,TONUSDT,0.0484,3.4266
9/15/2024 23:00,STRKUSDT,0.0491,3.4757
9/15/2024 23:00,OMUSDT,-0.0202,3.4555
9/15/2024 23:00,CHESSUSDT,0.0179,3.4734
9/16/2024 0:00,SKLUSDT,0.0484,3.5218
9/16/2024 0:00,BSWUSDT,0.0483,3.5701
9/16/2024 0:00,POLYXUSDT,-0.0254,3.5447
9/16/2024 0:00,TWTUSDT,-0.0297,3.515
9/16/2024 1:00,RAREUSDT,0.05,3.565
9/16/2024 1:00,SOLUSDT,-0.0206,3.5444
9/16/2024 1:00,BTCDOMUSDT,-0.0213,3.5231
9/16/2024 1:45,KAVAUSDT,-0.0234,3.4997
9/16/2024 2:00,BNXUSDT,-0.0209,3.4788
9/16/2024 2:45,XLMUSDT,-0.025,3.4538
9/16/2024 2:45,LUNA2USDT,-0.0256,3.4282
9/16/2024 6:45,SYNUSDT,-0.0224,3.4058
9/16/2024 6:45,ALPHAUSDT,-0.0217,3.3841
9/16/2024 9:15,API3USDT,-0.0385,3.3456
9/16/2024 12:15,SFPUSDT,-0.0217,3.3239
9/16/2024 12:30,BIGTIMEUSDT,-0.02,3.3039
9/16/2024 12:30,BLZUSDT,0.0467,3.3506
9/16/2024 12:45,DUSKUSDT,0.0478,3.3984
9/16/2024 12:45,CELRUSDT,-0.0236,3.3748
9/16/2024 12:45,NOTUSDT,-0.0215,3.3533
9/16/2024 14:15,BLZUSDT,0.0439,3.3972
9/16/2024 16:15,GUSDT,-0.0207,3.3765
9/16/2024 16:30,LINAUSDT,-0.02,3.3565
9/16/2024 16:30,RSRUSDT,-0.0206,3.3359
9/16/2024 16:30,NKNUSDT,-0.0217,3.3142
9/16/2024 16:30,PHBUSDT,-0.02,3.2942
9/16/2024 16:30,ATAUSDT,-0.02,3.2742
9/16/2024 16:45,SUPERUSDT,0.044,3.3182
9/16/2024 16:45,FLMUSDT,-0.0229,3.2953
9/16/2024 16:45,RUNEUSDT,-0.0214,3.2739
9/16/2024 16:45,STORJUSDT,-0.0223,3.2516
9/16/2024 16:45,RVNUSDT,-0.0212,3.2304
9/16/2024 17:00,IOTAUSDT,-0.0287,3.2017
9/16/2024 17:00,BRETTUSDT,-0.0234,3.1783
9/16/2024 17:00,SKLUSDT,-0.0276,3.1507
9/16/2024 17:00,STEEMUSDT,-0.0278,3.1229
9/16/2024 17:00,HIGHUSDT,-0.0295,3.0934
9/16/2024 17:00,NMRUSDT,-0.0241,3.0693
9/16/2024 17:00,XVGUSDT,-0.0254,3.0439
9/16/2024 17:00,UNIUSDT,-0.0289,3.015
9/16/2024 17:00,MAGICUSDT,-0.0271,2.9879
9/16/2024 17:00,IOSTUSDT,-0.0203,2.9676
9/16/2024 17:00,1000SHIBUSDT,-0.0211,2.9465
9/16/2024 17:00,LPTUSDT,-0.0218,2.9247
9/16/2024 17:00,WAXPUSDT,-0.0218,2.9029
9/16/2024 17:00,HIFIUSDT,-0.0209,2.882
9/16/2024 17:00,ORBSUSDT,-0.0218,2.8602
9/16/2024 17:00,GMTUSDT,-0.0225,2.8377
9/16/2024 17:00,NEOUSDT,-0.025,2.8127
9/16/2024 17:00,KLAYUSDT,-0.0212,2.7915
9/16/2024 17:00,ICXUSDT,-0.0211,2.7704
9/16/2024 17:00,BANDUSDT,-0.0241,2.7463
9/16/2024 17:00,DENTUSDT,-0.0281,2.7182
9/16/2024 17:00,ARKUSDT,-0.0221,2.6961
9/16/2024 17:00,YGGUSDT,-0.0259,2.6702
9/16/2024 17:00,CELRUSDT,-0.026,2.6442
9/16/2024 17:00,SANDUSDT,-0.0237,2.6205
9/16/2024 17:00,TLMUSDT,-0.0254,2.5951
9/16/2024 17:00,DYDXUSDT,-0.0213,2.5738
9/16/2024 17:00,FLOWUSDT,-0.0225,2.5513
9/16/2024 17:00,AVAXUSDT,-0.0221,2.5292
9/16/2024 17:00,ACHUSDT,-0.0273,2.5019
9/16/2024 17:00,MANTAUSDT,-0.0288,2.4731
9/16/2024 17:00,LEVERUSDT,-0.0263,2.4468
9/16/2024 17:00,ALGOUSDT,-0.02,2.4268
9/16/2024 17:00,OXTUSDT,-0.0214,2.4054
9/16/2024 17:00,KSMUSDT,-0.0211,2.3843
9/16/2024 17:00,CTSIUSDT,-0.0257,2.3586
9/16/2024 17:00,ZRXUSDT,-0.0215,2.3371
9/16/2024 17:00,TONUSDT,-0.0238,2.3133
9/16/2024 17:00,STRKUSDT,-0.0284,2.2849
9/16/2024 17:00,RIFUSDT,-0.0204,2.2645
9/16/2024 17:00,PIXELUSDT,-0.0268,2.2377
9/16/2024 18:00,POWRUSDT,-0.02,2.2177
9/16/2024 18:15,HOOKUSDT,-0.0218,2.1959
9/16/2024 18:30,DYMUSDT,-0.0223,2.1736
9/16/2024 18:30,COMBOUSDT,-0.0234,2.1502
9/16/2024 19:00,AERGOUSDT,-0.0215,2.1287
9/16/2024 19:00,LPTUSDT,-0.0208,2.1079
9/16/2024 19:00,SXPUSDT,-0.02,2.0879
9/16/2024 19:00,TNSRUSDT,-0.0213,2.0666
9/16/2024 19:00,FLMUSDT,-0.02,2.0466
9/16/2024 19:00,UNFIUSDT,-0.0209,2.0257
9/16/2024 19:00,CHESSUSDT,-0.0209,2.0048
9/16/2024 19:45,SNXUSDT,-0.02,1.9848
9/16/2024 20:15,AIUSDT,-0.0208,1.964
9/16/2024 20:15,NMRUSDT,-0.0218,1.9422
9/16/2024 20:15,GASUSDT,-0.025,1.9172
9/16/2024 20:15,REZUSDT,0.0442,1.9614
9/16/2024 20:15,POWRUSDT,-0.0213,1.9401
9/16/2024 20:15,TNSRUSDT,-0.0305,1.9096
9/16/2024 20:15,RIFUSDT,-0.0219,1.8877
9/16/2024 20:30,NKNUSDT,-0.0222,1.8655
9/16/2024 20:30,BAKEUSDT,-0.025,1.8405
9/16/2024 20:30,CYBERUSDT,-0.0206,1.8199
9/16/2024 20:45,HFTUSDT,-0.0202,1.7997
9/16/2024 20:45,ACEUSDT,-0.0217,1.778
9/16/2024 20:45,MANAUSDT,-0.022,1.756
9/16/2024 20:45,MAVUSDT,-0.0205,1.7355
9/16/2024 20:45,WAXPUSDT,-0.0218,1.7137
9/16/2024 20:45,RENDERUSDT,-0.0236,1.6901
9/16/2024 20:45,TLMUSDT,-0.02,1.6701
9/16/2024 20:45,DODOXUSDT,-0.0221,1.648
9/16/2024 21:00,CTSIUSDT,-0.0217,1.6263
9/16/2024 21:45,AERGOUSDT,-0.02,1.6063
9/16/2024 22:15,ACEUSDT,-0.0293,1.577
9/16/2024 22:15,SKLUSDT,-0.022,1.555
9/16/2024 22:30,BLZUSDT,-0.0223,1.5327
9/17/2024 0:45,BLZUSDT,-0.0259,1.5068
9/17/2024 5:00,SUNUSDT,-0.0222,1.4846
9/17/2024 5:00,CRVUSDT,0.05,1.5346
9/17/2024 5:30,APEUSDT,0.0447,1.5793
9/17/2024 7:30,APEUSDT,-0.0241,1.5552
9/17/2024 7:30,AMBUSDT,0.0439,1.5991
9/17/2024 7:30,PENDLEUSDT,0.0365,1.6356
9/17/2024 7:30,MEMEUSDT,0.0489,1.6845
9/17/2024 7:30,TONUSDT,-0.0385,1.646
9/17/2024 7:45,LSKUSDT,-0.0212,1.6248
9/17/2024 7:45,PYTHUSDT,0.05,1.6748
9/17/2024 8:00,INJUSDT,-0.0229,1.6519
9/17/2024 8:00,RONINUSDT,0.0455,1.6974
9/17/2024 8:00,IDUSDT,0.0441,1.7415
9/17/2024 8:00,BRETTUSDT,0.0478,1.7893
9/17/2024 8:00,HIGHUSDT,0.0493,1.8386
9/17/2024 8:00,EGLDUSDT,0.0459,1.8845
9/17/2024 8:00,METISUSDT,0.0385,1.923
9/17/2024 8:00,DENTUSDT,0.05,1.973
9/17/2024 8:00,AXSUSDT,0.0448,2.0178
9/17/2024 8:00,BADGERUSDT,0.0473,2.0651
9/17/2024 8:00,MANTAUSDT,0.0469,2.112
9/17/2024 8:00,KSMUSDT,-0.0256,2.0864
9/17/2024 8:00,TOKENUSDT,0.0465,2.1329
9/17/2024 8:00,ZILUSDT,-0.02,2.1129
9/17/2024 8:30,CHZUSDT,-0.0203,2.0926
9/17/2024 9:45,CHRUSDT,0.0467,2.1393
9/17/2024 9:45,BBUSDT,0.0372,2.1765
9/17/2024 9:45,MAGICUSDT,0.0473,2.2238
9/17/2024 9:45,APTUSDT,-0.0228,2.201
9/17/2024 9:45,ANKRUSDT,-0.0252,2.1758
9/17/2024 10:00,ALICEUSDT,0.0479,2.2237
9/17/2024 10:45,ZILUSDT,-0.0222,2.2015
9/17/2024 11:00,CHESSUSDT,0.0385,2.24
9/17/2024 12:30,GMXUSDT,-0.0202,2.2198
9/17/2024 12:45,METISUSDT,0.0468,2.2666
9/17/2024 13:00,ICXUSDT,-0.0244,2.2422
9/17/2024 13:00,ILVUSDT,0.0441,2.2863
9/17/2024 13:15,HFTUSDT,-0.0223,2.264
9/17/2024 13:15,IDUSDT,-0.0222,2.2418
9/17/2024 13:15,MANAUSDT,0.0482,2.29
9/17/2024 13:15,BLURUSDT,-0.0289,2.2611
9/17/2024 13:15,XAIUSDT,0.0451,2.3062
9/17/2024 13:45,ARUSDT,-0.04,2.2662
9/17/2024 14:00,RENUSDT,0.0395,2.3057
9/17/2024 14:15,BATUSDT,-0.026,2.2797
9/17/2024 14:15,STGUSDT,0.0424,2.3221
9/17/2024 14:15,TRXUSDT,-0.0304,2.2917
9/17/2024 15:15,ACHUSDT,-0.0201,2.2716
9/17/2024 17:00,SKLUSDT,-0.025,2.2466
9/17/2024 18:15,ETHWUSDT,0.048,2.2946
9/17/2024 18:30,LINAUSDT,-0.02,2.2746
9/17/2024 19:45,ARUSDT,0.0389,2.3135
9/17/2024 23:00,OPUSDT,-0.0257,2.2878
9/17/2024 23:30,BONDUSDT,0.0414,2.3292
9/17/2024 23:45,KAVAUSDT,-0.0285,2.3007
9/18/2024 0:00,OPUSDT,-0.0232,2.2775
9/18/2024 0:00,1INCHUSDT,-0.0267,2.2508
9/18/2024 0:15,JOEUSDT,-0.0321,2.2187
9/18/2024 0:15,JUPUSDT,-0.0358,2.1829
9/18/2024 0:15,LINKUSDT,-0.0264,2.1565
9/18/2024 0:45,PORTALUSDT,0.0465,2.203
9/18/2024 2:30,OGNUSDT,-0.022,2.181
9/18/2024 2:45,MANAUSDT,-0.0247,2.1563
9/18/2024 2:45,1000SATSUSDT,-0.0235,2.1328
9/18/2024 4:00,BTCDOMUSDT,-0.0211,2.1117
9/18/2024 4:15,HOOKUSDT,-0.0209,2.0908
9/18/2024 4:30,AUCTIONUSDT,0.0487,2.1395
9/18/2024 5:15,DARUSDT,-0.0234,2.1161
9/18/2024 5:15,CHESSUSDT,-0.0236,2.0925
9/18/2024 6:00,QNTUSDT,-0.0211,2.0714
9/18/2024 7:00,KNCUSDT,-0.0235,2.0479
9/18/2024 7:00,ACHUSDT,-0.0298,2.0181
9/18/2024 7:30,SUPERUSDT,0.0367,2.0548
9/18/2024 7:30,ZROUSDT,0.0417,2.0965
9/18/2024 8:00,POLYXUSDT,0.0492,2.1457
9/18/2024 8:00,GMTUSDT,0.0488,2.1945
9/18/2024 8:00,LDOUSDT,-0.0241,2.1704
9/18/2024 8:15,STORJUSDT,0.036,2.2064
9/18/2024 8:15,C98USDT,-0.0229,2.1835
9/18/2024 8:30,MKRUSDT,0.0484,2.2319
9/18/2024 8:45,THETAUSDT,-0.0203,2.2116
9/18/2024 12:00,KLAYUSDT,0.0342,2.2458
9/18/2024 12:00,ARPAUSDT,0.0473,2.2931
9/18/2024 12:00,CRVUSDT,-0.02,2.2731
9/18/2024 12:00,YFIUSDT,-0.0208,2.2523
9/18/2024 13:15,NULSUSDT,0.0467,2.299
9/18/2024 13:30,CHRUSDT,0.0256,2.3246
9/18/2024 13:30,ACEUSDT,0.0393,2.3639
9/18/2024 13:30,PORTALUSDT,0.0319,2.3958
9/18/2024 13:30,GTCUSDT,-0.02,2.3758
9/18/2024 13:30,VOXELUSDT,-0.0302,2.3456
9/18/2024 13:30,LTCUSDT,-0.0275,2.3181
9/18/2024 13:30,YGGUSDT,-0.0243,2.2938
9/18/2024 13:30,ZROUSDT,-0.022,2.2718
9/18/2024 13:30,ZKUSDT,-0.0288,2.243
9/18/2024 13:30,TLMUSDT,-0.0224,2.2206
9/18/2024 13:30,BAKEUSDT,0.0372,2.2578
9/18/2024 13:30,DODOXUSDT,-0.0241,2.2337
9/18/2024 13:30,CTSIUSDT,0.0435,2.2772
9/18/2024 13:45,CRVUSDT,-0.0251,2.2521
9/18/2024 13:45,ONTUSDT,-0.0236,2.2285
9/18/2024 14:00,QUICKUSDT,0.0493,2.2778
9/18/2024 15:15,ALPHAUSDT,-0.0206,2.2572
9/18/2024 15:30,ICPUSDT,-0.0264,2.2308
9/18/2024 15:30,STXUSDT,-0.0208,2.21
9/18/2024 15:30,WLDUSDT,-0.0215,2.1885
9/18/2024 15:30,1000FLOKIUSDT,-0.0534,2.1351
9/18/2024 15:30,LPTUSDT,-0.0254,2.1097
9/18/2024 15:30,EGLDUSDT,-0.0322,2.0775
9/18/2024 15:30,POLYXUSDT,-0.0259,2.0516
9/18/2024 15:30,ORBSUSDT,-0.0211,2.0305
9/18/2024 15:30,METISUSDT,-0.0276,2.0029
9/18/2024 15:30,NTRNUSDT,-0.0381,1.9648
9/18/2024 15:30,XVSUSDT,-0.0292,1.9356
9/18/2024 15:30,ICXUSDT,-0.0301,1.9055
9/18/2024 15:30,AGLDUSDT,-0.028,1.8775
9/18/2024 15:30,FLMUSDT,-0.0229,1.8546
9/18/2024 15:30,LTCUSDT,-0.0236,1.831
9/18/2024 15:30,RPLUSDT,-0.0274,1.8036
9/18/2024 15:30,TWTUSDT,-0.033,1.7706
9/18/2024 15:30,ZROUSDT,-0.0272,1.7434
9/18/2024 15:30,MBOXUSDT,-0.0276,1.7158
9/18/2024 15:30,MANTAUSDT,-0.0417,1.6741
9/18/2024 15:30,XTZUSDT,-0.0268,1.6473
9/18/2024 15:30,XAIUSDT,-0.0319,1.6154
9/18/2024 15:30,BCHUSDT,-0.0267,1.5887
9/18/2024 15:30,LUNA2USDT,-0.0261,1.5626
9/18/2024 20:30,TRBUSDT,0.0476,1.6102
9/18/2024 22:15,DUSKUSDT,0.0484,1.6586
9/18/2024 22:15,APEUSDT,0.049,1.7076
9/18/2024 22:15,RONINUSDT,0.0481,1.7557
9/18/2024 22:15,KLAYUSDT,0.0475,1.8032
9/18/2024 22:15,RIFUSDT,0.0395,1.8427
9/18/2024 23:00,HFTUSDT,0.0464,1.8891
9/18/2024 23:00,ALTUSDT,0.0495,1.9386
9/18/2024 23:00,MAGICUSDT,0.0395,1.9781
9/18/2024 23:00,PORTALUSDT,0.0444,2.0225
9/18/2024 23:00,SPELLUSDT,0.0441,2.0666
9/18/2024 23:00,UMAUSDT,0.0416,2.1082
9/18/2024 23:00,HBARUSDT,0.0454,2.1536
9/18/2024 23:00,IMXUSDT,0.0491,2.2027
9/18/2024 23:00,BELUSDT,0.0491,2.2518
9/18/2024 23:00,ARKMUSDT,0.0464,2.2982
9/18/2024 23:00,NKNUSDT,0.0447,2.3429
9/18/2024 23:00,TRUUSDT,0.0423,2.3852
9/18/2024 23:00,YFIUSDT,0.0474,2.4326
9/18/2024 23:00,AXSUSDT,0.0361,2.4687
9/18/2024 23:00,AEVOUSDT,0.0417,2.5104
9/18/2024 23:00,MANTAUSDT,0.0472,2.5576
9/18/2024 23:00,BCHUSDT,0.0469,2.6045
9/18/2024 23:00,UNFIUSDT,0.05,2.6545
9/18/2024 23:00,RVNUSDT,0.05,2.7045
9/18/2024 23:15,CHRUSDT,0.0475,2.752
9/18/2024 23:15,SFPUSDT,0.0485,2.8005
9/18/2024 23:15,ACEUSDT,0.0425,2.843
9/18/2024 23:15,TRBUSDT,0.0478,2.8908
9/18/2024 23:15,ROSEUSDT,0.0451,2.9359
9/18/2024 23:15,ZECUSDT,0.0494,2.9853
9/18/2024 23:15,STRKUSDT,0.0481,3.0334
9/18/2024 23:15,TOKENUSDT,0.041,3.0744
9/18/2024 23:15,CHESSUSDT,0.0432,3.1176
9/18/2024 23:30,BAKEUSDT,0.045,3.1626
9/18/2024 23:45,EGLDUSDT,0.0386,3.2012
9/19/2024 0:30,TWTUSDT,-0.0393,3.1619
9/19/2024 1:45,EGLDUSDT,0.0464,3.2083
9/19/2024 3:00,BONDUSDT,0.0492,3.2575
9/19/2024 3:00,UNIUSDT,-0.0238,3.2337
9/19/2024 3:00,ARKUSDT,0.0465,3.2802
9/19/2024 3:15,DARUSDT,0.0493,3.3295
9/19/2024 3:30,TONUSDT,-0.0226,3.3069
9/19/2024 4:45,BALUSDT,-0.02,3.2869
9/19/2024 4:45,ETHFIUSDT,-0.0216,3.2653
9/19/2024 4:45,SFPUSDT,-0.0209,3.2444
9/19/2024 4:45,MAVUSDT,0.0448,3.2892
9/19/2024 5:00,WOOUSDT,-0.0233,3.2659
9/19/2024 5:00,ENAUSDT,-0.0293,3.2366
9/19/2024 5:00,SSVUSDT,-0.0213,3.2153
9/19/2024 5:00,ENSUSDT,-0.0271,3.1882
9/19/2024 5:00,HBARUSDT,0.0178,3.206
9/19/2024 5:00,SXPUSDT,0.0466,3.2526
9/19/2024 5:00,CELRUSDT,0.0426,3.2952
9/19/2024 5:00,ROSEUSDT,0.0489,3.3441
9/19/2024 5:00,JTOUSDT,0.0395,3.3836
9/19/2024 5:00,COTIUSDT,-0.0244,3.3592
9/19/2024 5:15,RONINUSDT,0.0499,3.4091
9/19/2024 5:15,STGUSDT,0.0443,3.4534
9/19/2024 5:30,IDUSDT,0.0423,3.4957
9/19/2024 5:30,POLUSDT,0.0467,3.5424
9/19/2024 5:30,ARPAUSDT,-0.0228,3.5196
9/19/2024 5:45,DUSKUSDT,-0.0268,3.4928
9/19/2024 6:15,IMXUSDT,0.0499,3.5427
9/19/2024 6:15,TRBUSDT,-0.0266,3.5161
9/19/2024 6:45,SXPUSDT,0.0481,3.5642
9/19/2024 6:45,KNCUSDT,0.0142,3.5784
9/19/2024 7:00,GTCUSDT,0.0338,3.6122
9/19/2024 7:15,XVGUSDT,0.049,3.6612
9/19/2024 7:15,BONDUSDT,0.0165,3.6777
9/19/2024 7:15,BEAMXUSDT,0.0436,3.7213
9/19/2024 7:15,QUICKUSDT,-0.0253,3.696
9/19/2024 7:30,IOTAUSDT,0.0348,3.7308
9/19/2024 7:30,FLMUSDT,-0.02,3.7108
9/19/2024 7:30,RUNEUSDT,-0.0225,3.6883
9/19/2024 7:30,ARKUSDT,0.0381,3.7264
9/19/2024 7:30,ATOMUSDT,0.0486,3.775
9/19/2024 7:30,MBOXUSDT,0.0449,3.8199
9/19/2024 7:30,FLOWUSDT,0.0418,3.8617
9/19/2024 7:30,OXTUSDT,0.0445,3.9062
9/19/2024 7:45,HFTUSDT,-0.0279,3.8783
9/19/2024 7:45,RONINUSDT,0.049,3.9273
9/19/2024 7:45,SFPUSDT,-0.0204,3.9069
9/19/2024 7:45,GMXUSDT,0.0481,3.955
9/19/2024 7:45,MAGICUSDT,-0.0217,3.9333
9/19/2024 7:45,ARUSDT,0.0434,3.9767
9/19/2024 7:45,YFIUSDT,-0.0206,3.9561
9/19/2024 7:45,ALICEUSDT,-0.0242,3.9319
9/19/2024 7:45,AXSUSDT,0.0478,3.9797
9/19/2024 7:45,DYDXUSDT,0.0282,4.0079
9/19/2024 7:45,ALPHAUSDT,-0.0248,3.9831
9/19/2024 9:00,IOTXUSDT,0.0463,4.0294
9/19/2024 10:15,STEEMUSDT,0.0487,4.0781
9/19/2024 10:15,ONTUSDT,0.0471,4.1252
9/19/2024 10:15,ZECUSDT,-0.021,4.1042
9/19/2024 11:15,ARKMUSDT,-0.0307,4.0735
9/19/2024 11:30,IDUSDT,0.0499,4.1234
9/19/2024 11:30,LINKUSDT,-0.0212,4.1022
9/19/2024 11:30,ATAUSDT,0.0398,4.142
9/19/2024 12:00,BTCUSDT,0.0398,4.1818
9/19/2024 12:00,RUNEUSDT,0.0368,4.2186
9/19/2024 12:00,ONTUSDT,0.0471,4.2657
9/19/2024 12:00,ZECUSDT,-0.0217,4.244
9/19/2024 12:00,AVAXUSDT,0.0463,4.2903
9/19/2024 12:45,BSWUSDT,0.0457,4.336
9/19/2024 13:00,BNTUSDT,0.0492,4.3852
9/19/2024 13:00,VANRYUSDT,-0.0202,4.365
9/19/2024 13:00,RLCUSDT,0.0492,4.4142
9/19/2024 13:15,GASUSDT,0.0494,4.4636
9/19/2024 13:15,HIFIUSDT,0.0458,4.5094
9/19/2024 13:15,1000XECUSDT,-0.0216,4.4878
9/19/2024 13:15,SANDUSDT,0.0463,4.5341
9/19/2024 13:30,KDAUSDT,-0.0239,4.5102
9/19/2024 13:45,IOTAUSDT,0.0461,4.5563
9/19/2024 13:45,TUSDT,0.0378,4.5941
9/19/2024 13:45,IOSTUSDT,0.0496,4.6437
9/19/2024 13:45,WAXPUSDT,0.0284,4.6721
9/19/2024 13:45,POWRUSDT,0.0389,4.711
9/19/2024 13:45,GLMUSDT,0.0307,4.7417
9/19/2024 13:45,ONTUSDT,0.038,4.7797
9/19/2024 13:45,BADGERUSDT,0.0389,4.8186
9/19/2024 14:00,APTUSDT,0.0488,4.8674
9/19/2024 14:00,DENTUSDT,-0.0271,4.8403
9/19/2024 14:00,CELRUSDT,0.0456,4.8859
9/19/2024 14:00,BAKEUSDT,-0.0211,4.8648
9/19/2024 14:00,FLOWUSDT,0.05,4.9148
9/19/2024 14:00,ARBUSDT,0.0485,4.9633
9/19/2024 14:15,BRETTUSDT,-0.02,4.9433
9/19/2024 14:15,GMXUSDT,-0.0247,4.9186
9/19/2024 14:15,RENUSDT,0.05,4.9686
9/19/2024 14:15,ALGOUSDT,-0.0233,4.9453
9/19/2024 15:15,GRTUSDT,-0.0239,4.9214
9/19/2024 15:45,GMXUSDT,-0.0217,4.8997
9/19/2024 16:00,BOMEUSDT,0.0453,4.945
9/19/2024 16:00,GTCUSDT,-0.0228,4.9222
9/19/2024 16:00,XTZUSDT,-0.02,4.9022
9/19/2024 16:00,ZILUSDT,0.0474,4.9496
9/19/2024 16:15,IDUSDT,-0.0209,4.9287
9/19/2024 16:15,BRETTUSDT,-0.0223,4.9064
9/19/2024 16:15,LITUSDT,0.0432,4.9496
9/19/2024 16:15,1000FLOKIUSDT,-0.0246,4.925
9/19/2024 16:15,POWRUSDT,0.0478,4.9728
9/19/2024 16:15,SUSHIUSDT,-0.0238,4.949
9/19/2024 16:15,CELRUSDT,-0.0239,4.9251
9/19/2024 16:15,ATOMUSDT,-0.0213,4.9038
9/19/2024 16:15,BAKEUSDT,-0.0219,4.8819
9/19/2024 16:30,ARKUSDT,0.0497,4.9316
9/19/2024 16:30,OGNUSDT,-0.0225,4.9091
9/19/2024 16:45,BTCUSDT,-0.0211,4.888
9/19/2024 17:30,ATOMUSDT,-0.033,4.855
9/19/2024 18:00,IDUSDT,-0.0226,4.8324
9/19/2024 18:15,SNXUSDT,-0.0324,4.8
9/19/2024 18:30,SYSUSDT,-0.0406,4.7594
9/19/2024 18:45,TNSRUSDT,-0.0277,4.7317
9/19/2024 18:45,SUSHIUSDT,-0.0276,4.7041
9/19/2024 21:00,IMXUSDT,-0.0207,4.6834
9/20/2024 0:15,ZROUSDT,-0.0232,4.6602
9/20/2024 0:15,MKRUSDT,-0.0202,4.64
9/20/2024 0:15,AEVOUSDT,-0.0439,4.5961
9/20/2024 0:15,STRKUSDT,-0.0218,4.5743
9/20/2024 1:00,SUPERUSDT,-0.0228,4.5515
9/20/2024 1:15,ARKUSDT,0.0353,4.5868
9/20/2024 2:45,TRXUSDT,-0.0218,4.565
9/20/2024 6:30,RAREUSDT,-0.0255,4.5395
9/20/2024 6:30,ROSEUSDT,-0.0311,4.5084
9/20/2024 6:30,ACHUSDT,-0.0264,4.482
9/20/2024 6:30,LEVERUSDT,-0.0228,4.4592
9/20/2024 6:30,RLCUSDT,-0.0231,4.4361
9/20/2024 6:30,ZRXUSDT,-0.0249,4.4112
9/20/2024 6:30,CYBERUSDT,-0.0209,4.3903
9/20/2024 6:45,BATUSDT,-0.0242,4.3661
9/20/2024 6:45,HFTUSDT,-0.0239,4.3422
9/20/2024 6:45,BALUSDT,-0.0249,4.3173
9/20/2024 6:45,QNTUSDT,-0.0265,4.2908
9/20/2024 6:45,CHZUSDT,-0.0242,4.2666
9/20/2024 6:45,ACEUSDT,-0.0205,4.2461
9/20/2024 6:45,XVGUSDT,-0.0209,4.2252
9/20/2024 6:45,MANAUSDT,-0.0207,4.2045
9/20/2024 6:45,1000FLOKIUSDT,-0.0217,4.1828
9/20/2024 6:45,PEOPLEUSDT,-0.0326,4.1502
9/20/2024 6:45,UMAUSDT,-0.0241,4.1261
9/20/2024 6:45,CFXUSDT,-0.0248,4.1013
9/20/2024 6:45,NTRNUSDT,-0.0239,4.0774
9/20/2024 6:45,DOTUSDT,-0.0225,4.0549
9/20/2024 6:45,NKNUSDT,-0.0245,4.0304
9/20/2024 6:45,MOVRUSDT,-0.0263,4.0041
9/20/2024 6:45,LTCUSDT,-0.0204,3.9837
9/20/2024 6:45,PYTHUSDT,-0.0298,3.9539
9/20/2024 6:45,ZECUSDT,-0.0296,3.9243
9/20/2024 6:45,LINKUSDT,-0.0258,3.8985
9/20/2024 6:45,JASMYUSDT,-0.0227,3.8758
9/20/2024 6:45,ALGOUSDT,-0.0242,3.8516
9/20/2024 6:45,KSMUSDT,-0.0209,3.8307
9/20/2024 6:45,1000LUNCUSDT,-0.0217,3.809
9/20/2024 6:45,USTCUSDT,-0.0216,3.7874
9/20/2024 7:15,ZETAUSDT,0.0442,3.8316
9/20/2024 7:45,DOTUSDT,-0.0209,3.8107
9/20/2024 8:30,JOEUSDT,-0.0229,3.7878
9/20/2024 8:30,AVAXUSDT,-0.0263,3.7615
9/20/2024 10:00,ZETAUSDT,0.0489,3.8104
9/20/2024 11:00,TIAUSDT,-0.0268,3.7836
9/20/2024 11:00,OMNIUSDT,0.025,3.8086
9/20/2024 13:00,APEUSDT,-0.0244,3.7842
9/20/2024 13:00,EDUUSDT,-0.0298,3.7544
9/20/2024 13:00,OMNIUSDT,-0.0292,3.7252
9/20/2024 13:00,BEAMXUSDT,-0.0329,3.6923
9/20/2024 13:00,1000SATSUSDT,-0.0356,3.6567
9/20/2024 13:00,ZETAUSDT,-0.026,3.6307
9/20/2024 13:00,SUPERUSDT,-0.0265,3.6042
9/20/2024 13:00,KNCUSDT,-0.0246,3.5796
9/20/2024 13:00,MAVIAUSDT,0.0367,3.6163
9/20/2024 14:00,OGNUSDT,-0.02,3.5963
9/20/2024 15:00,XRPUSDT,-0.0224,3.5739
9/20/2024 15:15,AXLUSDT,-0.0209,3.553
9/20/2024 16:00,QNTUSDT,-0.0214,3.5316
9/20/2024 16:15,STORJUSDT,-0.0257,3.5059
9/20/2024 16:15,HOTUSDT,-0.024,3.4819
9/20/2024 16:30,ARPAUSDT,0.0452,3.5271
9/20/2024 16:30,CELRUSDT,-0.0237,3.5034
9/20/2024 16:30,FLOWUSDT,-0.0234,3.48
9/20/2024 16:45,MKRUSDT,0.049,3.529
9/20/2024 18:00,KLAYUSDT,-0.02,3.509
9/20/2024 20:15,ALTUSDT,-0.0208,3.4882
9/20/2024 21:00,TUSDT,0.05,3.5382
9/20/2024 21:15,XVSUSDT,-0.0209,3.5173
9/20/2024 23:30,STEEMUSDT,0.049,3.5663
9/20/2024 23:45,BALUSDT,-0.0218,3.5445
9/20/2024 23:45,IOTAUSDT,-0.0282,3.5163
9/21/2024 0:30,MBOXUSDT,-0.024,3.4923
9/21/2024 0:30,AEVOUSDT,-0.0203,3.472
9/21/2024 1:00,TONUSDT,-0.0287,3.4433
9/21/2024 3:00,IOSTUSDT,0.0478,3.4911
9/21/2024 3:15,TAOUSDT,-0.0223,3.4688
9/21/2024 3:45,ACEUSDT,-0.0214,3.4474
9/21/2024 3:45,1000FLOKIUSDT,-0.0203,3.4271
9/21/2024 4:00,NFPUSDT,-0.02,3.4071
9/21/2024 4:00,AAVEUSDT,-0.0218,3.3853
9/21/2024 4:00,OMNIUSDT,-0.0241,3.3612
9/21/2024 4:00,JOEUSDT,-0.0217,3.3395
9/21/2024 4:00,FXSUSDT,-0.0215,3.318
9/21/2024 4:00,LQTYUSDT,-0.0222,3.2958
9/21/2024 4:00,ZROUSDT,-0.0278,3.268
9/21/2024 4:00,ZKUSDT,-0.0246,3.2434
9/21/2024 4:15,FTMUSDT,-0.0353,3.2081
9/21/2024 4:15,MAVIAUSDT,-0.0236,3.1845
9/21/2024 4:30,ARUSDT,-0.0208,3.1637
9/21/2024 4:30,PHBUSDT,-0.034,3.1297
9/21/2024 4:30,TONUSDT,-0.0235,3.1062
9/21/2024 6:00,LSKUSDT,-0.0217,3.0845
9/21/2024 8:15,ADAUSDT,-0.0216,3.0629
9/21/2024 9:00,ORDIUSDT,0.0485,3.1114
9/21/2024 9:15,ALGOUSDT,-0.02,3.0914
9/21/2024 9:45,ICXUSDT,-0.0255,3.0659
9/21/2024 10:15,RENUSDT,-0.0249,3.041
9/21/2024 11:00,1000SHIBUSDT,0.0398,3.0808
9/21/2024 11:00,ETHWUSDT,0.0339,3.1147
9/21/2024 11:15,ROSEUSDT,0.0362,3.1509
9/21/2024 11:30,1INCHUSDT,0.0447,3.1956
9/21/2024 11:45,IOSTUSDT,-0.0218,3.1738
9/21/2024 12:00,GMTUSDT,0.0495,3.2233
9/21/2024 12:00,AXSUSDT,0.0486,3.2719
9/21/2024 12:15,BLURUSDT,-0.0319,3.24
9/21/2024 12:30,LINAUSDT,-0.0265,3.2135
9/21/2024 12:30,1000SATSUSDT,0.0376,3.2511
9/21/2024 12:45,COMPUSDT,-0.0252,3.2259
9/21/2024 12:45,1000XECUSDT,0.0459,3.2718
9/21/2024 13:30,1000SHIBUSDT,0.0486,3.3204
9/21/2024 13:30,AVAXUSDT,0.0467,3.3671
9/21/2024 13:45,LEVERUSDT,-0.0258,3.3413
9/21/2024 15:15,MAGICUSDT,-0.0238,3.3175
9/21/2024 15:15,TONUSDT,0.0457,3.3632
9/21/2024 15:30,1INCHUSDT,-0.0205,3.3427
9/21/2024 15:30,ARBUSDT,-0.0283,3.3144
9/21/2024 16:00,WOOUSDT,-0.0414,3.273
9/21/2024 16:00,AUCTIONUSDT,-0.0201,3.2529
9/21/2024 16:00,CHRUSDT,-0.0256,3.2273
9/21/2024 16:00,MANAUSDT,0.0453,3.2726
9/21/2024 16:00,MEMEUSDT,-0.0203,3.2523
9/21/2024 16:00,NTRNUSDT,-0.0219,3.2304
9/21/2024 16:00,ZKUSDT,-0.0264,3.204
9/21/2024 16:00,ALGOUSDT,-0.024,3.18
9/21/2024 16:15,KAVAUSDT,-0.0226,3.1574
9/21/2024 16:45,XLMUSDT,-0.0475,3.1099
9/21/2024 16:45,ALICEUSDT,0.05,3.1599
9/21/2024 17:00,CHZUSDT,-0.0211,3.1388
9/21/2024 17:00,RENDERUSDT,0.0494,3.1882
9/21/2024 18:00,JASMYUSDT,-0.0204,3.1678
9/21/2024 19:00,OPUSDT,0.049,3.2168
9/21/2024 19:00,WAXPUSDT,0.0449,3.2617
9/21/2024 19:00,KSMUSDT,0.0423,3.304
9/21/2024 19:00,ARBUSDT,-0.0447,3.2593
9/21/2024 19:30,ONEUSDT,-0.022,3.2373
9/21/2024 19:30,1MBABYDOGEUSDT,0.0461,3.2834
9/21/2024 20:00,ALICEUSDT,0.0319,3.3153
9/21/2024 20:45,SSVUSDT,-0.0216,3.2937
9/21/2024 21:00,SUPERUSDT,-0.0215,3.2722
9/21/2024 21:15,DARUSDT,-0.0218,3.2504
9/21/2024 21:15,DODOXUSDT,0.0471,3.2975
9/21/2024 21:45,WAXPUSDT,0.0315,3.329
9/21/2024 22:45,MANAUSDT,-0.0258,3.3032
9/21/2024 22:45,KNCUSDT,-0.0217,3.2815
9/21/2024 23:00,ALTUSDT,-0.0236,3.2579
9/21/2024 23:15,KSMUSDT,-0.0347,3.2232
9/22/2024 2:00,BANDUSDT,-0.0242,3.199
9/22/2024 4:30,SXPUSDT,0.0487,3.2477
9/22/2024 4:45,WIFUSDT,0.0486,3.2963
9/22/2024 5:00,GASUSDT,0.0441,3.3404
9/22/2024 5:00,UNIUSDT,0.0248,3.3652
9/22/2024 5:00,STMXUSDT,-0.0219,3.3433
9/22/2024 5:00,GLMUSDT,-0.0227,3.3206
9/22/2024 5:00,NKNUSDT,0.0494,3.37
9/22/2024 5:00,KASUSDT,0.0464,3.4164
9/22/2024 5:15,MAGICUSDT,-0.0213,3.3951
9/22/2024 5:15,SEIUSDT,-0.0218,3.3733
9/22/2024 5:45,1000BONKUSDT,0.0489,3.4222
9/22/2024 5:45,POWRUSDT,-0.022,3.4002
9/22/2024 6:30,ADAUSDT,-0.02,3.3802
9/22/2024 6:45,RONINUSDT,-0.023,3.3572
9/22/2024 6:45,IOTAUSDT,-0.0214,3.3358
9/22/2024 6:45,SKLUSDT,0.0462,3.382
9/22/2024 6:45,BNTUSDT,-0.0227,3.3593
9/22/2024 6:45,WAXPUSDT,-0.0205,3.3388
9/22/2024 6:45,AXSUSDT,-0.027,3.3118
9/22/2024 6:45,MBOXUSDT,-0.02,3.2918
9/22/2024 6:45,RLCUSDT,-0.0264,3.2654
9/22/2024 6:45,KSMUSDT,-0.0223,3.2431
9/22/2024 6:45,CTSIUSDT,-0.0211,3.222
9/22/2024 6:45,USTCUSDT,-0.02,3.202
9/22/2024 9:00,CHZUSDT,0.0451,3.2471
9/22/2024 9:00,SKLUSDT,0.0485,3.2956
9/22/2024 9:00,OXTUSDT,0.0478,3.3434
9/22/2024 9:15,ENSUSDT,0.0427,3.3861
9/22/2024 9:15,ALPACAUSDT,0.0439,3.43
9/22/2024 9:15,SOLUSDT,0.0446,3.4746
9/22/2024 9:15,ILVUSDT,0.0424,3.517
9/22/2024 9:15,SEIUSDT,-0.023,3.494
9/22/2024 9:15,ETCUSDT,0.0495,3.5435
9/22/2024 9:15,FILUSDT,0.043,3.5865
9/22/2024 10:45,POLUSDT,0.0461,3.6326
9/22/2024 11:00,WAXPUSDT,-0.0338,3.5988
9/22/2024 12:30,XRPUSDT,0.05,3.6488
9/22/2024 12:30,STORJUSDT,-0.0205,3.6283
9/22/2024 13:15,HOTUSDT,-0.02,3.6083
9/22/2024 13:30,RONINUSDT,0.0391,3.6474
9/22/2024 13:30,CHZUSDT,-0.0207,3.6267
9/22/2024 13:30,MANAUSDT,-0.0212,3.6055
9/22/2024 13:30,1000SATSUSDT,0.0449,3.6504
9/22/2024 13:30,METISUSDT,-0.0267,3.6237
9/22/2024 13:30,RAREUSDT,-0.0237,3.6
9/22/2024 13:30,SOLUSDT,-0.0291,3.5709
9/22/2024 13:30,EOSUSDT,-0.025,3.5459
9/22/2024 13:30,YGGUSDT,-0.0234,3.5225
9/22/2024 13:30,JUPUSDT,-0.0211,3.5014
9/22/2024 13:30,ANKRUSDT,-0.0257,3.4757
9/22/2024 13:30,NOTUSDT,0.0474,3.5231
9/22/2024 13:30,KSMUSDT,-0.026,3.4971
9/22/2024 13:30,ORDIUSDT,0.0413,3.5384
9/22/2024 13:30,FLUXUSDT,0.0454,3.5838
9/22/2024 13:45,CHRUSDT,-0.0208,3.563
9/22/2024 13:45,PEOPLEUSDT,-0.0248,3.5382
9/22/2024 13:45,ALPACAUSDT,-0.0211,3.5171
9/22/2024 14:00,CRVUSDT,-0.02,3.4971
9/22/2024 14:30,SANDUSDT,-0.0223,3.4748
9/22/2024 14:30,FLOWUSDT,-0.02,3.4548
9/22/2024 14:45,TURBOUSDT,-0.0251,3.4297
9/22/2024 16:00,IOTAUSDT,-0.0214,3.4083
9/22/2024 16:00,SSVUSDT,-0.0276,3.3807
9/22/2024 16:00,STGUSDT,-0.0207,3.36
9/22/2024 16:00,TUSDT,-0.0247,3.3353
9/22/2024 16:00,DARUSDT,-0.0212,3.3141
9/22/2024 16:00,LITUSDT,-0.02,3.2941
9/22/2024 16:00,TAOUSDT,-0.0307,3.2634
9/22/2024 16:00,GMXUSDT,-0.0204,3.243
9/22/2024 16:00,SYSUSDT,-0.0218,3.2212
9/22/2024 16:00,1000FLOKIUSDT,-0.0221,3.1991
9/22/2024 16:00,LPTUSDT,-0.0234,3.1757
9/22/2024 16:00,SPELLUSDT,-0.0221,3.1536
9/22/2024 16:00,BNTUSDT,-0.0204,3.1332
9/22/2024 16:00,GTCUSDT,-0.0245,3.1087
9/22/2024 16:00,EGLDUSDT,-0.022,3.0867
9/22/2024 16:00,POLYXUSDT,-0.0254,3.0613
9/22/2024 16:00,GUSDT,-0.0214,3.0399
9/22/2024 16:00,METISUSDT,-0.0238,3.0161
9/22/2024 16:00,KLAYUSDT,-0.025,2.9911
9/22/2024 16:00,WUSDT,-0.0247,2.9664
9/22/2024 16:00,XVSUSDT,-0.022,2.9444
9/22/2024 16:00,SOLUSDT,-0.0215,2.9229
9/22/2024 16:00,ILVUSDT,-0.0211,2.9018
9/22/2024 16:00,KAVAUSDT,-0.0238,2.878
9/22/2024 16:00,EOSUSDT,-0.02,2.858
9/22/2024 16:00,ZROUSDT,-0.0203,2.8377
9/22/2024 16:00,BADGERUSDT,-0.0215,2.8162
9/22/2024 16:00,ZECUSDT,-0.0282,2.788
9/22/2024 16:00,ACHUSDT,-0.0262,2.7618
9/22/2024 16:00,ETCUSDT,-0.0201,2.7417
9/22/2024 16:00,JTOUSDT,-0.0203,2.7214
9/22/2024 16:00,MINAUSDT,-0.0226,2.6988
9/22/2024 16:00,NOTUSDT,-0.0245,2.6743
9/22/2024 16:00,GALAUSDT,-0.0236,2.6507
9/22/2024 16:00,OMUSDT,-0.0295,2.6212
9/22/2024 16:00,PIXELUSDT,-0.0249,2.5963
9/22/2024 16:00,VETUSDT,-0.0249,2.5714
9/22/2024 16:15,SUNUSDT,-0.0204,2.551
9/22/2024 19:15,BBUSDT,-0.026,2.525
9/22/2024 20:00,BNBUSDT,-0.0287,2.4963
9/22/2024 21:15,ARKUSDT,0.0379,2.5342
9/22/2024 21:30,GASUSDT,-0.0249,2.5093
9/22/2024 21:45,OMGUSDT,-0.0513,2.458
9/22/2024 21:45,UXLINKUSDT,-0.0319,2.4261
9/23/2024 2:45,SYNUSDT,-0.0205,2.4056
9/23/2024 2:45,BATUSDT,0.0487,2.4543
9/23/2024 2:45,IDUSDT,-0.0248,2.4295
9/23/2024 2:45,ICPUSDT,0.0488,2.4783
9/23/2024 2:45,KEYUSDT,0.0489,2.5272
9/23/2024 2:45,CELOUSDT,0.05,2.5772
9/23/2024 2:45,VANRYUSDT,0.05,2.6272
9/23/2024 2:45,CELRUSDT,0.0468,2.674
9/23/2024 2:45,TLMUSDT,-0.0207,2.6533
9/23/2024 3:00,DUSKUSDT,0.0234,2.6767
9/23/2024 3:00,HFTUSDT,0.0356,2.7123
9/23/2024 3:00,IOTAUSDT,-0.038,2.6743
9/23/2024 3:00,VIDTUSDT,-0.0254,2.6489
9/23/2024 3:00,SSVUSDT,0.0436,2.6925
9/23/2024 3:00,TUSDT,0.0379,2.7304
9/23/2024 3:00,ASTRUSDT,-0.0279,2.7025
9/23/2024 3:00,COMPUSDT,0.0405,2.743
9/23/2024 3:00,1INCHUSDT,-0.0289,2.7141
9/23/2024 3:00,IOSTUSDT,0.0438,2.7579
9/23/2024 3:00,1000SHIBUSDT,-0.0273,2.7306
9/23/2024 3:00,1000FLOKIUSDT,-0.0211,2.7095
9/23/2024 3:00,MEMEUSDT,-0.0285,2.681
9/23/2024 3:00,LINAUSDT,0.0397,2.7207
9/23/2024 3:00,WAXPUSDT,-0.0333,2.6874
9/23/2024 3:00,GTCUSDT,-0.0371,2.6503
9/23/2024 3:00,ONEUSDT,0.0388,2.6891
9/23/2024 3:00,COMBOUSDT,-0.0293,2.6598
9/23/2024 3:00,ICXUSDT,-0.0327,2.6271
9/23/2024 3:00,AGLDUSDT,-0.0277,2.5994
9/23/2024 3:00,ARPAUSDT,-0.0383,2.5611
9/23/2024 3:00,NKNUSDT,0.0341,2.5952
9/23/2024 3:00,SOLUSDT,-0.0264,2.5688
9/23/2024 3:00,VOXELUSDT,0.0401,2.6089
9/23/2024 3:00,YFIUSDT,-0.024,2.5849
9/23/2024 3:00,DENTUSDT,0.0317,2.6166
9/23/2024 3:00,TWTUSDT,-0.0224,2.5942
9/23/2024 3:00,MBOXUSDT,0.0244,2.6186
9/23/2024 3:00,ZECUSDT,-0.0298,2.5888
9/23/2024 3:00,FLOWUSDT,-0.0266,2.5622
9/23/2024 3:00,ACHUSDT,0.0341,2.5963
9/23/2024 3:00,OXTUSDT,-0.0249,2.5714
9/23/2024 3:00,LUNA2USDT,-0.0226,2.5488
9/23/2024 3:00,ADAUSDT,-0.0343,2.5145
9/23/2024 3:00,ALPHAUSDT,-0.0345,2.48
9/23/2024 3:00,OMUSDT,-0.0215,2.4585
9/23/2024 3:00,1000LUNCUSDT,-0.0203,2.4382
9/23/2024 3:00,UNFIUSDT,-0.0395,2.3987
9/23/2024 3:00,1000PEPEUSDT,-0.0266,2.3721
9/23/2024 3:00,RIFUSDT,-0.0289,2.3432
9/23/2024 3:00,ZILUSDT,-0.0298,2.3134
9/23/2024 3:00,RVNUSDT,-0.0282,2.2852
9/23/2024 3:00,FILUSDT,-0.0269,2.2583
9/23/2024 5:30,HFTUSDT,0.0494,2.3077
9/23/2024 5:30,SKLUSDT,-0.0206,2.2871
9/23/2024 5:30,WLDUSDT,0.0407,2.3278
9/23/2024 5:30,MEMEUSDT,-0.0215,2.3063
9/23/2024 5:30,HOOKUSDT,-0.0205,2.2858
9/23/2024 5:30,HBARUSDT,0.0496,2.3354
9/23/2024 5:30,BNXUSDT,-0.0232,2.3122
9/23/2024 5:30,NKNUSDT,-0.0219,2.2903
9/23/2024 5:30,BANDUSDT,-0.0259,2.2644
9/23/2024 5:30,RLCUSDT,-0.0244,2.24
9/23/2024 5:30,OXTUSDT,-0.0273,2.2127
9/23/2024 5:30,ZRXUSDT,-0.022,2.1907
9/23/2024 5:30,OGNUSDT,-0.0218,2.1689
9/23/2024 5:30,RVNUSDT,-0.0263,2.1426
9/23/2024 6:15,IDUSDT,-0.0226,2.12
9/23/2024 6:15,BICOUSDT,-0.0204,2.0996
9/23/2024 6:15,ALICEUSDT,-0.0209,2.0787
9/23/2024 6:15,KSMUSDT,-0.02,2.0587
9/23/2024 6:30,ENJUSDT,-0.0215,2.0372
9/23/2024 6:30,POLYXUSDT,-0.0257,2.0115
9/23/2024 6:30,DENTUSDT,-0.0288,1.9827
9/23/2024 6:30,ATAUSDT,0.0487,2.0314
9/23/2024 10:15,INJUSDT,-0.021,2.0104
9/23/2024 10:45,MAVIAUSDT,-0.0205,1.9899
9/23/2024 11:00,SOLUSDT,-0.0231,1.9668
9/23/2024 11:00,CRVUSDT,-0.0241,1.9427
9/23/2024 12:00,SOLUSDT,-0.0206,1.9221
9/23/2024 12:30,AUCTIONUSDT,-0.0226,1.8995
9/23/2024 12:30,BBUSDT,-0.0283,1.8712
9/23/2024 12:30,OMGUSDT,-0.0224,1.8488
9/23/2024 12:30,BSWUSDT,-0.0251,1.8237
9/23/2024 12:30,CRVUSDT,-0.0268,1.7969
9/23/2024 12:30,LTCUSDT,-0.021,1.7759
9/23/2024 12:30,RPLUSDT,-0.02,1.7559
9/23/2024 14:00,ZILUSDT,-0.0219,1.734
9/23/2024 17:45,PYTHUSDT,0.0488,1.7828
9/23/2024 18:00,SFPUSDT,-0.0232,1.7596
9/23/2024 20:00,VANRYUSDT,-0.02,1.7396
9/23/2024 20:00,ARPAUSDT,0.0458,1.7854
9/23/2024 20:00,YGGUSDT,-0.0218,1.7636
9/23/2024 20:30,FIDAUSDT,-0.0241,1.7395
9/23/2024 22:30,ORDIUSDT,-0.0203,1.7192
9/23/2024 23:00,QUICKUSDT,-0.0233,1.6959
9/23/2024 23:30,BOMEUSDT,-0.0203,1.6756
9/23/2024 23:30,IOSTUSDT,-0.02,1.6556
9/24/2024 0:00,EDUUSDT,0.0392,1.6948
9/24/2024 0:00,ICXUSDT,0.0251,1.7199
9/24/2024 0:15,COTIUSDT,-0.0315,1.6884
9/24/2024 2:30,XMRUSDT,0.0482,1.7366
9/24/2024 4:45,OMNIUSDT,0.0489,1.7855
9/24/2024 4:45,LSKUSDT,-0.0204,1.7651
9/24/2024 4:45,THETAUSDT,-0.0242,1.7409
9/24/2024 5:00,UNIUSDT,-0.0227,1.7182
9/24/2024 5:00,VETUSDT,0.0449,1.7631
9/24/2024 6:00,UNIUSDT,-0.0209,1.7422
9/24/2024 6:30,DYMUSDT,-0.0262,1.716
9/24/2024 6:45,JTOUSDT,0.0466,1.7626
9/24/2024 8:00,BOMEUSDT,0.0451,1.8077
9/24/2024 10:00,1INCHUSDT,-0.0217,1.786
9/24/2024 10:15,CHRUSDT,0.0313,1.8173
9/24/2024 10:15,KEYUSDT,-0.0275,1.7898
9/24/2024 10:15,LPTUSDT,-0.0222,1.7676
9/24/2024 10:15,ONDOUSDT,-0.0236,1.744
9/24/2024 10:15,LDOUSDT,-0.0219,1.7221
9/24/2024 10:15,FLOWUSDT,-0.024,1.6981
9/24/2024 10:15,ALGOUSDT,-0.0228,1.6753
9/24/2024 10:15,CTSIUSDT,-0.0219,1.6534
9/24/2024 10:30,IOSTUSDT,-0.0255,1.6279
9/24/2024 10:30,1000XECUSDT,-0.0242,1.6037
9/24/2024 10:30,MOVRUSDT,-0.0225,1.5812
9/24/2024 10:30,TWTUSDT,0.042,1.6232
9/24/2024 10:30,CYBERUSDT,-0.0268,1.5964
9/24/2024 10:45,DOGEUSDT,-0.0202,1.5762
9/24/2024 11:15,DASHUSDT,-0.0208,1.5554
9/24/2024 11:45,1INCHUSDT,-0.0248,1.5306
9/24/2024 13:45,SKLUSDT,-0.0217,1.5089
9/24/2024 14:00,OMNIUSDT,-0.0207,1.4882
9/24/2024 18:15,CKBUSDT,-0.0218,1.4664
9/24/2024 19:45,TUSDT,0.0462,1.5126
9/24/2024 19:45,SYSUSDT,-0.0282,1.4844
9/24/2024 19:45,DOGSUSDT,0.0433,1.5277
9/24/2024 19:45,1000XECUSDT,0.0437,1.5714
9/24/2024 19:45,STORJUSDT,0.046,1.6174
9/24/2024 19:45,ALGOUSDT,0.041,1.6584
9/24/2024 19:45,FILUSDT,0.0395,1.6979
9/24/2024 19:45,LRCUSDT,0.047,1.7449
9/24/2024 20:00,SOLUSDT,0.0476,1.7925
9/24/2024 20:45,WLDUSDT,0.0458,1.8383
9/24/2024 21:00,VIDTUSDT,0.048,1.8863
9/24/2024 21:00,BLURUSDT,0.0304,1.9167
9/24/2024 21:00,ALICEUSDT,-0.0226,1.8941
9/24/2024 21:00,LEVERUSDT,-0.0238,1.8703
9/24/2024 21:00,PIXELUSDT,0.0471,1.9174
9/24/2024 21:15,SUPERUSDT,0.043,1.9604
9/24/2024 21:15,FIOUSDT,-0.0224,1.938
9/24/2024 21:45,BRETTUSDT,0.0336,1.9716
9/24/2024 21:45,DOTUSDT,0.048,2.0196
9/24/2024 21:45,SUIUSDT,0.0199,2.0395
9/24/2024 22:00,CAKEUSDT,-0.0207,2.0188
9/24/2024 22:00,WOOUSDT,0.0432,2.062
9/24/2024 22:00,LISTAUSDT,0.0361,2.0981
9/24/2024 22:00,AUCTIONUSDT,-0.0255,2.0726
9/24/2024 22:00,ENJUSDT,0.0415,2.1141
9/24/2024 22:00,BALUSDT,-0.0254,2.0887
9/24/2024 22:00,TUSDT,0.0394,2.1281
9/24/2024 22:00,ACEUSDT,0.0377,2.1658
9/24/2024 22:00,STEEMUSDT,-0.028,2.1378
9/24/2024 22:00,HIGHUSDT,0.0408,2.1786
9/24/2024 22:00,GMXUSDT,-0.0209,2.1577
9/24/2024 22:00,REZUSDT,0.0351,2.1928
9/24/2024 22:00,JOEUSDT,-0.0242,2.1686
9/24/2024 22:00,POLUSDT,0.0404,2.209
9/24/2024 22:00,WAXPUSDT,0.0373,2.2463
9/24/2024 22:00,CFXUSDT,0.0436,2.2899
9/24/2024 22:00,HBARUSDT,0.0347,2.3246
9/24/2024 22:00,ICXUSDT,0.0378,2.3624
9/24/2024 22:00,VANRYUSDT,-0.0201,2.3423
9/24/2024 22:00,RAREUSDT,-0.0213,2.321
9/24/2024 22:00,FXSUSDT,-0.0274,2.2936
9/24/2024 22:00,CKBUSDT,-0.0219,2.2717
9/24/2024 22:00,ETHWUSDT,-0.0317,2.24
9/24/2024 22:00,SOLUSDT,0.0394,2.2794
9/24/2024 22:00,IOUSDT,-0.0355,2.2439
9/24/2024 22:00,TNSRUSDT,-0.0262,2.2177
9/24/2024 22:00,CRVUSDT,-0.0249,2.1928
9/24/2024 22:00,ALICEUSDT,-0.0254,2.1674
9/24/2024 22:00,RDNTUSDT,-0.0266,2.1408
9/24/2024 22:00,ROSEUSDT,-0.0396,2.1012
9/24/2024 22:00,ATOMUSDT,0.0383,2.1395
9/24/2024 22:00,ONTUSDT,-0.0266,2.1129
9/24/2024 22:00,AVAXUSDT,0.0389,2.1518
9/24/2024 22:00,MANTAUSDT,0.0335,2.1853
9/24/2024 22:00,XAIUSDT,0.049,2.2343
9/24/2024 22:00,LUNA2USDT,0.0329,2.2672
9/24/2024 22:00,ALPHAUSDT,-0.0257,2.2415
9/24/2024 22:00,CYBERUSDT,0.0433,2.2848
9/24/2024 22:00,RIFUSDT,0.034,2.3188
9/24/2024 22:00,QUICKUSDT,-0.02,2.2988
9/24/2024 22:00,FILUSDT,0.0371,2.3359
9/24/2024 22:00,ARBUSDT,0.0444,2.3803
9/24/2024 22:00,CHESSUSDT,-0.0213,2.359
9/24/2024 22:30,GTCUSDT,-0.0222,2.3368
9/24/2024 22:45,GRTUSDT,-0.0326,2.3042
9/24/2024 22:45,CELOUSDT,0.05,2.3542
9/24/2024 22:45,AGLDUSDT,-0.0262,2.328
9/24/2024 22:45,ETCUSDT,-0.0245,2.3035
9/24/2024 22:45,ATAUSDT,-0.0299,2.2736
9/25/2024 0:00,NFPUSDT,-0.0206,2.253
9/25/2024 0:15,CFXUSDT,0.0497,2.3027
9/25/2024 0:15,MOVRUSDT,-0.0203,2.2824
9/25/2024 0:30,APEUSDT,0.0458,2.3282
9/25/2024 0:30,ENJUSDT,0.0472,2.3754
9/25/2024 0:30,HFTUSDT,-0.0247,2.3507
9/25/2024 0:30,ETHFIUSDT,-0.0249,2.3258
9/25/2024 0:30,MASKUSDT,-0.0246,2.3012
9/25/2024 0:30,TUSDT,0.0479,2.3491
9/25/2024 0:30,ONEUSDT,-0.02,2.3291
9/25/2024 0:30,ENSUSDT,-0.0206,2.3085
9/25/2024 0:30,EGLDUSDT,-0.0208,2.2877
9/25/2024 0:30,NULSUSDT,0.0459,2.3336
9/25/2024 0:30,FXSUSDT,-0.021,2.3126
9/25/2024 0:30,API3USDT,-0.0337,2.2789
9/25/2024 0:30,XAIUSDT,-0.0204,2.2585
9/25/2024 0:30,KSMUSDT,0.0487,2.3072
9/25/2024 0:30,OGNUSDT,-0.0309,2.2763
9/25/2024 0:30,FILUSDT,0.0379,2.3142
9/25/2024 0:30,ARBUSDT,-0.0297,2.2845
9/25/2024 1:00,AXLUSDT,-0.0229,2.2616
9/25/2024 1:00,OPUSDT,-0.0203,2.2413
9/25/2024 1:00,HBARUSDT,0.0495,2.2908
9/25/2024 1:00,AGLDUSDT,-0.0254,2.2654
9/25/2024 1:00,ALPACAUSDT,-0.024,2.2414
9/25/2024 1:00,NKNUSDT,-0.0235,2.2179
9/25/2024 1:00,RENUSDT,-0.0211,2.1968
9/25/2024 1:00,MBOXUSDT,-0.0251,2.1717
9/25/2024 1:00,ETCUSDT,-0.0229,2.1488
9/25/2024 1:00,STORJUSDT,-0.0203,2.1285
9/25/2024 1:00,ALPHAUSDT,-0.0216,2.1069
9/25/2024 1:00,UNFIUSDT,-0.0264,2.0805
9/25/2024 1:00,DASHUSDT,-0.0216,2.0589
9/25/2024 1:15,BSWUSDT,-0.0228,2.0361
9/25/2024 1:15,1000SHIBUSDT,-0.0292,2.0069
9/25/2024 1:15,PEOPLEUSDT,-0.0235,1.9834
9/25/2024 1:15,BNTUSDT,-0.0208,1.9626
9/25/2024 1:15,WAXPUSDT,-0.0272,1.9354
9/25/2024 1:15,HIFIUSDT,0.0436,1.979
9/25/2024 1:15,XRPUSDT,-0.0212,1.9578
9/25/2024 1:15,RPLUSDT,-0.0209,1.9369
9/25/2024 1:15,1000LUNCUSDT,-0.0236,1.9133
9/25/2024 3:15,HOOKUSDT,-0.0207,1.8926
9/25/2024 3:45,DOGSUSDT,-0.0392,1.8534
9/25/2024 3:45,YFIUSDT,-0.0213,1.8321
9/25/2024 3:45,ATOMUSDT,-0.0272,1.8049
9/25/2024 3:45,TONUSDT,-0.0206,1.7843
9/25/2024 4:00,SFPUSDT,-0.0231,1.7612
9/25/2024 4:00,BSVUSDT,0.0473,1.8085
9/25/2024 4:30,AERGOUSDT,0.0426,1.8511
9/25/2024 4:30,MKRUSDT,-0.0322,1.8189
9/25/2024 5:30,HBARUSDT,-0.0326,1.7863
9/25/2024 6:15,ORBSUSDT,0.0432,1.8295
9/25/2024 9:45,1MBABYDOGEUSDT,-0.0234,1.8061
9/25/2024 10:00,BNTUSDT,-0.0202,1.7859
9/25/2024 10:15,HBARUSDT,-0.0252,1.7607
9/25/2024 10:15,KSMUSDT,0.0467,1.8074
9/25/2024 11:00,CELRUSDT,-0.0233,1.7841
9/25/2024 11:30,AUCTIONUSDT,-0.0219,1.7622
9/25/2024 11:30,LINKUSDT,-0.0204,1.7418
9/25/2024 12:30,MEMEUSDT,-0.0205,1.7213
9/25/2024 12:45,BIGTIMEUSDT,-0.0228,1.6985
9/25/2024 12:45,DOGSUSDT,-0.0206,1.6779
9/25/2024 12:45,ALICEUSDT,-0.024,1.6539
9/25/2024 14:00,RONINUSDT,-0.0215,1.6324
9/25/2024 15:45,BLZUSDT,-0.0236,1.6088
9/25/2024 16:30,LINKUSDT,-0.023,1.5858
9/25/2024 19:45,STXUSDT,0.0439,1.6297
9/25/2024 19:45,GMXUSDT,-0.0214,1.6083
9/25/2024 19:45,PORTALUSDT,-0.0216,1.5867
9/25/2024 19:45,RENDERUSDT,-0.0244,1.5623
9/25/2024 19:45,KLAYUSDT,-0.0237,1.5386
9/25/2024 19:45,TRUUSDT,0.0462,1.5848
9/25/2024 19:45,VOXELUSDT,-0.021,1.5638
9/25/2024 19:45,MOVRUSDT,0.0475,1.6113
9/25/2024 19:45,PYTHUSDT,-0.0209,1.5904
9/25/2024 19:45,RENUSDT,0.0434,1.6338
9/25/2024 19:45,LEVERUSDT,0.05,1.6838
9/25/2024 19:45,ATAUSDT,-0.02,1.6638
9/25/2024 19:45,MAVIAUSDT,-0.0205,1.6433
9/25/2024 20:15,JASMYUSDT,-0.0211,1.6222
9/25/2024 21:00,FILUSDT,-0.0239,1.5983
9/25/2024 21:45,AIUSDT,0.0489,1.6472
9/25/2024 21:45,NEIROETHUSDT,0.0365,1.6837
9/25/2024 21:45,TRUUSDT,0.045,1.7287
9/25/2024 21:45,MOVRUSDT,0.0346,1.7633
9/25/2024 22:00,QNTUSDT,-0.0216,1.7417
9/25/2024 22:00,FIDAUSDT,0.0439,1.7856
9/25/2024 22:00,RENDERUSDT,-0.0213,1.7643
9/25/2024 22:00,GMTUSDT,-0.0253,1.739
9/25/2024 22:00,METISUSDT,-0.0257,1.7133
9/25/2024 22:00,COMBOUSDT,0.0338,1.7471
9/25/2024 22:00,TRBUSDT,-0.0265,1.7206
9/25/2024 22:00,FXSUSDT,-0.0239,1.6967
9/25/2024 22:00,BANDUSDT,-0.028,1.6687
9/25/2024 22:00,PYTHUSDT,0.0363,1.705
9/25/2024 22:00,RENUSDT,-0.0227,1.6823
9/25/2024 23:30,QTUMUSDT,-0.0248,1.6575
9/26/2024 0:30,IOTAUSDT,-0.02,1.6375
9/26/2024 0:30,QTUMUSDT,-0.0217,1.6158
9/26/2024 0:30,KNCUSDT,-0.0204,1.5954
9/26/2024 0:30,ONTUSDT,-0.0255,1.5699
9/26/2024 0:30,ZILUSDT,-0.0225,1.5474
9/26/2024 0:45,CAKEUSDT,-0.0268,1.5206
9/26/2024 0:45,WOOUSDT,-0.0225,1.4981
9/26/2024 0:45,KDAUSDT,-0.0217,1.4764
9/26/2024 0:45,ENJUSDT,-0.0234,1.453
9/26/2024 0:45,BATUSDT,-0.0339,1.4191
9/26/2024 0:45,BALUSDT,-0.0208,1.3983
9/26/2024 0:45,CHRUSDT,-0.0251,1.3732
9/26/2024 0:45,ETHFIUSDT,-0.0247,1.3485
9/26/2024 0:45,SSVUSDT,-0.026,1.3225
9/26/2024 0:45,AMBUSDT,-0.0248,1.2977
9/26/2024 0:45,ACEUSDT,-0.0243,1.2734
9/26/2024 0:45,DARUSDT,-0.0297,1.2437
9/26/2024 0:45,BOMEUSDT,-0.0256,1.2181
9/26/2024 0:45,ICPUSDT,-0.023,1.1951
9/26/2024 0:45,STXUSDT,-0.0224,1.1727
9/26/2024 0:45,BSWUSDT,-0.0404,1.1323
9/26/2024 0:45,GMXUSDT,-0.0201,1.1122
9/26/2024 0:45,IOSTUSDT,-0.0312,1.081
9/26/2024 0:45,1000BONKUSDT,-0.0291,1.0519
9/26/2024 0:45,JOEUSDT,-0.0251,1.0268
9/26/2024 0:45,MEMEUSDT,-0.0217,1.0051
9/26/2024 0:45,LPTUSDT,-0.0214,0.9837
9/26/2024 0:45,SPELLUSDT,-0.0267,0.957
9/26/2024 0:45,MAVUSDT,-0.0204,0.9366
9/26/2024 0:45,BNTUSDT,-0.0255,0.9111
9/26/2024 0:45,WAXPUSDT,-0.0238,0.8873
9/26/2024 0:45,ONEUSDT,-0.023,0.8643
9/26/2024 0:45,ENSUSDT,-0.0239,0.8404
9/26/2024 0:45,POLYXUSDT,-0.0207,0.8197
9/26/2024 0:45,DOGEUSDT,-0.027,0.7927
9/26/2024 0:45,MTLUSDT,-0.0345,0.7582
9/26/2024 0:45,KLAYUSDT,-0.0345,0.7237
9/26/2024 0:45,LSKUSDT,-0.0286,0.6951
9/26/2024 0:45,COMBOUSDT,-0.0301,0.665
9/26/2024 0:45,ONDOUSDT,-0.0284,0.6366
9/26/2024 0:45,BELUSDT,-0.0212,0.6154
9/26/2024 0:45,NULSUSDT,-0.0375,0.5779
9/26/2024 0:45,NKNUSDT,-0.0312,0.5467
9/26/2024 0:45,ILVUSDT,-0.0212,0.5255
9/26/2024 0:45,API3USDT,-0.0288,0.4967
9/26/2024 0:45,KAVAUSDT,-0.0334,0.4633
9/26/2024 0:45,TNSRUSDT,-0.022,0.4413
9/26/2024 0:45,LDOUSDT,-0.0235,0.4178
9/26/2024 0:45,DENTUSDT,-0.0288,0.389
9/26/2024 0:45,ALICEUSDT,-0.0313,0.3577
9/26/2024 0:45,YGGUSDT,-0.0251,0.3326
9/26/2024 0:45,PYTHUSDT,-0.0284,0.3042
9/26/2024 0:45,ANKRUSDT,-0.033,0.2712
9/26/2024 0:45,MBOXUSDT,-0.0312,0.24
9/26/2024 0:45,SANDUSDT,-0.0258,0.2142
9/26/2024 0:45,BADGERUSDT,-0.0239,0.1903
9/26/2024 0:45,BAKEUSDT,-0.0356,0.1547
9/26/2024 0:45,FLOWUSDT,-0.0245,0.1302
9/26/2024 0:45,MKRUSDT,-0.0232,0.107
9/26/2024 0:45,ACHUSDT,-0.0243,0.0827
9/26/2024 0:45,ETCUSDT,-0.0282,0.0545
9/26/2024 0:45,JTOUSDT,-0.0212,0.0333
9/26/2024 0:45,KSMUSDT,-0.0204,0.0129
9/26/2024 0:45,BCHUSDT,-0.0238,-0.0109
9/26/2024 0:45,ALPHAUSDT,-0.0264,-0.0373
9/26/2024 0:45,CYBERUSDT,-0.0204,-0.0577
9/26/2024 0:45,HOTUSDT,-0.0217,-0.0794
9/26/2024 0:45,RIFUSDT,-0.028,-0.1074
9/26/2024 0:45,ZENUSDT,-0.0222,-0.1296
9/26/2024 0:45,PIXELUSDT,-0.0208,-0.1504
9/26/2024 0:45,OGNUSDT,-0.0247,-0.1751
9/26/2024 0:45,ATAUSDT,-0.0241,-0.1992
9/26/2024 0:45,MAVIAUSDT,-0.026,-0.2252
9/26/2024 0:45,CHESSUSDT,-0.0424,-0.2676
9/26/2024 4:00,ALTUSDT,-0.0234,-0.291
9/26/2024 5:15,GASUSDT,0.0417,-0.2493
9/26/2024 5:15,RPLUSDT,-0.0267,-0.276
9/26/2024 5:15,CELRUSDT,0.0449,-0.2311
9/26/2024 5:15,JUPUSDT,0.0493,-0.1818
9/26/2024 5:15,ADAUSDT,0.0451,-0.1367
9/26/2024 5:30,LRCUSDT,0.0438,-0.0929
9/26/2024 5:45,SUSHIUSDT,0.0482,-0.0447
9/26/2024 7:45,AXLUSDT,0.0489,0.0042
9/26/2024 7:45,HIGHUSDT,-0.0247,-0.0205
9/26/2024 7:45,REZUSDT,-0.0232,-0.0437
9/26/2024 7:45,PERPUSDT,-0.027,-0.0707
9/26/2024 7:45,AGLDUSDT,-0.0223,-0.093
9/26/2024 7:45,ATAUSDT,-0.0222,-0.1152
9/26/2024 8:00,ZKUSDT,0.0498,-0.0654
9/26/2024 9:00,BNXUSDT,-0.0221,-0.0875
9/26/2024 9:00,IOUSDT,0.0473,-0.0402
9/26/2024 9:15,PERPUSDT,-0.0249,-0.0651
9/26/2024 9:15,EOSUSDT,0.0433,-0.0218
9/26/2024 9:15,ZILUSDT,0.05,0.0282
9/26/2024 9:30,IOSTUSDT,0.0489,0.0771
9/26/2024 9:30,NEOUSDT,0.0462,0.1233
9/26/2024 9:30,LDOUSDT,-0.0234,0.0999
9/26/2024 9:30,ARBUSDT,0.0468,0.1467
9/26/2024 9:45,LEVERUSDT,0.0468,0.1935
9/26/2024 10:00,AAVEUSDT,-0.0268,0.1667
9/26/2024 10:00,UNIUSDT,0.0418,0.2085
9/26/2024 10:00,BEAMXUSDT,0.0481,0.2566
9/26/2024 10:00,SPELLUSDT,0.05,0.3066
9/26/2024 10:00,PYTHUSDT,0.0417,0.3483
9/26/2024 10:00,ETCUSDT,0.0431,0.3914
9/26/2024 10:15,CAKEUSDT,-0.023,0.3684
9/26/2024 10:15,BATUSDT,0.0466,0.415
9/26/2024 10:15,HFTUSDT,0.045,0.46
9/26/2024 10:15,BALUSDT,0.05,0.51
9/26/2024 10:15,DARUSDT,0.0489,0.5589
9/26/2024 10:15,COMPUSDT,-0.0207,0.5382
9/26/2024 10:15,GMXUSDT,-0.0265,0.5117
9/26/2024 10:15,XRPUSDT,-0.0245,0.4872
9/26/2024 10:15,COMBOUSDT,-0.02,0.4672
9/26/2024 10:15,ILVUSDT,-0.0228,0.4444
9/26/2024 10:15,DENTUSDT,0.0449,0.4893
9/26/2024 10:15,CELRUSDT,-0.02,0.4693
9/26/2024 10:15,ATOMUSDT,0.0437,0.513
9/26/2024 10:15,DYDXUSDT,-0.02,0.493
9/26/2024 10:15,MANTAUSDT,-0.0242,0.4688
9/26/2024 10:15,BCHUSDT,0.0448,0.5136
9/26/2024 10:15,ORDIUSDT,0.0377,0.5513
9/26/2024 10:30,ENJUSDT,-0.0214,0.5299
9/26/2024 10:30,SYSUSDT,0.0485,0.5784
9/26/2024 10:30,JOEUSDT,0.0498,0.6282
9/26/2024 10:30,BNBUSDT,-0.0204,0.6078
9/26/2024 10:30,BICOUSDT,0.0439,0.6517
9/26/2024 10:30,LTCUSDT,0.0483,0.7
9/26/2024 10:30,AXSUSDT,-0.0203,0.6797
9/26/2024 10:30,ALGOUSDT,0.0489,0.7286
9/26/2024 10:30,PIXELUSDT,0.0493,0.7779
9/26/2024 10:30,OGNUSDT,-0.02,0.7579
9/26/2024 11:30,LUNA2USDT,-0.0248,0.7331
9/26/2024 12:30,MTLUSDT,-0.0221,0.711
9/26/2024 12:30,MOVRUSDT,-0.0216,0.6894
9/26/2024 12:45,VIDTUSDT,-0.032,0.6574
9/26/2024 13:00,AUCTIONUSDT,-0.0241,0.6333
9/26/2024 13:00,SKLUSDT,0.0415,0.6748
9/26/2024 13:00,UNIUSDT,0.0471,0.7219
9/26/2024 13:00,ICXUSDT,0.0489,0.7708
9/26/2024 13:00,FLMUSDT,-0.02,0.7508
9/26/2024 13:00,1000PEPEUSDT,0.0498,0.8006
9/26/2024 14:00,GRTUSDT,-0.0238,0.7768
9/26/2024 14:00,SKLUSDT,-0.0247,0.7521
9/26/2024 14:00,QTUMUSDT,-0.0258,0.7263
9/26/2024 14:00,DARUSDT,-0.0224,0.7039
9/26/2024 14:00,RENDERUSDT,0.0456,0.7495
9/26/2024 14:00,ONTUSDT,-0.0235,0.726
9/26/2024 14:00,PYTHUSDT,0.0463,0.7723
9/26/2024 14:00,BAKEUSDT,0.0459,0.8182
9/26/2024 14:00,FLOWUSDT,-0.0279,0.7903
9/26/2024 14:00,BCHUSDT,0.0454,0.8357
9/26/2024 14:00,ZRXUSDT,-0.0215,0.8142
9/26/2024 14:45,ARKUSDT,-0.0225,0.7917
9/26/2024 15:15,UNIUSDT,0.0487,0.8404
9/26/2024 15:15,KLAYUSDT,0.05,0.8904
9/26/2024 15:15,ICXUSDT,-0.0219,0.8685
9/26/2024 15:30,BTCUSDT,-0.0217,0.8468
9/26/2024 15:30,ORBSUSDT,-0.0207,0.8261
9/26/2024 15:30,DOTUSDT,-0.0231,0.803
9/26/2024 15:30,AVAXUSDT,0.0424,0.8454
9/26/2024 18:00,BEAMXUSDT,-0.0215,0.8239
9/26/2024 18:00,HBARUSDT,-0.0244,0.7995
9/26/2024 18:45,KLAYUSDT,-0.0284,0.7711
9/26/2024 19:00,NULSUSDT,-0.0248,0.7463
9/26/2024 19:45,NMRUSDT,-0.0212,0.7251
9/26/2024 20:15,AMBUSDT,-0.0297,0.6954
9/26/2024 20:15,BANANAUSDT,-0.0232,0.6722
9/26/2024 20:15,AAVEUSDT,-0.0218,0.6504
9/26/2024 22:30,SUNUSDT,-0.021,0.6294
9/26/2024 23:15,SUIUSDT,0.0334,0.6628
9/27/2024 0:30,XMRUSDT,-0.0298,0.633
9/27/2024 1:15,FTMUSDT,-0.0205,0.6125
9/27/2024 2:00,GMTUSDT,-0.0209,0.5916
9/27/2024 2:00,BNBUSDT,0.03,0.6216
9/27/2024 3:00,VETUSDT,0.0387,0.6603
9/27/2024 3:30,ENJUSDT,0.0441,0.7044
9/27/2024 3:30,QTUMUSDT,0.0492,0.7536
9/27/2024 3:30,NKNUSDT,0.0481,0.8017
9/27/2024 3:30,API3USDT,-0.021,0.7807
9/27/2024 3:30,SANDUSDT,0.0447,0.8254
9/27/2024 3:45,MASKUSDT,-0.0259,0.7995
9/27/2024 4:30,CHZUSDT,-0.0209,0.7786
9/27/2024 5:45,IOTAUSDT,-0.02,0.7586
9/27/2024 6:00,HOOKUSDT,-0.0237,0.7349
9/27/2024 6:00,ALPACAUSDT,-0.0242,0.7107
9/27/2024 6:00,LDOUSDT,-0.0226,0.6881
9/27/2024 6:00,ZKUSDT,-0.0206,0.6675
9/27/2024 6:00,SANDUSDT,-0.0206,0.6469
9/27/2024 6:00,AEVOUSDT,-0.0207,0.6262
9/27/2024 6:00,LRCUSDT,-0.0227,0.6035
9/27/2024 7:15,BALUSDT,-0.0239,0.5796
9/27/2024 7:15,ARKUSDT,-0.0261,0.5535
9/27/2024 7:45,APEUSDT,-0.0223,0.5312
9/27/2024 7:45,ARPAUSDT,-0.0362,0.495
9/27/2024 7:45,QUICKUSDT,-0.0204,0.4746
9/27/2024 8:00,HIGHUSDT,-0.0235,0.4511
9/27/2024 8:00,NMRUSDT,-0.0215,0.4296
9/27/2024 8:00,GMXUSDT,-0.0204,0.4092
9/27/2024 8:00,HOOKUSDT,-0.0231,0.3861
9/27/2024 8:00,RENUSDT,-0.0219,0.3642
9/27/2024 8:00,JASMYUSDT,0.0226,0.3868
9/27/2024 8:00,1000LUNCUSDT,-0.0233,0.3635
9/27/2024 8:00,RVNUSDT,-0.0225,0.341
9/27/2024 8:15,DOGEUSDT,0.0358,0.3768
9/27/2024 8:15,PERPUSDT,-0.0226,0.3542
9/27/2024 8:15,SXPUSDT,-0.0205,0.3337
9/27/2024 8:15,RAREUSDT,-0.0221,0.3116
9/27/2024 8:15,ETHUSDT,-0.0247,0.2869
9/27/2024 8:15,RPLUSDT,-0.0265,0.2604
9/27/2024 8:15,BADGERUSDT,-0.0265,0.2339
9/27/2024 8:15,BAKEUSDT,-0.0345,0.1994
9/27/2024 8:15,OXTUSDT,-0.0211,0.1783
9/27/2024 8:15,STRKUSDT,-0.0324,0.1459
9/27/2024 8:15,ALPHAUSDT,-0.022,0.1239
9/27/2024 8:15,CYBERUSDT,-0.0231,0.1008
9/27/2024 8:15,USTCUSDT,-0.0207,0.0801
9/27/2024 8:15,ZENUSDT,-0.0212,0.0589
9/27/2024 8:15,ARBUSDT,-0.025,0.0339
9/27/2024 8:45,ROSEUSDT,-0.0203,0.0136
9/27/2024 9:00,SYSUSDT,-0.0225,-0.0089
9/27/2024 9:30,ENJUSDT,-0.0221,-0.031
9/27/2024 12:00,NKNUSDT,-0.0235,-0.0545
9/27/2024 12:45,TONUSDT,-0.0246,-0.0791
9/27/2024 13:30,VIDTUSDT,-0.0209,-0.1
9/27/2024 13:30,AERGOUSDT,-0.0227,-0.1227
9/27/2024 13:30,AGLDUSDT,-0.0225,-0.1452
9/27/2024 13:30,COTIUSDT,-0.0201,-0.1653
9/27/2024 13:45,SYSUSDT,0.0477,-0.1176
9/27/2024 14:00,AVAXUSDT,-0.0236,-0.1412
9/27/2024 14:15,C98USDT,-0.0286,-0.1698
9/27/2024 16:30,LISTAUSDT,-0.0203,-0.1901
9/27/2024 16:30,GRTUSDT,-0.0244,-0.2145
9/27/2024 16:30,AIUSDT,-0.023,-0.2375
9/27/2024 16:30,UNIUSDT,-0.032,-0.2695
9/27/2024 16:30,DEFIUSDT,-0.0268,-0.2963
9/27/2024 16:30,NKNUSDT,-0.0255,-0.3218
9/27/2024 16:30,ILVUSDT,0.0392,-0.2826
9/27/2024 16:30,UNFIUSDT,-0.0213,-0.3039
9/27/2024 16:45,QTUMUSDT,-0.028,-0.3319
9/27/2024 16:45,BNTUSDT,-0.0206,-0.3525
9/27/2024 16:45,FLMUSDT,-0.02,-0.3725
9/27/2024 18:45,MKRUSDT,-0.0207,-0.3932
9/27/2024 19:45,STGUSDT,-0.0218,-0.415
9/27/2024 19:45,TRUUSDT,-0.0215,-0.4365
9/27/2024 22:00,MAVIAUSDT,-0.0385,-0.475
9/27/2024 22:15,STMXUSDT,0.0459,-0.4291
9/27/2024 22:15,XVSUSDT,0.0491,-0.38
9/27/2024 22:15,LTCUSDT,-0.0216,-0.4016
9/27/2024 22:30,FIDAUSDT,-0.0247,-0.4263
9/27/2024 22:30,BANDUSDT,-0.0241,-0.4504
9/28/2024 0:00,ACEUSDT,-0.037,-0.4874
9/28/2024 0:00,CRVUSDT,-0.02,-0.5074
9/28/2024 0:30,ENAUSDT,-0.026,-0.5334
9/28/2024 0:30,XVSUSDT,0.05,-0.4834
9/28/2024 0:30,GLMUSDT,-0.0203,-0.5037
9/28/2024 1:00,MAGICUSDT,-0.0224,-0.5261
9/28/2024 2:00,WAXPUSDT,0.0263,-0.4998
9/28/2024 2:00,TRBUSDT,0.0447,-0.4551
9/28/2024 2:00,YFIUSDT,-0.0215,-0.4766
9/28/2024 2:00,OGNUSDT,-0.0257,-0.5023
9/28/2024 2:15,LISTAUSDT,-0.0338,-0.5361
9/28/2024 2:15,HFTUSDT,-0.0271,-0.5632
9/28/2024 2:15,FLMUSDT,-0.0299,-0.5931
9/28/2024 4:15,IOTAUSDT,-0.0212,-0.6143
9/28/2024 4:15,NEOUSDT,-0.0293,-0.6436
9/28/2024 4:15,RENUSDT,-0.0221,-0.6657
9/28/2024 4:15,C98USDT,-0.0246,-0.6903
9/28/2024 4:30,ROSEUSDT,-0.0288,-0.7191
9/28/2024 5:15,AXLUSDT,0.0468,-0.6723
9/28/2024 5:15,PHBUSDT,0.0488,-0.6235
9/28/2024 7:45,QTUMUSDT,-0.0221,-0.6456
9/28/2024 7:45,POPCATUSDT,-0.0232,-0.6688
9/28/2024 7:45,POWRUSDT,-0.0228,-0.6916
9/28/2024 7:45,SANDUSDT,0.0447,-0.6469
9/28/2024 8:00,ENJUSDT,0.0427,-0.6042
9/28/2024 8:00,BATUSDT,0.0276,-0.5766
9/28/2024 8:00,RONINUSDT,-0.0277,-0.6043
9/28/2024 8:00,QNTUSDT,0.0418,-0.5625
9/28/2024 8:00,GHSTUSDT,-0.02,-0.5825
9/28/2024 8:00,SSVUSDT,-0.0254,-0.6079
9/28/2024 8:00,IDUSDT,-0.0302,-0.6381
9/28/2024 8:00,AXLUSDT,0.0464,-0.5917
9/28/2024 8:00,ACEUSDT,-0.0257,-0.6174
9/28/2024 8:00,DARUSDT,0.043,-0.5744
9/28/2024 8:00,HIGHUSDT,-0.0307,-0.6051
9/28/2024 8:00,AAVEUSDT,0.0449,-0.5602
9/28/2024 8:00,MANAUSDT,-0.0381,-0.5983
9/28/2024 8:00,MAGICUSDT,0.0393,-0.559
9/28/2024 8:00,TIAUSDT,-0.0272,-0.5862
9/28/2024 8:00,LPTUSDT,-0.0283,-0.6145
9/28/2024 8:00,LINAUSDT,0.0472,-0.5673
9/28/2024 8:00,SPELLUSDT,-0.0325,-0.5998
9/28/2024 8:00,POLYXUSDT,0.0343,-0.5655
9/28/2024 8:00,HOOKUSDT,-0.0347,-0.6002
9/28/2024 8:00,BNBUSDT,0.048,-0.5522
9/28/2024 8:00,DOTUSDT,-0.0264,-0.5786
9/28/2024 8:00,BELUSDT,0.0415,-0.5371
9/28/2024 8:00,RAREUSDT,0.0394,-0.4977
9/28/2024 8:00,ARKMUSDT,-0.0303,-0.528
9/28/2024 8:00,ARPAUSDT,0.0353,-0.4927
9/28/2024 8:00,TNSRUSDT,0.039,-0.4537
9/28/2024 8:00,EOSUSDT,-0.024,-0.4777
9/28/2024 8:00,TWTUSDT,-0.0276,-0.5053
9/28/2024 8:00,RDNTUSDT,-0.0253,-0.5306
9/28/2024 8:00,JUPUSDT,-0.0344,-0.565
9/28/2024 8:00,MBOXUSDT,0.0402,-0.5248
9/28/2024 8:00,ZKUSDT,0.0492,-0.4756
9/28/2024 8:00,DYDXUSDT,-0.02,-0.4956
9/28/2024 8:00,ACHUSDT,0.0468,-0.4488
9/28/2024 8:00,LEVERUSDT,0.0333,-0.4155
9/28/2024 8:00,MINAUSDT,-0.03,-0.4455
9/28/2024 8:00,ALGOUSDT,0.0357,-0.4098
9/28/2024 8:00,ORDIUSDT,-0.0206,-0.4304
9/28/2024 8:00,ADAUSDT,-0.0235,-0.4539
9/28/2024 8:00,HOTUSDT,0.0373,-0.4166
9/28/2024 8:00,ZENUSDT,0.0305,-0.3861
9/28/2024 8:00,ATAUSDT,0.0386,-0.3475
9/28/2024 8:00,VETUSDT,0.0249,-0.3226
9/28/2024 8:00,DASHUSDT,-0.0306,-0.3532
9/28/2024 9:00,ENAUSDT,-0.0247,-0.3779
9/28/2024 9:00,NMRUSDT,-0.0231,-0.401
9/28/2024 9:00,AAVEUSDT,0.0499,-0.3511
9/28/2024 9:00,LDOUSDT,-0.0233,-0.3744
9/28/2024 9:00,TONUSDT,0.0418,-0.3326
9/28/2024 12:30,LTCUSDT,-0.0205,-0.3531
9/28/2024 13:00,AXLUSDT,0.0425,-0.3106
9/28/2024 14:00,XRPUSDT,-0.0202,-0.3308
9/28/2024 16:00,AXLUSDT,-0.0205,-0.3513
9/28/2024 16:15,AMBUSDT,-0.0211,-0.3724
9/28/2024 16:15,CFXUSDT,-0.0214,-0.3938
9/28/2024 16:15,LOOMUSDT,0.0486,-0.3452
9/28/2024 16:30,WOOUSDT,0.0479,-0.2973
9/28/2024 16:30,QNTUSDT,-0.0202,-0.3175
9/28/2024 16:30,ATAUSDT,-0.0217,-0.3392
9/28/2024 18:45,WUSDT,0.05,-0.2892
9/28/2024 19:00,YFIUSDT,-0.0219,-0.3111
9/28/2024 21:00,IOTXUSDT,-0.0247,-0.3358
9/29/2024 3:45,BANANAUSDT,-0.0263,-0.3621
9/29/2024 3:45,RLCUSDT,-0.0229,-0.385
9/29/2024 3:45,MINAUSDT,-0.0203,-0.4053
9/29/2024 5:00,PYTHUSDT,-0.0261,-0.4314
9/29/2024 5:15,IMXUSDT,-0.0241,-0.4555
9/29/2024 5:30,UNIUSDT,0.05,-0.4055
9/29/2024 5:30,BCHUSDT,0.0465,-0.359
9/29/2024 5:30,FILUSDT,0.0464,-0.3126
9/29/2024 6:00,AVAXUSDT,0.0481,-0.2645
9/29/2024 7:15,RONINUSDT,-0.0223,-0.2868
9/29/2024 7:15,TONUSDT,-0.0201,-0.3069
9/29/2024 7:45,ASTRUSDT,-0.022,-0.3289
9/29/2024 7:45,LTCUSDT,-0.0215,-0.3504
9/29/2024 7:45,GALAUSDT,-0.0268,-0.3772
9/29/2024 9:45,WIFUSDT,-0.0307,-0.4079
9/29/2024 10:00,BOMEUSDT,-0.0219,-0.4298
9/29/2024 10:00,NOTUSDT,-0.0211,-0.4509
9/29/2024 10:15,AUCTIONUSDT,-0.0252,-0.4761
9/29/2024 10:15,FIDAUSDT,-0.0258,-0.5019
9/29/2024 10:15,1000SATSUSDT,-0.0218,-0.5237
9/29/2024 10:15,MAVUSDT,-0.0243,-0.548
9/29/2024 10:15,TRUUSDT,-0.0203,-0.5683
9/29/2024 10:15,JTOUSDT,-0.0204,-0.5887
9/29/2024 10:15,LEVERUSDT,-0.0297,-0.6184
9/29/2024 10:15,KSMUSDT,-0.0226,-0.641
9/29/2024 11:15,SXPUSDT,-0.0417,-0.6827
9/29/2024 12:15,1000BONKUSDT,-0.0226,-0.7053
9/29/2024 12:15,NOTUSDT,-0.0226,-0.7279
9/29/2024 12:45,AIUSDT,-0.0353,-0.7632
9/29/2024 12:45,BOMEUSDT,-0.0274,-0.7906
9/29/2024 12:45,1000FLOKIUSDT,-0.0299,-0.8205
9/29/2024 12:45,JOEUSDT,-0.0395,-0.86
9/29/2024 12:45,PENDLEUSDT,-0.0267,-0.8867
9/29/2024 12:45,STORJUSDT,-0.0299,-0.9166
9/29/2024 12:45,ORDIUSDT,-0.0308,-0.9474
9/29/2024 15:15,BELUSDT,0.0483,-0.8991
9/29/2024 15:45,DENTUSDT,0.0484,-0.8507
9/29/2024 16:00,KDAUSDT,-0.0266,-0.8773
9/29/2024 16:00,ORBSUSDT,0.0298,-0.8475
9/29/2024 16:30,MOVRUSDT,-0.0204,-0.8679
9/29/2024 16:30,1MBABYDOGEUSDT,-0.0215,-0.8894
9/29/2024 16:45,OGNUSDT,-0.0216,-0.911
9/29/2024 17:00,SUPERUSDT,-0.0209,-0.9319
9/29/2024 17:00,PERPUSDT,-0.0214,-0.9533
9/29/2024 17:00,TRBUSDT,-0.0221,-0.9754
9/29/2024 17:00,SOLUSDT,0.0453,-0.9301
9/29/2024 17:00,ROSEUSDT,0.0309,-0.8992
9/29/2024 17:45,SANDUSDT,-0.0211,-0.9203
9/29/2024 18:00,OMNIUSDT,-0.0428,-0.9631
9/29/2024 18:30,THETAUSDT,-0.0208,-0.9839
9/29/2024 18:30,LRCUSDT,-0.042,-1.0259
9/29/2024 19:30,BATUSDT,-0.02,-1.0459
9/29/2024 19:30,GUSDT,-0.024,-1.0699
9/29/2024 19:30,SANDUSDT,-0.0233,-1.0932
9/29/2024 19:45,SYNUSDT,-0.0203,-1.1135
9/29/2024 19:45,AMBUSDT,-0.0278,-1.1413
9/29/2024 19:45,TUSDT,-0.0225,-1.1638
9/29/2024 19:45,LPTUSDT,-0.0208,-1.1846
9/29/2024 19:45,BSVUSDT,-0.0268,-1.2114
9/29/2024 19:45,ONDOUSDT,-0.0306,-1.242
9/29/2024 19:45,KNCUSDT,-0.035,-1.277
9/29/2024 19:45,LDOUSDT,-0.0221,-1.2991
9/29/2024 19:45,ONTUSDT,-0.0283,-1.3274
9/29/2024 19:45,DODOXUSDT,-0.0217,-1.3491
9/29/2024 19:45,ACHUSDT,0.0459,-1.3032
9/29/2024 19:45,XAIUSDT,-0.0207,-1.3239
9/29/2024 19:45,OMUSDT,-0.0301,-1.354
9/29/2024 19:45,ZENUSDT,-0.0259,-1.3799
9/29/2024 20:00,BSWUSDT,-0.0282,-1.4081
9/29/2024 20:00,ARPAUSDT,-0.0292,-1.4373
9/29/2024 21:15,GMTUSDT,-0.0211,-1.4584
9/29/2024 21:45,STXUSDT,-0.0229,-1.4813
9/29/2024 21:45,OPUSDT,-0.0224,-1.5037
9/29/2024 22:30,CFXUSDT,-0.0233,-1.527
9/30/2024 0:15,CRVUSDT,-0.02,-1.547
9/30/2024 1:45,IOTAUSDT,0.0454,-1.5016
9/30/2024 1:45,SFPUSDT,-0.0203,-1.5219
9/30/2024 1:45,SNXUSDT,0.0494,-1.4725
9/30/2024 1:45,GMXUSDT,0.0469,-1.4256
9/30/2024 1:45,NEOUSDT,-0.0221,-1.4477
9/30/2024 1:45,DEFIUSDT,0.0472,-1.4005
9/30/2024 1:45,XMRUSDT,-0.0366,-1.4371
9/30/2024 1:45,ZROUSDT,0.0438,-1.3933
9/30/2024 1:45,ETCUSDT,0.0363,-1.357
9/30/2024 1:45,FILUSDT,0.0476,-1.3094
9/30/2024 2:00,BATUSDT,0.0477,-1.2617
9/30/2024 4:15,MASKUSDT,-0.0234,-1.2851
9/30/2024 4:15,PENDLEUSDT,-0.0214,-1.3065
9/30/2024 4:15,ZETAUSDT,-0.023,-1.3295
9/30/2024 6:45,SUSHIUSDT,-0.0224,-1.3519
9/30/2024 6:45,BLZUSDT,-0.0219,-1.3738
9/30/2024 13:45,BONDUSDT,0.0438,-1.33
9/30/2024 14:00,HMSTRUSDT,-0.0252,-1.3552
9/30/2024 14:45,UNIUSDT,-0.0207,-1.3759
9/30/2024 15:00,RPLUSDT,-0.0277,-1.4036
9/30/2024 15:45,ICPUSDT,-0.0263,-1.4299
9/30/2024 15:45,AERGOUSDT,-0.0294,-1.4593
9/30/2024 15:45,EOSUSDT,0.0329,-1.4264
9/30/2024 18:00,RONINUSDT,0.043,-1.3834
9/30/2024 18:00,POLUSDT,0.0493,-1.3341
9/30/2024 18:15,IDUSDT,-0.021,-1.3551
9/30/2024 18:15,AIUSDT,-0.0241,-1.3792
9/30/2024 18:15,ICPUSDT,-0.0245,-1.4037
9/30/2024 18:15,NMRUSDT,-0.0303,-1.434
9/30/2024 18:15,BSWUSDT,-0.026,-1.46
9/30/2024 18:15,ONEUSDT,-0.0219,-1.4819
9/30/2024 18:15,ENSUSDT,-0.0227,-1.5046
9/30/2024 18:15,POLYXUSDT,-0.0202,-1.5248
9/30/2024 18:15,DOGEUSDT,-0.0208,-1.5456
9/30/2024 18:15,POWRUSDT,-0.0209,-1.5665
9/30/2024 18:15,NEOUSDT,0.0495,-1.517
9/30/2024 18:15,DOTUSDT,0.0482,-1.4688
9/30/2024 18:15,BELUSDT,-0.0205,-1.4893
9/30/2024 18:15,NULSUSDT,0.0433,-1.446
9/30/2024 18:15,ILVUSDT,-0.0204,-1.4664
9/30/2024 18:15,FLMUSDT,-0.0225,-1.4889
9/30/2024 18:15,ETHUSDT,-0.0263,-1.5152
9/30/2024 18:15,ONTUSDT,0.0456,-1.4696
9/30/2024 18:15,LOOMUSDT,0.0494,-1.4202
9/30/2024 18:15,SANDUSDT,-0.0235,-1.4437
9/30/2024 18:15,LINKUSDT,-0.0219,-1.4656
9/30/2024 18:15,RLCUSDT,-0.0203,-1.4859
9/30/2024 18:15,ALPHAUSDT,-0.0225,-1.5084
9/30/2024 18:15,OGNUSDT,0.05,-1.4584
9/30/2024 18:15,QUICKUSDT,0.0436,-1.4148
9/30/2024 18:15,ARBUSDT,-0.0225,-1.4373
9/30/2024 19:30,GUSDT,0.0494,-1.3879
9/30/2024 19:30,ZILUSDT,-0.02,-1.4079
9/30/2024 20:15,DENTUSDT,0.0485,-1.3594
9/30/2024 22:00,BATUSDT,0.0484,-1.311
9/30/2024 22:00,AGLDUSDT,-0.0257,-1.3367
10/1/2024 2:00,BNXUSDT,0.0496,-1.2871
10/1/2024 2:45,POPCATUSDT,0.0477,-1.2394
10/1/2024 2:45,ACHUSDT,-0.0315,-1.2709
10/1/2024 6:00,FETUSDT,-0.0256,-1.2965
10/1/2024 6:00,ONDOUSDT,-0.0235,-1.32
10/1/2024 6:00,THETAUSDT,-0.0247,-1.3447
10/1/2024 6:00,LINKUSDT,-0.0205,-1.3652
10/1/2024 6:00,BCHUSDT,-0.0214,-1.3866
10/1/2024 6:00,OMUSDT,-0.0247,-1.4113
10/1/2024 6:15,ICPUSDT,-0.0203,-1.4316
10/1/2024 6:15,SPELLUSDT,-0.0248,-1.4564
10/1/2024 6:15,BNTUSDT,-0.0201,-1.4765
10/1/2024 6:15,RSRUSDT,-0.0204,-1.4969
10/1/2024 6:30,POWRUSDT,-0.0232,-1.5201
10/1/2024 6:45,STEEMUSDT,-0.0212,-1.5413
10/1/2024 6:45,TWTUSDT,-0.022,-1.5633
10/1/2024 7:30,POPCATUSDT,-0.0371,-1.6004
10/1/2024 7:30,OXTUSDT,-0.0256,-1.626
10/1/2024 9:00,MASKUSDT,-0.0276,-1.6536
10/1/2024 9:00,PORTALUSDT,-0.0331,-1.6867
10/1/2024 9:00,COMBOUSDT,-0.0397,-1.7264
10/1/2024 9:00,STORJUSDT,0.0436,-1.6828
10/1/2024 9:00,LEVERUSDT,-0.0202,-1.703
10/1/2024 10:00,ETHFIUSDT,0.0462,-1.6568
10/1/2024 10:00,AMBUSDT,0.0497,-1.6071
10/1/2024 10:30,XVSUSDT,-0.0208,-1.6279
10/1/2024 10:45,RSRUSDT,-0.03,-1.6579
10/1/2024 10:45,RDNTUSDT,-0.0203,-1.6782
10/1/2024 10:45,AVAXUSDT,-0.0281,-1.7063
10/1/2024 11:00,ZRXUSDT,-0.021,-1.7273
10/1/2024 12:00,TAOUSDT,0.0495,-1.6778
10/1/2024 12:15,BEAMXUSDT,-0.0248,-1.7026
10/1/2024 13:00,KEYUSDT,0.049,-1.6536
10/1/2024 13:00,PENDLEUSDT,0.0483,-1.6053
10/1/2024 17:15,BTCUSDT,-0.0255,-1.6308
10/2/2024 9:15,FXSUSDT,0.0352,-1.5956
10/2/2024 10:45,ARPAUSDT,-0.0233,-1.6189
10/2/2024 10:45,ONTUSDT,-0.0215,-1.6404
10/2/2024 10:45,FILUSDT,-0.0248,-1.6652
10/2/2024 12:45,ILVUSDT,-0.0206,-1.6858
10/2/2024 13:15,ONTUSDT,-0.0207,-1.7065
10/2/2024 13:30,ANKRUSDT,-0.022,-1.7285
10/2/2024 19:00,XMRUSDT,-0.0254,-1.7539
10/2/2024 21:00,BTCDOMUSDT,-0.0229,-1.7768
10/3/2024 2:45,TWTUSDT,-0.0245,-1.8013
10/3/2024 4:30,AERGOUSDT,-0.0218,-1.8231
10/3/2024 4:45,1000XECUSDT,0.0459,-1.7772
10/3/2024 5:00,ARKMUSDT,-0.0211,-1.7983
10/3/2024 5:15,BONDUSDT,-0.02,-1.8183
10/3/2024 5:15,BEAMXUSDT,0.0413,-1.777
10/3/2024 6:15,AERGOUSDT,-0.0215,-1.7985
10/3/2024 6:30,WAXPUSDT,-0.0229,-1.8214
10/3/2024 12:00,BNBUSDT,-0.0205,-1.8419
10/3/2024 12:00,XMRUSDT,-0.0202,-1.8621
10/3/2024 15:00,KLAYUSDT,-0.0209,-1.883
10/3/2024 16:15,SFPUSDT,-0.0202,-1.9032
10/3/2024 16:30,VETUSDT,-0.0207,-1.9239
10/3/2024 19:45,XMRUSDT,0.0456,-1.8783
10/3/2024 23:15,BONDUSDT,0.0466,-1.8317
10/4/2024 0:00,DASHUSDT,-0.0285,-1.8602
10/4/2024 1:00,SUSHIUSDT,0.0463,-1.8139
10/4/2024 1:15,HIFIUSDT,0.0253,-1.7886
10/4/2024 1:15,RAREUSDT,0.0367,-1.7519
10/4/2024 1:15,NULSUSDT,0.0266,-1.7253
10/4/2024 1:15,LTCUSDT,0.0357,-1.6896
10/4/2024 1:15,SANDUSDT,0.0398,-1.6498
10/4/2024 1:15,FLOWUSDT,0.0378,-1.612
10/4/2024 1:15,BCHUSDT,-0.0297,-1.6417
10/4/2024 1:15,ALPHAUSDT,0.0299,-1.6118
10/4/2024 1:15,ATAUSDT,0.0274,-1.5844
10/4/2024 4:00,IDUSDT,0.0498,-1.5346
10/4/2024 4:00,DARUSDT,0.0364,-1.4982
10/4/2024 4:00,COMPUSDT,0.0385,-1.4597
10/4/2024 4:00,ALPACAUSDT,-0.0213,-1.481
10/4/2024 4:00,YFIUSDT,0.0449,-1.4361
10/4/2024 4:00,KASUSDT,-0.0218,-1.4579
10/4/2024 4:00,ZECUSDT,0.0477,-1.4102
10/4/2024 4:00,JASMYUSDT,0.0469,-1.3633
10/4/2024 4:00,ZILUSDT,0.0451,-1.3182
10/4/2024 4:15,CAKEUSDT,0.0436,-1.2746
10/4/2024 4:15,LISTAUSDT,0.042,-1.2326
10/4/2024 4:15,AUCTIONUSDT,0.0445,-1.1881
10/4/2024 4:15,CHZUSDT,0.0481,-1.14
10/4/2024 4:15,SFPUSDT,0.0477,-1.0923
10/4/2024 4:15,BSWUSDT,0.0426,-1.0497
10/4/2024 4:15,UNIUSDT,-0.0275,-1.0772
10/4/2024 4:15,IOSTUSDT,0.046,-1.0312
10/4/2024 4:15,JOEUSDT,0.0436,-0.9876
10/4/2024 4:15,SPELLUSDT,-0.0342,-1.0218
10/4/2024 4:15,ENSUSDT,0.0495,-0.9723
10/4/2024 4:15,POLYXUSDT,0.0499,-0.9224
10/4/2024 4:15,GMTUSDT,-0.0239,-0.9463
10/4/2024 4:15,NEOUSDT,0.0421,-0.9042
10/4/2024 4:15,ONDOUSDT,-0.0228,-0.927
10/4/2024 4:15,ATOMUSDT,0.0429,-0.8841
10/4/2024 4:15,ONTUSDT,0.0487,-0.8354
10/4/2024 4:15,ANKRUSDT,0.0494,-0.786
10/4/2024 4:15,FLOWUSDT,0.05,-0.736
10/4/2024 4:15,LINKUSDT,0.0469,-0.6891
10/4/2024 4:15,STORJUSDT,0.0406,-0.6485
10/4/2024 4:15,ALGOUSDT,-0.0233,-0.6718
10/4/2024 4:15,FIOUSDT,0.0493,-0.6225
10/4/2024 4:15,ARBUSDT,0.0449,-0.5776
10/4/2024 4:30,AXSUSDT,-0.0216,-0.5992
10/4/2024 4:30,OMUSDT,-0.0225,-0.6217
10/4/2024 5:00,HOOKUSDT,-0.0332,-0.6549
10/4/2024 5:15,ATAUSDT,-0.02,-0.6749
10/4/2024 5:30,ENJUSDT,0.0456,-0.6293
10/4/2024 5:30,RONINUSDT,-0.0217,-0.651
10/4/2024 5:30,GMXUSDT,-0.0208,-0.6718
10/4/2024 5:30,SYSUSDT,0.0483,-0.6235
10/4/2024 5:30,LINAUSDT,0.0459,-0.5776
10/4/2024 5:30,BSVUSDT,-0.0211,-0.5987
10/4/2024 5:30,NULSUSDT,-0.0224,-0.6211
10/4/2024 5:30,NKNUSDT,-0.0214,-0.6425
10/4/2024 5:30,IOUSDT,-0.02,-0.6625
10/4/2024 5:30,LQTYUSDT,0.0484,-0.6141
10/4/2024 5:30,DENTUSDT,-0.0218,-0.6359
10/4/2024 5:30,RDNTUSDT,-0.0216,-0.6575
10/4/2024 5:30,JUPUSDT,0.0468,-0.6107
10/4/2024 5:30,RENUSDT,0.05,-0.5607
10/4/2024 5:30,DYDXUSDT,-0.02,-0.5807
10/4/2024 5:30,MKRUSDT,-0.0214,-0.6021
10/4/2024 5:30,JTOUSDT,-0.0224,-0.6245
10/4/2024 5:30,STRKUSDT,0.0492,-0.5753
10/4/2024 5:30,ADAUSDT,-0.0217,-0.597
10/4/2024 5:30,RIFUSDT,0.0489,-0.5481
10/4/2024 5:30,VETUSDT,-0.0221,-0.5702
10/4/2024 5:45,SSVUSDT,0.0497,-0.5205
10/4/2024 5:45,BNTUSDT,0.0499,-0.4706
10/4/2024 5:45,GLMUSDT,-0.0214,-0.492
10/4/2024 5:45,KNCUSDT,0.0351,-0.4569
10/4/2024 5:45,ATOMUSDT,-0.0205,-0.4774
10/4/2024 5:45,PIXELUSDT,0.0478,-0.4296
10/4/2024 6:15,ARKUSDT,0.0482,-0.3814
10/4/2024 7:00,XMRUSDT,-0.0235,-0.4049
10/4/2024 7:00,1000LUNCUSDT,0.0305,-0.3744
10/4/2024 7:15,SFPUSDT,0.0486,-0.3258
10/4/2024 7:15,LPTUSDT,-0.0202,-0.346
10/4/2024 7:15,DYMUSDT,0.0492,-0.2968
10/4/2024 7:15,STORJUSDT,-0.021,-0.3178
10/4/2024 7:15,OXTUSDT,0.0497,-0.2681
10/4/2024 7:15,MAVIAUSDT,-0.0224,-0.2905
10/4/2024 7:30,LISTAUSDT,0.0427,-0.2478
10/4/2024 7:30,GASUSDT,-0.0291,-0.2769
10/4/2024 7:30,1INCHUSDT,0.0493,-0.2276
10/4/2024 7:30,IOSTUSDT,-0.0223,-0.2499
10/4/2024 7:30,VANRYUSDT,-0.0214,-0.2713
10/4/2024 7:30,ONTUSDT,-0.0385,-0.3098
10/4/2024 7:30,AVAXUSDT,0.0498,-0.26
10/4/2024 7:45,QNTUSDT,-0.0214,-0.2814
10/4/2024 7:45,BOMEUSDT,0.0498,-0.2316
10/4/2024 7:45,UNIUSDT,-0.023,-0.2546
10/4/2024 7:45,1000FLOKIUSDT,0.0487,-0.2059
10/4/2024 7:45,HIFIUSDT,-0.023,-0.2289
10/4/2024 7:45,NTRNUSDT,-0.021,-0.2499
10/4/2024 7:45,ICXUSDT,-0.02,-0.2699
10/4/2024 7:45,ZRXUSDT,0.0411,-0.2288
10/4/2024 7:45,HOTUSDT,-0.0239,-0.2527
10/4/2024 8:00,ENJUSDT,-0.0214,-0.2741
10/4/2024 8:00,ETHFIUSDT,-0.0217,-0.2958
10/4/2024 8:00,STGUSDT,0.0463,-0.2495
10/4/2024 8:00,AIUSDT,-0.0208,-0.2703
10/4/2024 8:00,STEEMUSDT,-0.0203,-0.2906
10/4/2024 8:00,PENDLEUSDT,0.0496,-0.241
10/4/2024 8:00,ONEUSDT,-0.0246,-0.2656
10/4/2024 8:00,XVSUSDT,-0.0208,-0.2864
10/4/2024 8:00,KNCUSDT,-0.0218,-0.3082
10/4/2024 8:00,CELRUSDT,-0.0214,-0.3296
10/4/2024 8:00,RENUSDT,-0.0213,-0.3509
10/4/2024 8:00,MBOXUSDT,-0.0214,-0.3723
10/4/2024 8:00,BADGERUSDT,-0.0207,-0.393
10/4/2024 8:00,LEVERUSDT,-0.0238,-0.4168
10/4/2024 8:00,ADAUSDT,-0.0218,-0.4386
10/4/2024 8:00,PIXELUSDT,0.05,-0.3886
10/4/2024 8:00,QUICKUSDT,-0.0204,-0.409
10/4/2024 8:00,RVNUSDT,-0.02,-0.429
10/4/2024 8:15,BATUSDT,-0.0258,-0.4548
10/4/2024 8:15,RONINUSDT,-0.022,-0.4768
10/4/2024 8:15,IDUSDT,-0.0288,-0.5056
10/4/2024 8:15,TUSDT,-0.0207,-0.5263
10/4/2024 8:15,CHZUSDT,-0.0219,-0.5482
10/4/2024 8:15,ICPUSDT,-0.0281,-0.5763
10/4/2024 8:15,SNXUSDT,-0.0225,-0.5988
10/4/2024 8:15,GMXUSDT,-0.0218,-0.6206
10/4/2024 8:15,AERGOUSDT,-0.0254,-0.646
10/4/2024 8:15,SPELLUSDT,-0.02,-0.666
10/4/2024 8:15,ENSUSDT,-0.0239,-0.6899
10/4/2024 8:15,BSVUSDT,-0.0245,-0.7144
10/4/2024 8:15,POWRUSDT,-0.0216,-0.736
10/4/2024 8:15,LSKUSDT,-0.0253,-0.7613
10/4/2024 8:15,BELUSDT,-0.022,-0.7833
10/4/2024 8:15,NULSUSDT,-0.0208,-0.8041
10/4/2024 8:15,NKNUSDT,-0.0211,-0.8252
10/4/2024 8:15,ILVUSDT,-0.0215,-0.8467
10/4/2024 8:15,ETHUSDT,-0.0216,-0.8683
10/4/2024 8:15,VOXELUSDT,-0.0233,-0.8916
10/4/2024 8:15,RPLUSDT,-0.0239,-0.9155
10/4/2024 8:15,AXSUSDT,-0.0253,-0.9408
10/4/2024 8:15,RDNTUSDT,-0.0234,-0.9642
10/4/2024 8:15,ZROUSDT,0.0469,-0.9173
10/4/2024 8:15,DYDXUSDT,-0.0213,-0.9386
10/4/2024 8:15,LOKAUSDT,-0.0215,-0.9601
10/4/2024 8:15,ZECUSDT,0.0471,-0.913
10/4/2024 8:15,CTSIUSDT,-0.0242,-0.9372
10/4/2024 8:15,C98USDT,-0.0261,-0.9633
10/4/2024 8:15,ORDIUSDT,-0.023,-0.9863
10/4/2024 8:15,STRKUSDT,0.0492,-0.9371
10/4/2024 8:15,ZILUSDT,-0.0249,-0.962
10/4/2024 8:15,OGNUSDT,-0.0245,-0.9865
10/4/2024 8:15,VETUSDT,-0.0207,-1.0072
10/4/2024 8:15,ARBUSDT,-0.0215,-1.0287
10/4/2024 8:30,JASMYUSDT,-0.021,-1.0497
10/4/2024 10:30,1000SHIBUSDT,0.0416,-1.0081
10/4/2024 10:45,SKLUSDT,-0.0221,-1.0302
10/4/2024 11:00,NOTUSDT,-0.0217,-1.0519
10/4/2024 11:45,SFPUSDT,0.0446,-1.0073
10/4/2024 11:45,JOEUSDT,-0.0239,-1.0312
10/4/2024 11:45,AVAXUSDT,-0.0221,-1.0533
10/4/2024 12:30,KEYUSDT,-0.0343,-1.0876
10/4/2024 14:00,AERGOUSDT,0.0357,-1.0519
10/4/2024 15:00,GLMUSDT,0.0442,-1.0077
10/4/2024 17:30,LOKAUSDT,0.0423,-0.9654
10/4/2024 18:15,EDUUSDT,-0.0267,-0.9921
10/4/2024 18:15,REIUSDT,-0.0219,-1.014
10/4/2024 18:45,AUCTIONUSDT,-0.0213,-1.0353
10/4/2024 18:45,BRETTUSDT,-0.0242,-1.0595
10/4/2024 18:45,LITUSDT,-0.0222,-1.0817
10/4/2024 18:45,BTCUSDT,-0.0202,-1.1019
10/4/2024 18:45,CRVUSDT,-0.02,-1.1219
10/4/2024 18:45,LTCUSDT,-0.02,-1.1419
10/4/2024 18:45,ANKRUSDT,-0.02,-1.1619
10/4/2024 18:45,C98USDT,-0.0213,-1.1832
10/4/2024 19:00,HIFIUSDT,0.05,-1.1332
10/4/2024 19:00,ILVUSDT,-0.0218,-1.155
10/4/2024 19:00,ONTUSDT,-0.02,-1.175
10/4/2024 20:00,XLMUSDT,-0.0227,-1.1977
10/4/2024 20:45,IOTAUSDT,-0.0222,-1.2199
10/4/2024 20:45,REIUSDT,-0.0232,-1.2431
10/4/2024 20:45,POWRUSDT,0.0484,-1.1947
10/4/2024 20:45,1000RATSUSDT,0.0443,-1.1504
10/4/2024 20:45,ACHUSDT,-0.0206,-1.171
10/4/2024 21:00,STGUSDT,-0.0237,-1.1947
10/4/2024 21:00,IMXUSDT,-0.0214,-1.2161
10/4/2024 21:00,TRBUSDT,0.0457,-1.1704
10/4/2024 21:00,STORJUSDT,-0.0216,-1.192
10/4/2024 23:45,IDUSDT,0.0445,-1.1475
10/4/2024 23:45,COMBOUSDT,0.0355,-1.112
10/5/2024 0:30,DOTUSDT,-0.02,-1.132
10/5/2024 1:00,POWRUSDT,-0.0223,-1.1543
10/5/2024 2:45,KASUSDT,-0.0242,-1.1785
10/5/2024 6:00,EIGENUSDT,0.0454,-1.1331
10/5/2024 6:30,FLOWUSDT,-0.025,-1.1581
10/5/2024 6:45,STGUSDT,-0.0277,-1.1858
10/5/2024 6:45,SNXUSDT,-0.0244,-1.2102
10/5/2024 6:45,IOSTUSDT,0.0485,-1.1617
10/5/2024 6:45,RENDERUSDT,-0.0229,-1.1846
10/5/2024 6:45,CYBERUSDT,-0.0214,-1.206
10/5/2024 7:30,KDAUSDT,-0.0434,-1.2494
10/5/2024 8:00,SFPUSDT,0.042,-1.2074
10/5/2024 8:00,SNXUSDT,-0.0217,-1.2291
10/5/2024 8:00,ENSUSDT,-0.0213,-1.2504
10/5/2024 8:15,XLMUSDT,-0.0209,-1.2713
10/5/2024 8:15,GMTUSDT,-0.0253,-1.2966
10/5/2024 8:15,YGGUSDT,-0.0246,-1.3212
10/5/2024 8:15,ANKRUSDT,-0.0221,-1.3433
10/5/2024 8:30,ALPACAUSDT,0.0375,-1.3058
10/5/2024 9:00,COSUSDT,-0.0289,-1.3347
10/5/2024 9:00,IOSTUSDT,0.0474,-1.2873
10/5/2024 9:00,MTLUSDT,-0.0219,-1.3092
10/5/2024 9:00,ZECUSDT,0.0464,-1.2628
10/5/2024 9:00,FIOUSDT,-0.02,-1.2828
10/5/2024 9:00,CYBERUSDT,-0.0221,-1.3049
10/5/2024 9:15,AGLDUSDT,0.0426,-1.2623
10/5/2024 9:30,CHRUSDT,-0.0222,-1.2845
10/5/2024 9:30,GRTUSDT,-0.0255,-1.31
10/5/2024 9:30,AIUSDT,-0.0244,-1.3344
10/5/2024 9:30,RENDERUSDT,-0.0222,-1.3566
10/5/2024 9:30,HOOKUSDT,-0.0236,-1.3802
10/5/2024 9:30,API3USDT,-0.0201,-1.4003
10/5/2024 9:30,TWTUSDT,0.0486,-1.3517
10/5/2024 9:30,ATOMUSDT,-0.0212,-1.3729
10/5/2024 9:30,THETAUSDT,-0.0257,-1.3986
10/5/2024 9:30,CTSIUSDT,-0.02,-1.4186
10/5/2024 10:45,KLAYUSDT,-0.0299,-1.4485
10/5/2024 11:00,SSVUSDT,-0.025,-1.4735
10/5/2024 11:00,TUSDT,0.0416,-1.4319
10/5/2024 11:00,DENTUSDT,-0.0233,-1.4552
10/5/2024 11:00,ZECUSDT,0.0368,-1.4184
10/5/2024 11:30,BATUSDT,-0.022,-1.4404
10/5/2024 12:15,MINAUSDT,-0.0219,-1.4623
10/5/2024 12:30,ACEUSDT,-0.0202,-1.4825
10/5/2024 12:45,BELUSDT,-0.02,-1.5025
10/5/2024 13:00,AGLDUSDT,-0.0227,-1.5252
10/5/2024 13:00,LQTYUSDT,-0.0211,-1.5463
10/5/2024 13:00,ZENUSDT,-0.0251,-1.5714
10/5/2024 15:45,UXLINKUSDT,-0.0223,-1.5937
10/5/2024 16:00,DUSKUSDT,0.0481,-1.5456
10/5/2024 16:00,GMXUSDT,0.0457,-1.4999
10/5/2024 16:00,ONEUSDT,0.0461,-1.4538
10/5/2024 16:00,UMAUSDT,-0.0258,-1.4796
10/5/2024 16:00,TRUUSDT,-0.0213,-1.5009
10/5/2024 16:00,JUPUSDT,0.0454,-1.4555
10/5/2024 16:00,1MBABYDOGEUSDT,0.0451,-1.4104
10/5/2024 16:15,HOOKUSDT,0.0478,-1.3626
10/5/2024 16:30,BNXUSDT,0.0306,-1.332
10/5/2024 16:30,CRVUSDT,-0.0301,-1.3621
10/5/2024 16:30,BLZUSDT,-0.0226,-1.3847
10/5/2024 16:30,AVAXUSDT,-0.0212,-1.4059
10/5/2024 17:45,UNIUSDT,-0.0229,-1.4288
10/5/2024 18:00,SXPUSDT,-0.02,-1.4488
10/5/2024 18:00,KAVAUSDT,-0.022,-1.4708
10/5/2024 18:00,ETHUSDT,-0.0224,-1.4932
10/5/2024 18:00,RENUSDT,-0.0206,-1.5138
10/5/2024 18:00,LEVERUSDT,0.0291,-1.4847
10/5/2024 18:00,RLCUSDT,-0.0203,-1.505
10/5/2024 18:15,1000SHIBUSDT,-0.024,-1.529
10/5/2024 18:15,ZILUSDT,-0.0255,-1.5545
10/5/2024 18:15,QUICKUSDT,-0.0225,-1.577
10/5/2024 18:30,DARUSDT,0.0364,-1.5406
10/5/2024 18:30,TAOUSDT,-0.0208,-1.5614
10/5/2024 18:30,NMRUSDT,-0.0226,-1.584
10/5/2024 18:30,SPELLUSDT,-0.0238,-1.6078
10/5/2024 18:30,HBARUSDT,-0.021,-1.6288
10/5/2024 18:30,MBOXUSDT,-0.0216,-1.6504
10/5/2024 18:30,ETCUSDT,-0.022,-1.6724
10/5/2024 18:30,STORJUSDT,-0.0218,-1.6942
10/5/2024 18:30,ATAUSDT,-0.0301,-1.7243
10/5/2024 18:45,HFTUSDT,-0.0251,-1.7494
10/5/2024 18:45,ACEUSDT,-0.0208,-1.7702
10/5/2024 18:45,HIGHUSDT,-0.0204,-1.7906
10/5/2024 18:45,SNXUSDT,-0.0217,-1.8123
10/5/2024 18:45,GMXUSDT,-0.0214,-1.8337
10/5/2024 18:45,1000BONKUSDT,-0.0201,-1.8538
10/5/2024 18:45,BIGTIMEUSDT,-0.0239,-1.8777
10/5/2024 18:45,1000SATSUSDT,-0.0218,-1.8995
10/5/2024 18:45,TRUUSDT,-0.0237,-1.9232
10/5/2024 18:45,API3USDT,-0.0223,-1.9455
10/5/2024 18:45,YFIUSDT,-0.021,-1.9665
10/5/2024 18:45,SANDUSDT,-0.0211,-1.9876
10/5/2024 18:45,BADGERUSDT,-0.0248,-2.0124
10/5/2024 18:45,UXLINKUSDT,-0.021,-2.0334
10/5/2024 18:45,NOTUSDT,-0.0219,-2.0553
10/5/2024 18:45,CTSIUSDT,-0.0268,-2.0821
10/5/2024 18:45,1MBABYDOGEUSDT,-0.0266,-2.1087
10/5/2024 18:45,ALPHAUSDT,-0.0257,-2.1344
10/5/2024 18:45,UNFIUSDT,-0.0213,-2.1557
10/5/2024 19:00,NFPUSDT,-0.0224,-2.1781
10/5/2024 19:00,TNSRUSDT,-0.0218,-2.1999
10/5/2024 19:00,DENTUSDT,-0.0222,-2.2221
10/5/2024 19:00,ZKUSDT,-0.0203,-2.2424
10/5/2024 19:00,JTOUSDT,-0.022,-2.2644
10/5/2024 19:00,CYBERUSDT,-0.0239,-2.2883
10/5/2024 19:00,RVNUSDT,-0.0225,-2.3108
10/5/2024 19:15,BONDUSDT,-0.0234,-2.3342
10/5/2024 19:15,VOXELUSDT,-0.0296,-2.3638
10/5/2024 20:15,XLMUSDT,-0.0222,-2.386
10/5/2024 20:45,FLOWUSDT,-0.025,-2.411
10/6/2024 1:15,PYTHUSDT,-0.0252,-2.4362
10/6/2024 3:30,ZECUSDT,0.0469,-2.3893
10/6/2024 4:30,LOOMUSDT,0.0268,-2.3625
10/6/2024 7:30,LOOMUSDT,0.0142,-2.3483
10/6/2024 8:00,LPTUSDT,-0.0218,-2.3701
10/6/2024 8:15,RPLUSDT,0.0498,-2.3203
10/6/2024 8:15,SUSHIUSDT,-0.0291,-2.3494
10/6/2024 9:00,UMAUSDT,-0.0278,-2.3772
10/6/2024 9:15,POLYXUSDT,0.0481,-2.3291
10/6/2024 9:15,DASHUSDT,-0.0228,-2.3519
10/6/2024 9:30,GMXUSDT,0.0463,-2.3056
10/6/2024 9:30,MAGICUSDT,0.0496,-2.256
10/6/2024 10:00,BANANAUSDT,-0.0203,-2.2763
10/6/2024 11:00,PERPUSDT,0.0478,-2.2285
10/6/2024 11:15,WLDUSDT,0.0488,-2.1797
10/6/2024 11:15,CHESSUSDT,0.0432,-2.1365
10/6/2024 11:30,APEUSDT,0.0488,-2.0877
10/6/2024 11:30,HFTUSDT,0.034,-2.0537
10/6/2024 11:30,NMRUSDT,0.0381,-2.0156
10/6/2024 11:30,GMXUSDT,0.0494,-1.9662
10/6/2024 11:30,ONEUSDT,0.0444,-1.9218
10/6/2024 11:30,KAVAUSDT,0.0461,-1.8757
10/6/2024 11:30,YFIUSDT,0.049,-1.8267
10/6/2024 11:30,SANDUSDT,0.0452,-1.7815
10/6/2024 11:30,STORJUSDT,0.0494,-1.7321
10/6/2024 11:30,GALAUSDT,0.0459,-1.6862
10/6/2024 11:30,STRKUSDT,0.0382,-1.648
10/6/2024 11:30,HOTUSDT,0.0406,-1.6074
10/6/2024 11:45,RPLUSDT,0.0481,-1.5593
10/6/2024 13:00,REIUSDT,0.05,-1.5093
10/6/2024 13:00,1000SHIBUSDT,0.0333,-1.476
10/6/2024 14:15,LISTAUSDT,0.0484,-1.4276
10/6/2024 14:15,ENJUSDT,-0.0202,-1.4478
10/6/2024 14:15,PENDLEUSDT,-0.0213,-1.4691
10/6/2024 14:15,METISUSDT,0.0492,-1.4199
10/6/2024 14:15,1000XECUSDT,0.0465,-1.3734
10/6/2024 14:15,DOTUSDT,0.0469,-1.3265
10/6/2024 14:15,KNCUSDT,-0.0215,-1.348
10/6/2024 14:15,ARPAUSDT,0.0475,-1.3005
10/6/2024 14:15,SOLUSDT,0.0413,-1.2592
10/6/2024 14:15,API3USDT,0.0498,-1.2094
10/6/2024 14:15,AXSUSDT,0.0488,-1.1606
10/6/2024 14:15,MBOXUSDT,-0.0266,-1.1872
10/6/2024 14:15,ZKUSDT,-0.02,-1.2072
10/6/2024 14:15,SANDUSDT,-0.0222,-1.2294
10/6/2024 14:15,OGNUSDT,-0.0244,-1.2538
10/6/2024 14:30,KDAUSDT,-0.0263,-1.2801
10/6/2024 14:30,CHRUSDT,0.0441,-1.236
10/6/2024 14:30,XLMUSDT,-0.0293,-1.2653
10/6/2024 14:30,GRTUSDT,0.0315,-1.2338
10/6/2024 14:30,SSVUSDT,-0.0327,-1.2665
10/6/2024 14:30,STGUSDT,-0.0263,-1.2928
10/6/2024 14:30,IDUSDT,0.0462,-1.2466
10/6/2024 14:30,BBUSDT,-0.0261,-1.2727
10/6/2024 14:30,DARUSDT,0.0404,-1.2323
10/6/2024 14:30,HIGHUSDT,-0.0262,-1.2585
10/6/2024 14:30,XVGUSDT,-0.0213,-1.2798
10/6/2024 14:30,MAGICUSDT,-0.0216,-1.3014
10/6/2024 14:30,OMNIUSDT,-0.0328,-1.3342
10/6/2024 14:30,BEAMXUSDT,-0.034,-1.3682
10/6/2024 14:30,BIGTIMEUSDT,0.0363,-1.3319
10/6/2024 14:30,POLUSDT,-0.0248,-1.3567
10/6/2024 14:30,ONEUSDT,0.0314,-1.3253
10/6/2024 14:30,GUSDT,0.043,-1.2823
10/6/2024 14:30,HBARUSDT,-0.0288,-1.3111
10/6/2024 14:30,SXPUSDT,0.0471,-1.264
10/6/2024 14:30,VANRYUSDT,-0.0275,-1.2915
10/6/2024 14:30,ALPACAUSDT,0.0413,-1.2502
10/6/2024 14:30,CKBUSDT,0.0461,-1.2041
10/6/2024 14:30,ILVUSDT,0.0422,-1.1619
10/6/2024 14:30,LDOUSDT,-0.0294,-1.1913
10/6/2024 14:30,DENTUSDT,0.0481,-1.1432
10/6/2024 14:30,ACHUSDT,0.0434,-1.0998
10/6/2024 14:30,MINAUSDT,-0.0213,-1.1211
10/6/2024 14:30,HOTUSDT,0.0459,-1.0752
10/6/2024 14:30,RIFUSDT,0.0353,-1.0399
10/6/2024 14:30,ATAUSDT,0.0423,-0.9976
10/6/2024 14:45,STEEMUSDT,-0.0207,-1.0183
10/6/2024 14:45,KLAYUSDT,0.0437,-0.9746
10/6/2024 15:45,COMBOUSDT,-0.0298,-1.0044
10/6/2024 16:00,CHRUSDT,-0.0239,-1.0283
10/6/2024 16:00,DARUSDT,-0.0259,-1.0542
10/6/2024 16:00,ICPUSDT,-0.0286,-1.0828
10/6/2024 16:00,STXUSDT,-0.0212,-1.104
10/6/2024 16:00,ALICEUSDT,-0.02,-1.124
10/6/2024 16:00,JTOUSDT,0.0454,-1.0786
10/6/2024 18:15,ROSEUSDT,0.0484,-1.0302
10/6/2024 18:30,SFPUSDT,-0.0217,-1.0519
10/6/2024 18:30,REEFUSDT,0.037,-1.0149
10/6/2024 18:30,THETAUSDT,-0.024,-1.0389
10/6/2024 18:45,TUSDT,-0.0215,-1.0604
10/6/2024 19:00,DUSKUSDT,-0.0309,-1.0913
10/6/2024 19:00,EDUUSDT,-0.0241,-1.1154
10/6/2024 19:00,API3USDT,-0.0222,-1.1376
10/6/2024 19:00,ORDIUSDT,-0.0259,-1.1635
10/6/2024 19:15,WIFUSDT,0.0402,-1.1233
10/6/2024 19:15,GMXUSDT,-0.0206,-1.1439
10/6/2024 19:15,RENUSDT,-0.0209,-1.1648
10/6/2024 19:15,TLMUSDT,-0.0207,-1.1855
10/6/2024 19:15,ADAUSDT,0.0438,-1.1417
10/6/2024 22:30,C98USDT,0.05,-1.0917
10/7/2024 0:30,LITUSDT,-0.0228,-1.1145
10/7/2024 0:30,YFIUSDT,0.0436,-1.0709
10/7/2024 0:30,CELRUSDT,0.05,-1.0209
10/7/2024 0:45,PERPUSDT,-0.0249,-1.0458
10/7/2024 1:45,FTMUSDT,-0.02,-1.0658
10/7/2024 1:45,HIFIUSDT,-0.0204,-1.0862
10/7/2024 4:00,ONEUSDT,-0.0274,-1.1136
10/7/2024 4:00,BELUSDT,-0.0205,-1.1341
10/7/2024 4:00,BANDUSDT,-0.0218,-1.1559
10/7/2024 4:00,CELRUSDT,-0.0214,-1.1773
10/7/2024 5:00,LITUSDT,-0.025,-1.2023
10/7/2024 5:00,BSWUSDT,-0.035,-1.2373
10/7/2024 6:15,RUNEUSDT,0.05,-1.1873
10/7/2024 6:30,HOOKUSDT,-0.0207,-1.208
10/7/2024 6:45,HFTUSDT,-0.0201,-1.2281
10/7/2024 6:45,MEWUSDT,-0.0207,-1.2488
10/7/2024 6:45,NKNUSDT,-0.0264,-1.2752
10/7/2024 8:30,NEOUSDT,-0.023,-1.2982
10/7/2024 8:45,AXLUSDT,0.0475,-1.2507
10/7/2024 8:45,BNTUSDT,-0.0374,-1.2881
10/7/2024 9:00,BNXUSDT,0.0472,-1.2409
10/7/2024 9:00,TWTUSDT,0.0456,-1.1953
10/7/2024 12:30,LTCUSDT,-0.0225,-1.2178
10/7/2024 16:00,USTCUSDT,-0.0205,-1.2383
10/7/2024 16:30,EOSUSDT,-0.024,-1.2623
10/7/2024 16:30,RENUSDT,-0.021,-1.2833
10/7/2024 16:30,PIXELUSDT,-0.0216,-1.3049
10/7/2024 22:30,CKBUSDT,0.0492,-1.2557
10/7/2024 22:45,KDAUSDT,0.0383,-1.2174
10/7/2024 22:45,BALUSDT,0.0303,-1.1871
10/7/2024 22:45,TIAUSDT,0.0444,-1.1427
10/7/2024 22:45,HMSTRUSDT,0.0388,-1.1039
10/7/2024 22:45,SPELLUSDT,0.0372,-1.0667
10/7/2024 22:45,HBARUSDT,0.0428,-1.0239
10/7/2024 22:45,RAREUSDT,0.0339,-0.99
10/7/2024 22:45,SOLUSDT,0.0333,-0.9567
10/7/2024 22:45,ILVUSDT,0.0356,-0.9211
10/7/2024 22:45,TRUUSDT,0.0454,-0.8757
10/7/2024 22:45,KAVAUSDT,0.0346,-0.8411
10/7/2024 22:45,LDOUSDT,0.0433,-0.7978
10/7/2024 22:45,TWTUSDT,-0.0232,-0.821
10/7/2024 22:45,BLZUSDT,-0.0228,-0.8438
10/7/2024 22:45,JUPUSDT,0.0455,-0.7983
10/7/2024 22:45,PYTHUSDT,0.0434,-0.7549
10/7/2024 22:45,JTOUSDT,0.0474,-0.7075
10/7/2024 22:45,ZRXUSDT,0.0403,-0.6672
10/7/2024 22:45,RVNUSDT,0.0402,-0.627
10/7/2024 22:45,LRCUSDT,-0.0211,-0.6481
10/8/2024 1:15,CHRUSDT,0.0368,-0.6113
10/8/2024 1:15,XTZUSDT,0.05,-0.5613
10/8/2024 2:15,REIUSDT,0.0484,-0.5129
10/8/2024 2:15,OMUSDT,-0.0206,-0.5335
10/8/2024 4:15,FTMUSDT,-0.0235,-0.557
10/8/2024 4:30,BICOUSDT,0.0445,-0.5125
10/8/2024 5:00,SNXUSDT,0.0466,-0.4659
10/8/2024 7:00,TUSDT,-0.02,-0.4859
10/8/2024 7:00,TRUUSDT,-0.0208,-0.5067
10/8/2024 7:00,DENTUSDT,-0.0241,-0.5308
10/8/2024 7:00,RLCUSDT,-0.021,-0.5518
10/8/2024 7:15,CAKEUSDT,-0.0202,-0.572
10/8/2024 7:15,RONINUSDT,-0.0376,-0.6096
10/8/2024 7:15,IOTAUSDT,-0.02,-0.6296
10/8/2024 7:15,COSUSDT,-0.0269,-0.6565
10/8/2024 7:15,GHSTUSDT,-0.0224,-0.6789
10/8/2024 7:15,SSVUSDT,-0.0216,-0.7005
10/8/2024 7:15,STGUSDT,-0.02,-0.7205
10/8/2024 7:15,BBUSDT,-0.0221,-0.7426
10/8/2024 7:15,SKLUSDT,0.0474,-0.6952
10/8/2024 7:15,XVGUSDT,-0.0206,-0.7158
10/8/2024 7:15,1INCHUSDT,-0.02,-0.7358
10/8/2024 7:15,SPELLUSDT,-0.0203,-0.7561
10/8/2024 7:15,GMTUSDT,0.0474,-0.7087
10/8/2024 7:15,ARUSDT,-0.0211,-0.7298
10/8/2024 7:15,BSVUSDT,-0.0218,-0.7516
10/8/2024 7:15,BNBUSDT,-0.0265,-0.7781
10/8/2024 7:15,DEFIUSDT,-0.0203,-0.7984
10/8/2024 7:15,BICOUSDT,-0.0212,-0.8196
10/8/2024 7:15,1000XECUSDT,-0.0216,-0.8412
10/8/2024 7:15,SOLUSDT,-0.0201,-0.8613
10/8/2024 7:15,API3USDT,-0.0212,-0.8825
10/8/2024 7:15,KAVAUSDT,-0.023,-0.9055
10/8/2024 7:15,ANKRUSDT,-0.0221,-0.9276
10/8/2024 7:15,SANDUSDT,-0.0214,-0.949
10/8/2024 7:15,ZECUSDT,-0.0292,-0.9782
10/8/2024 7:15,LINKUSDT,-0.0266,-1.0048
10/8/2024 7:15,XTZUSDT,-0.0258,-1.0306
10/8/2024 7:15,KSMUSDT,0.0495,-0.9811
10/8/2024 7:15,TOKENUSDT,-0.0215,-1.0026
10/8/2024 7:15,ATAUSDT,-0.0231,-1.0257
10/8/2024 7:15,FILUSDT,-0.0218,-1.0475
10/8/2024 9:00,UMAUSDT,0.0491,-0.9984
10/8/2024 9:00,ARUSDT,-0.0218,-1.0202
10/8/2024 9:30,JUPUSDT,0.0453,-0.9749
10/8/2024 12:30,INJUSDT,-0.0222,-0.9971
10/8/2024 12:30,BBUSDT,-0.0231,-1.0202
10/8/2024 12:30,OMGUSDT,0.0482,-0.972
10/8/2024 12:30,YGGUSDT,-0.0223,-0.9943
10/8/2024 13:00,JUPUSDT,-0.0219,-1.0162
10/8/2024 13:00,ETCUSDT,-0.0248,-1.041
10/8/2024 13:30,XVSUSDT,-0.0245,-1.0655
10/8/2024 13:45,BNBUSDT,-0.0214,-1.0869
10/8/2024 15:15,HOOKUSDT,-0.0251,-1.112
10/8/2024 15:15,RENUSDT,-0.0268,-1.1388
10/8/2024 16:30,BNBUSDT,-0.0208,-1.1596
10/8/2024 16:45,XMRUSDT,0.0446,-1.115
10/8/2024 18:45,XMRUSDT,0.0492,-1.0658
10/8/2024 18:45,FILUSDT,0.0486,-1.0172
10/9/2024 1:15,RENDERUSDT,-0.0253,-1.0425
10/9/2024 9:15,LQTYUSDT,-0.0233,-1.0658
10/9/2024 9:30,SUPERUSDT,-0.02,-1.0858
10/9/2024 10:15,REIUSDT,0.0494,-1.0364
10/9/2024 10:15,MEMEUSDT,0.0445,-0.9919
10/9/2024 10:15,NKNUSDT,0.0492,-0.9427
10/9/2024 10:15,YGGUSDT,0.0451,-0.8976
10/9/2024 10:15,LINKUSDT,0.0492,-0.8484
10/9/2024 10:15,1000LUNCUSDT,0.0471,-0.8013
10/9/2024 10:30,XTZUSDT,0.05,-0.7513
10/9/2024 10:30,GALAUSDT,0.0461,-0.7052
10/9/2024 11:00,ALPACAUSDT,-0.03,-0.7352
10/9/2024 11:00,LQTYUSDT,-0.0203,-0.7555
10/9/2024 12:15,NMRUSDT,0.0489,-0.7066
10/9/2024 12:15,AERGOUSDT,0.0467,-0.6599
10/9/2024 12:15,BNTUSDT,0.0495,-0.6104
10/9/2024 12:15,BICOUSDT,0.0485,-0.5619
10/9/2024 12:15,PHBUSDT,0.0443,-0.5176
10/9/2024 12:15,OMUSDT,0.0455,-0.4721
10/9/2024 12:30,RPLUSDT,0.029,-0.4431
10/9/2024 12:30,BCHUSDT,-0.0319,-0.475
10/9/2024 14:30,STMXUSDT,0.0303,-0.4447
10/9/2024 16:00,RONINUSDT,0.0482,-0.3965
10/9/2024 16:15,MASKUSDT,-0.025,-0.4215
10/9/2024 16:15,SXPUSDT,0.0479,-0.3736
10/9/2024 18:00,1000SHIBUSDT,-0.0207,-0.3943
10/9/2024 18:30,GASUSDT,-0.0206,-0.4149
10/9/2024 20:00,CHRUSDT,-0.0227,-0.4376
10/9/2024 20:00,XVGUSDT,-0.0203,-0.4579
10/9/2024 20:00,MTLUSDT,0.0449,-0.413
10/9/2024 20:00,BELUSDT,0.0442,-0.3688
10/9/2024 20:00,PIXELUSDT,-0.0262,-0.395
10/9/2024 20:15,AUCTIONUSDT,-0.0289,-0.4239
10/9/2024 20:15,IOTAUSDT,-0.0237,-0.4476
10/9/2024 20:15,SSVUSDT,-0.0239,-0.4715
10/9/2024 20:15,IDUSDT,-0.0241,-0.4956
10/9/2024 20:15,OMGUSDT,-0.0254,-0.521
10/9/2024 20:15,LITUSDT,-0.0223,-0.5433
10/9/2024 20:15,AAVEUSDT,-0.0237,-0.567
10/9/2024 20:15,1000SHIBUSDT,-0.0207,-0.5877
10/9/2024 20:15,BIGTIMEUSDT,-0.0261,-0.6138
10/9/2024 20:15,MAVUSDT,-0.0272,-0.641
10/9/2024 20:15,RENDERUSDT,-0.0311,-0.6721
10/9/2024 20:15,UMAUSDT,-0.02,-0.6921
10/9/2024 20:15,IMXUSDT,-0.0259,-0.718
10/9/2024 20:15,ONDOUSDT,-0.0225,-0.7405
10/9/2024 20:15,ILVUSDT,-0.0238,-0.7643
10/9/2024 20:15,LDOUSDT,-0.0273,-0.7916
10/9/2024 20:15,ALICEUSDT,-0.0285,-0.8201
10/9/2024 20:15,YGGUSDT,-0.0252,-0.8453
10/9/2024 20:15,ANKRUSDT,-0.0238,-0.8691
10/9/2024 20:15,PHBUSDT,0.0249,-0.8442
10/9/2024 20:15,LINKUSDT,-0.0253,-0.8695
10/9/2024 20:15,BCHUSDT,-0.0271,-0.8966
10/9/2024 20:15,GALAUSDT,-0.02,-0.9166
10/9/2024 20:15,MAVIAUSDT,-0.0286,-0.9452
10/9/2024 22:00,SUPERUSDT,-0.0207,-0.9659
10/10/2024 0:00,APTUSDT,0.0456,-0.9203
10/10/2024 0:00,LSKUSDT,0.0462,-0.8741
10/10/2024 0:00,ARKUSDT,-0.0234,-0.8975
10/10/2024 0:15,AERGOUSDT,0.038,-0.8595
10/10/2024 0:15,SOLUSDT,-0.0261,-0.8856
10/10/2024 3:45,TRXUSDT,-0.0211,-0.9067
10/10/2024 5:45,ICPUSDT,-0.0205,-0.9272
10/10/2024 5:45,RSRUSDT,-0.0385,-0.9657
10/10/2024 5:45,RDNTUSDT,-0.0261,-0.9918
10/10/2024 8:00,UXLINKUSDT,-0.0202,-1.012
10/10/2024 8:15,HOOKUSDT,-0.0215,-1.0335
10/10/2024 11:30,GTCUSDT,-0.0219,-1.0554
10/10/2024 12:45,SUSHIUSDT,-0.0275,-1.0829
10/10/2024 13:45,ZRXUSDT,-0.021,-1.1039
10/10/2024 14:15,FLMUSDT,-0.02,-1.1239
10/10/2024 16:15,XMRUSDT,-0.0237,-1.1476
10/10/2024 16:45,ENJUSDT,-0.0228,-1.1704
10/10/2024 16:45,BTCUSDT,-0.0246,-1.195
10/10/2024 16:45,POLYXUSDT,-0.0211,-1.2161
10/10/2024 16:45,POWRUSDT,-0.022,-1.2381
10/10/2024 16:45,KLAYUSDT,-0.02,-1.2581
10/10/2024 16:45,CKBUSDT,-0.0218,-1.2799
10/10/2024 16:45,KSMUSDT,-0.0227,-1.3026
10/10/2024 16:45,HOTUSDT,-0.0224,-1.325
10/10/2024 17:00,JOEUSDT,-0.0228,-1.3478
10/10/2024 17:00,CFXUSDT,-0.0282,-1.376
10/10/2024 19:30,ZECUSDT,0.0485,-1.3275
10/10/2024 21:45,TIAUSDT,-0.0216,-1.3491
10/10/2024 23:00,SYNUSDT,0.0234,-1.3257
10/11/2024 0:00,MAVIAUSDT,0.0394,-1.2863
10/11/2024 1:45,WOOUSDT,0.0455,-1.2408
10/11/2024 1:45,DUSKUSDT,0.0374,-1.2034
10/11/2024 1:45,KDAUSDT,0.046,-1.1574
10/11/2024 1:45,CHRUSDT,0.0474,-1.11
10/11/2024 1:45,XLMUSDT,0.0339,-1.0761
10/11/2024 1:45,SSVUSDT,0.0443,-1.0318
10/11/2024 1:45,STGUSDT,0.0463,-0.9855
10/11/2024 1:45,EDUUSDT,0.0458,-0.9397
10/11/2024 1:45,AMBUSDT,-0.0236,-0.9633
10/11/2024 1:45,IDUSDT,0.0469,-0.9164
10/11/2024 1:45,REIUSDT,0.0379,-0.8785
10/11/2024 1:45,BBUSDT,0.046,-0.8325
10/11/2024 1:45,QTUMUSDT,0.0466,-0.7859
10/11/2024 1:45,LITUSDT,0.0432,-0.7427
10/11/2024 1:45,NMRUSDT,0.0468,-0.6959
10/11/2024 1:45,BSWUSDT,0.046,-0.6499
10/11/2024 1:45,SNXUSDT,0.0473,-0.6026
10/11/2024 1:45,OPUSDT,0.0407,-0.5619
10/11/2024 1:45,PORTALUSDT,0.0369,-0.525
10/11/2024 1:45,MEMEUSDT,0.0396,-0.4854
10/11/2024 1:45,LPTUSDT,-0.0265,-0.5119
10/11/2024 1:45,MAVUSDT,0.0455,-0.4664
10/11/2024 1:45,ZETAUSDT,0.0497,-0.4167
10/11/2024 1:45,STMXUSDT,0.0432,-0.3735
10/11/2024 1:45,ARUSDT,0.0333,-0.3402
10/11/2024 1:45,METISUSDT,0.0472,-0.293
10/11/2024 1:45,BSVUSDT,0.0376,-0.2554
10/11/2024 1:45,HBARUSDT,0.0389,-0.2165
10/11/2024 1:45,NTRNUSDT,0.0439,-0.1726
10/11/2024 1:45,LSKUSDT,0.0336,-0.139
10/11/2024 1:45,PERPUSDT,0.0362,-0.1028
10/11/2024 1:45,BELUSDT,0.0389,-0.0639
10/11/2024 1:45,NULSUSDT,0.0495,-0.0144
10/11/2024 1:45,KNCUSDT,0.0209,0.0065
10/11/2024 1:45,ARPAUSDT,0.0421,0.0486
10/11/2024 1:45,NKNUSDT,0.0456,0.0942
10/11/2024 1:45,SOLUSDT,0.0428,0.137
10/11/2024 1:45,TRUUSDT,0.0483,0.1853
10/11/2024 1:45,API3USDT,0.0415,0.2268
10/11/2024 1:45,FLMUSDT,0.0412,0.268
10/11/2024 1:45,VOXELUSDT,0.0428,0.3108
10/11/2024 1:45,BANDUSDT,0.0418,0.3526
10/11/2024 1:45,ALICEUSDT,0.0459,0.3985
10/11/2024 1:45,YGGUSDT,0.0479,0.4464
10/11/2024 1:45,RDNTUSDT,0.0409,0.4873
10/11/2024 1:45,MBOXUSDT,0.0473,0.5346
10/11/2024 1:45,ZKUSDT,0.047,0.5816
10/11/2024 1:45,TLMUSDT,0.0425,0.6241
10/11/2024 1:45,DODOXUSDT,0.0381,0.6622
10/11/2024 1:45,LEVERUSDT,0.0413,0.7035
10/11/2024 1:45,RLCUSDT,0.045,0.7485
10/11/2024 1:45,COTIUSDT,0.0471,0.7956
10/11/2024 1:45,C98USDT,0.0481,0.8437
10/11/2024 1:45,ORDIUSDT,0.0351,0.8788
10/11/2024 1:45,ALPHAUSDT,0.0386,0.9174
10/11/2024 1:45,1000LUNCUSDT,0.0411,0.9585
10/11/2024 1:45,ATAUSDT,0.0483,1.0068
10/11/2024 1:45,VETUSDT,0.0443,1.0511
10/11/2024 1:45,FILUSDT,-0.0281,1.023
10/11/2024 1:45,ARBUSDT,0.04,1.063
10/11/2024 1:45,CHESSUSDT,0.0359,1.0989
10/11/2024 4:00,LINAUSDT,0.047,1.1459
10/11/2024 5:15,AERGOUSDT,0.0459,1.1918
10/11/2024 6:00,BATUSDT,0.0466,1.2384
10/11/2024 6:00,EGLDUSDT,0.0499,1.2883
10/11/2024 6:15,EDUUSDT,0.0425,1.3308
10/11/2024 6:15,LINAUSDT,0.05,1.3808
10/11/2024 6:15,RSRUSDT,0.044,1.4248
10/11/2024 6:15,1000XECUSDT,0.0479,1.4727
10/11/2024 6:15,PERPUSDT,0.0496,1.5223
10/11/2024 6:15,BELUSDT,0.0432,1.5655
10/11/2024 6:15,ANKRUSDT,0.0492,1.6147
10/11/2024 6:30,1INCHUSDT,0.0444,1.6591
10/11/2024 6:30,ENSUSDT,0.0452,1.7043
10/11/2024 6:30,SANDUSDT,0.0479,1.7522
10/11/2024 6:30,DODOXUSDT,0.0499,1.8021
10/11/2024 6:30,ADAUSDT,0.0462,1.8483
10/11/2024 6:30,PIXELUSDT,0.0427,1.891
10/11/2024 6:30,ATAUSDT,0.0398,1.9308
10/11/2024 6:45,COMBOUSDT,0.0495,1.9803
10/11/2024 8:15,KDAUSDT,0.0447,2.025
10/11/2024 8:15,ETHFIUSDT,0.0494,2.0744
10/11/2024 8:15,STGUSDT,0.0413,2.1157
10/11/2024 8:15,EDUUSDT,0.0492,2.1649
10/11/2024 8:15,TAOUSDT,0.0411,2.206
10/11/2024 8:15,1INCHUSDT,0.0486,2.2546
10/11/2024 8:15,DOGSUSDT,0.0496,2.3042
10/11/2024 8:15,CATIUSDT,0.0492,2.3534
10/11/2024 8:15,BELUSDT,0.0119,2.3653
10/11/2024 8:15,FLOWUSDT,0.0459,2.4112
10/11/2024 8:15,LEVERUSDT,0.0311,2.4423
10/11/2024 8:30,WOOUSDT,0.0417,2.484
10/11/2024 8:45,HFTUSDT,0.043,2.527
10/11/2024 9:00,BBUSDT,0.0488,2.5758
10/11/2024 9:00,BRETTUSDT,0.0414,2.6172
10/11/2024 9:00,1000FLOKIUSDT,0.0475,2.6647
10/11/2024 9:00,DOGEUSDT,0.0494,2.7141
10/11/2024 9:00,HOOKUSDT,0.0484,2.7625
10/11/2024 9:00,SOLUSDT,0.0493,2.8118
10/11/2024 9:00,ZROUSDT,0.046,2.8578
10/11/2024 9:00,THETAUSDT,0.0445,2.9023
10/11/2024 9:00,AEVOUSDT,0.0472,2.9495
10/11/2024 9:00,XTZUSDT,0.05,2.9995
10/11/2024 9:00,ALGOUSDT,0.0442,3.0437
10/11/2024 9:15,STGUSDT,0.0437,3.0874
10/11/2024 9:15,HIFIUSDT,0.0287,3.1161
10/11/2024 9:15,IOTXUSDT,0.0492,3.1653
10/11/2024 9:30,MANAUSDT,0.0492,3.2145
10/11/2024 9:30,MEMEUSDT,-0.0216,3.1929
10/11/2024 9:30,LSKUSDT,-0.0211,3.1718
10/11/2024 9:45,NFPUSDT,0.0414,3.2132
10/11/2024 9:45,AGLDUSDT,-0.0272,3.186
10/11/2024 9:45,JTOUSDT,0.0469,3.2329
10/11/2024 10:00,DENTUSDT,0.0442,3.2771
10/11/2024 10:00,SANDUSDT,0.05,3.3271
10/11/2024 10:15,SUPERUSDT,-0.0201,3.307
10/11/2024 11:30,ETHWUSDT,0.0463,3.3533
10/11/2024 12:00,QNTUSDT,-0.0228,3.3305
10/11/2024 12:00,MAGICUSDT,0.0481,3.3786
10/11/2024 12:00,APTUSDT,0.0476,3.4262
10/11/2024 12:15,GRTUSDT,-0.0225,3.4037
10/11/2024 12:15,ARUSDT,0.0473,3.451
10/11/2024 12:15,BLZUSDT,0.05,3.501
10/11/2024 12:30,LPTUSDT,0.05,3.551
10/11/2024 12:30,RIFUSDT,0.0467,3.5977
10/11/2024 12:45,NEARUSDT,-0.0206,3.5771
10/11/2024 12:45,YGGUSDT,0.0497,3.6268
10/11/2024 12:45,LOKAUSDT,0.05,3.6768
10/11/2024 13:30,LISTAUSDT,0.0398,3.7166
10/11/2024 13:30,NFPUSDT,0.0426,3.7592
10/11/2024 13:45,APTUSDT,0.0487,3.8079
10/11/2024 13:45,DOTUSDT,0.0485,3.8564
10/11/2024 13:45,ZKUSDT,0.0468,3.9032
10/11/2024 14:00,BADGERUSDT,0.0494,3.9526
10/11/2024 14:00,DODOXUSDT,0.0486,4.0012
10/11/2024 15:00,APEUSDT,0.0391,4.0403
10/11/2024 15:00,HFTUSDT,0.0378,4.0781
10/11/2024 15:00,SUNUSDT,-0.0273,4.0508
10/11/2024 15:00,MASKUSDT,-0.0254,4.0254
10/11/2024 15:00,EDUUSDT,0.0405,4.0659
10/11/2024 15:00,IDUSDT,0.0477,4.1136
10/11/2024 15:00,HIGHUSDT,0.0381,4.1517
10/11/2024 15:00,AAVEUSDT,0.0493,4.201
10/11/2024 15:00,1INCHUSDT,0.0417,4.2427
10/11/2024 15:00,NEARUSDT,-0.0203,4.2224
10/11/2024 15:00,DEFIUSDT,0.0423,4.2647
10/11/2024 15:00,WUSDT,-0.0327,4.232
10/11/2024 15:00,DOTUSDT,0.0472,4.2792
10/11/2024 15:00,LSKUSDT,-0.0297,4.2495
10/11/2024 15:00,LQTYUSDT,0.0435,4.293
10/11/2024 15:00,FLMUSDT,0.0466,4.3396
10/11/2024 15:00,RPLUSDT,-0.0224,4.3172
10/11/2024 15:00,RDNTUSDT,0.0412,4.3584
10/11/2024 15:00,ZROUSDT,-0.0267,4.3317
10/11/2024 15:00,GALAUSDT,0.041,4.3727
10/11/2024 15:00,C98USDT,0.0347,4.4074
10/11/2024 15:00,STRKUSDT,0.0456,4.453
10/11/2024 15:00,OGNUSDT,0.0449,4.4979
10/11/2024 15:00,LRCUSDT,0.0431,4.541
10/11/2024 15:15,BTCDOMUSDT,0.0483,4.5893
10/11/2024 16:15,TNSRUSDT,0.0489,4.6382
10/11/2024 16:15,CELRUSDT,0.0464,4.6846
10/11/2024 16:15,CTSIUSDT,0.0474,4.732
10/11/2024 16:30,XVGUSDT,0.0499,4.7819
10/11/2024 16:30,SPELLUSDT,0.0496,4.8315
10/11/2024 16:30,OGNUSDT,0.0477,4.8792
10/11/2024 17:30,CHRUSDT,0.0439,4.9231
10/11/2024 17:30,GUSDT,0.0492,4.9723
10/11/2024 17:30,LSKUSDT,-0.02,4.9523
10/11/2024 17:30,BLZUSDT,-0.022,4.9303
10/11/2024 17:30,MINAUSDT,0.0493,4.9796
10/11/2024 17:30,NOTUSDT,-0.0206,4.959
10/11/2024 17:45,1INCHUSDT,0.0463,5.0053
10/11/2024 17:45,LINAUSDT,0.05,5.0553
10/11/2024 17:45,ATOMUSDT,0.0494,5.1047
10/11/2024 17:45,ETCUSDT,-0.02,5.0847
10/11/2024 17:45,TONUSDT,-0.0205,5.0642
10/11/2024 18:15,XEMUSDT,-0.02,5.0442
10/11/2024 19:00,SSVUSDT,-0.0212,5.023
10/11/2024 19:00,ACEUSDT,-0.0252,4.9978
10/11/2024 19:00,AIUSDT,-0.0301,4.9677
10/11/2024 19:00,LITUSDT,0.0348,5.0025
10/11/2024 19:00,NMRUSDT,0.0424,5.0449
10/11/2024 19:00,XVGUSDT,0.0418,5.0867
10/11/2024 19:00,SNXUSDT,0.0343,5.121
10/11/2024 19:00,GMXUSDT,-0.0328,5.0882
10/11/2024 19:00,MAGICUSDT,-0.0278,5.0604
10/11/2024 19:00,KEYUSDT,-0.0222,5.0382
10/11/2024 19:00,LPTUSDT,-0.0253,5.0129
10/11/2024 19:00,SPELLUSDT,0.0473,5.0602
10/11/2024 19:00,MTLUSDT,-0.0278,5.0324
10/11/2024 19:00,NEOUSDT,0.0429,5.0753
10/11/2024 19:00,RSRUSDT,-0.021,5.0543
10/11/2024 19:00,NTRNUSDT,0.0485,5.1028
10/11/2024 19:00,DOTUSDT,-0.0233,5.0795
10/11/2024 19:00,ARPAUSDT,-0.0252,5.0543
10/11/2024 19:00,NKNUSDT,0.05,5.1043
10/11/2024 19:00,BLURUSDT,0.0418,5.1461
10/11/2024 19:00,ILVUSDT,-0.027,5.1191
10/11/2024 19:00,API3USDT,-0.0201,5.099
10/11/2024 19:00,TNSRUSDT,0.0432,5.1422
10/11/2024 19:00,VOXELUSDT,0.0432,5.1854
10/11/2024 19:00,EOSUSDT,-0.02,5.1654
10/11/2024 19:00,ATOMUSDT,0.0493,5.2147
10/11/2024 19:00,ACHUSDT,-0.0239,5.1908
10/11/2024 19:00,XTZUSDT,0.05,5.2408
10/11/2024 19:00,LEVERUSDT,0.0465,5.2873
10/11/2024 19:00,ALGOUSDT,-0.0274,5.2599
10/11/2024 19:00,OXTUSDT,0.0443,5.3042
10/11/2024 19:00,KSMUSDT,0.0471,5.3513
10/11/2024 19:00,ZRXUSDT,-0.0282,5.3231
10/11/2024 19:00,GALAUSDT,-0.0275,5.2956
10/11/2024 19:00,ORDIUSDT,-0.0219,5.2737
10/11/2024 19:00,ALPHAUSDT,0.0432,5.3169
10/11/2024 19:00,UNFIUSDT,-0.024,5.2929
10/11/2024 19:00,MAVIAUSDT,-0.0218,5.2711
10/11/2024 20:15,KSMUSDT,0.0493,5.3204
10/11/2024 20:15,RIFUSDT,0.0472,5.3676
10/11/2024 20:30,INJUSDT,-0.0221,5.3455
10/11/2024 20:30,LEVERUSDT,-0.0339,5.3116
10/11/2024 20:30,FLUXUSDT,-0.0257,5.2859
10/11/2024 21:00,FLOWUSDT,0.0449,5.3308
10/11/2024 21:30,FIOUSDT,-0.0283,5.3025
10/11/2024 22:00,GMTUSDT,-0.0218,5.2807
10/11/2024 22:00,MANTAUSDT,-0.0221,5.2586
10/11/2024 22:00,OGNUSDT,0.0298,5.2884
10/11/2024 22:45,STORJUSDT,0.0365,5.3249
10/11/2024 23:00,UMAUSDT,0.041,5.3659
10/11/2024 23:00,NEOUSDT,0.0403,5.4062
10/11/2024 23:00,NTRNUSDT,-0.0216,5.3846
10/11/2024 23:15,EOSUSDT,-0.02,5.3646
10/12/2024 0:00,WAXPUSDT,0.049,5.4136
10/12/2024 0:00,EGLDUSDT,0.0442,5.4578
10/12/2024 0:00,COMBOUSDT,0.0428,5.5006
10/12/2024 0:00,TRUUSDT,-0.0202,5.4804
10/12/2024 0:00,SUSHIUSDT,-0.0281,5.4523
10/12/2024 0:00,ONTUSDT,-0.0212,5.4311
10/12/2024 0:00,KSMUSDT,0.0449,5.476
10/12/2024 0:00,ALPHAUSDT,0.0472,5.5232
10/12/2024 0:00,RIFUSDT,0.0373,5.5605
10/12/2024 0:15,IOTAUSDT,0.05,5.6105
10/12/2024 0:15,STGUSDT,-0.02,5.5905
10/12/2024 0:15,GMTUSDT,-0.0233,5.5672
10/12/2024 0:15,TRBUSDT,-0.0232,5.544
10/12/2024 0:15,KNCUSDT,-0.02,5.524
10/12/2024 1:45,IOUSDT,-0.0233,5.5007
10/12/2024 4:00,NFPUSDT,-0.0263,5.4744
10/12/2024 4:00,BADGERUSDT,0.0488,5.5232
10/12/2024 4:00,ALPHAUSDT,-0.0216,5.5016
10/12/2024 4:15,BELUSDT,-0.0281,5.4735
10/12/2024 4:30,HFTUSDT,0.0494,5.5229
10/12/2024 4:30,RENUSDT,0.0467,5.5696
10/12/2024 5:45,DENTUSDT,0.0419,5.6115
10/12/2024 6:00,QTUMUSDT,-0.0223,5.5892
10/12/2024 6:30,VOXELUSDT,-0.0215,5.5677
10/12/2024 7:30,AIUSDT,-0.036,5.5317
10/12/2024 7:30,RENDERUSDT,-0.0274,5.5043
10/12/2024 7:30,GMTUSDT,-0.021,5.4833
10/12/2024 7:30,NULSUSDT,-0.0242,5.4591
10/12/2024 7:30,VOXELUSDT,-0.0319,5.4272
10/12/2024 7:30,RPLUSDT,-0.0235,5.4037
10/12/2024 7:30,AXSUSDT,-0.0213,5.3824
10/12/2024 7:30,THETAUSDT,-0.0253,5.3571
10/12/2024 7:30,XTZUSDT,-0.025,5.3321
10/12/2024 7:45,COMBOUSDT,-0.0244,5.3077
10/12/2024 7:45,ANKRUSDT,-0.0221,5.2856
10/12/2024 8:00,ZILUSDT,-0.0218,5.2638
10/12/2024 8:30,LRCUSDT,-0.0217,5.2421
10/12/2024 9:45,BCHUSDT,-0.0247,5.2174
10/12/2024 10:00,APEUSDT,-0.0314,5.186
10/12/2024 10:00,CHRUSDT,-0.02,5.166
10/12/2024 10:00,ASTRUSDT,-0.0225,5.1435
10/12/2024 10:00,HIGHUSDT,-0.0291,5.1144
10/12/2024 10:15,1INCHUSDT,-0.0243,5.0901
10/12/2024 10:15,1000BONKUSDT,-0.023,5.0671
10/12/2024 10:15,MEMEUSDT,0.0317,5.0988
10/12/2024 10:15,MAVUSDT,-0.0348,5.064
10/12/2024 10:15,ARUSDT,0.049,5.113
10/12/2024 10:15,RAREUSDT,0.0277,5.1407
10/12/2024 10:15,EOSUSDT,-0.0266,5.1141
10/12/2024 10:15,RUNEUSDT,-0.0241,5.09
10/12/2024 10:15,BADGERUSDT,0.0429,5.1329
10/12/2024 10:15,ETCUSDT,-0.0224,5.1105
10/12/2024 10:15,STRKUSDT,0.0486,5.1591
10/12/2024 10:15,LUNA2USDT,-0.0249,5.1342
10/12/2024 10:15,ALPHAUSDT,-0.0208,5.1134
10/12/2024 10:30,OMGUSDT,-0.02,5.0934
10/12/2024 10:30,ALICEUSDT,-0.0338,5.0596
10/12/2024 10:30,MBOXUSDT,0.0481,5.1077
10/12/2024 10:30,ALGOUSDT,-0.0313,5.0764
10/12/2024 10:30,ORDIUSDT,-0.0229,5.0535
10/12/2024 10:45,API3USDT,-0.0323,5.0212
10/12/2024 10:45,RVNUSDT,-0.0218,4.9994
10/12/2024 11:00,HBARUSDT,-0.0251,4.9743
10/12/2024 13:00,SNXUSDT,-0.02,4.9543
10/12/2024 13:00,COMPUSDT,-0.0259,4.9284
10/12/2024 13:00,BLURUSDT,0.0485,4.9769
10/12/2024 13:45,CELRUSDT,0.0363,5.0132
10/12/2024 14:00,REZUSDT,-0.0235,4.9897
10/12/2024 14:00,PENDLEUSDT,-0.0304,4.9593
10/12/2024 14:30,OMNIUSDT,-0.0217,4.9376
10/12/2024 16:00,RONINUSDT,-0.021,4.9166
10/12/2024 16:00,EDUUSDT,-0.0216,4.895
10/12/2024 16:00,YGGUSDT,-0.02,4.875
10/12/2024 16:00,BLZUSDT,-0.0208,4.8542
10/12/2024 16:00,PYTHUSDT,-0.0206,4.8336
10/12/2024 16:00,JTOUSDT,-0.0209,4.8127
10/12/2024 16:00,GALAUSDT,-0.0225,4.7902
10/12/2024 16:45,IOUSDT,-0.0238,4.7664
10/12/2024 17:00,RSRUSDT,-0.0205,4.7459
10/12/2024 18:15,ANKRUSDT,-0.0236,4.7223
10/12/2024 20:45,CFXUSDT,-0.0232,4.6991
10/12/2024 21:30,DIAUSDT,-0.0246,4.6745
10/12/2024 22:00,OMGUSDT,0.0424,4.7169
10/12/2024 22:00,ACEUSDT,-0.0249,4.692
10/12/2024 23:30,ZROUSDT,0.0386,4.7306
10/12/2024 23:45,JUPUSDT,-0.0203,4.7103
10/13/2024 0:00,SSVUSDT,-0.0243,4.686
10/13/2024 0:30,API3USDT,-0.0218,4.6642
10/13/2024 0:45,YFIUSDT,0.0482,4.7124
10/13/2024 1:00,MAVUSDT,-0.0439,4.6685
10/13/2024 1:00,VOXELUSDT,0.0302,4.6987
10/13/2024 1:00,EOSUSDT,0.0434,4.7421
10/13/2024 1:00,JUPUSDT,0.0371,4.7792
10/13/2024 1:00,TONUSDT,-0.0331,4.7461
10/13/2024 3:15,STEEMUSDT,-0.0216,4.7245
10/13/2024 3:15,POLUSDT,-0.023,4.7015
10/13/2024 3:15,RENDERUSDT,-0.0212,4.6803
10/13/2024 3:15,GUSDT,-0.0222,4.6581
10/13/2024 3:15,ROSEUSDT,-0.0239,4.6342
10/13/2024 3:15,VETUSDT,-0.0204,4.6138
10/13/2024 3:15,LRCUSDT,-0.0229,4.5909
10/13/2024 3:45,TUSDT,0.0482,4.6391
10/13/2024 3:45,OMGUSDT,0.0042,4.6433
10/13/2024 4:30,JOEUSDT,-0.0231,4.6202
10/13/2024 6:15,CYBERUSDT,0.0476,4.6678
10/13/2024 7:00,UXLINKUSDT,0.0454,4.7132
10/13/2024 7:00,USTCUSDT,-0.0214,4.6918
10/13/2024 7:00,MAVIAUSDT,-0.0235,4.6683
10/13/2024 8:00,FXSUSDT,-0.0228,4.6455
10/13/2024 8:15,STRKUSDT,-0.0213,4.6242
10/13/2024 8:45,TUSDT,0.0351,4.6593
10/13/2024 8:45,UXLINKUSDT,0.0463,4.7056
10/13/2024 10:45,OMNIUSDT,0.0299,4.7355
10/13/2024 10:45,LPTUSDT,0.0452,4.7807
10/13/2024 10:45,HIFIUSDT,0.0414,4.8221
10/13/2024 10:45,ARUSDT,0.0478,4.8699
10/13/2024 10:45,LQTYUSDT,0.0375,4.9074
10/13/2024 10:45,1000LUNCUSDT,0.0374,4.9448
10/13/2024 11:00,ACEUSDT,0.0488,4.9936
10/13/2024 11:00,UMAUSDT,-0.0223,4.9713
10/13/2024 11:30,FETUSDT,-0.0231,4.9482
10/13/2024 12:15,KNCUSDT,-0.0239,4.9243
10/13/2024 14:00,DUSKUSDT,0.0494,4.9737
10/13/2024 14:00,AUCTIONUSDT,-0.0206,4.9531
10/13/2024 14:00,RONINUSDT,-0.0238,4.9293
10/13/2024 14:00,BALUSDT,-0.02,4.9093
10/13/2024 14:00,AMBUSDT,-0.0208,4.8885
10/13/2024 14:00,TUSDT,-0.0222,4.8663
10/13/2024 14:00,QTUMUSDT,-0.0222,4.8441
10/13/2024 14:00,LPTUSDT,0.0357,4.8798
10/13/2024 14:00,MAVUSDT,-0.0229,4.8569
10/13/2024 14:00,WAXPUSDT,0.0447,4.9016
10/13/2024 14:00,HIFIUSDT,-0.0233,4.8783
10/13/2024 14:00,NEOUSDT,-0.0232,4.8551
10/13/2024 14:00,IMXUSDT,0.0451,4.9002
10/13/2024 14:00,BICOUSDT,-0.023,4.8772
10/13/2024 14:00,NKNUSDT,0.0482,4.9254
10/13/2024 14:00,CKBUSDT,0.0427,4.9681
10/13/2024 14:00,YGGUSDT,-0.0237,4.9444
10/13/2024 14:00,BLZUSDT,-0.0257,4.9187
10/13/2024 14:00,CELRUSDT,-0.0209,4.8978
10/13/2024 14:00,MBOXUSDT,0.0464,4.9442
10/13/2024 14:00,THETAUSDT,-0.0203,4.9239
10/13/2024 14:00,ZECUSDT,0.0392,4.9631
10/13/2024 14:00,LINKUSDT,0.0422,5.0053
10/13/2024 14:00,ETCUSDT,-0.0221,4.9832
10/13/2024 14:00,COTIUSDT,0.0499,5.0331
10/13/2024 14:00,ALPHAUSDT,0.0449,5.078
10/13/2024 14:00,UNFIUSDT,0.0459,5.1239
10/13/2024 14:00,ZENUSDT,-0.0295,5.0944
10/13/2024 14:00,PIXELUSDT,-0.0257,5.0687
10/13/2024 14:30,CAKEUSDT,-0.0368,5.0319
10/13/2024 14:30,CHRUSDT,-0.0281,5.0038
10/13/2024 14:30,GRTUSDT,-0.0241,4.9797
10/13/2024 14:30,GHSTUSDT,-0.0218,4.9579
10/13/2024 14:30,REIUSDT,-0.0221,4.9358
10/13/2024 14:30,ALTUSDT,-0.031,4.9048
10/13/2024 14:30,ICPUSDT,-0.0232,4.8816
10/13/2024 14:30,1INCHUSDT,-0.0274,4.8542
10/13/2024 14:30,1000FLOKIUSDT,-0.023,4.8312
10/13/2024 14:30,1000BONKUSDT,-0.0228,4.8084
10/13/2024 14:30,XRPUSDT,0.0422,4.8506
10/13/2024 14:30,HOOKUSDT,-0.0237,4.8269
10/13/2024 14:30,HBARUSDT,-0.0222,4.8047
10/13/2024 14:30,SXPUSDT,0.0444,4.8491
10/13/2024 14:30,TRBUSDT,-0.0255,4.8236
10/13/2024 14:30,GLMUSDT,-0.022,4.8016
10/13/2024 14:30,ILVUSDT,-0.0341,4.7675
10/13/2024 14:30,API3USDT,-0.0282,4.7393
10/13/2024 14:30,KAVAUSDT,-0.02,4.7193
10/13/2024 14:30,LDOUSDT,-0.0224,4.6969
10/13/2024 14:30,RDNTUSDT,-0.032,4.6649
10/13/2024 14:30,ONTUSDT,-0.0265,4.6384
10/13/2024 14:30,RENUSDT,-0.0226,4.6158
10/13/2024 14:30,BADGERUSDT,-0.0251,4.5907
10/13/2024 14:30,UXLINKUSDT,-0.0297,4.561
10/13/2024 14:30,JASMYUSDT,-0.0235,4.5375
10/13/2024 14:30,ALGOUSDT,-0.029,4.5085
10/13/2024 14:30,FLUXUSDT,-0.027,4.4815
10/13/2024 14:30,1000LUNCUSDT,-0.0267,4.4548
10/13/2024 14:30,RVNUSDT,-0.0261,4.4287
10/13/2024 14:45,AERGOUSDT,-0.0234,4.4053
10/13/2024 14:45,DOGSUSDT,-0.0207,4.3846
10/13/2024 14:45,GUSDT,-0.0211,4.3635
10/13/2024 14:45,ACHUSDT,-0.0211,4.3424
10/13/2024 15:15,YFIUSDT,-0.0272,4.3152
10/13/2024 17:15,DIAUSDT,-0.0361,4.2791
10/13/2024 17:30,QNTUSDT,-0.0249,4.2542
10/13/2024 17:30,FTMUSDT,-0.0214,4.2328
10/13/2024 17:30,ICPUSDT,-0.0209,4.2119
10/13/2024 17:30,WAXPUSDT,-0.021,4.1909
10/13/2024 17:30,STMXUSDT,-0.02,4.1709
10/13/2024 17:30,GUSDT,-0.0225,4.1484
10/13/2024 17:30,MTLUSDT,-0.0245,4.1239
10/13/2024 17:30,KNCUSDT,-0.0241,4.0998
10/13/2024 17:30,SUSHIUSDT,-0.0206,4.0792
10/13/2024 17:30,OXTUSDT,-0.0204,4.0588
10/13/2024 17:30,ALPHAUSDT,-0.0215,4.0373
10/13/2024 17:45,IOSTUSDT,-0.0211,4.0162
10/13/2024 17:45,SUPERUSDT,-0.0242,3.992
10/13/2024 18:00,WOOUSDT,-0.0244,3.9676
10/13/2024 18:00,KDAUSDT,-0.0211,3.9465
10/13/2024 18:00,ENJUSDT,-0.0203,3.9262
10/13/2024 18:00,COSUSDT,-0.0224,3.9038
10/13/2024 18:00,MASKUSDT,-0.0224,3.8814
10/13/2024 18:00,TUSDT,-0.0242,3.8572
10/13/2024 18:00,SNXUSDT,-0.0228,3.8344
10/13/2024 18:00,POLUSDT,-0.0216,3.8128
10/13/2024 18:00,BNTUSDT,-0.0225,3.7903
10/13/2024 18:00,DEFIUSDT,-0.0204,3.7699
10/13/2024 18:00,ICXUSDT,-0.0251,3.7448
10/13/2024 18:00,SXPUSDT,-0.0232,3.7216
10/13/2024 18:00,BANDUSDT,-0.0237,3.6979
10/13/2024 18:00,LTCUSDT,-0.0206,3.6773
10/13/2024 18:00,AXSUSDT,-0.0225,3.6548
10/13/2024 18:00,SANDUSDT,-0.0242,3.6306
10/13/2024 18:00,LINKUSDT,-0.0209,3.6097
10/13/2024 18:00,ZRXUSDT,-0.0302,3.5795
10/13/2024 18:00,ATAUSDT,-0.0244,3.5551
10/13/2024 18:00,ARBUSDT,-0.0259,3.5292
10/13/2024 18:30,DARUSDT,-0.02,3.5092
10/13/2024 23:45,POLYXUSDT,-0.0284,3.4808
10/14/2024 0:00,1MBABYDOGEUSDT,-0.0263,3.4545
10/14/2024 1:15,NFPUSDT,0.0407,3.4952
10/14/2024 1:15,OPUSDT,-0.0203,3.4749
10/14/2024 1:15,MAVUSDT,-0.0326,3.4423
10/14/2024 1:15,XEMUSDT,0.05,3.4923
10/14/2024 1:15,RDNTUSDT,-0.0222,3.4701
10/14/2024 1:15,ZKUSDT,0.0483,3.5184
10/14/2024 1:15,COTIUSDT,-0.029,3.4894
10/14/2024 1:15,LRCUSDT,-0.026,3.4634
10/14/2024 2:45,YGGUSDT,0.0496,3.513
10/14/2024 3:00,SOLUSDT,0.0492,3.5622
10/14/2024 3:00,JUPUSDT,0.0488,3.611
10/14/2024 3:00,DODOXUSDT,-0.0267,3.5843
10/14/2024 3:15,HIGHUSDT,0.0377,3.622
10/14/2024 3:15,NMRUSDT,-0.0387,3.5833
10/14/2024 3:15,KEYUSDT,0.0329,3.6162
10/14/2024 3:15,UMAUSDT,-0.0308,3.5854
10/14/2024 3:15,METISUSDT,0.0304,3.6158
10/14/2024 3:15,DOTUSDT,0.0319,3.6477
10/14/2024 3:15,BELUSDT,0.0432,3.6909
10/14/2024 3:15,LOOMUSDT,0.0384,3.7293
10/14/2024 3:15,NOTUSDT,0.0395,3.7688
10/14/2024 3:15,LUNA2USDT,0.0432,3.812
10/14/2024 3:15,HOTUSDT,0.0313,3.8433
10/14/2024 6:15,IOTAUSDT,0.0418,3.8851
10/14/2024 6:15,BELUSDT,0.0478,3.9329
10/14/2024 6:15,STRKUSDT,-0.0253,3.9076
10/14/2024 6:45,COMPUSDT,-0.0237,3.8839
10/14/2024 6:45,AEVOUSDT,0.0451,3.929
10/14/2024 7:15,APEUSDT,-0.0226,3.9064
10/14/2024 7:15,OMGUSDT,-0.0259,3.8805
10/14/2024 7:15,VOXELUSDT,-0.0207,3.8598
10/14/2024 7:30,ENJUSDT,-0.0208,3.839
10/14/2024 7:30,XLMUSDT,0.0461,3.8851
10/14/2024 7:30,BONDUSDT,0.0432,3.9283
10/14/2024 7:30,SYSUSDT,-0.0211,3.9072
10/14/2024 7:30,DEFIUSDT,0.0491,3.9563
10/14/2024 7:30,RPLUSDT,0.0497,4.006
10/14/2024 7:30,ATOMUSDT,-0.0228,3.9832
10/14/2024 7:30,LOOMUSDT,-0.0204,3.9628
10/14/2024 7:30,KASUSDT,-0.0296,3.9332
10/14/2024 7:45,BTCUSDT,0.0478,3.981
10/14/2024 7:45,MTLUSDT,-0.02,3.961
10/14/2024 7:45,EOSUSDT,0.05,4.011
10/14/2024 7:45,RVNUSDT,-0.02,3.991
10/14/2024 7:45,CHESSUSDT,-0.0243,3.9667
10/14/2024 9:15,CHRUSDT,0.0413,4.008
10/14/2024 9:15,XVGUSDT,-0.0213,3.9867
10/14/2024 9:15,C98USDT,-0.0222,3.9645
10/14/2024 9:15,ZILUSDT,0.0466,4.0111
10/14/2024 9:30,XLMUSDT,0.0447,4.0558
10/14/2024 9:30,SFPUSDT,0.0459,4.1017
10/14/2024 9:30,ACEUSDT,0.0473,4.149
10/14/2024 9:30,ONEUSDT,0.034,4.183
10/14/2024 9:30,EGLDUSDT,0.0491,4.2321
10/14/2024 9:30,TRBUSDT,0.0487,4.2808
10/14/2024 9:30,CKBUSDT,0.0387,4.3195
10/14/2024 9:30,ILVUSDT,0.0449,4.3644
10/14/2024 9:30,LDOUSDT,0.0443,4.4087
10/14/2024 9:30,FLMUSDT,0.0466,4.4553
10/14/2024 9:30,PYTHUSDT,-0.0245,4.4308
10/14/2024 9:30,JASMYUSDT,0.0412,4.472
10/14/2024 9:30,LUNA2USDT,0.0486,4.5206
10/14/2024 9:30,ATAUSDT,0.0477,4.5683
10/14/2024 9:45,IMXUSDT,0.0496,4.6179
10/14/2024 10:00,CAKEUSDT,0.0482,4.6661
10/14/2024 10:30,1INCHUSDT,-0.0205,4.6456
10/14/2024 10:30,KNCUSDT,-0.0212,4.6244
10/14/2024 10:45,BONDUSDT,-0.0282,4.5962
10/14/2024 10:45,RLCUSDT,0.0395,4.6357
10/14/2024 11:00,LOOMUSDT,-0.0208,4.6149
10/14/2024 11:15,API3USDT,-0.0206,4.5943
10/14/2024 11:30,OGNUSDT,-0.02,4.5743
10/14/2024 11:30,QUICKUSDT,0.05,4.6243
10/14/2024 11:45,RVNUSDT,0.0487,4.673
10/14/2024 12:00,ACHUSDT,0.0497,4.7227
10/14/2024 12:00,FIOUSDT,0.048,4.7707
10/14/2024 12:00,FILUSDT,0.0457,4.8164
10/14/2024 13:45,BATUSDT,0.0399,4.8563
10/14/2024 13:45,BALUSDT,0.0432,4.8995
10/14/2024 13:45,SFPUSDT,0.0429,4.9424
10/14/2024 13:45,QTUMUSDT,0.0407,4.9831
10/14/2024 13:45,ICPUSDT,0.0397,5.0228
10/14/2024 13:45,STEEMUSDT,0.0431,5.0659
10/14/2024 13:45,ENSUSDT,0.0477,5.1136
10/14/2024 13:45,DOTUSDT,0.033,5.1466
10/14/2024 13:45,EOSUSDT,0.0432,5.1898
10/14/2024 13:45,BLZUSDT,0.0477,5.2375
10/14/2024 13:45,ROSEUSDT,-0.0293,5.2082
10/14/2024 13:45,RVNUSDT,0.0442,5.2524
10/14/2024 14:00,HIGHUSDT,-0.0201,5.2323
10/14/2024 14:00,GUSDT,0.0468,5.2791
10/14/2024 14:00,LSKUSDT,-0.0227,5.2564
10/14/2024 14:00,UNFIUSDT,-0.0218,5.2346
10/14/2024 14:15,ETHFIUSDT,0.042,5.2766
10/14/2024 14:15,CKBUSDT,-0.0252,5.2514
10/14/2024 15:15,LITUSDT,0.05,5.3014
10/14/2024 15:45,SXPUSDT,-0.0238,5.2776
10/14/2024 16:30,POLYXUSDT,-0.0223,5.2553
10/14/2024 16:30,LEVERUSDT,-0.0229,5.2324
10/14/2024 16:30,FIOUSDT,-0.0333,5.1991
10/14/2024 16:45,THETAUSDT,-0.0234,5.1757
10/14/2024 17:00,MBOXUSDT,0.0138,5.1895
10/14/2024 17:30,SSVUSDT,-0.0209,5.1686
10/14/2024 17:30,BNTUSDT,-0.0212,5.1474
10/14/2024 17:30,ONGUSDT,-0.0231,5.1243
10/14/2024 17:30,PERPUSDT,-0.0229,5.1014
10/14/2024 17:30,API3USDT,-0.0214,5.08
10/14/2024 17:30,ZKUSDT,-0.0206,5.0594
10/14/2024 17:30,BADGERUSDT,-0.0204,5.039
10/14/2024 17:30,UNFIUSDT,-0.0389,5.0001
10/14/2024 17:45,STEEMUSDT,-0.0203,4.9798
10/14/2024 17:45,TONUSDT,-0.0221,4.9577
10/14/2024 17:45,LUNA2USDT,-0.0327,4.925
10/14/2024 17:45,1000LUNCUSDT,-0.0492,4.8758
10/14/2024 18:00,NTRNUSDT,-0.0228,4.853
10/14/2024 18:00,LINKUSDT,0.0484,4.9014
10/14/2024 18:00,ZRXUSDT,-0.0207,4.8807
10/14/2024 18:00,ZENUSDT,-0.0209,4.8598
10/14/2024 18:30,POLUSDT,-0.0238,4.836
10/14/2024 18:30,KAVAUSDT,-0.0243,4.8117
10/14/2024 18:30,RPLUSDT,-0.0206,4.7911
10/14/2024 18:30,ZROUSDT,-0.0209,4.7702
10/14/2024 19:00,ACHUSDT,-0.0268,4.7434
10/14/2024 19:00,HOTUSDT,-0.0207,4.7227
10/14/2024 19:00,ARBUSDT,-0.0209,4.7018
10/14/2024 20:00,ICPUSDT,-0.0206,4.6812
10/14/2024 20:00,BNTUSDT,-0.0237,4.6575
10/14/2024 20:00,GTCUSDT,-0.0299,4.6276
10/14/2024 20:00,ICXUSDT,0.05,4.6776
10/14/2024 20:00,FLMUSDT,-0.0299,4.6477
10/14/2024 20:15,CHRUSDT,-0.0277,4.62
10/14/2024 20:15,TNSRUSDT,-0.023,4.597
10/14/2024 20:30,COMBOUSDT,-0.02,4.577
10/14/2024 20:30,RPLUSDT,-0.0267,4.5503
10/14/2024 21:00,APEUSDT,-0.0249,4.5254
10/14/2024 21:00,LRCUSDT,-0.0209,4.5045
10/14/2024 21:15,AVAXUSDT,-0.0321,4.4724
10/14/2024 22:00,DENTUSDT,0.0459,4.5183
10/14/2024 22:15,SSVUSDT,-0.0278,4.4905
10/14/2024 22:15,AIUSDT,-0.0236,4.4669
10/14/2024 22:15,HOOKUSDT,-0.02,4.4469
10/14/2024 22:15,NEOUSDT,-0.0258,4.4211
10/14/2024 22:15,SANDUSDT,-0.0209,4.4002
10/14/2024 22:30,APEUSDT,-0.0206,4.3796
10/14/2024 22:30,CFXUSDT,-0.024,4.3556
10/14/2024 22:30,IMXUSDT,-0.0331,4.3225
10/14/2024 22:30,ARPAUSDT,-0.0222,4.3003
10/14/2024 22:30,UNFIUSDT,-0.0213,4.279
10/14/2024 22:30,ATAUSDT,-0.022,4.257
10/14/2024 22:45,RPLUSDT,-0.0246,4.2324
10/14/2024 22:45,XAIUSDT,-0.0213,4.2111
10/14/2024 22:45,MAVIAUSDT,-0.0249,4.1862
10/15/2024 0:15,BALUSDT,-0.0209,4.1653
10/15/2024 0:15,IOTAUSDT,-0.0272,4.1381
10/15/2024 0:15,STGUSDT,-0.0248,4.1133
10/15/2024 0:15,LITUSDT,-0.02,4.0933
10/15/2024 0:15,XVGUSDT,-0.0248,4.0685
10/15/2024 0:15,1000BONKUSDT,-0.0303,4.0382
10/15/2024 0:15,DOGEUSDT,-0.0343,4.0039
10/15/2024 0:15,DOTUSDT,0.0456,4.0495
10/15/2024 0:15,PERPUSDT,-0.0211,4.0284
10/15/2024 0:15,DYDXUSDT,0.0452,4.0736
10/15/2024 0:15,VETUSDT,-0.0215,4.0521
10/15/2024 0:15,CHESSUSDT,-0.0213,4.0308
10/15/2024 2:00,LITUSDT,-0.0256,4.0052
10/15/2024 2:30,DOTUSDT,-0.021,3.9842
10/15/2024 3:15,ORBSUSDT,0.0462,4.0304
10/15/2024 3:15,TOKENUSDT,0.0486,4.079
10/15/2024 4:30,BLZUSDT,-0.0217,4.0573
10/15/2024 5:15,SNXUSDT,0.0478,4.1051
10/15/2024 5:15,WUSDT,-0.0213,4.0838
10/15/2024 5:15,BNXUSDT,0.0492,4.133
10/15/2024 5:30,LISTAUSDT,-0.0261,4.1069
10/15/2024 5:30,AMBUSDT,-0.0232,4.0837
10/15/2024 5:30,JOEUSDT,-0.0225,4.0612
10/15/2024 5:30,PENDLEUSDT,-0.0222,4.039
10/15/2024 5:30,POWRUSDT,0.0429,4.0819
10/15/2024 5:30,XVSUSDT,-0.0206,4.0613
10/15/2024 5:30,VANRYUSDT,-0.0256,4.0357
10/15/2024 5:30,ALPACAUSDT,0.0465,4.0822
10/15/2024 5:30,GLMUSDT,-0.0241,4.0581
10/15/2024 5:30,BLURUSDT,-0.025,4.0331
10/15/2024 5:30,ILVUSDT,-0.0229,4.0102
10/15/2024 5:30,LOOMUSDT,0.0386,4.0488
10/15/2024 5:30,KASUSDT,-0.0226,4.0262
10/15/2024 5:30,AVAXUSDT,-0.0244,4.0018
10/15/2024 5:30,XTZUSDT,-0.0287,3.9731
10/15/2024 5:30,TONUSDT,-0.0225,3.9506
10/15/2024 5:30,RIFUSDT,-0.0282,3.9224
10/15/2024 8:15,XAIUSDT,-0.0254,3.897
10/15/2024 10:30,ATAUSDT,-0.0225,3.8745
10/15/2024 11:00,GHSTUSDT,0.0441,3.9186
10/15/2024 11:00,SNXUSDT,-0.0238,3.8948
10/15/2024 11:00,1000SHIBUSDT,0.0356,3.9304
10/15/2024 11:00,1000BONKUSDT,0.0334,3.9638
10/15/2024 11:00,HMSTRUSDT,-0.0209,3.9429
10/15/2024 11:00,EIGENUSDT,-0.0231,3.9198
10/15/2024 11:00,CELRUSDT,0.0229,3.9427
10/15/2024 11:00,1000PEPEUSDT,0.0274,3.9701
10/15/2024 19:15,QNTUSDT,-0.0225,3.9476
10/15/2024 20:15,SYNUSDT,-0.0292,3.9184
10/16/2024 2:00,ETCUSDT,-0.0207,3.8977
10/16/2024 5:45,REZUSDT,0.0334,3.9311
10/16/2024 5:45,YGGUSDT,0.0452,3.9763
10/16/2024 6:15,CAKEUSDT,-0.0208,3.9555
10/16/2024 6:15,BBUSDT,-0.0372,3.9183
10/16/2024 6:15,SFPUSDT,-0.031,3.8873
10/16/2024 6:15,ASTRUSDT,-0.0214,3.8659
10/16/2024 6:15,BIGTIMEUSDT,-0.0259,3.84
10/16/2024 6:15,IOTXUSDT,-0.0232,3.8168
10/16/2024 6:15,RSRUSDT,-0.0295,3.7873
10/16/2024 6:15,AVAXUSDT,-0.0218,3.7655
10/16/2024 6:15,AEVOUSDT,-0.032,3.7335
10/16/2024 6:15,OXTUSDT,-0.0255,3.708
10/16/2024 6:15,CHESSUSDT,-0.0209,3.6871
10/16/2024 7:00,FIDAUSDT,-0.02,3.6671
10/16/2024 8:30,ETHWUSDT,0.0496,3.7167
10/16/2024 8:45,COSUSDT,-0.0266,3.6901
10/16/2024 8:45,HBARUSDT,-0.0214,3.6687
10/16/2024 10:00,DIAUSDT,-0.0241,3.6446
10/16/2024 11:00,SKLUSDT,-0.0236,3.621
10/16/2024 11:15,YFIUSDT,-0.0217,3.5993
10/16/2024 11:30,STMXUSDT,-0.022,3.5773
10/16/2024 13:30,XRPUSDT,0.0399,3.6172
10/16/2024 14:30,FIOUSDT,0.0473,3.6645
10/16/2024 15:30,XLMUSDT,0.0491,3.7136
10/16/2024 16:00,XVSUSDT,-0.0251,3.6885
10/16/2024 16:15,BICOUSDT,0.0481,3.7366
10/16/2024 17:30,RDNTUSDT,0.0255,3.7621
10/16/2024 20:00,CAKEUSDT,-0.0204,3.7417
10/16/2024 20:45,GRTUSDT,-0.0222,3.7195
10/16/2024 21:00,BONDUSDT,-0.0213,3.6982
10/16/2024 22:15,GTCUSDT,-0.02,3.6782
10/16/2024 22:15,LOOMUSDT,0.0377,3.7159
10/16/2024 22:30,PEOPLEUSDT,-0.0229,3.693
10/17/2024 0:00,MINAUSDT,-0.0247,3.6683
10/17/2024 0:45,ARKMUSDT,0.0472,3.7155
10/17/2024 2:30,ZENUSDT,0.0472,3.7627
10/17/2024 4:15,STGUSDT,0.0492,3.8119
10/17/2024 4:30,GHSTUSDT,0.0444,3.8563
10/17/2024 4:30,STXUSDT,0.0453,3.9016
10/17/2024 4:30,POLYXUSDT,0.0441,3.9457
10/17/2024 4:30,SOLUSDT,0.0465,3.9922
10/17/2024 4:30,KASUSDT,0.0067,3.9989
10/17/2024 4:30,FLOWUSDT,0.0451,4.044
10/17/2024 4:30,XAIUSDT,0.0483,4.0923
10/17/2024 4:30,ZENUSDT,0.0472,4.1395
10/17/2024 4:45,POWRUSDT,0.0475,4.187
10/17/2024 5:00,PYTHUSDT,0.0496,4.2366
10/17/2024 5:45,ILVUSDT,-0.0236,4.213
10/17/2024 7:00,EIGENUSDT,0.0463,4.2593
10/17/2024 7:00,PYTHUSDT,-0.0205,4.2388
10/17/2024 7:00,NOTUSDT,0.0402,4.279
10/17/2024 7:00,ADAUSDT,0.0475,4.3265
10/17/2024 7:15,CAKEUSDT,0.0433,4.3698
10/17/2024 7:15,APEUSDT,0.0463,4.4161
10/17/2024 7:15,ENJUSDT,0.0486,4.4647
10/17/2024 7:15,HFTUSDT,0.0433,4.508
10/17/2024 7:15,CHRUSDT,0.0424,4.5504
10/17/2024 7:15,IOTAUSDT,-0.0231,4.5273
10/17/2024 7:15,GRTUSDT,-0.0214,4.5059
10/17/2024 7:15,GHSTUSDT,-0.0313,4.4746
10/17/2024 7:15,QTUMUSDT,0.0448,4.5194
10/17/2024 7:15,HIGHUSDT,-0.0292,4.4902
10/17/2024 7:15,GMXUSDT,-0.021,4.4692
10/17/2024 7:15,1INCHUSDT,0.0461,4.5153
10/17/2024 7:15,IOSTUSDT,0.0472,4.5625
10/17/2024 7:15,AERGOUSDT,-0.0292,4.5333
10/17/2024 7:15,ENSUSDT,-0.0216,4.5117
10/17/2024 7:15,DOGEUSDT,-0.02,4.4917
10/17/2024 7:15,METISUSDT,0.0415,4.5332
10/17/2024 7:15,BSVUSDT,-0.0279,4.5053
10/17/2024 7:15,WUSDT,0.05,4.5553
10/17/2024 7:15,NTRNUSDT,0.0477,4.603
10/17/2024 7:15,COMBOUSDT,-0.0233,4.5797
10/17/2024 7:15,ONDOUSDT,-0.0237,4.556
10/17/2024 7:15,PERPUSDT,-0.02,4.536
10/17/2024 7:15,BELUSDT,-0.02,4.516
10/17/2024 7:15,NULSUSDT,0.0457,4.5617
10/17/2024 7:15,ETHWUSDT,-0.0253,4.5364
10/17/2024 7:15,API3USDT,-0.0201,4.5163
10/17/2024 7:15,KAVAUSDT,-0.0224,4.4939
10/17/2024 7:15,ALICEUSDT,-0.02,4.4739
10/17/2024 7:15,ONTUSDT,0.0481,4.522
10/17/2024 7:15,MBOXUSDT,0.048,4.57
10/17/2024 7:15,LOKAUSDT,0.0447,4.6147
10/17/2024 7:15,FLOWUSDT,-0.02,4.5947
10/17/2024 7:15,LINKUSDT,0.0494,4.6441
10/17/2024 7:15,RLCUSDT,0.0468,4.6909
10/17/2024 7:15,CTSIUSDT,0.0411,4.732
10/17/2024 7:15,C98USDT,0.0466,4.7786
10/17/2024 7:15,LUNA2USDT,-0.0219,4.7567
10/17/2024 7:15,TOKENUSDT,-0.0208,4.7359
10/17/2024 7:15,ZENUSDT,-0.0212,4.7147
10/17/2024 7:15,PIXELUSDT,-0.0253,4.6894
10/17/2024 8:45,ARKUSDT,0.0396,4.729
10/17/2024 9:15,WUSDT,-0.0276,4.7014
10/17/2024 9:30,POWRUSDT,-0.0209,4.6805
10/17/2024 9:30,ETHWUSDT,-0.0218,4.6587
10/17/2024 9:30,API3USDT,0.0472,4.7059
10/17/2024 9:30,LTCUSDT,-0.0205,4.6854
10/17/2024 9:30,ALGOUSDT,0.0461,4.7315
10/17/2024 9:45,GUSDT,-0.0207,4.7108
10/17/2024 9:45,EOSUSDT,-0.0251,4.6857
10/17/2024 9:45,COTIUSDT,-0.0225,4.6632
10/17/2024 9:45,DASHUSDT,-0.0243,4.6389
10/17/2024 10:00,ENJUSDT,-0.0219,4.617
10/17/2024 10:00,SFPUSDT,0.0475,4.6645
10/17/2024 10:00,SKLUSDT,0.0458,4.7103
10/17/2024 10:00,AIUSDT,-0.0243,4.686
10/17/2024 10:00,QTUMUSDT,-0.0262,4.6598
10/17/2024 10:00,GASUSDT,-0.021,4.6388
10/17/2024 10:00,1000SHIBUSDT,-0.0254,4.6134
10/17/2024 10:00,NEARUSDT,0.0407,4.6541
10/17/2024 10:00,JOEUSDT,-0.0205,4.6336
10/17/2024 10:00,POLUSDT,-0.024,4.6096
10/17/2024 10:00,BNTUSDT,-0.0229,4.5867
10/17/2024 10:00,WAXPUSDT,-0.0215,4.5652
10/17/2024 10:00,ENSUSDT,0.0481,4.6133
10/17/2024 10:00,UMAUSDT,-0.0212,4.5921
10/17/2024 10:00,GMTUSDT,-0.027,4.5651
10/17/2024 10:00,DOTUSDT,-0.0288,4.5363
10/17/2024 10:00,COMBOUSDT,-0.0208,4.5155
10/17/2024 10:00,ICXUSDT,-0.02,4.4955
10/17/2024 10:00,GLMUSDT,-0.0216,4.4739
10/17/2024 10:00,ARPAUSDT,-0.03,4.4439
10/17/2024 10:00,CKBUSDT,-0.0219,4.422
10/17/2024 10:00,TRUUSDT,-0.0214,4.4006
10/17/2024 10:00,LDOUSDT,-0.0207,4.3799
10/17/2024 10:00,DENTUSDT,-0.0311,4.3488
10/17/2024 10:00,YGGUSDT,-0.0254,4.3234
10/17/2024 10:00,AXSUSDT,-0.0236,4.2998
10/17/2024 10:00,ONTUSDT,-0.0251,4.2747
10/17/2024 10:00,ZROUSDT,-0.0213,4.2534
10/17/2024 10:00,LOKAUSDT,-0.023,4.2304
10/17/2024 10:00,LINKUSDT,-0.0308,4.1996
10/17/2024 10:00,ACHUSDT,0.0439,4.2435
10/17/2024 10:00,PIXELUSDT,-0.0261,4.2174
10/17/2024 10:00,ATAUSDT,0.0347,4.2521
10/17/2024 10:00,RVNUSDT,0.0476,4.2997
10/17/2024 10:00,FILUSDT,-0.0243,4.2754
10/17/2024 10:15,BATUSDT,-0.0232,4.2522
10/17/2024 10:15,IDUSDT,-0.0255,4.2267
10/17/2024 10:15,STXUSDT,-0.028,4.1987
10/17/2024 10:15,STEEMUSDT,-0.0258,4.1729
10/17/2024 10:15,HIGHUSDT,-0.023,4.1499
10/17/2024 10:15,UNIUSDT,-0.0249,4.125
10/17/2024 10:15,PORTALUSDT,-0.02,4.105
10/17/2024 10:15,LINAUSDT,-0.02,4.085
10/17/2024 10:15,NKNUSDT,-0.0213,4.0637
10/17/2024 10:15,LQTYUSDT,-0.024,4.0397
10/17/2024 10:15,RPLUSDT,-0.021,4.0187
10/17/2024 10:15,ALICEUSDT,-0.0229,3.9958
10/17/2024 10:15,ROSEUSDT,-0.02,3.9758
10/17/2024 10:15,ATOMUSDT,-0.0234,3.9524
10/17/2024 10:15,JUPUSDT,-0.023,3.9294
10/17/2024 10:15,PHBUSDT,-0.0203,3.9091
10/17/2024 10:15,MBOXUSDT,-0.026,3.8831
10/17/2024 10:15,THETAUSDT,0.0495,3.9326
10/17/2024 10:15,SANDUSDT,0.0443,3.9769
10/17/2024 10:15,XAIUSDT,-0.0211,3.9558
10/17/2024 10:15,NOTUSDT,-0.0221,3.9337
10/17/2024 10:15,CTSIUSDT,-0.0213,3.9124
10/17/2024 10:15,C98USDT,-0.0254,3.887
10/17/2024 10:15,ADAUSDT,-0.0276,3.8594
10/17/2024 10:15,OMUSDT,-0.0248,3.8346
10/17/2024 10:15,1000LUNCUSDT,-0.0238,3.8108
10/17/2024 10:15,CYBERUSDT,-0.0251,3.7857
10/17/2024 10:15,TOKENUSDT,-0.0224,3.7633
10/17/2024 10:15,USTCUSDT,-0.0205,3.7428
10/17/2024 10:15,1000PEPEUSDT,0.0478,3.7906
10/17/2024 10:15,LRCUSDT,-0.0239,3.7667
10/17/2024 10:30,AMBUSDT,-0.0205,3.7462
10/17/2024 10:30,AERGOUSDT,-0.0214,3.7248
10/17/2024 10:30,1000SATSUSDT,-0.0233,3.7015
10/17/2024 10:30,KLAYUSDT,-0.0254,3.6761
10/17/2024 10:30,RENUSDT,-0.0214,3.6547
10/17/2024 10:30,TLMUSDT,-0.0215,3.6332
10/17/2024 11:15,XEMUSDT,-0.0302,3.603
10/17/2024 11:15,EIGENUSDT,-0.0277,3.5753
10/17/2024 11:30,UMAUSDT,-0.0222,3.5531
10/17/2024 11:45,HOTUSDT,-0.021,3.5321
10/17/2024 13:45,BANDUSDT,-0.0256,3.5065
10/17/2024 15:15,SUSHIUSDT,-0.0215,3.485
10/17/2024 15:30,LTCUSDT,0.0483,3.5333
10/17/2024 16:00,VIDTUSDT,-0.032,3.5013
10/17/2024 16:00,METISUSDT,-0.0239,3.4774
10/17/2024 17:15,FXSUSDT,-0.0207,3.4567
10/17/2024 22:00,CRVUSDT,0.05,3.5067
10/17/2024 22:45,ALPACAUSDT,-0.0218,3.4849
10/18/2024 1:00,SKLUSDT,0.0495,3.5344
10/18/2024 1:15,COMBOUSDT,-0.021,3.5134
10/18/2024 1:15,PERPUSDT,0.0225,3.5359
10/18/2024 1:15,OGNUSDT,0.0431,3.579
10/18/2024 1:30,BAKEUSDT,0.0414,3.6204
10/18/2024 2:45,XLMUSDT,-0.0215,3.5989
10/18/2024 3:30,FXSUSDT,-0.0207,3.5782
10/18/2024 4:00,KNCUSDT,0.043,3.6212
10/18/2024 4:15,NFPUSDT,0.0459,3.6671
10/18/2024 4:15,NOTUSDT,0.0498,3.7169
10/18/2024 5:00,RPLUSDT,0.0417,3.7586
10/18/2024 5:45,MASKUSDT,-0.0212,3.7374
10/18/2024 5:45,BRETTUSDT,0.0366,3.774
10/18/2024 5:45,LINAUSDT,-0.02,3.754
10/18/2024 6:00,ICPUSDT,0.0497,3.8037
10/18/2024 6:00,HIGHUSDT,-0.0204,3.7833
10/18/2024 6:00,SXPUSDT,-0.0212,3.7621
10/18/2024 6:00,TRBUSDT,0.0468,3.8089
10/18/2024 6:00,KNCUSDT,-0.0212,3.7877
10/18/2024 6:15,FXSUSDT,-0.0235,3.7642
10/18/2024 6:15,CRVUSDT,0.05,3.8142
10/18/2024 6:15,ZRXUSDT,-0.02,3.7942
10/18/2024 7:30,TRUUSDT,0.0111,3.8053
10/18/2024 7:45,LDOUSDT,-0.0234,3.7819
10/18/2024 8:45,JUPUSDT,-0.0216,3.7603
10/18/2024 9:00,HIFIUSDT,0.0481,3.8084
10/18/2024 9:15,SPELLUSDT,0.0219,3.8303
10/18/2024 9:15,RAREUSDT,0.033,3.8633
10/18/2024 10:15,SUIUSDT,-0.0225,3.8408
10/18/2024 10:30,HMSTRUSDT,-0.0286,3.8122
10/18/2024 10:30,CELOUSDT,0.007,3.8192
10/18/2024 10:30,TRBUSDT,-0.0215,3.7977
10/18/2024 10:45,ZECUSDT,0.0446,3.8423
10/18/2024 11:00,EGLDUSDT,-0.0215,3.8208
10/18/2024 12:00,ZECUSDT,0.0395,3.8603
10/18/2024 15:30,AERGOUSDT,-0.0216,3.8387
10/18/2024 15:30,NTRNUSDT,-0.0242,3.8145
10/18/2024 16:00,SNXUSDT,-0.0287,3.7858
10/18/2024 16:30,STGUSDT,-0.022,3.7638
10/18/2024 16:30,ICPUSDT,0.0452,3.809
10/18/2024 16:30,AERGOUSDT,-0.0222,3.7868
10/18/2024 16:30,WAXPUSDT,0.0476,3.8344
10/18/2024 16:30,MTLUSDT,0.0448,3.8792
10/18/2024 16:30,1000XECUSDT,-0.0299,3.8493
10/18/2024 16:30,NTRNUSDT,-0.021,3.8283
10/18/2024 16:30,ILVUSDT,0.0469,3.8752
10/18/2024 16:30,YGGUSDT,0.0481,3.9233
10/18/2024 16:30,SANDUSDT,0.0472,3.9705
10/18/2024 16:30,GALAUSDT,0.0354,4.0059
10/18/2024 16:30,FILUSDT,0.05,4.0559
10/18/2024 16:45,ASTRUSDT,0.0465,4.1024
10/18/2024 16:45,BSWUSDT,0.0475,4.1499
10/18/2024 16:45,GUSDT,0.048,4.1979
10/18/2024 16:45,PYTHUSDT,-0.0259,4.172
10/18/2024 16:45,AVAXUSDT,0.0419,4.2139
10/18/2024 18:00,GUSDT,-0.0225,4.1914
10/18/2024 18:15,BBUSDT,-0.0218,4.1696
10/18/2024 18:15,OPUSDT,-0.021,4.1486
10/18/2024 18:15,POLUSDT,-0.0231,4.1255
10/18/2024 18:15,ARBUSDT,-0.0208,4.1047
10/18/2024 18:30,ETHFIUSDT,-0.0249,4.0798
10/18/2024 18:30,BTCUSDT,-0.0219,4.0579
10/18/2024 18:30,BNTUSDT,-0.0211,4.0368
10/18/2024 18:30,MOVRUSDT,0.0466,4.0834
10/18/2024 18:30,ONTUSDT,0.0483,4.1317
10/18/2024 18:30,DYDXUSDT,-0.02,4.1117
10/18/2024 18:45,VANRYUSDT,-0.0286,4.0831
10/18/2024 21:00,IOSTUSDT,0.0489,4.132
10/18/2024 21:30,BANDUSDT,0.0498,4.1818
10/18/2024 22:15,BLZUSDT,0.0428,4.2246
10/18/2024 22:30,IOSTUSDT,0.05,4.2746
10/18/2024 22:45,BAKEUSDT,0.0458,4.3204
10/18/2024 23:00,KLAYUSDT,-0.02,4.3004
10/18/2024 23:00,RENUSDT,0.0467,4.3471
10/18/2024 23:15,MOVRUSDT,-0.0264,4.3207
10/19/2024 0:00,ARKUSDT,-0.0286,4.2921
10/19/2024 0:00,UXLINKUSDT,-0.025,4.2671
10/19/2024 1:15,BLURUSDT,-0.0254,4.2417
10/19/2024 1:30,1000FLOKIUSDT,0.0343,4.276
10/19/2024 1:30,AVAXUSDT,-0.0246,4.2514
10/19/2024 2:00,UNIUSDT,-0.0252,4.2262
10/19/2024 2:00,BELUSDT,-0.0213,4.2049
10/19/2024 2:00,DENTUSDT,-0.0228,4.1821
10/19/2024 2:00,RVNUSDT,-0.02,4.1621
10/19/2024 2:15,GRTUSDT,-0.044,4.1181
10/19/2024 2:15,EDUUSDT,0.0465,4.1646
10/19/2024 2:15,JOEUSDT,-0.024,4.1406
10/19/2024 2:15,HMSTRUSDT,-0.0207,4.1199
10/19/2024 2:15,MTLUSDT,0.0386,4.1585
10/19/2024 2:15,NKNUSDT,-0.0204,4.1381
10/19/2024 2:15,XAIUSDT,-0.0207,4.1174
10/19/2024 2:15,CHESSUSDT,-0.0299,4.0875
10/19/2024 2:30,XVGUSDT,-0.0217,4.0658
10/19/2024 2:30,GTCUSDT,0.0383,4.1041
10/19/2024 2:30,HOOKUSDT,0.046,4.1501
10/19/2024 2:30,FLMUSDT,-0.02,4.1301
10/19/2024 2:30,MBOXUSDT,0.05,4.1801
10/19/2024 2:45,GHSTUSDT,-0.0314,4.1487
10/19/2024 2:45,YFIUSDT,-0.0246,4.1241
10/19/2024 2:45,SUSHIUSDT,-0.0218,4.1023
10/19/2024 2:45,CYBERUSDT,-0.02,4.0823
10/19/2024 3:00,BALUSDT,0.0399,4.1222
10/19/2024 3:00,XLMUSDT,-0.0243,4.0979
10/19/2024 3:00,IOTAUSDT,-0.0254,4.0725
10/19/2024 3:00,COSUSDT,-0.0324,4.0401
10/19/2024 3:00,TUSDT,-0.0277,4.0124
10/19/2024 3:00,WIFUSDT,-0.0328,3.9796
10/19/2024 3:00,ASTRUSDT,-0.0293,3.9503
10/19/2024 3:00,SYSUSDT,-0.0244,3.9259
10/19/2024 3:00,CATIUSDT,-0.0212,3.9047
10/19/2024 3:00,XVSUSDT,-0.0224,3.8823
10/19/2024 3:00,ARPAUSDT,-0.021,3.8613
10/19/2024 3:00,MOVRUSDT,-0.0274,3.8339
10/19/2024 3:00,THETAUSDT,-0.0315,3.8024
10/19/2024 3:00,DYDXUSDT,-0.0266,3.7758
10/19/2024 3:00,LINKUSDT,-0.0216,3.7542
10/19/2024 3:00,DODOXUSDT,-0.0228,3.7314
10/19/2024 3:00,ALGOUSDT,-0.0266,3.7048
10/19/2024 3:00,KSMUSDT,-0.0202,3.6846
10/19/2024 3:00,FIOUSDT,-0.0236,3.661
10/19/2024 3:00,FILUSDT,-0.0272,3.6338
10/19/2024 3:00,DASHUSDT,-0.0365,3.5973
10/19/2024 3:15,VOXELUSDT,-0.02,3.5773
10/19/2024 3:30,ZILUSDT,0.049,3.6263
10/19/2024 4:30,APTUSDT,-0.0235,3.6028
10/19/2024 4:45,ARPAUSDT,-0.0266,3.5762
10/19/2024 4:45,AXSUSDT,-0.0354,3.5408
10/19/2024 5:00,IOTAUSDT,-0.022,3.5188
10/19/2024 5:00,AXLUSDT,0.043,3.5618
10/19/2024 5:00,LSKUSDT,-0.031,3.5308
10/19/2024 5:00,ALPHAUSDT,0.0432,3.574
10/19/2024 5:15,OGNUSDT,-0.0225,3.5515
10/19/2024 5:45,KNCUSDT,-0.0209,3.5306
10/19/2024 5:45,C98USDT,-0.0298,3.5008
10/19/2024 5:45,DASHUSDT,-0.0223,3.4785
10/19/2024 6:15,ZILUSDT,0.0033,3.4818
10/19/2024 6:30,ASTRUSDT,-0.0289,3.4529
10/19/2024 7:15,ENJUSDT,-0.0229,3.43
10/19/2024 7:30,POLYXUSDT,-0.0206,3.4094
10/19/2024 9:00,LTCUSDT,0.0488,3.4582
10/19/2024 9:00,ATOMUSDT,-0.0221,3.4361
10/19/2024 9:45,ZROUSDT,0.0386,3.4747
10/19/2024 10:00,KDAUSDT,0.0433,3.518
10/19/2024 10:00,STXUSDT,0.0488,3.5668
10/19/2024 10:00,REZUSDT,-0.0246,3.5422
10/19/2024 10:15,COSUSDT,0.0446,3.5868
10/19/2024 10:30,UMAUSDT,-0.0209,3.5659
10/19/2024 11:15,ORBSUSDT,0.0434,3.6093
10/19/2024 11:45,BONDUSDT,-0.0225,3.5868
10/19/2024 13:00,APTUSDT,-0.0209,3.5659
10/19/2024 13:00,MYROUSDT,-0.0257,3.5402
10/19/2024 13:30,LISTAUSDT,-0.0244,3.5158
10/19/2024 13:45,ACHUSDT,-0.0285,3.4873
10/19/2024 15:15,TAOUSDT,-0.0208,3.4665
10/19/2024 15:30,KDAUSDT,-0.0269,3.4396
10/19/2024 15:30,XVSUSDT,-0.022,3.4176
10/19/2024 15:30,C98USDT,-0.0225,3.3951
10/19/2024 15:45,TUSDT,-0.02,3.3751
10/19/2024 16:00,CAKEUSDT,-0.0297,3.3454
10/19/2024 16:00,LISTAUSDT,-0.024,3.3214
10/19/2024 16:00,IDUSDT,-0.0212,3.3002
10/19/2024 16:00,BSWUSDT,-0.0214,3.2788
10/19/2024 16:00,CELRUSDT,0.0359,3.3147
10/19/2024 16:45,ZROUSDT,-0.0204,3.2943
10/19/2024 16:45,SEIUSDT,-0.0212,3.2731
10/19/2024 17:00,AXLUSDT,0.0489,3.322
10/19/2024 17:15,ZKUSDT,0.0462,3.3682
10/19/2024 18:45,CRVUSDT,-0.02,3.3482
10/19/2024 19:30,TIAUSDT,0.0428,3.391
10/19/2024 19:45,RDNTUSDT,-0.0303,3.3607
10/19/2024 19:45,KASUSDT,-0.0203,3.3404
10/19/2024 20:00,ALGOUSDT,-0.0229,3.3175
10/19/2024 20:00,KSMUSDT,-0.0213,3.2962
10/19/2024 20:15,YFIUSDT,-0.0247,3.2715
10/19/2024 20:15,ZKUSDT,0.0155,3.287
10/19/2024 20:15,ZECUSDT,-0.0333,3.2537
10/19/2024 21:00,STMXUSDT,-0.0266,3.2271
10/19/2024 21:15,LPTUSDT,-0.0384,3.1887
10/19/2024 21:15,UMAUSDT,-0.02,3.1687
10/19/2024 21:45,SUPERUSDT,-0.0204,3.1483
10/19/2024 22:45,GMXUSDT,-0.0218,3.1265
10/19/2024 22:45,KEYUSDT,-0.0215,3.105
10/19/2024 23:15,VOXELUSDT,-0.0221,3.0829
10/19/2024 23:45,ONGUSDT,-0.0327,3.0502
10/20/2024 0:00,BANDUSDT,-0.0247,3.0255
10/20/2024 0:00,FIOUSDT,-0.02,3.0055
10/20/2024 0:00,ARBUSDT,-0.021,2.9845
10/20/2024 1:30,XMRUSDT,-0.02,2.9645
10/20/2024 1:45,SFPUSDT,0.05,3.0145
10/20/2024 2:45,TIAUSDT,-0.0207,2.9938
10/20/2024 2:45,WLDUSDT,-0.0252,2.9686
10/20/2024 3:00,1000SHIBUSDT,-0.0261,2.9425
10/20/2024 4:45,LOOMUSDT,-0.024,2.9185
10/20/2024 5:15,RSRUSDT,-0.0259,2.8926
10/20/2024 5:30,KLAYUSDT,-0.0301,2.8625
10/20/2024 7:15,MINAUSDT,0.0488,2.9113
10/20/2024 8:00,AGLDUSDT,-0.0008,2.9105
10/20/2024 8:15,HFTUSDT,0.0468,2.9573
10/20/2024 8:15,QNTUSDT,-0.0273,2.93
10/20/2024 8:15,QTUMUSDT,0.0413,2.9713
10/20/2024 8:15,BSWUSDT,0.0403,3.0116
10/20/2024 8:15,NKNUSDT,0.0497,3.0613
10/20/2024 8:15,ILVUSDT,-0.021,3.0403
10/20/2024 8:15,GALAUSDT,0.038,3.0783
10/20/2024 8:45,COSUSDT,0.0471,3.1254
10/20/2024 9:00,QUICKUSDT,0.0392,3.1646
10/20/2024 9:15,TRUUSDT,0.0494,3.214
10/20/2024 9:15,ZILUSDT,0.0485,3.2625
10/20/2024 9:15,FILUSDT,0.0432,3.3057
10/20/2024 9:30,BATUSDT,0.0483,3.354
10/20/2024 9:30,BSWUSDT,0.0485,3.4025
10/20/2024 9:30,BELUSDT,0.043,3.4455
10/20/2024 9:30,BLZUSDT,0.0386,3.4841
10/20/2024 9:30,LINKUSDT,0.0372,3.5213
10/20/2024 9:45,WOOUSDT,0.0404,3.5617
10/20/2024 9:45,ALPACAUSDT,-0.0299,3.5318
10/20/2024 9:45,RPLUSDT,0.0496,3.5814
10/20/2024 10:00,OMNIUSDT,0.0465,3.6279
10/20/2024 10:00,ROSEUSDT,-0.022,3.6059
10/20/2024 10:15,BBUSDT,0.0442,3.6501
10/20/2024 11:00,XVGUSDT,0.0499,3.7
10/20/2024 11:00,IOTXUSDT,0.0452,3.7452
10/20/2024 11:15,WOOUSDT,0.0398,3.785
10/20/2024 11:15,LSKUSDT,0.0399,3.8249
10/20/2024 11:30,FTMUSDT,0.0457,3.8706
10/20/2024 11:30,TUSDT,0.0493,3.9199
10/20/2024 11:30,LDOUSDT,0.0464,3.9663
10/20/2024 11:30,ZRXUSDT,0.05,4.0163
10/20/2024 11:45,ONTUSDT,0.05,4.0663
10/20/2024 12:00,CHRUSDT,0.0479,4.1142
10/20/2024 12:00,ASTRUSDT,0.0348,4.149
10/20/2024 12:00,MAVUSDT,0.0366,4.1856
10/20/2024 12:00,DYDXUSDT,0.0397,4.2253
10/20/2024 12:00,MANTAUSDT,-0.022,4.2033
10/20/2024 12:30,DODOXUSDT,0.0406,4.2439
10/20/2024 12:30,FLUXUSDT,-0.022,4.2219
10/20/2024 12:45,1INCHUSDT,0.0418,4.2637
10/20/2024 13:00,HIGHUSDT,-0.0267,4.237
10/20/2024 13:00,EOSUSDT,0.0449,4.2819
10/20/2024 13:15,OMNIUSDT,0.0343,4.3162
10/20/2024 13:15,TRBUSDT,-0.0266,4.2896
10/20/2024 13:30,SYNUSDT,0.0469,4.3365
10/20/2024 13:30,GRTUSDT,0.0491,4.3856
10/20/2024 13:30,LTCUSDT,-0.0203,4.3653
10/20/2024 13:45,RPLUSDT,0.0487,4.414
10/20/2024 15:45,ARPAUSDT,0.0433,4.4573
10/20/2024 15:45,RDNTUSDT,0.049,4.5063
10/20/2024 16:00,QTUMUSDT,0.0444,4.5507
10/20/2024 16:00,KEYUSDT,0.049,4.5997
10/20/2024 16:00,NEOUSDT,0.0459,4.6456
10/20/2024 16:00,SUPERUSDT,-0.0214,4.6242
10/20/2024 16:00,BNXUSDT,0.0368,4.661
10/20/2024 16:15,STGUSDT,-0.0219,4.6391
10/20/2024 16:15,NTRNUSDT,0.0483,4.6874
10/20/2024 16:15,DASHUSDT,-0.0213,4.6661
10/20/2024 16:30,LITUSDT,0.0462,4.7123
10/20/2024 16:45,FILUSDT,-0.0216,4.6907
10/20/2024 17:00,OMGUSDT,0.0472,4.7379
10/20/2024 17:15,BSWUSDT,-0.0314,4.7065
10/20/2024 17:45,NMRUSDT,-0.023,4.6835
10/20/2024 18:00,WIFUSDT,0.0396,4.7231
10/20/2024 18:00,FIDAUSDT,0.0413,4.7644
10/20/2024 18:15,OMGUSDT,0.0403,4.8047
10/20/2024 18:30,1000PEPEUSDT,0.0412,4.8459
10/20/2024 18:45,REEFUSDT,-0.0205,4.8254
10/20/2024 18:45,RDNTUSDT,-0.0216,4.8038
10/20/2024 20:00,NMRUSDT,-0.0154,4.7884
10/20/2024 20:00,EGLDUSDT,-0.0215,4.7669
10/20/2024 20:00,HBARUSDT,0.0412,4.8081
10/20/2024 20:15,PENDLEUSDT,0.0446,4.8527
10/20/2024 20:30,SUNUSDT,0.0459,4.8986
10/20/2024 20:30,LITUSDT,0.0423,4.9409
10/20/2024 20:30,COTIUSDT,0.0236,4.9645
10/20/2024 20:45,ONGUSDT,0.048,5.0125
10/20/2024 21:00,ONTUSDT,0.0351,5.0476
10/20/2024 21:15,ZECUSDT,-0.022,5.0256
10/20/2024 21:30,SFPUSDT,-0.0223,5.0033
10/20/2024 22:00,BALUSDT,0.0477,5.051
10/20/2024 22:00,FLMUSDT,0.0164,5.0674
10/20/2024 22:15,EGLDUSDT,-0.0203,5.0471
10/20/2024 22:15,KLAYUSDT,0.0433,5.0904
10/20/2024 23:15,HBARUSDT,-0.0313,5.0591
10/21/2024 0:00,SNXUSDT,-0.02,5.0391
10/21/2024 0:00,JOEUSDT,-0.0218,5.0173
10/21/2024 0:00,SAGAUSDT,-0.0226,4.9947
10/21/2024 0:00,CKBUSDT,-0.024,4.9707
10/21/2024 0:15,IOTAUSDT,-0.0285,4.9422
10/21/2024 0:15,1000SHIBUSDT,-0.0273,4.9149
10/21/2024 0:15,DOGEUSDT,0.0406,4.9555
10/21/2024 0:15,1000RATSUSDT,-0.0205,4.935
10/21/2024 0:15,ORDIUSDT,-0.021,4.914
10/21/2024 1:00,BNTUSDT,-0.022,4.892
10/21/2024 1:15,STXUSDT,-0.021,4.871
10/21/2024 1:15,MANTAUSDT,-0.0214,4.8496
10/21/2024 2:00,BICOUSDT,-0.0205,4.8291
10/21/2024 3:30,XVSUSDT,-0.0216,4.8075
10/21/2024 3:30,ZRXUSDT,0.0471,4.8546
10/21/2024 3:45,BADGERUSDT,0.0485,4.9031
10/21/2024 4:45,ZRXUSDT,0.0493,4.9524
10/21/2024 5:00,CELOUSDT,0.0461,4.9985
10/21/2024 6:15,AXSUSDT,0.0481,5.0466
10/21/2024 6:30,CELOUSDT,0.0472,5.0938
10/21/2024 6:45,BIGTIMEUSDT,0.0457,5.1395
10/21/2024 6:45,PHBUSDT,-0.0223,5.1172
10/21/2024 6:45,ZKUSDT,0.036,5.1532
10/21/2024 6:45,LOOMUSDT,0.0363,5.1895
10/21/2024 6:45,STORJUSDT,0.0438,5.2333
10/21/2024 8:00,ATOMUSDT,0.0391,5.2724
10/21/2024 8:45,POWRUSDT,0.0486,5.321
10/21/2024 8:45,TRUUSDT,0.0456,5.3666
10/21/2024 8:45,LOKAUSDT,-0.0362,5.3304
10/21/2024 8:45,UNFIUSDT,0.05,5.3804
10/21/2024 9:15,PORTALUSDT,0.0495,5.4299
10/21/2024 9:30,ALTUSDT,0.0457,5.4756
10/21/2024 9:30,OMNIUSDT,0.0487,5.5243
10/21/2024 9:30,CRVUSDT,-0.02,5.5043
10/21/2024 10:00,XRPUSDT,-0.0231,5.4812
10/21/2024 10:15,EIGENUSDT,0.0468,5.528
10/21/2024 10:45,ONDOUSDT,0.0494,5.5774
10/21/2024 10:45,ROSEUSDT,-0.0207,5.5567
10/21/2024 10:45,MANTAUSDT,0.0498,5.6065
10/21/2024 11:45,NULSUSDT,-0.02,5.5865
10/21/2024 11:45,TLMUSDT,-0.0204,5.5661
10/21/2024 12:15,JOEUSDT,0.0475,5.6136
10/21/2024 12:30,KDAUSDT,0.043,5.6566
10/21/2024 12:30,BALUSDT,0.0361,5.6927
10/21/2024 12:30,CHRUSDT,0.0469,5.7396
10/21/2024 12:30,SUNUSDT,0.0425,5.7821
10/21/2024 12:30,IOTAUSDT,-0.0216,5.7605
10/21/2024 12:30,STGUSDT,0.05,5.8105
10/21/2024 12:30,AMBUSDT,-0.0269,5.7836
10/21/2024 12:30,REIUSDT,-0.0233,5.7603
10/21/2024 12:30,WIFUSDT,0.0288,5.7891
10/21/2024 12:30,BOMEUSDT,0.0275,5.8166
10/21/2024 12:30,BTCUSDT,0.0483,5.8649
10/21/2024 12:30,HIGHUSDT,-0.0227,5.8422
10/21/2024 12:30,SNXUSDT,0.0454,5.8876
10/21/2024 12:30,OPUSDT,0.0452,5.9328
10/21/2024 12:30,COMPUSDT,-0.0222,5.9106
10/21/2024 12:30,OMNIUSDT,-0.0246,5.886
10/21/2024 12:30,IOSTUSDT,0.047,5.933
10/21/2024 12:30,1000SHIBUSDT,0.0469,5.9799
10/21/2024 12:30,MEMEUSDT,0.0476,6.0275
10/21/2024 12:30,LINAUSDT,-0.0241,6.0034
10/21/2024 12:30,BNTUSDT,-0.0238,5.9796
10/21/2024 12:30,ENSUSDT,0.0459,6.0255
10/21/2024 12:30,DOGSUSDT,0.0491,6.0746
10/21/2024 12:30,ORBSUSDT,0.0385,6.1131
10/21/2024 12:30,ARUSDT,0.0435,6.1566
10/21/2024 12:30,CATIUSDT,-0.027,6.1296
10/21/2024 12:30,CFXUSDT,0.0494,6.179
10/21/2024 12:30,WUSDT,0.0495,6.2285
10/21/2024 12:30,BICOUSDT,0.0482,6.2767
10/21/2024 12:30,DOTUSDT,0.0444,6.3211
10/21/2024 12:30,1000RATSUSDT,0.0477,6.3688
10/21/2024 12:30,GLMUSDT,0.0485,6.4173
10/21/2024 12:30,ARKMUSDT,-0.0304,6.3869
10/21/2024 12:30,ILVUSDT,0.0465,6.4334
10/21/2024 12:30,IOUSDT,0.0485,6.4819
10/21/2024 12:30,LDOUSDT,-0.0249,6.457
10/21/2024 12:30,LQTYUSDT,-0.0256,6.4314
10/21/2024 12:30,ETHUSDT,0.0289,6.4603
10/21/2024 12:30,EOSUSDT,0.0434,6.5037
10/21/2024 12:30,BANDUSDT,0.0487,6.5524
10/21/2024 12:30,ZKUSDT,-0.0215,6.5309
10/21/2024 12:30,MKRUSDT,0.0476,6.5785
10/21/2024 12:30,ETCUSDT,0.0448,6.6233
10/21/2024 12:30,LEVERUSDT,0.0428,6.6661
10/21/2024 12:30,CTSIUSDT,0.0425,6.7086
10/21/2024 12:30,UNFIUSDT,0.0428,6.7514
10/21/2024 12:45,NTRNUSDT,0.0472,6.7986
10/21/2024 13:15,ICPUSDT,-0.0209,6.7777
10/21/2024 13:15,ONDOUSDT,0.0489,6.8266
10/21/2024 13:15,ICXUSDT,0.05,6.8766
10/21/2024 13:15,CELRUSDT,0.0491,6.9257
10/21/2024 13:15,ORDIUSDT,0.0479,6.9736
10/21/2024 13:15,RIFUSDT,-0.0211,6.9525
10/21/2024 13:30,OMUSDT,-0.02,6.9325
10/21/2024 15:00,RENUSDT,-0.029,6.9035
10/21/2024 15:30,COMPUSDT,-0.0276,6.8759
10/21/2024 16:15,RONINUSDT,-0.022,6.8539
10/21/2024 16:15,ETHFIUSDT,-0.0234,6.8305
10/21/2024 16:15,IDUSDT,-0.0213,6.8092
10/21/2024 16:15,STXUSDT,-0.0231,6.7861
10/21/2024 16:15,NMRUSDT,-0.0284,6.7577
10/21/2024 16:15,BSWUSDT,-0.0282,6.7295
10/21/2024 16:15,XVGUSDT,-0.0206,6.7089
10/21/2024 16:15,IOSTUSDT,-0.0285,6.6804
10/21/2024 16:15,1000SHIBUSDT,-0.02,6.6604
10/21/2024 16:15,1000FLOKIUSDT,-0.0262,6.6342
10/21/2024 16:15,PENDLEUSDT,-0.0206,6.6136
10/21/2024 16:15,MEMEUSDT,-0.0239,6.5897
10/21/2024 16:15,1000SATSUSDT,-0.0225,6.5672
10/21/2024 16:15,MAVUSDT,-0.0275,6.5397
10/21/2024 16:15,IOTXUSDT,-0.0296,6.5101
10/21/2024 16:15,DEFIUSDT,-0.0214,6.4887
10/21/2024 16:15,LSKUSDT,-0.0204,6.4683
10/21/2024 16:15,MOVRUSDT,-0.021,6.4473
10/21/2024 16:15,ZROUSDT,-0.0228,6.4245
10/21/2024 16:15,MKRUSDT,-0.0251,6.3994
10/21/2024 16:15,MANTAUSDT,-0.0224,6.377
10/21/2024 16:15,1MBABYDOGEUSDT,-0.028,6.349
10/21/2024 16:15,1000PEPEUSDT,-0.0235,6.3255
10/21/2024 16:15,RIFUSDT,-0.021,6.3045
10/21/2024 16:15,ZENUSDT,-0.0207,6.2838
10/21/2024 16:15,VETUSDT,-0.0209,6.2629
10/21/2024 16:15,ARBUSDT,-0.0208,6.2421
10/21/2024 21:30,VIDTUSDT,-0.0283,6.2138
10/22/2024 3:45,BEAMXUSDT,-0.034,6.1798
10/22/2024 5:15,HIGHUSDT,-0.0235,6.1563
10/22/2024 5:15,ZKUSDT,-0.028,6.1283
10/22/2024 5:30,ARBUSDT,-0.0239,6.1044
10/22/2024 5:45,LINKUSDT,0.0471,6.1515
10/22/2024 6:00,POPCATUSDT,-0.0221,6.1294
10/22/2024 7:30,CATIUSDT,-0.0206,6.1088
10/22/2024 12:15,DUSKUSDT,0.0405,6.1493
10/22/2024 12:15,OMNIUSDT,-0.0206,6.1287
10/22/2024 12:15,DOGEUSDT,0.0481,6.1768
10/22/2024 12:15,LDOUSDT,0.0459,6.2227
10/22/2024 12:30,INJUSDT,0.0497,6.2724
10/22/2024 12:30,WOOUSDT,0.0467,6.3191
10/22/2024 12:30,FTMUSDT,0.0402,6.3593
10/22/2024 12:30,MASKUSDT,-0.0265,6.3328
10/22/2024 12:30,BBUSDT,-0.0233,6.3095
10/22/2024 12:30,NFPUSDT,-0.0215,6.288
10/22/2024 12:30,AIUSDT,-0.0204,6.2676
10/22/2024 12:30,QTUMUSDT,-0.0232,6.2444
10/22/2024 12:30,HIGHUSDT,-0.0201,6.2243
10/22/2024 12:30,REZUSDT,-0.0257,6.1986
10/22/2024 12:30,1INCHUSDT,-0.02,6.1786
10/22/2024 12:30,1000SATSUSDT,-0.0212,6.1574
10/22/2024 12:30,HOOKUSDT,-0.0222,6.1352
10/22/2024 12:30,GUSDT,-0.0227,6.1125
10/22/2024 12:30,WUSDT,-0.0267,6.0858
10/22/2024 12:30,KNCUSDT,-0.0238,6.062
10/22/2024 12:30,KAVAUSDT,-0.0211,6.0409
10/22/2024 12:30,AXSUSDT,-0.0243,6.0166
10/22/2024 12:30,CELRUSDT,0.0481,6.0647
10/22/2024 12:30,SANDUSDT,-0.0205,6.0442
10/22/2024 12:30,FLOWUSDT,-0.02,6.0242
10/22/2024 12:30,MANTAUSDT,-0.0204,6.0038
10/22/2024 12:30,LEVERUSDT,-0.021,5.9828
10/22/2024 12:30,ALGOUSDT,-0.0273,5.9555
10/22/2024 12:30,OXTUSDT,0.0475,6.003
10/22/2024 12:30,KSMUSDT,0.0483,6.0513
10/22/2024 12:30,ZRXUSDT,-0.0272,6.0241
10/22/2024 12:30,GALAUSDT,-0.0231,6.001
10/22/2024 12:30,OMUSDT,-0.0235,5.9775
10/22/2024 12:30,HOTUSDT,-0.0271,5.9504
10/22/2024 12:30,ZILUSDT,-0.0296,5.9208
10/22/2024 12:30,QUICKUSDT,-0.0289,5.8919
10/22/2024 12:30,LRCUSDT,-0.0243,5.8676
10/22/2024 12:30,ARBUSDT,0.0442,5.9118
10/22/2024 12:45,ETHWUSDT,-0.0205,5.8913
10/22/2024 12:45,TLMUSDT,-0.0201,5.8712
10/22/2024 12:45,STORJUSDT,-0.022,5.8492
10/22/2024 13:30,BATUSDT,-0.021,5.8282
10/22/2024 13:30,NTRNUSDT,-0.0215,5.8067
10/22/2024 13:30,USTCUSDT,-0.02,5.7867
10/22/2024 15:15,DUSKUSDT,0.0478,5.8345
10/22/2024 15:30,MBOXUSDT,-0.0214,5.8131
10/22/2024 16:15,FTMUSDT,0.0473,5.8604
10/22/2024 16:15,OPUSDT,-0.0221,5.8383
10/22/2024 16:45,FILUSDT,-0.0219,5.8164
10/22/2024 19:00,GHSTUSDT,-0.0239,5.7925
10/22/2024 19:15,BNTUSDT,-0.0227,5.7698
10/22/2024 19:15,GTCUSDT,-0.0222,5.7476
10/22/2024 21:45,SANDUSDT,0.0482,5.7958
10/22/2024 22:00,NFPUSDT,-0.0211,5.7747
10/22/2024 22:00,MAGICUSDT,0.047,5.8217
10/22/2024 22:00,BNTUSDT,-0.0208,5.8009
10/22/2024 23:30,ILVUSDT,-0.02,5.7809
10/23/2024 0:00,PHBUSDT,0.0486,5.8295
10/23/2024 0:15,ORBSUSDT,0.0381,5.8676
10/23/2024 1:15,COMBOUSDT,-0.0293,5.8383
10/23/2024 1:15,ILVUSDT,-0.028,5.8103
10/23/2024 1:15,STRKUSDT,-0.0242,5.7861
10/23/2024 1:45,RONINUSDT,-0.0286,5.7575
10/23/2024 2:15,SYNUSDT,0.0455,5.803
10/23/2024 2:15,SKLUSDT,0.0496,5.8526
10/23/2024 2:15,POWRUSDT,0.05,5.9026
10/23/2024 2:15,ONDOUSDT,0.0482,5.9508
10/23/2024 2:15,API3USDT,0.0446,5.9954
10/23/2024 2:15,LINKUSDT,0.045,6.0404
10/23/2024 2:45,LUNA2USDT,0.048,6.0884
10/23/2024 3:15,FIDAUSDT,-0.0295,6.0589
10/23/2024 3:15,SEIUSDT,-0.0245,6.0344
10/23/2024 4:15,DYDXUSDT,0.0344,6.0688
10/23/2024 5:00,BELUSDT,0.0485,6.1173
10/23/2024 5:15,REZUSDT,-0.0207,6.0966
10/23/2024 5:15,NTRNUSDT,0.049,6.1456
10/23/2024 5:15,NKNUSDT,-0.0227,6.1229
10/23/2024 5:15,NOTUSDT,-0.0209,6.102
10/23/2024 5:15,LUNA2USDT,0.0481,6.1501
10/23/2024 5:15,RVNUSDT,0.0482,6.1983
10/23/2024 5:30,SOLUSDT,-0.0201,6.1782
10/23/2024 5:45,OMGUSDT,0.0467,6.2249
10/23/2024 6:45,COSUSDT,0.047,6.2719
10/23/2024 6:45,BANANAUSDT,0.046,6.3179
10/23/2024 6:45,NFPUSDT,0.0487,6.3666
10/23/2024 6:45,NMRUSDT,0.0472,6.4138
10/23/2024 6:45,XVGUSDT,0.05,6.4638
10/23/2024 6:45,MAVUSDT,0.048,6.5118
10/23/2024 6:45,WAXPUSDT,0.0488,6.5606
10/23/2024 6:45,DYMUSDT,0.0497,6.6103
10/23/2024 6:45,NTRNUSDT,0.0468,6.6571
10/23/2024 6:45,XVSUSDT,-0.0242,6.6329
10/23/2024 6:45,SXPUSDT,0.0455,6.6784
10/23/2024 6:45,TRUUSDT,0.0487,6.7271
10/23/2024 6:45,FLMUSDT,0.05,6.7771
10/23/2024 6:45,ARKUSDT,0.042,6.8191
10/23/2024 6:45,STORJUSDT,0.0425,6.8616
10/23/2024 6:45,LEVERUSDT,0.0456,6.9072
10/23/2024 6:45,FIOUSDT,0.0472,6.9544
10/23/2024 7:00,LISTAUSDT,0.0443,6.9987
10/23/2024 7:00,DARUSDT,0.0458,7.0445
10/23/2024 7:00,GASUSDT,0.0455,7.09
10/23/2024 7:00,OMNIUSDT,0.0463,7.1363
10/23/2024 7:00,KEYUSDT,0.0496,7.1859
10/23/2024 7:00,POWRUSDT,0.0456,7.2315
10/23/2024 7:00,IMXUSDT,0.0495,7.281
10/23/2024 7:00,BICOUSDT,0.042,7.323
10/23/2024 7:00,ALPACAUSDT,-0.0221,7.3009
10/23/2024 7:00,MOVRUSDT,0.0485,7.3494
10/23/2024 7:00,RPLUSDT,0.0399,7.3893
10/23/2024 7:00,RENUSDT,0.0455,7.4348
10/23/2024 7:00,LOKAUSDT,0.0481,7.4829
10/23/2024 7:00,RLCUSDT,-0.0201,7.4628
10/23/2024 7:00,COTIUSDT,0.0449,7.5077
10/23/2024 7:00,UNFIUSDT,-0.1997,7.308
10/23/2024 7:00,RIFUSDT,0.0452,7.3532
10/23/2024 7:15,CHRUSDT,0.05,7.4032
10/23/2024 7:15,BONDUSDT,-0.02,7.3832
10/23/2024 7:15,LINAUSDT,0.05,7.4332
10/23/2024 7:15,OXTUSDT,0.0484,7.4816
10/23/2024 7:30,AIUSDT,0.044,7.5256
10/23/2024 7:30,SYSUSDT,0.0466,7.5722
10/23/2024 7:30,BELUSDT,0.0469,7.6191
10/23/2024 7:30,YFIUSDT,0.0448,7.6639
10/23/2024 7:30,RVNUSDT,0.039,7.7029
10/23/2024 8:30,XTZUSDT,0.05,7.7529
10/23/2024 8:45,1000BONKUSDT,-0.0222,7.7307
10/23/2024 8:45,FLMUSDT,0.0467,7.7774
10/23/2024 8:45,ROSEUSDT,0.0486,7.826
10/23/2024 8:45,ONTUSDT,0.0422,7.8682
10/23/2024 8:45,KASUSDT,-0.0212,7.847
10/23/2024 8:45,JTOUSDT,-0.0214,7.8256
10/23/2024 8:45,RLCUSDT,-0.0222,7.8034
10/23/2024 8:45,KSMUSDT,0.042,7.8454
10/23/2024 8:45,STRKUSDT,0.0465,7.8919
10/23/2024 10:00,POLYXUSDT,0.0401,7.932
10/23/2024 10:30,HOOKUSDT,0.0468,7.9788
10/23/2024 10:30,YGGUSDT,0.0365,8.0153
10/23/2024 10:45,CHZUSDT,0.047,8.0623
10/23/2024 10:45,ALTUSDT,0.0497,8.112
10/23/2024 10:45,NMRUSDT,0.0469,8.1589
10/23/2024 10:45,GASUSDT,0.0486,8.2075
10/23/2024 10:45,ONEUSDT,0.0394,8.2469
10/23/2024 10:45,ONGUSDT,0.0488,8.2957
10/23/2024 10:45,POWRUSDT,0.0488,8.3445
10/23/2024 10:45,ARKMUSDT,0.0401,8.3846
10/23/2024 10:45,IOUSDT,-0.0223,8.3623
10/23/2024 10:45,ONTUSDT,0.05,8.4123
10/23/2024 11:30,BATUSDT,0.047,8.4593
10/23/2024 11:30,SUNUSDT,0.0474,8.5067
10/23/2024 11:30,MASKUSDT,-0.0235,8.4832
10/23/2024 11:30,TUSDT,0.0442,8.5274
10/23/2024 11:30,QTUMUSDT,0.05,8.5774
10/23/2024 11:30,TAOUSDT,-0.0204,8.557
10/23/2024 11:30,OMNIUSDT,0.0367,8.5937
10/23/2024 11:30,IOSTUSDT,0.0408,8.6345
10/23/2024 11:30,SYSUSDT,0.0415,8.676
10/23/2024 11:30,KEYUSDT,-0.0313,8.6447
10/23/2024 11:30,AERGOUSDT,0.044,8.6887
10/23/2024 11:30,LINAUSDT,0.0461,8.7348
10/23/2024 11:30,DOGSUSDT,0.0445,8.7793
10/23/2024 11:30,GUSDT,0.0448,8.8241
10/23/2024 11:30,CFXUSDT,0.0436,8.8677
10/23/2024 11:30,DEFIUSDT,0.0479,8.9156
10/23/2024 11:30,BICOUSDT,0.0426,8.9582
10/23/2024 11:30,1000XECUSDT,-0.02,8.9382
10/23/2024 11:30,NTRNUSDT,0.0427,8.9809
10/23/2024 11:30,ONDOUSDT,-0.0208,8.9601
10/23/2024 11:30,FXSUSDT,0.047,9.0071
10/23/2024 11:30,API3USDT,0.0371,9.0442
10/23/2024 11:30,YFIUSDT,0.0493,9.0935
10/23/2024 11:30,TWTUSDT,-0.0217,9.0718
10/23/2024 11:30,ZROUSDT,-0.0252,9.0466
10/23/2024 11:30,ZKUSDT,0.0463,9.0929
10/23/2024 11:30,UXLINKUSDT,-0.0308,9.0621
10/23/2024 11:30,LOKAUSDT,0.0442,9.1063
10/23/2024 11:30,SEIUSDT,-0.02,9.0863
10/23/2024 11:30,QUICKUSDT,-0.0205,9.0658
10/23/2024 11:30,FILUSDT,0.047,9.1128
10/23/2024 11:45,BELUSDT,0.0494,9.1622
10/23/2024 11:45,EOSUSDT,0.05,9.2122
10/23/2024 11:45,HOTUSDT,-0.0335,9.1787
10/23/2024 12:00,HIGHUSDT,-0.0255,9.1532
10/23/2024 12:00,MAGICUSDT,-0.0275,9.1257
10/23/2024 12:00,1INCHUSDT,-0.0242,9.1015
10/23/2024 12:00,1000SHIBUSDT,-0.0205,9.081
10/23/2024 12:00,POLUSDT,0.0482,9.1292
10/23/2024 12:00,WAXPUSDT,-0.0214,9.1078
10/23/2024 12:00,1000RATSUSDT,-0.0207,9.0871
10/23/2024 12:00,NULSUSDT,-0.0218,9.0653
10/23/2024 12:00,KNCUSDT,0.0496,9.1149
10/23/2024 12:00,ALICEUSDT,0.049,9.1639
10/23/2024 12:00,1000LUNCUSDT,0.0456,9.2095
10/23/2024 12:00,ZILUSDT,-0.02,9.1895
10/23/2024 12:15,METISUSDT,-0.0212,9.1683
10/23/2024 14:00,RONINUSDT,0.0441,9.2124
10/23/2024 14:00,CATIUSDT,0.0463,9.2587
10/23/2024 14:00,C98USDT,0.0435,9.3022
10/23/2024 14:45,SUNUSDT,-0.0213,9.2809
10/23/2024 14:45,BELUSDT,-0.0239,9.257
10/23/2024 14:45,ALPACAUSDT,0.0494,9.3064
10/23/2024 14:45,PHBUSDT,-0.0258,9.2806
10/23/2024 14:45,RVNUSDT,-0.0224,9.2582
10/23/2024 15:00,HFTUSDT,-0.0249,9.2333
10/23/2024 15:00,BALUSDT,0.0463,9.2796
10/23/2024 15:00,COMPUSDT,0.0397,9.3193
10/23/2024 15:00,POLYXUSDT,0.0485,9.3678
10/23/2024 15:00,WUSDT,-0.0219,9.3459
10/23/2024 15:00,LSKUSDT,-0.0214,9.3245
10/23/2024 15:00,ICXUSDT,-0.0213,9.3032
10/23/2024 15:00,ETHUSDT,0.0477,9.3509
10/23/2024 15:00,VOXELUSDT,0.0452,9.3961
10/23/2024 15:00,EOSUSDT,0.0343,9.4304
10/23/2024 15:00,RDNTUSDT,0.0482,9.4786
10/23/2024 15:00,BAKEUSDT,0.0429,9.5215
10/23/2024 15:00,COTIUSDT,-0.0208,9.5007
10/23/2024 15:00,RIFUSDT,-0.0251,9.4756
10/23/2024 15:15,GHSTUSDT,-0.0268,9.4488
10/23/2024 15:15,JOEUSDT,-0.0226,9.4262
10/23/2024 15:15,CELOUSDT,0.0456,9.4718
10/23/2024 15:15,TWTUSDT,-0.0283,9.4435
10/23/2024 15:15,BLZUSDT,-0.0262,9.4173
10/23/2024 15:15,CELRUSDT,-0.0244,9.3929
10/23/2024 16:45,GRTUSDT,-0.0245,9.3684
10/23/2024 16:45,HIGHUSDT,-0.0209,9.3475
10/23/2024 16:45,GMTUSDT,-0.0201,9.3274
10/23/2024 16:45,LUNA2USDT,-0.024,9.3034
10/23/2024 17:45,OMGUSDT,-0.0229,9.2805
10/23/2024 17:45,SFPUSDT,-0.0204,9.2601
10/23/2024 17:45,MEMEUSDT,-0.0239,9.2362
10/23/2024 17:45,WAXPUSDT,-0.0251,9.2111
10/23/2024 17:45,RENDERUSDT,-0.0241,9.187
10/23/2024 17:45,GMTUSDT,-0.0224,9.1646
10/23/2024 17:45,MTLUSDT,-0.0233,9.1413
10/23/2024 17:45,HBARUSDT,-0.0208,9.1205
10/23/2024 17:45,WUSDT,-0.0207,9.0998
10/23/2024 17:45,TRBUSDT,-0.0209,9.0789
10/23/2024 17:45,GLMUSDT,-0.0226,9.0563
10/23/2024 17:45,NULSUSDT,-0.0233,9.033
10/23/2024 17:45,DENTUSDT,-0.0245,9.0085
10/23/2024 17:45,ALICEUSDT,-0.0211,8.9874
10/23/2024 17:45,CELRUSDT,-0.02,8.9674
10/23/2024 17:45,RENUSDT,-0.0276,8.9398
10/23/2024 17:45,PHBUSDT,-0.0309,8.9089
10/23/2024 17:45,MBOXUSDT,-0.0274,8.8815
10/23/2024 17:45,LOKAUSDT,-0.0333,8.8482
10/23/2024 17:45,FLOWUSDT,-0.024,8.8242
10/23/2024 17:45,RLCUSDT,-0.0278,8.7964
10/23/2024 17:45,MINAUSDT,-0.0226,8.7738
10/23/2024 17:45,C98USDT,-0.02,8.7538
10/23/2024 18:00,SUNUSDT,-0.023,8.7308
10/23/2024 18:00,IOTAUSDT,-0.026,8.7048
10/23/2024 18:00,GRTUSDT,-0.0201,8.6847
10/23/2024 18:00,NFPUSDT,-0.0229,8.6618
10/23/2024 18:00,QTUMUSDT,-0.0208,8.641
10/23/2024 18:00,TAOUSDT,-0.0201,8.6209
10/23/2024 18:00,MANAUSDT,-0.0236,8.5973
10/23/2024 18:00,OMNIUSDT,-0.0211,8.5762
10/23/2024 18:00,POLUSDT,-0.0239,8.5523
10/23/2024 18:00,1000SATSUSDT,0.0275,8.5798
10/23/2024 18:00,HIFIUSDT,-0.021,8.5588
10/23/2024 18:00,EGLDUSDT,-0.0205,8.5383
10/23/2024 18:00,POWRUSDT,-0.0301,8.5082
10/23/2024 18:00,RSRUSDT,-0.0202,8.488
10/23/2024 18:00,IMXUSDT,-0.0209,8.4671
10/23/2024 18:00,DOTUSDT,-0.0334,8.4337
10/23/2024 18:00,LSKUSDT,-0.0287,8.405
10/23/2024 18:00,ICXUSDT,-0.0231,8.3819
10/23/2024 18:00,VANRYUSDT,-0.024,8.3579
10/23/2024 18:00,ALPACAUSDT,-0.02,8.3379
10/23/2024 18:00,RAREUSDT,-0.0268,8.3111
10/23/2024 18:00,LDOUSDT,-0.0234,8.2877
10/23/2024 18:00,BANDUSDT,-0.0298,8.2579
10/23/2024 18:00,YGGUSDT,-0.0229,8.235
10/23/2024 18:00,ANKRUSDT,-0.0235,8.2115
10/23/2024 18:00,DODOXUSDT,-0.0248,8.1867
10/23/2024 18:00,MKRUSDT,-0.0206,8.1661
10/23/2024 18:00,AEVOUSDT,-0.022,8.1441
10/23/2024 18:00,ALGOUSDT,-0.0217,8.1224
10/23/2024 18:00,ORDIUSDT,-0.0257,8.0967
10/23/2024 18:00,HOTUSDT,-0.0244,8.0723
10/23/2024 18:00,TOKENUSDT,-0.0473,8.025
10/23/2024 18:00,USTCUSDT,-0.0266,7.9984
10/23/2024 18:00,1000PEPEUSDT,-0.0341,7.9643
10/23/2024 18:00,ZILUSDT,-0.0254,7.9389
10/23/2024 18:00,VETUSDT,-0.0209,7.918
10/23/2024 18:00,RVNUSDT,-0.021,7.897
10/23/2024 19:15,LOOMUSDT,-0.0207,7.8763
10/23/2024 22:15,EDUUSDT,0.0474,7.9237
10/23/2024 22:30,LTCUSDT,-0.0269,7.8968
10/23/2024 23:30,MASKUSDT,-0.0338,7.863
10/23/2024 23:45,DYDXUSDT,0.05,7.913
10/24/2024 0:00,GTCUSDT,0.0322,7.9452
10/24/2024 0:30,STXUSDT,-0.02,7.9252
10/24/2024 0:30,RUNEUSDT,0.0383,7.9635
10/24/2024 0:45,BTCUSDT,0.0118,7.9753
10/24/2024 0:45,TIAUSDT,-0.028,7.9473
10/24/2024 0:45,IMXUSDT,-0.0391,7.9082
10/24/2024 0:45,ZROUSDT,-0.0487,7.8595
10/24/2024 0:45,DASHUSDT,-0.02,7.8395
10/24/2024 2:45,CHRUSDT,-0.022,7.8175
10/24/2024 2:45,LRCUSDT,-0.0261,7.7914
10/24/2024 3:15,GASUSDT,-0.0208,7.7706
10/24/2024 3:15,MANTAUSDT,-0.0202,7.7504
10/24/2024 3:15,RLCUSDT,0.0473,7.7977
10/24/2024 4:15,PYTHUSDT,-0.0223,7.7754
10/24/2024 4:15,OMUSDT,-0.0236,7.7518
10/24/2024 4:15,HOTUSDT,-0.0214,7.7304
10/24/2024 4:30,STGUSDT,-0.0212,7.7092
10/24/2024 4:30,AIUSDT,-0.0268,7.6824
10/24/2024 4:30,XRPUSDT,-0.0205,7.6619
10/24/2024 4:30,ACHUSDT,-0.0211,7.6408
10/24/2024 4:45,INJUSDT,-0.0213,7.6195
10/24/2024 4:45,FTMUSDT,-0.0219,7.5976
10/24/2024 4:45,GRTUSDT,-0.0238,7.5738
10/24/2024 4:45,FETUSDT,0.0476,7.6214
10/24/2024 4:45,NMRUSDT,-0.0207,7.6007
10/24/2024 4:45,PENDLEUSDT,-0.0241,7.5766
10/24/2024 4:45,ARKMUSDT,-0.0219,7.5547
10/24/2024 4:45,ZKUSDT,-0.0231,7.5316
10/24/2024 4:45,RLCUSDT,-0.02,7.5116
10/24/2024 4:45,ZILUSDT,-0.0218,7.4898
10/24/2024 5:00,AUCTIONUSDT,-0.0207,7.4691
10/24/2024 5:00,SNXUSDT,-0.0215,7.4476
10/24/2024 5:00,RENDERUSDT,-0.0207,7.4269
10/24/2024 5:00,ICXUSDT,-0.02,7.4069
10/24/2024 5:00,CKBUSDT,-0.0244,7.3825
10/24/2024 5:00,ETHUSDT,-0.0201,7.3624
10/24/2024 5:00,FLUXUSDT,-0.0209,7.3415
10/24/2024 5:00,RVNUSDT,-0.0228,7.3187
10/24/2024 5:00,ARBUSDT,-0.0232,7.2955
10/24/2024 6:00,BALUSDT,-0.0244,7.2711
10/24/2024 6:00,AMBUSDT,-0.0212,7.2499
10/24/2024 6:00,MANTAUSDT,-0.0242,7.2257
10/24/2024 6:15,GHSTUSDT,-0.02,7.2057
10/24/2024 6:30,SYSUSDT,-0.2529,6.9528
10/24/2024 8:45,ZECUSDT,-0.0211,6.9317
10/24/2024 15:00,BATUSDT,0.0473,6.979
10/24/2024 15:00,LINKUSDT,-0.0222,6.9568
10/24/2024 15:15,RVNUSDT,0.036,6.9928
10/24/2024 15:30,TUSDT,-0.0233,6.9695
10/24/2024 15:30,MANAUSDT,-0.0272,6.9423
10/24/2024 15:30,BCHUSDT,0.0426,6.9849
10/24/2024 16:00,OMUSDT,0.0406,7.0255
10/24/2024 16:30,BICOUSDT,-0.021,7.0045
10/24/2024 16:30,BCHUSDT,0.0499,7.0544
10/24/2024 16:45,METISUSDT,-0.0244,7.03
10/24/2024 17:00,BANANAUSDT,0.0487,7.0787
10/24/2024 17:30,YFIUSDT,0.0484,7.1271
10/24/2024 17:45,SUPERUSDT,0.0403,7.1674
10/24/2024 18:15,LISTAUSDT,-0.0548,7.1126
10/24/2024 18:15,BRETTUSDT,-0.0221,7.0905
10/24/2024 18:15,FLMUSDT,-0.024,7.0665
10/24/2024 18:15,1000LUNCUSDT,0.0482,7.1147
10/24/2024 18:45,WAXPUSDT,-0.02,7.0947
10/24/2024 19:00,DYMUSDT,-0.0241,7.0706
10/24/2024 19:15,AMBUSDT,0.0404,7.111
10/24/2024 19:15,1000FLOKIUSDT,-0.022,7.089
10/24/2024 19:15,CFXUSDT,0.0395,7.1285
10/24/2024 19:15,CKBUSDT,-0.0202,7.1083
10/24/2024 19:15,ILVUSDT,0.0243,7.1326
10/24/2024 19:15,LDOUSDT,-0.0218,7.1108
10/24/2024 19:15,BCHUSDT,-0.0307,7.0801
10/24/2024 19:15,GALAUSDT,0.0421,7.1222
10/24/2024 19:15,1000LUNCUSDT,0.0483,7.1705
10/24/2024 19:30,ACEUSDT,-0.0234,7.1471
10/24/2024 19:30,SUPERUSDT,0.0436,7.1907
10/24/2024 19:30,TRBUSDT,-0.0293,7.1614
10/24/2024 19:30,NULSUSDT,-0.02,7.1414
10/24/2024 19:30,FLMUSDT,-0.0279,7.1135
10/24/2024 19:30,PYTHUSDT,0.0409,7.1544
10/24/2024 19:45,KEYUSDT,-0.0202,7.1342
10/24/2024 20:00,XEMUSDT,-0.02,7.1142
10/24/2024 20:15,RONINUSDT,-0.0218,7.0924
10/24/2024 20:45,DUSKUSDT,-0.0239,7.0685
10/24/2024 21:00,GRTUSDT,-0.0222,7.0463
10/24/2024 21:00,ETHFIUSDT,-0.0268,7.0195
10/24/2024 21:00,SSVUSDT,-0.0244,6.9951
10/24/2024 21:00,LITUSDT,-0.0233,6.9718
10/24/2024 21:00,ALTUSDT,-0.0263,6.9455
10/24/2024 21:00,GMXUSDT,-0.0245,6.921
10/24/2024 21:00,1INCHUSDT,-0.0215,6.8995
10/24/2024 21:00,1000SHIBUSDT,-0.0267,6.8728
10/24/2024 21:00,1000FLOKIUSDT,-0.0241,6.8487
10/24/2024 21:00,1000BONKUSDT,-0.021,6.8277
10/24/2024 21:00,PORTALUSDT,-0.0478,6.7799
10/24/2024 21:00,LPTUSDT,-0.0202,6.7597
10/24/2024 21:00,1000SATSUSDT,-0.0266,6.7331
10/24/2024 21:00,HIFIUSDT,-0.0358,6.6973
10/24/2024 21:00,ENSUSDT,-0.0243,6.673
10/24/2024 21:00,GUSDT,-0.02,6.653
10/24/2024 21:00,NEOUSDT,-0.0257,6.6273
10/24/2024 21:00,HBARUSDT,-0.0217,6.6056
10/24/2024 21:00,1000RATSUSDT,-0.0436,6.562
10/24/2024 21:00,NKNUSDT,-0.0214,6.5406
10/24/2024 21:00,CKBUSDT,-0.0222,6.5184
10/24/2024 21:00,AXSUSDT,-0.0266,6.4918
10/24/2024 21:00,TLMUSDT,-0.0203,6.4715
10/24/2024 21:00,LOKAUSDT,-0.0276,6.4439
10/24/2024 21:00,AVAXUSDT,-0.0243,6.4196
10/24/2024 21:00,ETCUSDT,-0.0232,6.3964
10/24/2024 21:00,MANTAUSDT,-0.0202,6.3762
10/24/2024 21:00,LEVERUSDT,-0.0315,6.3447
10/24/2024 21:00,ORDIUSDT,-0.0243,6.3204
10/24/2024 21:00,LUNA2USDT,-0.0287,6.2917
10/24/2024 21:00,FIOUSDT,-0.0227,6.269
10/24/2024 21:00,FILUSDT,-0.0235,6.2455
10/24/2024 21:00,ARBUSDT,-0.0217,6.2238
10/24/2024 21:15,SUNUSDT,-0.0305,6.1933
10/24/2024 21:15,XLMUSDT,0.0479,6.2412
10/24/2024 21:15,AIUSDT,-0.0278,6.2134
10/24/2024 21:15,DARUSDT,-0.0228,6.1906
10/24/2024 21:15,FETUSDT,-0.022,6.1686
10/24/2024 21:15,KEYUSDT,-0.0208,6.1478
10/24/2024 21:15,BNTUSDT,-0.0232,6.1246
10/24/2024 21:15,ONEUSDT,-0.0249,6.0997
10/24/2024 21:15,EGLDUSDT,-0.022,6.0777
10/24/2024 21:15,STMXUSDT,-0.0332,6.0445
10/24/2024 21:15,ARUSDT,-0.0255,6.019
10/24/2024 21:15,CATIUSDT,-0.025,5.994
10/24/2024 21:15,KAVAUSDT,-0.032,5.962
10/24/2024 21:15,CELRUSDT,-0.0279,5.9341
10/24/2024 21:15,UXLINKUSDT,-0.0222,5.9119
10/24/2024 21:15,MINAUSDT,-0.0224,5.8895
10/25/2024 0:00,CELOUSDT,0.0402,5.9297
10/25/2024 0:00,FLUXUSDT,-0.0216,5.9081
10/25/2024 0:30,REIUSDT,0.0496,5.9577
10/25/2024 0:45,ARKMUSDT,0.0492,6.0069
10/25/2024 1:30,MAVUSDT,-0.021,5.9859
10/25/2024 2:00,RONINUSDT,0.0463,6.0322
10/25/2024 2:00,SUIUSDT,-0.0262,6.006
10/25/2024 4:00,RONINUSDT,-0.0238,5.9822
10/25/2024 4:00,ENAUSDT,-0.0219,5.9603
10/25/2024 4:00,SSVUSDT,0.0402,6.0005
10/25/2024 4:00,CHZUSDT,0.0477,6.0482
10/25/2024 4:00,ASTRUSDT,-0.0227,6.0255
10/25/2024 4:00,STEEMUSDT,-0.0229,6.0026
10/25/2024 4:00,WLDUSDT,-0.0275,5.9751
10/25/2024 4:00,POLUSDT,0.0418,6.0169
10/25/2024 4:00,WAXPUSDT,-0.0226,5.9943
10/25/2024 4:00,DYMUSDT,-0.0203,5.974
10/25/2024 4:00,HBARUSDT,-0.0238,5.9502
10/25/2024 4:00,IMXUSDT,0.0492,5.9994
10/25/2024 4:00,ONDOUSDT,-0.0215,5.9779
10/25/2024 4:00,AGLDUSDT,-0.0286,5.9493
10/25/2024 4:00,ALPACAUSDT,-0.0207,5.9286
10/25/2024 4:00,ARKMUSDT,0.0468,5.9754
10/25/2024 4:00,NKNUSDT,0.0386,6.014
10/25/2024 4:00,RDNTUSDT,0.0475,6.0615
10/25/2024 4:00,PHBUSDT,0.0495,6.111
10/25/2024 4:00,THETAUSDT,0.0445,6.1555
10/25/2024 4:00,RLCUSDT,0.0458,6.2013
10/25/2024 4:00,MAVIAUSDT,0.0453,6.2466
10/25/2024 4:15,LISTAUSDT,-0.0332,6.2134
10/25/2024 4:15,FTMUSDT,-0.0343,6.1791
10/25/2024 4:15,EDUUSDT,0.0452,6.2243
10/25/2024 4:15,REIUSDT,-0.0299,6.1944
10/25/2024 4:15,BRETTUSDT,0.0291,6.2235
10/25/2024 4:15,AIUSDT,0.0328,6.2563
10/25/2024 4:15,FETUSDT,-0.0364,6.2199
10/25/2024 4:15,MANAUSDT,-0.0404,6.1795
10/25/2024 4:15,GASUSDT,-0.0204,6.1591
10/25/2024 4:15,POPCATUSDT,0.0472,6.2063
10/25/2024 4:15,MAVUSDT,-0.0277,6.1786
10/25/2024 4:15,HIFIUSDT,-0.03,6.1486
10/25/2024 4:15,POLYXUSDT,-0.0307,6.1179
10/25/2024 4:15,NTRNUSDT,0.0385,6.1564
10/25/2024 4:15,GLMUSDT,0.0368,6.1932
10/25/2024 4:15,RAREUSDT,0.0304,6.2236
10/25/2024 4:15,CKBUSDT,0.0389,6.2625
10/25/2024 4:15,LOOMUSDT,0.0385,6.301
10/25/2024 4:15,UXLINKUSDT,0.045,6.346
10/25/2024 4:15,DODOXUSDT,0.0311,6.3771
10/25/2024 4:15,AVAXUSDT,-0.0328,6.3443
10/25/2024 4:15,MINAUSDT,0.0355,6.3798
10/25/2024 4:15,1000PEPEUSDT,0.0381,6.4179
10/25/2024 4:15,ARBUSDT,0.0359,6.4538
10/25/2024 6:30,FXSUSDT,-0.0206,6.4332
10/25/2024 6:45,ENJUSDT,-0.0213,6.4119
10/25/2024 6:45,SKLUSDT,0.0488,6.4607
10/25/2024 6:45,BEAMXUSDT,-0.0218,6.4389
10/25/2024 7:00,INJUSDT,-0.0214,6.4175
10/25/2024 7:00,BALUSDT,-0.0259,6.3916
10/25/2024 7:00,IOTAUSDT,-0.0216,6.37
10/25/2024 7:00,GHSTUSDT,-0.0237,6.3463
10/25/2024 7:00,ETHFIUSDT,-0.0202,6.3261
10/25/2024 7:00,CHZUSDT,-0.0256,6.3005
10/25/2024 7:00,NFPUSDT,-0.0213,6.2792
10/25/2024 7:00,QTUMUSDT,-0.0218,6.2574
10/25/2024 7:00,HIGHUSDT,-0.0231,6.2343
10/25/2024 7:00,MAGICUSDT,-0.0205,6.2138
10/25/2024 7:00,1INCHUSDT,-0.0258,6.188
10/25/2024 7:00,SYSUSDT,-0.02,6.168
10/25/2024 7:00,1000BONKUSDT,-0.0225,6.1455
10/25/2024 7:00,BNTUSDT,-0.0217,6.1238
10/25/2024 7:00,WAXPUSDT,-0.02,6.1038
10/25/2024 7:00,ORBSUSDT,0.0484,6.1522
10/25/2024 7:00,GUSDT,-0.0259,6.1263
10/25/2024 7:00,MTLUSDT,-0.0216,6.1047
10/25/2024 7:00,RSRUSDT,-0.0224,6.0823
10/25/2024 7:00,WUSDT,0.0487,6.131
10/25/2024 7:00,ONDOUSDT,-0.0263,6.1047
10/25/2024 7:00,ETHUSDT,-0.0256,6.0791
10/25/2024 7:00,JUPUSDT,-0.0221,6.057
10/25/2024 7:00,SEIUSDT,-0.0211,6.0359
10/25/2024 7:00,XAIUSDT,-0.0206,6.0153
10/25/2024 7:00,ADAUSDT,-0.0262,5.9891
10/25/2024 7:00,ARBUSDT,-0.0208,5.9683
10/25/2024 7:15,BATUSDT,-0.0228,5.9455
10/25/2024 7:15,HFTUSDT,-0.0256,5.9199
10/25/2024 7:15,TUSDT,-0.0234,5.8965
10/25/2024 7:15,OMGUSDT,-0.02,5.8765
10/25/2024 7:15,STXUSDT,-0.0236,5.8529
10/25/2024 7:15,STEEMUSDT,-0.0226,5.8303
10/25/2024 7:15,NEARUSDT,-0.0213,5.809
10/25/2024 7:15,ONEUSDT,-0.0254,5.7836
10/25/2024 7:15,1000XECUSDT,-0.0216,5.762
10/25/2024 7:15,TRBUSDT,-0.0252,5.7368
10/25/2024 7:15,BLURUSDT,-0.0221,5.7147
10/25/2024 7:15,SOLUSDT,-0.02,5.6947
10/25/2024 7:15,ILVUSDT,-0.0261,5.6686
10/25/2024 7:15,ZROUSDT,-0.0219,5.6467
10/25/2024 7:15,ZKUSDT,-0.023,5.6237
10/25/2024 7:15,SANDUSDT,-0.0253,5.5984
10/25/2024 7:15,BAKEUSDT,-0.0242,5.5742
10/25/2024 7:15,DODOXUSDT,-0.0245,5.5497
10/25/2024 7:15,AVAXUSDT,-0.0226,5.5271
10/25/2024 7:15,MKRUSDT,-0.0248,5.5023
10/25/2024 7:15,AEVOUSDT,-0.021,5.4813
10/25/2024 7:15,XTZUSDT,-0.0234,5.4579
10/25/2024 7:15,LEVERUSDT,-0.024,5.4339
10/25/2024 7:15,OGNUSDT,-0.02,5.4139
10/25/2024 7:15,FILUSDT,-0.0242,5.3897
10/25/2024 7:45,SXPUSDT,0.0463,5.436
10/25/2024 8:00,ONTUSDT,-0.0255,5.4105
10/25/2024 8:00,ANKRUSDT,-0.02,5.3905
10/25/2024 8:00,LOKAUSDT,-0.0251,5.3654
10/25/2024 8:00,ATAUSDT,-0.0274,5.338
10/25/2024 8:00,MAVIAUSDT,-0.0369,5.3011
10/25/2024 12:00,LTCUSDT,-0.0219,5.2792
10/25/2024 12:00,BCHUSDT,-0.0207,5.2585
10/25/2024 13:15,COSUSDT,-0.0227,5.2358
10/25/2024 13:45,MAGICUSDT,0.0352,5.271
10/25/2024 13:45,C98USDT,-0.0228,5.2482
10/25/2024 15:15,TIAUSDT,0.0427,5.2909
10/25/2024 17:15,TONUSDT,0.0455,5.3364
10/25/2024 17:45,BANANAUSDT,0.044,5.3804
10/25/2024 17:45,ONGUSDT,0.0434,5.4238
10/25/2024 17:45,XEMUSDT,0.0402,5.464
10/25/2024 17:45,ORBSUSDT,-0.0251,5.4389
10/25/2024 17:45,NTRNUSDT,0.041,5.4799
10/25/2024 17:45,SXPUSDT,0.0477,5.5276
10/25/2024 17:45,KNCUSDT,0.0481,5.5757
10/25/2024 17:45,OGNUSDT,0.05,5.6257
10/25/2024 20:30,FLMUSDT,-0.02,5.6057
10/25/2024 22:15,AMBUSDT,0.0489,5.6546
10/25/2024 22:45,SUNUSDT,0.0362,5.6908
10/25/2024 22:45,AXLUSDT,0.0475,5.7383
10/25/2024 22:45,UNIUSDT,0.0419,5.7802
10/25/2024 22:45,PENDLEUSDT,0.0499,5.8301
10/25/2024 22:45,GMTUSDT,0.0384,5.8685
10/25/2024 22:45,CELOUSDT,0.0303,5.8988
10/25/2024 22:45,COMBOUSDT,0.0332,5.932
10/25/2024 22:45,TRBUSDT,0.0455,5.9775
10/25/2024 22:45,PYTHUSDT,0.0374,6.0149
10/25/2024 23:00,METISUSDT,0.0135,6.0284
10/26/2024 13:45,BEAMXUSDT,0.0448,6.0732
10/26/2024 16:00,BONDUSDT,-0.02,6.0532
10/26/2024 17:00,MEWUSDT,-0.0216,6.0316
10/26/2024 20:45,SCRUSDT,-0.0244,6.0072
10/27/2024 0:00,SUNUSDT,-0.0232,5.984
10/27/2024 1:30,STGUSDT,-0.0213,5.9627
10/27/2024 1:30,1INCHUSDT,0.0442,6.0069
10/27/2024 1:30,ILVUSDT,0.0483,6.0552
10/27/2024 2:15,SYNUSDT,-0.0221,6.0331
10/27/2024 2:45,GALAUSDT,-0.02,6.0131
10/27/2024 3:15,IOTAUSDT,0.05,6.0631
10/27/2024 3:15,SSVUSDT,-0.0241,6.039
10/27/2024 3:15,ASTRUSDT,-0.0203,6.0187
10/27/2024 3:15,NEIROETHUSDT,0.0244,6.0431
10/27/2024 3:15,GMTUSDT,0.0442,6.0873
10/27/2024 3:15,RSRUSDT,-0.0241,6.0632
10/27/2024 3:15,ILVUSDT,0.0478,6.111
10/27/2024 3:15,SANDUSDT,0.0381,6.1491
10/27/2024 3:15,XTZUSDT,-0.025,6.1241
10/27/2024 3:15,COTIUSDT,-0.0252,6.0989
10/27/2024 3:30,SUNUSDT,-0.0228,6.0761
10/27/2024 3:30,ALGOUSDT,-0.02,6.0561
10/27/2024 4:00,RENUSDT,-0.0252,6.0309
10/27/2024 4:00,CYBERUSDT,-0.0257,6.0052
10/27/2024 4:15,APEUSDT,-0.0235,5.9817
10/27/2024 5:15,BRETTUSDT,0.0476,6.0293
10/27/2024 5:15,FIDAUSDT,0.0436,6.0729
10/27/2024 5:15,SUIUSDT,-0.0207,6.0522
10/27/2024 5:15,PYTHUSDT,-0.0212,6.031
10/27/2024 6:15,APEUSDT,-0.0225,6.0085
10/27/2024 7:00,OPUSDT,-0.0232,5.9853
10/27/2024 8:15,JTOUSDT,-0.0243,5.961
10/27/2024 9:00,APEUSDT,-0.0278,5.9332
10/27/2024 9:00,PERPUSDT,-0.0294,5.9038
10/27/2024 9:15,POWRUSDT,0.028,5.9318
10/27/2024 9:45,STEEMUSDT,0.05,5.9818
10/27/2024 10:30,HFTUSDT,-0.0212,5.9606
10/27/2024 10:30,XVGUSDT,-0.02,5.9406
10/27/2024 10:30,COMPUSDT,-0.02,5.9206
10/27/2024 11:15,LTCUSDT,0.0457,5.9663
10/27/2024 11:45,AMBUSDT,-0.0404,5.9259
10/27/2024 11:45,TRUUSDT,-0.021,5.9049
10/27/2024 14:00,VOXELUSDT,-0.0229,5.882
10/27/2024 15:00,FLMUSDT,-0.02,5.862
10/27/2024 15:30,GLMUSDT,-0.02,5.842
10/27/2024 15:45,REIUSDT,-0.0212,5.8208
10/27/2024 16:00,GRTUSDT,-0.0251,5.7957
10/27/2024 16:00,ALTUSDT,-0.0328,5.7629
10/27/2024 16:00,FETUSDT,-0.0276,5.7353
10/27/2024 16:00,1000BONKUSDT,-0.0212,5.7141
10/27/2024 16:00,WAXPUSDT,-0.0258,5.6883
10/27/2024 16:00,RENDERUSDT,-0.0243,5.664
10/27/2024 16:00,MTLUSDT,-0.027,5.637
10/27/2024 16:00,ILVUSDT,-0.0216,5.6154
10/27/2024 16:00,YFIUSDT,-0.0205,5.5949
10/27/2024 16:00,KASUSDT,-0.0303,5.5646
10/27/2024 16:00,JASMYUSDT,-0.0248,5.5398
10/27/2024 16:00,LEVERUSDT,-0.0276,5.5122
10/27/2024 16:00,OXTUSDT,-0.0284,5.4838
10/27/2024 16:00,ZENUSDT,0.0462,5.53
10/27/2024 16:00,ZILUSDT,-0.0308,5.4992
10/27/2024 16:15,UNFIUSDT,0.0458,5.545
10/27/2024 16:45,PYTHUSDT,-0.0241,5.5209
10/27/2024 17:30,TLMUSDT,-0.0202,5.5007
10/27/2024 18:15,AIUSDT,0.0448,5.5455
10/27/2024 19:30,WAXPUSDT,-0.0219,5.5236
10/27/2024 20:45,SUIUSDT,-0.0227,5.5009
10/27/2024 21:00,SFPUSDT,-0.0206,5.4803
10/27/2024 21:00,GASUSDT,-0.0206,5.4597
10/27/2024 21:00,KSMUSDT,0.0432,5.5029
10/27/2024 21:30,WAXPUSDT,-0.0235,5.4794
10/27/2024 21:30,DOTUSDT,-0.021,5.4584
10/27/2024 22:00,MAGICUSDT,-0.0224,5.436
10/27/2024 22:00,CYBERUSDT,-0.0255,5.4105
10/27/2024 23:45,TONUSDT,-0.0381,5.3724
10/28/2024 0:00,KEYUSDT,-0.0246,5.3478
10/28/2024 0:00,GMTUSDT,0.0417,5.3895
10/28/2024 0:00,BSVUSDT,-0.0251,5.3644
10/28/2024 0:00,ZENUSDT,0.0382,5.4026
10/28/2024 1:00,NOTUSDT,-0.0203,5.3823
10/28/2024 2:00,GMTUSDT,-0.0304,5.3519
10/28/2024 3:00,CKBUSDT,0.0295,5.3814
10/28/2024 3:30,CAKEUSDT,-0.0246,5.3568
10/28/2024 3:30,ICPUSDT,-0.0325,5.3243
10/28/2024 3:30,1000BONKUSDT,-0.0228,5.3015
10/28/2024 3:30,IOTXUSDT,0.0401,5.3416
10/28/2024 3:30,XVSUSDT,-0.0397,5.3019
10/28/2024 3:30,ZROUSDT,0.0252,5.3271
10/28/2024 3:30,OGNUSDT,-0.0258,5.3013
10/28/2024 3:45,TAOUSDT,-0.0327,5.2686
10/28/2024 5:30,BONDUSDT,-0.0222,5.2464
10/28/2024 9:45,QNTUSDT,-0.0241,5.2223
10/28/2024 9:45,MOVRUSDT,-0.0255,5.1968
10/28/2024 9:45,MBOXUSDT,-0.02,5.1768
10/28/2024 9:45,RLCUSDT,0.04,5.2168
10/28/2024 9:45,RVNUSDT,-0.0256,5.1912
10/28/2024 10:15,BTCUSDT,0.0477,5.2389
10/28/2024 10:30,SUNUSDT,-0.0222,5.2167
10/28/2024 10:30,PYTHUSDT,-0.0212,5.1955
10/28/2024 11:00,XRPUSDT,-0.0246,5.1709
10/28/2024 12:00,FILUSDT,-0.02,5.1509
10/28/2024 12:15,BCHUSDT,0.0455,5.1964
10/28/2024 12:15,C98USDT,-0.0218,5.1746
10/28/2024 12:30,STEEMUSDT,-0.0238,5.1508
10/28/2024 12:30,BSWUSDT,-0.0214,5.1294
10/28/2024 12:30,DOGEUSDT,0.0458,5.1752
10/28/2024 13:15,LSKUSDT,-0.0211,5.1541
10/28/2024 16:45,EDUUSDT,-0.0228,5.1313
10/28/2024 16:45,AXLUSDT,-0.028,5.1033
10/28/2024 16:45,BBUSDT,-0.024,5.0793
10/28/2024 16:45,OMGUSDT,-0.0245,5.0548
10/28/2024 16:45,NFPUSDT,-0.0207,5.0341
10/28/2024 16:45,DOGSUSDT,-0.028,5.0061
10/28/2024 16:45,IMXUSDT,-0.0205,4.9856
10/28/2024 16:45,RAREUSDT,-0.0251,4.9605
10/28/2024 16:45,TURBOUSDT,-0.0279,4.9326
10/28/2024 16:45,COTIUSDT,-0.0201,4.9125
10/28/2024 16:45,STRKUSDT,-0.024,4.8885
10/28/2024 16:45,CYBERUSDT,-0.0228,4.8657
10/28/2024 17:00,MAGICUSDT,-0.0204,4.8453
10/28/2024 17:00,UMAUSDT,-0.0207,4.8246
10/28/2024 17:00,GUSDT,-0.0237,4.8009
10/28/2024 17:00,VETUSDT,-0.0207,4.7802
10/28/2024 21:15,BSVUSDT,-0.0248,4.7554
10/28/2024 21:30,UNIUSDT,0.0494,4.8048
10/28/2024 21:45,ETCUSDT,0.05,4.8548
10/28/2024 22:00,DASHUSDT,0.047,4.9018
10/28/2024 23:45,1000XECUSDT,-0.0309,4.8709
10/29/2024 0:30,APTUSDT,0.0409,4.9118
10/29/2024 0:30,HIFIUSDT,-0.02,4.8918
10/29/2024 0:30,XVSUSDT,0.0479,4.9397
10/29/2024 0:30,NULSUSDT,0.0496,4.9893
10/29/2024 0:45,COMBOUSDT,0.0461,5.0354
10/29/2024 0:45,ICXUSDT,0.0476,5.083
10/29/2024 0:45,ZILUSDT,0.0489,5.1319
10/29/2024 0:45,ATAUSDT,0.047,5.1789
10/29/2024 1:15,GMTUSDT,0.0495,5.2284
10/29/2024 1:45,AMBUSDT,0.0489,5.2773
10/29/2024 1:45,BSWUSDT,0.0482,5.3255
10/29/2024 1:45,XVGUSDT,0.0493,5.3748
10/29/2024 1:45,BICOUSDT,0.0472,5.422
10/29/2024 1:45,ALGOUSDT,0.0477,5.4697
10/29/2024 2:00,AXLUSDT,0.0216,5.4913
10/29/2024 2:00,REIUSDT,-0.026,5.4653
10/29/2024 2:00,NMRUSDT,0.0399,5.5052
10/29/2024 2:00,MANAUSDT,0.0425,5.5477
10/29/2024 2:00,UNIUSDT,0.0343,5.582
10/29/2024 2:00,WAXPUSDT,0.0419,5.6239
10/29/2024 2:00,UMAUSDT,0.0419,5.6658
10/29/2024 2:00,STMXUSDT,-0.0222,5.6436
10/29/2024 2:00,CFXUSDT,0.0386,5.6822
10/29/2024 2:00,WUSDT,0.0378,5.72
10/29/2024 2:00,AGLDUSDT,0.0426,5.7626
10/29/2024 2:00,EOSUSDT,-0.0249,5.7377
10/29/2024 2:00,AXSUSDT,0.0453,5.783
10/29/2024 2:00,ATOMUSDT,-0.0217,5.7613
10/29/2024 2:00,SANDUSDT,-0.0234,5.7379
10/29/2024 2:00,RLCUSDT,-0.0234,5.7145
10/29/2024 2:00,PIXELUSDT,0.047,5.7615
10/29/2024 2:00,OGNUSDT,-0.0285,5.733
10/29/2024 2:00,VETUSDT,-0.029,5.704
10/29/2024 2:00,FILUSDT,-0.0223,5.6817
10/29/2024 2:00,ARBUSDT,0.0413,5.723
10/29/2024 2:15,COSUSDT,0.0487,5.7717
10/29/2024 2:15,KNCUSDT,-0.0236,5.7481
10/29/2024 2:30,COMPUSDT,-0.0221,5.726
10/29/2024 4:00,ZROUSDT,0.0454,5.7714
10/29/2024 4:00,KSMUSDT,-0.0251,5.7463
10/29/2024 4:15,ORDIUSDT,0.0458,5.7921
10/29/2024 4:30,STXUSDT,0.0178,5.8099
10/29/2024 4:45,BRETTUSDT,-0.0201,5.7898
10/29/2024 4:45,BELUSDT,-0.0211,5.7687
10/29/2024 5:00,BBUSDT,-0.0234,5.7453
10/29/2024 5:00,MTLUSDT,0.0459,5.7912
10/29/2024 5:15,HOTUSDT,-0.0221,5.7691
10/29/2024 6:00,OXTUSDT,0.047,5.8161
10/29/2024 8:00,LINKUSDT,-0.0276,5.7885
10/29/2024 8:15,XVGUSDT,0.047,5.8355
10/29/2024 8:15,EGLDUSDT,-0.0216,5.8139
10/29/2024 8:15,OXTUSDT,0.0485,5.8624
10/29/2024 8:30,SNXUSDT,0.0459,5.9083
10/29/2024 8:30,OPUSDT,0.0478,5.9561
10/29/2024 8:30,PENDLEUSDT,0.0441,6.0002
10/29/2024 9:30,XVGUSDT,-0.0276,5.9726
10/29/2024 9:45,IOTAUSDT,-0.0228,5.9498
10/29/2024 10:45,METISUSDT,0.0485,5.9983
10/29/2024 11:00,BALUSDT,0.048,6.0463
10/29/2024 11:00,QUICKUSDT,0.0492,6.0955
10/29/2024 11:30,REIUSDT,-0.0218,6.0737
10/29/2024 11:30,NEARUSDT,-0.0211,6.0526
10/29/2024 11:30,NEOUSDT,0.0389,6.0915
10/29/2024 11:45,IDUSDT,0.0478,6.1393
10/29/2024 12:30,CYBERUSDT,0.0341,6.1734
10/29/2024 13:15,STGUSDT,0.0445,6.2179
10/29/2024 14:00,CHRUSDT,-0.02,6.1979
10/29/2024 14:15,TIAUSDT,-0.0214,6.1765
10/29/2024 14:15,DIAUSDT,-0.0361,6.1404
10/29/2024 15:30,STGUSDT,-0.0228,6.1176
10/29/2024 15:30,IDUSDT,-0.0212,6.0964
10/29/2024 15:45,NMRUSDT,0.0432,6.1396
10/29/2024 15:45,POLYXUSDT,-0.022,6.1176
10/29/2024 15:45,GMTUSDT,0.0486,6.1662
10/29/2024 15:45,GLMUSDT,-0.0228,6.1434
10/29/2024 15:45,CELRUSDT,0.05,6.1934
10/29/2024 16:00,AMBUSDT,0.0472,6.2406
10/29/2024 16:00,LITUSDT,0.0454,6.286
10/29/2024 16:00,REZUSDT,0.0473,6.3333
10/29/2024 16:00,IMXUSDT,-0.0219,6.3114
10/29/2024 16:00,TRUUSDT,0.045,6.3564
10/29/2024 16:00,ATAUSDT,0.0477,6.4041
10/29/2024 16:15,BALUSDT,-0.0221,6.382
10/29/2024 16:15,EDUUSDT,-0.0276,6.3544
10/29/2024 16:15,TURBOUSDT,-0.0294,6.325
10/29/2024 16:30,RSRUSDT,-0.0204,6.3046
10/29/2024 16:45,KSMUSDT,-0.0223,6.2823
10/29/2024 18:15,IDUSDT,-0.027,6.2553
10/29/2024 18:30,NMRUSDT,-0.0386,6.2167
10/29/2024 18:45,ADAUSDT,-0.02,6.1967
10/29/2024 19:15,API3USDT,-0.0252,6.1715
10/29/2024 19:30,KASUSDT,0.0309,6.2024
10/30/2024 4:00,SYNUSDT,-0.0202,6.1822
10/30/2024 5:45,PENDLEUSDT,0.0463,6.2285
10/30/2024 5:45,ENSUSDT,0.05,6.2785
10/30/2024 5:45,ETHUSDT,0.0489,6.3274
10/30/2024 6:00,ICXUSDT,-0.0365,6.2909
10/30/2024 6:00,TRUUSDT,-0.0284,6.2625
10/30/2024 6:00,TONUSDT,-0.022,6.2405
10/30/2024 6:00,OMUSDT,0.024,6.2645
10/30/2024 6:45,IDUSDT,-0.0229,6.2416
10/30/2024 7:15,IOTAUSDT,-0.02,6.2216
10/30/2024 7:45,TIAUSDT,0.0471,6.2687
10/30/2024 8:45,FETUSDT,-0.0228,6.2459
10/30/2024 8:45,BEAMXUSDT,0.0427,6.2886
10/30/2024 8:45,FIDAUSDT,0.046,6.3346
10/30/2024 8:45,AERGOUSDT,-0.02,6.3146
10/30/2024 8:45,XRPUSDT,-0.031,6.2836
10/30/2024 8:45,HBARUSDT,-0.0323,6.2513
10/30/2024 8:45,MEWUSDT,0.0422,6.2935
10/30/2024 8:45,XVSUSDT,0.0424,6.3359
10/30/2024 8:45,GLMUSDT,-0.0336,6.3023
10/30/2024 8:45,SOLUSDT,0.0462,6.3485
10/30/2024 8:45,ROSEUSDT,-0.0317,6.3168
10/30/2024 8:45,1000PEPEUSDT,-0.024,6.2928
10/30/2024 10:00,API3USDT,-0.0222,6.2706
10/30/2024 10:30,LTCUSDT,-0.0205,6.2501
10/30/2024 10:45,AMBUSDT,-0.0203,6.2298
10/30/2024 11:00,INJUSDT,-0.024,6.2058
10/30/2024 11:00,GRTUSDT,-0.0252,6.1806
10/30/2024 11:00,TIAUSDT,0.0442,6.2248
10/30/2024 11:00,HMSTRUSDT,-0.0302,6.1946
10/30/2024 11:00,IMXUSDT,-0.0207,6.1739
10/30/2024 11:00,TRBUSDT,-0.0204,6.1535
10/30/2024 11:00,RAREUSDT,-0.0218,6.1317
10/30/2024 11:00,IOUSDT,-0.0224,6.1093
10/30/2024 11:00,LOKAUSDT,-0.02,6.0893
10/30/2024 11:00,AEVOUSDT,-0.02,6.0693
10/30/2024 11:00,GALAUSDT,-0.0223,6.047
10/30/2024 11:00,ZENUSDT,-0.0232,6.0238
10/30/2024 11:00,VETUSDT,-0.0212,6.0026
10/30/2024 11:15,COSUSDT,-0.0219,5.9807
10/30/2024 11:15,1INCHUSDT,-0.0216,5.9591
10/30/2024 11:15,BSVUSDT,-0.0225,5.9366
10/30/2024 11:15,RLCUSDT,-0.0254,5.9112
10/30/2024 11:15,NOTUSDT,-0.0214,5.8898
10/30/2024 11:15,ZRXUSDT,-0.0281,5.8617
10/30/2024 11:15,FIOUSDT,-0.02,5.8417
10/30/2024 11:45,ZROUSDT,-0.0234,5.8183
10/30/2024 12:00,BICOUSDT,0.0429,5.8612
10/30/2024 13:15,MANTAUSDT,-0.0247,5.8365
10/30/2024 15:30,SXPUSDT,-0.0239,5.8126
10/30/2024 16:45,QUICKUSDT,-0.0219,5.7907
10/30/2024 17:00,BEAMXUSDT,-0.0249,5.7658
10/30/2024 18:15,XMRUSDT,0.0393,5.8051
10/30/2024 21:45,USTCUSDT,0.0484,5.8535
10/30/2024 22:00,CHZUSDT,-0.029,5.8245
10/30/2024 23:00,PYTHUSDT,-0.0232,5.8013
10/30/2024 23:00,KASUSDT,0.043,5.8443
10/30/2024 23:45,ROSEUSDT,0.0485,5.8928
10/31/2024 0:00,FXSUSDT,0.0478,5.9406
10/31/2024 0:30,ENAUSDT,0.0454,5.986
10/31/2024 0:30,SCRUSDT,0.0481,6.0341
10/31/2024 0:30,DIAUSDT,0.0487,6.0828
10/31/2024 0:30,RLCUSDT,0.0481,6.1309
10/31/2024 0:30,XAIUSDT,0.0458,6.1767
10/31/2024 1:00,LQTYUSDT,0.0494,6.2261
10/31/2024 3:15,BEAMXUSDT,0.0486,6.2747
10/31/2024 3:15,COTIUSDT,-0.0249,6.2498
10/31/2024 3:45,CFXUSDT,0.0489,6.2987
10/31/2024 3:45,CELOUSDT,0.05,6.3487
10/31/2024 3:45,XVSUSDT,0.0494,6.3981
10/31/2024 4:15,PORTALUSDT,0.0491,6.4472
10/31/2024 4:15,BTCDOMUSDT,0.0494,6.4966
10/31/2024 4:30,SXPUSDT,0.0491,6.5457
10/31/2024 5:00,KDAUSDT,0.0496,6.5953
10/31/2024 6:00,SCRUSDT,0.0457,6.641
10/31/2024 6:00,RSRUSDT,0.0487,6.6897
10/31/2024 6:00,API3USDT,0.0474,6.7371
10/31/2024 6:15,BATUSDT,0.05,6.7871
10/31/2024 6:15,RONINUSDT,0.0448,6.8319
10/31/2024 6:15,GRTUSDT,0.047,6.8789
10/31/2024 6:15,NFPUSDT,0.0469,6.9258
10/31/2024 6:15,SNXUSDT,0.0482,6.974
10/31/2024 6:15,OPUSDT,0.0487,7.0227
10/31/2024 6:15,GASUSDT,0.0484,7.0711
10/31/2024 6:15,FXSUSDT,0.0483,7.1194
10/31/2024 6:15,RDNTUSDT,0.0477,7.1671
10/31/2024 6:15,1MBABYDOGEUSDT,0.0362,7.2033
10/31/2024 6:15,FILUSDT,0.05,7.2533
10/31/2024 6:30,CAKEUSDT,0.0459,7.2992
10/31/2024 6:30,IOTAUSDT,0.0359,7.3351
10/31/2024 6:30,SSVUSDT,0.038,7.3731
10/31/2024 6:30,STGUSDT,0.0456,7.4187
10/31/2024 6:30,BANANAUSDT,0.0408,7.4595
10/31/2024 6:30,BRETTUSDT,0.0475,7.507
10/31/2024 6:30,CHZUSDT,0.0401,7.5471
10/31/2024 6:30,ACEUSDT,0.0486,7.5957
10/31/2024 6:30,SKLUSDT,0.0453,7.641
10/31/2024 6:30,AIUSDT,0.0421,7.6831
10/31/2024 6:30,STEEMUSDT,0.0453,7.7284
10/31/2024 6:30,UNIUSDT,0.0438,7.7722
10/31/2024 6:30,FIDAUSDT,-0.0219,7.7503
10/31/2024 6:30,PORTALUSDT,0.0449,7.7952
10/31/2024 6:30,MEMEUSDT,0.0484,7.8436
10/31/2024 6:30,AERGOUSDT,0.0434,7.887
10/31/2024 6:30,WAXPUSDT,0.0412,7.9282
10/31/2024 6:30,HIFIUSDT,0.0497,7.9779
10/31/2024 6:30,POLYXUSDT,0.0491,8.027
10/31/2024 6:30,GUSDT,0.038,8.065
10/31/2024 6:30,NTRNUSDT,0.0447,8.1097
10/31/2024 6:30,MEWUSDT,-0.0228,8.0869
10/31/2024 6:30,TNSRUSDT,-0.0221,8.0648
10/31/2024 6:30,RPLUSDT,0.0433,8.1081
10/31/2024 6:30,YGGUSDT,0.0445,8.1526
10/31/2024 6:30,AXSUSDT,0.0454,8.198
10/31/2024 6:30,BLZUSDT,0.0481,8.2461
10/31/2024 6:30,RENUSDT,0.0364,8.2825
10/31/2024 6:30,MBOXUSDT,-0.0272,8.2553
10/31/2024 6:30,MYROUSDT,0.046,8.3013
10/31/2024 6:30,DODOXUSDT,0.0492,8.3505
10/31/2024 6:30,ACHUSDT,0.0401,8.3906
10/31/2024 6:30,XAIUSDT,0.0479,8.4385
10/31/2024 6:30,KSMUSDT,0.0436,8.4821
10/31/2024 6:30,FLUXUSDT,0.0351,8.5172
10/31/2024 6:30,TOKENUSDT,0.0469,8.5641
10/31/2024 6:30,ZENUSDT,0.0452,8.6093
10/31/2024 6:30,ZILUSDT,0.0456,8.6549
10/31/2024 6:30,QUICKUSDT,0.0493,8.7042
10/31/2024 7:00,ORBSUSDT,-0.0227,8.6815
10/31/2024 8:00,ETHFIUSDT,0.0497,8.7312
10/31/2024 8:00,UNIUSDT,0.0446,8.7758
10/31/2024 8:15,INJUSDT,0.0469,8.8227
10/31/2024 8:15,DUSKUSDT,-0.0329,8.7898
10/31/2024 8:15,COSUSDT,0.0436,8.8334
10/31/2024 8:15,GRTUSDT,0.0473,8.8807
10/31/2024 8:15,AMBUSDT,0.0396,8.9203
10/31/2024 8:15,BRETTUSDT,-0.0223,8.898
10/31/2024 8:15,ALTUSDT,0.0478,8.9458
10/31/2024 8:15,ICPUSDT,-0.0252,8.9206
10/31/2024 8:15,STEEMUSDT,0.044,8.9646
10/31/2024 8:15,FETUSDT,-0.0288,8.9358
10/31/2024 8:15,HIGHUSDT,0.0432,8.979
10/31/2024 8:15,GMXUSDT,-0.0203,8.9587
10/31/2024 8:15,SPELLUSDT,0.0438,9.0025
10/31/2024 8:15,ONEUSDT,0.0472,9.0497
10/31/2024 8:15,IOTXUSDT,-0.02,9.0297
10/31/2024 8:15,DOGSUSDT,-0.0245,9.0052
10/31/2024 8:15,GMTUSDT,0.0461,9.0513
10/31/2024 8:15,CFXUSDT,0.0483,9.0996
10/31/2024 8:15,IMXUSDT,-0.0201,9.0795
10/31/2024 8:15,DOTUSDT,0.0324,9.1119
10/31/2024 8:15,NULSUSDT,0.0429,9.1548
10/31/2024 8:15,CRVUSDT,0.05,9.2048
10/31/2024 8:15,MOVRUSDT,0.0417,9.2465
10/31/2024 8:15,RDNTUSDT,0.0493,9.2958
10/31/2024 8:15,ROSEUSDT,-0.0202,9.2756
10/31/2024 8:15,ANKRUSDT,0.0363,9.3119
10/31/2024 8:15,PHBUSDT,0.0375,9.3494
10/31/2024 8:15,BADGERUSDT,-0.0213,9.3281
10/31/2024 8:15,FLOWUSDT,0.0422,9.3703
10/31/2024 8:15,ACHUSDT,0.0425,9.4128
10/31/2024 8:15,JASMYUSDT,0.0405,9.4533
10/31/2024 8:15,ZRXUSDT,0.046,9.4993
10/31/2024 8:15,1000PEPEUSDT,0.0468,9.5461
10/31/2024 8:15,QUICKUSDT,0.0441,9.5902
10/31/2024 8:15,FILUSDT,0.0488,9.639
10/31/2024 8:15,LRCUSDT,-0.0252,9.6138
10/31/2024 8:30,BNXUSDT,0.0444,9.6582
10/31/2024 8:30,BLURUSDT,0.0459,9.7041
10/31/2024 8:30,FLMUSDT,0.0472,9.7513
10/31/2024 9:45,BCHUSDT,-0.023,9.7283
10/31/2024 10:15,STGUSDT,-0.0258,9.7025
10/31/2024 10:15,HIGHUSDT,0.048,9.7505
10/31/2024 10:15,IOSTUSDT,0.0476,9.7981
10/31/2024 10:15,KEYUSDT,0.0488,9.8469
10/31/2024 10:15,ONEUSDT,0.0486,9.8955
10/31/2024 10:15,CFXUSDT,-0.0205,9.875
10/31/2024 10:15,ALPACAUSDT,-0.0201,9.8549
10/31/2024 10:15,BNXUSDT,0.0458,9.9007
10/31/2024 10:15,ZRXUSDT,-0.0207,9.88
10/31/2024 10:15,ALPHAUSDT,-0.0218,9.8582
10/31/2024 11:15,SAFEUSDT,0.0493,9.9075
10/31/2024 11:30,APTUSDT,0.0469,9.9544
10/31/2024 12:15,AMBUSDT,0.0469,10.0013
10/31/2024 12:15,SUIUSDT,0.0487,10.05
10/31/2024 13:15,BALUSDT,0.0487,10.0987
10/31/2024 13:15,QNTUSDT,0.049,10.1477
10/31/2024 13:15,BBUSDT,0.0482,10.1959
10/31/2024 13:15,SKLUSDT,0.0484,10.2443
10/31/2024 13:15,QTUMUSDT,0.0461,10.2904
10/31/2024 13:15,SNXUSDT,0.0488,10.3392
10/31/2024 13:15,AAVEUSDT,0.0458,10.385
10/31/2024 13:15,NEIROUSDT,-0.0266,10.3584
10/31/2024 13:15,KEYUSDT,0.0326,10.391
10/31/2024 13:15,SPELLUSDT,0.0478,10.4388
10/31/2024 13:15,1000SATSUSDT,0.0462,10.485
10/31/2024 13:15,ENSUSDT,0.0464,10.5314
10/31/2024 13:15,ONGUSDT,0.0481,10.5795
10/31/2024 13:15,EIGENUSDT,0.0447,10.6242
10/31/2024 13:15,BNXUSDT,0.0497,10.6739
10/31/2024 13:15,LDOUSDT,0.0463,10.7202
10/31/2024 13:15,CRVUSDT,0.0402,10.7604
10/31/2024 13:15,VOXELUSDT,0.0487,10.8091
10/31/2024 13:15,MOVRUSDT,0.0346,10.8437
10/31/2024 13:15,ACHUSDT,0.0499,10.8936
10/31/2024 13:15,CYBERUSDT,0.047,10.9406
10/31/2024 13:15,ATAUSDT,0.0416,10.9822
10/31/2024 13:30,UNIUSDT,0.0491,11.0313
10/31/2024 16:00,TWTUSDT,-0.0259,11.0054
10/31/2024 17:00,FLMUSDT,0.0414,11.0468
10/31/2024 17:00,KSMUSDT,0.041,11.0878
10/31/2024 17:30,AMBUSDT,0.0485,11.1363
10/31/2024 17:30,BBUSDT,0.0491,11.1854
10/31/2024 17:30,UNIUSDT,-0.0263,11.1591
10/31/2024 17:30,MAGICUSDT,0.0412,11.2003
10/31/2024 17:30,WAXPUSDT,0.0471,11.2474
10/31/2024 17:30,HIFIUSDT,0.0429,11.2903
10/31/2024 17:30,NEOUSDT,0.0497,11.34
10/31/2024 17:30,NULSUSDT,0.044,11.384
10/31/2024 17:30,LQTYUSDT,0.0445,11.4285
10/31/2024 17:30,LTCUSDT,0.0452,11.4737
10/31/2024 17:30,CELRUSDT,0.0481,11.5218
10/31/2024 17:30,ANKRUSDT,0.047,11.5688
10/31/2024 17:30,MBOXUSDT,0.05,11.6188
10/31/2024 17:30,ETCUSDT,0.0475,11.6663
10/31/2024 17:30,RIFUSDT,-0.0304,11.6359
10/31/2024 17:30,RVNUSDT,0.0444,11.6803
10/31/2024 17:30,ARBUSDT,-0.0205,11.6598
10/31/2024 18:00,DARUSDT,-0.0229,11.6369
10/31/2024 18:00,DOGEUSDT,0.0478,11.6847
10/31/2024 18:00,AGLDUSDT,0.0266,11.7113
10/31/2024 19:45,1000SHIBUSDT,-0.0229,11.6884
10/31/2024 19:45,DOGEUSDT,-0.0341,11.6543
10/31/2024 19:45,BNBUSDT,-0.0211,11.6332
10/31/2024 19:45,XTZUSDT,-0.024,11.6092
10/31/2024 21:00,BIGTIMEUSDT,0.0397,11.6489
10/31/2024 22:00,SOLUSDT,-0.0257,11.6232
10/31/2024 22:15,GMXUSDT,-0.0205,11.6027
10/31/2024 22:15,ARKUSDT,-0.0204,11.5823
10/31/2024 22:15,JTOUSDT,-0.0206,11.5617
10/31/2024 23:15,ARKMUSDT,-0.0272,11.5345
10/31/2024 23:45,TRUUSDT,-0.0203,11.5142
11/1/2024 6:00,UMAUSDT,-0.0249,11.4893
11/1/2024 13:15,TONUSDT,-0.025,11.4643
11/1/2024 13:30,RUNEUSDT,-0.0258,11.4385
11/1/2024 13:45,LDOUSDT,-0.0223,11.4162
11/1/2024 18:00,SUSHIUSDT,-0.0205,11.3957
11/1/2024 19:00,HFTUSDT,0.048,11.4437
11/1/2024 19:00,NFPUSDT,-0.022,11.4217
11/1/2024 19:00,ONTUSDT,-0.022,11.3997
11/1/2024 21:00,INJUSDT,0.0464,11.4461
11/1/2024 21:00,ENJUSDT,-0.0223,11.4238
11/1/2024 21:00,SKLUSDT,-0.0216,11.4022
11/1/2024 21:00,ICPUSDT,-0.0235,11.3787
11/1/2024 21:00,BONDUSDT,0.0426,11.4213
11/1/2024 21:00,OMNIUSDT,-0.026,11.3953
11/1/2024 21:00,WLDUSDT,-0.0238,11.3715
11/1/2024 21:00,FIDAUSDT,-0.0208,11.3507
11/1/2024 21:00,MEMEUSDT,0.0451,11.3958
11/1/2024 21:00,SAGAUSDT,0.0497,11.4455
11/1/2024 21:00,MAVUSDT,0.0415,11.487
11/1/2024 21:00,WAXPUSDT,-0.0224,11.4646
11/1/2024 21:00,GUSDT,-0.0225,11.4421
11/1/2024 21:00,ONDOUSDT,0.0412,11.4833
11/1/2024 21:00,VANRYUSDT,-0.0207,11.4626
11/1/2024 21:00,NULSUSDT,-0.0219,11.4407
11/1/2024 21:00,SOLUSDT,-0.021,11.4197
11/1/2024 21:00,TNSRUSDT,-0.0223,11.3974
11/1/2024 21:00,YGGUSDT,0.0488,11.4462
11/1/2024 21:00,GALAUSDT,-0.0239,11.4223
11/1/2024 21:00,CYBERUSDT,-0.0212,11.4011
11/1/2024 21:00,PIXELUSDT,-0.0249,11.3762
11/1/2024 21:00,RVNUSDT,-0.0238,11.3524
11/1/2024 21:15,CAKEUSDT,-0.022,11.3304
11/1/2024 21:15,LISTAUSDT,-0.0328,11.2976
11/1/2024 21:15,KDAUSDT,-0.0295,11.2681
11/1/2024 21:15,HFTUSDT,0.034,11.3021
11/1/2024 21:15,QNTUSDT,-0.0247,11.2774
11/1/2024 21:15,ETHFIUSDT,-0.0328,11.2446
11/1/2024 21:15,AMBUSDT,-0.0313,11.2133
11/1/2024 21:15,IDUSDT,0.0422,11.2555
11/1/2024 21:15,BBUSDT,-0.0298,11.2257
11/1/2024 21:15,BRETTUSDT,0.036,11.2617
11/1/2024 21:15,AIUSDT,-0.0348,11.2269
11/1/2024 21:15,FETUSDT,-0.0264,11.2005
11/1/2024 21:15,GASUSDT,-0.0252,11.1753
11/1/2024 21:15,MAGICUSDT,-0.0322,11.1431
11/1/2024 21:15,REZUSDT,-0.0333,11.1098
11/1/2024 21:15,BEAMXUSDT,0.0431,11.1529
11/1/2024 21:15,JOEUSDT,-0.0234,11.1295
11/1/2024 21:15,LPTUSDT,-0.0292,11.1003
11/1/2024 21:15,BNTUSDT,-0.0322,11.0681
11/1/2024 21:15,ENSUSDT,-0.0278,11.0403
11/1/2024 21:15,DYMUSDT,-0.0312,11.0091
11/1/2024 21:15,CFXUSDT,-0.0284,10.9807
11/1/2024 21:15,BNBUSDT,-0.021,10.9597
11/1/2024 21:15,HBARUSDT,-0.0253,10.9344
11/1/2024 21:15,1000XECUSDT,0.0402,10.9746
11/1/2024 21:15,NTRNUSDT,0.0435,11.0181
11/1/2024 21:15,ICXUSDT,-0.0262,10.9919
11/1/2024 21:15,SXPUSDT,-0.027,10.9649
11/1/2024 21:15,GLMUSDT,-0.0261,10.9388
11/1/2024 21:15,NKNUSDT,-0.0288,10.91
11/1/2024 21:15,BLURUSDT,-0.0311,10.8789
11/1/2024 21:15,TRUUSDT,-0.0272,10.8517
11/1/2024 21:15,RPLUSDT,-0.0298,10.8219
11/1/2024 21:15,ANKRUSDT,-0.0311,10.7908
11/1/2024 21:15,LOOMUSDT,-0.0342,10.7566
11/1/2024 21:15,TLMUSDT,-0.0241,10.7325
11/1/2024 21:15,FLOWUSDT,-0.0268,10.7057
11/1/2024 21:15,AVAXUSDT,-0.0251,10.6806
11/1/2024 21:15,ACHUSDT,-0.0209,10.6597
11/1/2024 21:15,JASMYUSDT,-0.0283,10.6314
11/1/2024 21:15,LEVERUSDT,0.0439,10.6753
11/1/2024 21:15,MINAUSDT,0.0458,10.7211
11/1/2024 21:15,OXTUSDT,-0.0263,10.6948
11/1/2024 21:15,ZRXUSDT,-0.0286,10.6662
11/1/2024 21:15,RIFUSDT,-0.0264,10.6398
11/1/2024 21:15,ZENUSDT,-0.0315,10.6083
11/1/2024 21:15,LRCUSDT,-0.0275,10.5808
11/1/2024 21:30,UNIUSDT,-0.0228,10.558
11/2/2024 3:00,ADAUSDT,-0.0247,10.5333
11/2/2024 5:00,SAFEUSDT,-0.0247,10.5086
11/2/2024 5:00,UMAUSDT,0.0459,10.5545
11/2/2024 8:15,HOOKUSDT,0.0488,10.6033
11/2/2024 8:15,ARKMUSDT,0.0499,10.6532
11/2/2024 8:30,ETHWUSDT,0.0491,10.7023
11/2/2024 8:30,LOOMUSDT,0.0485,10.7508
11/2/2024 10:00,BSWUSDT,0.0476,10.7984
11/2/2024 10:00,CATIUSDT,-0.0244,10.774
11/2/2024 10:00,STRKUSDT,0.0474,10.8214
11/2/2024 10:15,1000CATUSDT,0.0493,10.8707
11/2/2024 10:15,SUIUSDT,0.0492,10.9199
11/2/2024 10:15,PYTHUSDT,0.045,10.9649
11/2/2024 11:00,LITUSDT,-0.025,10.9399
11/2/2024 11:30,ZKUSDT,0.0474,10.9873
11/2/2024 11:45,QNTUSDT,0.0493,11.0366
11/2/2024 11:45,HIGHUSDT,0.0403,11.0769
11/2/2024 11:45,GLMUSDT,0.0481,11.125
11/2/2024 12:00,AAVEUSDT,0.0427,11.1677
11/2/2024 12:00,ROSEUSDT,0.047,11.2147
11/2/2024 12:00,KSMUSDT,0.0493,11.264
11/2/2024 12:15,ENAUSDT,-0.0211,11.2429
11/2/2024 12:15,EDUUSDT,0.0391,11.282
11/2/2024 12:15,DARUSDT,0.0448,11.3268
11/2/2024 12:15,NMRUSDT,0.0441,11.3709
11/2/2024 12:15,BSWUSDT,0.0411,11.412
11/2/2024 12:15,XVGUSDT,0.0476,11.4596
11/2/2024 12:15,JOEUSDT,0.0402,11.4998
11/2/2024 12:15,POLUSDT,0.0316,11.5314
11/2/2024 12:15,PENDLEUSDT,0.039,11.5704
11/2/2024 12:15,AERGOUSDT,0.0387,11.6091
11/2/2024 12:15,BNTUSDT,0.0428,11.6519
11/2/2024 12:15,DOGEUSDT,0.0408,11.6927
11/2/2024 12:15,1000XECUSDT,0.041,11.7337
11/2/2024 12:15,ONDOUSDT,0.0439,11.7776
11/2/2024 12:15,BELUSDT,0.0438,11.8214
11/2/2024 12:15,ETHWUSDT,0.0434,11.8648
11/2/2024 12:15,MOVRUSDT,0.0455,11.9103
11/2/2024 12:15,SUIUSDT,0.0455,11.9558
11/2/2024 12:15,PHBUSDT,0.0368,11.9926
11/2/2024 12:15,TLMUSDT,0.037,12.0296
11/2/2024 12:15,DYDXUSDT,0.0331,12.0627
11/2/2024 12:15,SEIUSDT,0.0387,12.1014
11/2/2024 12:15,ORDIUSDT,0.0422,12.1436
11/2/2024 12:15,STRKUSDT,0.047,12.1906
11/2/2024 12:15,QUICKUSDT,0.0443,12.2349
11/2/2024 13:30,TROYUSDT,0.05,12.2849
11/2/2024 13:45,IOTAUSDT,-0.0274,12.2575
11/2/2024 13:45,FTMUSDT,0.0359,12.2934
11/2/2024 13:45,BANANAUSDT,0.0482,12.3416
11/2/2024 13:45,IDUSDT,0.0482,12.3898
11/2/2024 13:45,REIUSDT,-0.0224,12.3674
11/2/2024 13:45,XVGUSDT,-0.0279,12.3395
11/2/2024 13:45,NEARUSDT,-0.02,12.3195
11/2/2024 13:45,POLUSDT,0.0459,12.3654
11/2/2024 13:45,MEMEUSDT,0.0488,12.4142
11/2/2024 13:45,SPELLUSDT,0.0435,12.4577
11/2/2024 13:45,ONDOUSDT,0.0444,12.5021
11/2/2024 13:45,ARPAUSDT,-0.0254,12.4767
11/2/2024 13:45,IOUSDT,0.0416,12.5183
11/2/2024 13:45,CRVUSDT,0.0435,12.5618
11/2/2024 13:45,JUPUSDT,0.0427,12.6045
11/2/2024 13:45,ZROUSDT,0.0489,12.6534
11/2/2024 13:45,1000LUNCUSDT,0.0487,12.7021
11/2/2024 13:45,1000PEPEUSDT,0.0394,12.7415
11/2/2024 15:30,WIFUSDT,-0.0229,12.7186
11/2/2024 17:30,MASKUSDT,0.0479,12.7665
11/2/2024 17:30,ICPUSDT,0.0465,12.813
11/2/2024 17:30,ORBSUSDT,-0.0253,12.7877
11/2/2024 17:30,ONDOUSDT,-0.0249,12.7628
11/2/2024 17:30,PERPUSDT,0.0494,12.8122
11/2/2024 17:30,STORJUSDT,0.043,12.8552
11/2/2024 17:30,VETUSDT,-0.0257,12.8295
11/2/2024 23:00,SFPUSDT,0.05,12.8795
11/2/2024 23:00,BADGERUSDT,0.0461,12.9256
11/3/2024 0:30,ADAUSDT,0.0468,12.9724
11/3/2024 0:45,BATUSDT,0.0482,13.0206
11/3/2024 0:45,RIFUSDT,0.0457,13.0663
11/3/2024 1:00,JOEUSDT,0.0494,13.1157
11/3/2024 1:00,YGGUSDT,0.0427,13.1584
11/3/2024 1:45,MASKUSDT,0.0477,13.2061
11/3/2024 1:45,TUSDT,0.0426,13.2487
11/3/2024 1:45,ICPUSDT,0.047,13.2957
11/3/2024 1:45,MBOXUSDT,0.0397,13.3354
11/3/2024 1:45,ADAUSDT,0.0461,13.3815
11/3/2024 11:30,IDUSDT,0.0497,13.4312
11/3/2024 11:30,SNXUSDT,0.0451,13.4763
11/3/2024 11:30,ZETAUSDT,0.0481,13.5244
11/3/2024 11:30,WUSDT,-0.0254,13.499
11/3/2024 11:30,LQTYUSDT,0.0474,13.5464
11/3/2024 12:45,1000BONKUSDT,0.0352,13.5816
11/3/2024 12:45,LINAUSDT,0.05,13.6316
11/3/2024 12:45,HOOKUSDT,0.044,13.6756
11/3/2024 12:45,FXSUSDT,0.05,13.7256
11/3/2024 13:00,BANANAUSDT,-0.0254,13.7002
11/3/2024 13:00,IDUSDT,0.0469,13.7471
11/3/2024 13:00,1000XECUSDT,0.0492,13.7963
11/3/2024 13:00,ALPACAUSDT,0.0458,13.8421
11/3/2024 13:00,BLURUSDT,0.0472,13.8893
11/3/2024 13:00,DENTUSDT,0.0476,13.9369
11/3/2024 13:00,SUSHIUSDT,0.0489,13.9858
11/3/2024 13:00,PYTHUSDT,-0.0228,13.963
11/3/2024 13:00,LOKAUSDT,-0.0278,13.9352
11/3/2024 13:00,ZECUSDT,0.0473,13.9825
11/3/2024 13:30,DOGEUSDT,-0.0204,13.9621
11/3/2024 18:30,DASHUSDT,-0.0265,13.9356
11/3/2024 21:30,UXLINKUSDT,-0.0309,13.9047
11/4/2024 0:00,SFPUSDT,-0.0227,13.882
11/4/2024 2:45,TUSDT,-0.0208,13.8612
11/4/2024 4:15,TONUSDT,-0.0246,13.8366
11/4/2024 4:15,ALPHAUSDT,-0.0219,13.8147
11/4/2024 7:30,OPUSDT,0.0442,13.8589
11/4/2024 7:30,UNIUSDT,-0.0231,13.8358
11/4/2024 7:30,NEIROUSDT,-0.0212,13.8146
11/4/2024 7:30,POPCATUSDT,0.045,13.8596
11/4/2024 7:30,ZETAUSDT,-0.02,13.8396
11/4/2024 7:30,POWRUSDT,-0.0251,13.8145
11/4/2024 7:30,MEWUSDT,-0.0224,13.7921
11/4/2024 7:30,COTIUSDT,-0.0204,13.7717
11/4/2024 7:30,ZRXUSDT,-0.0212,13.7505
11/4/2024 8:30,XEMUSDT,-0.02,13.7305
11/4/2024 8:30,DOGSUSDT,-0.0214,13.7091
11/4/2024 9:00,XMRUSDT,0.0426,13.7517
11/4/2024 9:30,ZECUSDT,-0.0235,13.7282
11/4/2024 9:45,BSVUSDT,-0.0245,13.7037
11/4/2024 12:00,IOUSDT,-0.0208,13.6829
11/4/2024 13:00,BALUSDT,-0.0212,13.6617
11/4/2024 13:00,IOTAUSDT,-0.02,13.6417
11/4/2024 13:00,MANAUSDT,-0.0209,13.6208
11/4/2024 13:00,PORTALUSDT,-0.0219,13.5989
11/4/2024 13:00,ONEUSDT,-0.0249,13.574
11/4/2024 13:00,HOOKUSDT,-0.0251,13.5489
11/4/2024 13:00,METISUSDT,-0.0204,13.5285
11/4/2024 13:00,DOTUSDT,-0.0207,13.5078
11/4/2024 13:00,CRVUSDT,-0.02,13.4878
11/4/2024 13:00,SANDUSDT,-0.0247,13.4631
11/4/2024 13:00,CTSIUSDT,-0.0249,13.4382
11/4/2024 13:00,VETUSDT,-0.0211,13.4171
11/4/2024 13:15,RAREUSDT,0.0429,13.46
11/4/2024 13:45,KASUSDT,0.0451,13.5051
11/4/2024 14:00,ZECUSDT,-0.046,13.4591
11/4/2024 15:30,STGUSDT,0.0463,13.5054
11/4/2024 15:45,TWTUSDT,0.0423,13.5477
11/4/2024 16:15,ENJUSDT,0.0469,13.5946
11/4/2024 16:15,IOSTUSDT,0.0478,13.6424
11/4/2024 16:15,1000FLOKIUSDT,0.045,13.6874
11/4/2024 16:15,HIFIUSDT,0.0488,13.7362
11/4/2024 16:15,WUSDT,0.0464,13.7826
11/4/2024 16:15,DIAUSDT,0.0461,13.8287
11/4/2024 16:15,RUNEUSDT,0.0313,13.86
11/4/2024 16:15,BLZUSDT,0.05,13.91
11/4/2024 16:15,ANKRUSDT,0.0491,13.9591
11/4/2024 16:15,SEIUSDT,-0.0205,13.9386
11/4/2024 16:15,CHESSUSDT,0.0426,13.9812
11/4/2024 16:30,SSVUSDT,0.0397,14.0209
11/4/2024 16:30,BTCUSDT,-0.0276,13.9933
11/4/2024 16:30,TAOUSDT,-0.0242,13.9691
11/4/2024 16:30,SNXUSDT,-0.0264,13.9427
11/4/2024 16:45,XMRUSDT,-0.0255,13.9172
11/4/2024 18:30,DUSKUSDT,-0.021,13.8962
11/4/2024 18:30,PERPUSDT,-0.025,13.8712
11/4/2024 18:30,RLCUSDT,0.0498,13.921
11/4/2024 18:45,LPTUSDT,-0.0218,13.8992
11/4/2024 19:30,TAOUSDT,-0.0268,13.8724
11/4/2024 19:30,ARUSDT,0.049,13.9214
11/4/2024 20:00,ICPUSDT,0.037,13.9584
11/4/2024 20:45,CAKEUSDT,0.0438,14.0022
11/4/2024 20:45,AMBUSDT,0.0483,14.0505
11/4/2024 20:45,NFPUSDT,-0.0231,14.0274
11/4/2024 20:45,AIUSDT,0.0486,14.076
11/4/2024 20:45,LITUSDT,0.05,14.126
11/4/2024 20:45,LPTUSDT,-0.0218,14.1042
11/4/2024 20:45,HIFIUSDT,0.045,14.1492
11/4/2024 20:45,STMXUSDT,0.0422,14.1914
11/4/2024 20:45,CFXUSDT,0.0487,14.2401
11/4/2024 20:45,BNBUSDT,-0.0222,14.2179
11/4/2024 20:45,BICOUSDT,-0.025,14.1929
11/4/2024 20:45,VOXELUSDT,0.0427,14.2356
11/4/2024 20:45,JUPUSDT,0.0458,14.2814
11/4/2024 20:45,BADGERUSDT,0.0461,14.3275
11/4/2024 20:45,C98USDT,0.0465,14.374
11/4/2024 20:45,HOTUSDT,0.0408,14.4148
11/4/2024 21:15,SFPUSDT,0.0424,14.4572
11/5/2024 5:00,TONUSDT,-0.0214,14.4358
11/5/2024 5:45,NMRUSDT,-0.0244,14.4114
11/5/2024 5:45,UNIUSDT,0.0487,14.4601
11/5/2024 6:30,FETUSDT,0.048,14.5081
11/5/2024 6:45,SYSUSDT,-0.0245,14.4836
11/5/2024 7:00,BCHUSDT,0.0425,14.5261
11/5/2024 7:30,GRTUSDT,0.0465,14.5726
11/5/2024 7:30,REIUSDT,0.0491,14.6217
11/5/2024 7:30,CHZUSDT,-0.0204,14.6013
11/5/2024 7:30,ASTRUSDT,0.0497,14.651
11/5/2024 7:30,1INCHUSDT,0.05,14.701
11/5/2024 7:30,CFXUSDT,0.0459,14.7469
11/5/2024 7:30,ICXUSDT,-0.02,14.7269
11/5/2024 7:30,ALPACAUSDT,0.0383,14.7652
11/5/2024 7:30,KNCUSDT,0.0485,14.8137
11/5/2024 7:30,BLURUSDT,0.0418,14.8555
11/5/2024 7:30,KAVAUSDT,0.049,14.9045
11/5/2024 7:30,FLMUSDT,0.0449,14.9494
11/5/2024 7:30,VOXELUSDT,0.0483,14.9977
11/5/2024 7:30,BANDUSDT,0.0463,15.044
11/5/2024 7:30,ATOMUSDT,0.0464,15.0904
11/5/2024 7:30,LOOMUSDT,0.0445,15.1349
11/5/2024 7:30,ACHUSDT,0.0487,15.1836
11/5/2024 7:30,JASMYUSDT,-0.022,15.1616
11/5/2024 7:30,RLCUSDT,0.0422,15.2038
11/5/2024 7:30,COTIUSDT,0.0441,15.2479
11/5/2024 7:30,GALAUSDT,0.0486,15.2965
11/5/2024 7:30,HOTUSDT,0.0415,15.338
11/5/2024 7:30,CHESSUSDT,0.05,15.388
11/5/2024 7:45,SPELLUSDT,-0.021,15.367
11/5/2024 7:45,DOTUSDT,0.0493,15.4163
11/5/2024 8:45,STGUSDT,0.0466,15.4629
11/5/2024 8:45,1000SHIBUSDT,0.0475,15.5104
11/5/2024 8:45,AERGOUSDT,0.05,15.5604
11/5/2024 8:45,GMTUSDT,-0.0218,15.5386
11/5/2024 8:45,TRBUSDT,0.0497,15.5883
11/5/2024 8:45,PYTHUSDT,-0.0317,15.5566
11/5/2024 8:45,ZILUSDT,-0.02,15.5366
11/5/2024 9:00,INJUSDT,0.0416,15.5782
11/5/2024 9:00,BATUSDT,-0.024,15.5542
11/5/2024 9:00,FTMUSDT,0.0308,15.585
11/5/2024 9:00,AMBUSDT,0.0423,15.6273
11/5/2024 9:00,NFPUSDT,-0.0332,15.5941
11/5/2024 9:00,DARUSDT,-0.0253,15.5688
11/5/2024 9:00,LITUSDT,-0.0398,15.529
11/5/2024 9:00,ALTUSDT,-0.025,15.504
11/5/2024 9:00,ASTRUSDT,0.0278,15.5318
11/5/2024 9:00,STXUSDT,0.0403,15.5721
11/5/2024 9:00,STEEMUSDT,-0.0287,15.5434
11/5/2024 9:00,TAOUSDT,0.0372,15.5806
11/5/2024 9:00,UNIUSDT,0.0487,15.6293
11/5/2024 9:00,REZUSDT,-0.0245,15.6048
11/5/2024 9:00,1INCHUSDT,-0.0337,15.5711
11/5/2024 9:00,BEAMXUSDT,0.0426,15.6137
11/5/2024 9:00,WLDUSDT,-0.0209,15.5928
11/5/2024 9:00,NEARUSDT,0.0377,15.6305
11/5/2024 9:00,POPCATUSDT,0.0473,15.6778
11/5/2024 9:00,SPELLUSDT,-0.0269,15.6509
11/5/2024 9:00,MAVUSDT,-0.0222,15.6287
11/5/2024 9:00,HIFIUSDT,-0.029,15.5997
11/5/2024 9:00,ZETAUSDT,-0.0306,15.5691
11/5/2024 9:00,ARUSDT,0.0464,15.6155
11/5/2024 9:00,BSVUSDT,-0.0305,15.585
11/5/2024 9:00,NEOUSDT,-0.0276,15.5574
11/5/2024 9:00,ONDOUSDT,-0.0253,15.5321
11/5/2024 9:00,ICXUSDT,-0.0288,15.5033
11/5/2024 9:00,NULSUSDT,-0.0209,15.4824
11/5/2024 9:00,KNCUSDT,-0.0272,15.4552
11/5/2024 9:00,TRUUSDT,0.0498,15.505
11/5/2024 9:00,IOUSDT,-0.0233,15.4817
11/5/2024 9:00,KAVAUSDT,-0.0299,15.4518
11/5/2024 9:00,LDOUSDT,-0.0253,15.4265
11/5/2024 9:00,ETHUSDT,-0.0214,15.4051
11/5/2024 9:00,BANDUSDT,-0.0347,15.3704
11/5/2024 9:00,LTCUSDT,-0.0266,15.3438
11/5/2024 9:00,ALICEUSDT,-0.0272,15.3166
11/5/2024 9:00,SUSHIUSDT,-0.0285,15.2881
11/5/2024 9:00,BLZUSDT,0.0438,15.3319
11/5/2024 9:00,CELRUSDT,0.0365,15.3684
11/5/2024 9:00,ANKRUSDT,-0.0311,15.3373
11/5/2024 9:00,RENUSDT,0.0477,15.385
11/5/2024 9:00,LOOMUSDT,-0.0232,15.3618
11/5/2024 9:00,BAKEUSDT,-0.0274,15.3344
11/5/2024 9:00,FLOWUSDT,0.0449,15.3793
11/5/2024 9:00,ETCUSDT,-0.0255,15.3538
11/5/2024 9:00,XTZUSDT,-0.02,15.3338
11/5/2024 9:00,RLCUSDT,-0.0211,15.3127
11/5/2024 9:00,MINAUSDT,0.028,15.3407
11/5/2024 9:00,LUNA2USDT,-0.0279,15.3128
11/5/2024 9:00,TOKENUSDT,0.0247,15.3375
11/5/2024 9:00,USTCUSDT,0.0336,15.3711
11/5/2024 9:00,FILUSDT,-0.0279,15.3432
11/5/2024 9:00,DASHUSDT,-0.029,15.3142
11/5/2024 9:00,CHESSUSDT,-0.0482,15.266
11/5/2024 11:00,BEAMXUSDT,0.0499,15.3159
11/5/2024 11:00,LINKUSDT,0.0481,15.364
11/5/2024 12:15,AMBUSDT,0.0468,15.4108
11/5/2024 12:15,KEYUSDT,-0.0219,15.3889
11/5/2024 12:30,TUSDT,0.05,15.4389
11/5/2024 12:30,APTUSDT,0.0474,15.4863
11/5/2024 12:30,JOEUSDT,0.0446,15.5309
11/5/2024 12:30,POLUSDT,0.0474,15.5783
11/5/2024 12:30,AVAXUSDT,0.0493,15.6276
11/5/2024 13:00,COMPUSDT,-0.022,15.6056
11/5/2024 13:45,LINKUSDT,0.0494,15.655
11/5/2024 14:00,DEFIUSDT,0.0494,15.7044
11/5/2024 14:00,CKBUSDT,0.0455,15.7499
11/5/2024 14:00,AVAXUSDT,0.0485,15.7984
11/5/2024 14:15,ETHFIUSDT,0.0246,15.823
11/5/2024 14:15,QTUMUSDT,0.0248,15.8478
11/5/2024 14:15,STXUSDT,0.033,15.8808
11/5/2024 14:15,UNIUSDT,0.0445,15.9253
11/5/2024 14:15,1000SHIBUSDT,-0.022,15.9033
11/5/2024 14:15,RENDERUSDT,0.0364,15.9397
11/5/2024 14:15,EGLDUSDT,0.024,15.9637
11/5/2024 14:15,HOOKUSDT,0.028,15.9917
11/5/2024 14:15,GUSDT,-0.0299,15.9618
11/5/2024 14:15,RSRUSDT,0.023,15.9848
11/5/2024 14:15,NTRNUSDT,0.0267,16.0115
11/5/2024 14:15,SUPERUSDT,0.014,16.0255
11/5/2024 14:15,XVSUSDT,0.0325,16.058
11/5/2024 14:15,BELUSDT,-0.0304,16.0276
11/5/2024 14:15,ETHUSDT,0.0326,16.0602
11/5/2024 14:15,VOXELUSDT,0.0279,16.0881
11/5/2024 14:15,PYTHUSDT,0.023,16.1111
11/5/2024 14:15,FLOWUSDT,0.0298,16.1409
11/5/2024 14:15,COTIUSDT,0.0195,16.1604
11/5/2024 14:15,C98USDT,0.0209,16.1813
11/5/2024 14:15,FLUXUSDT,0.0269,16.2082
11/5/2024 16:30,BATUSDT,-0.02,16.1882
11/5/2024 16:30,VIDTUSDT,0.0429,16.2311
11/5/2024 16:30,CELOUSDT,-0.02,16.2111
11/5/2024 16:30,KNCUSDT,-0.0206,16.1905
11/5/2024 16:30,RLCUSDT,-0.0208,16.1697
11/5/2024 16:30,LUNA2USDT,-0.0207,16.149
11/5/2024 16:45,EOSUSDT,-0.02,16.129
11/5/2024 16:45,ADAUSDT,-0.0212,16.1078
11/5/2024 17:00,GASUSDT,-0.0203,16.0875
11/5/2024 17:00,LSKUSDT,-0.0207,16.0668
11/5/2024 18:15,OXTUSDT,-0.0233,16.0435
11/5/2024 18:30,DUSKUSDT,-0.0211,16.0224
11/5/2024 19:15,RENUSDT,-0.0325,15.9899
11/5/2024 22:45,ATOMUSDT,0.046,16.0359
11/6/2024 0:00,AAVEUSDT,0.049,16.0849
11/6/2024 0:15,COMPUSDT,0.0383,16.1232
11/6/2024 2:15,DUSKUSDT,0.0417,16.1649
11/6/2024 2:15,AUCTIONUSDT,0.0425,16.2074
11/6/2024 2:15,SYSUSDT,0.0461,16.2535
11/6/2024 2:15,LSKUSDT,0.0436,16.2971
11/6/2024 2:15,LOOMUSDT,0.0497,16.3468
11/6/2024 2:15,TONUSDT,-0.0239,16.3229
11/6/2024 4:00,PHBUSDT,0.0453,16.3682
11/6/2024 5:30,1INCHUSDT,-0.0258,16.3424
11/6/2024 5:30,CRVUSDT,-0.02,16.3224
11/6/2024 5:30,MOVRUSDT,-0.0206,16.3018
11/6/2024 5:45,NFPUSDT,-0.02,16.2818
11/6/2024 5:45,AIUSDT,-0.0219,16.2599
11/6/2024 5:45,PORTALUSDT,-0.02,16.2399
11/6/2024 5:45,NKNUSDT,-0.0211,16.2188
11/6/2024 5:45,YFIUSDT,-0.0231,16.1957
11/6/2024 5:45,ROSEUSDT,-0.0222,16.1735
11/6/2024 5:45,CTSIUSDT,-0.021,16.1525
11/6/2024 6:00,REIUSDT,-0.0206,16.1319
11/6/2024 6:00,CHZUSDT,-0.0227,16.1092
11/6/2024 6:00,SFPUSDT,-0.0232,16.086
11/6/2024 6:00,XVGUSDT,-0.0241,16.0619
11/6/2024 6:00,HIFIUSDT,-0.0213,16.0406
11/6/2024 6:00,ONGUSDT,-0.0206,16.02
11/6/2024 6:00,MTLUSDT,-0.0245,15.9955
11/6/2024 6:00,LSKUSDT,-0.0208,15.9747
11/6/2024 6:00,XVSUSDT,-0.0224,15.9523
11/6/2024 6:00,BELUSDT,-0.0202,15.9321
11/6/2024 6:00,FLOWUSDT,-0.0249,15.9072
11/6/2024 11:00,WOOUSDT,-0.021,15.8862
11/6/2024 11:45,CELOUSDT,-0.0274,15.8588
11/6/2024 12:00,COTIUSDT,-0.0201,15.8387
11/6/2024 12:30,AAVEUSDT,0.0498,15.8885
11/6/2024 13:45,KAVAUSDT,-0.02,15.8685
11/6/2024 13:45,USTCUSDT,-0.0214,15.8471
11/6/2024 14:45,MEMEUSDT,-0.026,15.8211
11/6/2024 18:00,AIUSDT,0.0493,15.8704
11/6/2024 18:00,COMBOUSDT,0.0445,15.9149
11/6/2024 18:00,FLMUSDT,0.0399,15.9548
11/6/2024 18:00,KSMUSDT,0.0485,16.0033
11/6/2024 18:30,PORTALUSDT,0.0466,16.0499
11/6/2024 18:30,IOTXUSDT,0.0424,16.0923
11/6/2024 18:30,NULSUSDT,0.0488,16.1411
11/6/2024 18:30,BANDUSDT,0.0462,16.1873
11/6/2024 18:45,LINAUSDT,0.0449,16.2322
11/6/2024 19:45,ETHUSDT,0.0416,16.2738
11/6/2024 19:45,CELRUSDT,0.05,16.3238
11/6/2024 20:00,GRTUSDT,0.0417,16.3655
11/6/2024 20:00,GTCUSDT,0.0348,16.4003
11/6/2024 20:00,HOOKUSDT,0.0476,16.4479
11/6/2024 20:00,ORDIUSDT,0.0477,16.4956
11/6/2024 20:00,ALPHAUSDT,-0.0202,16.4754
11/6/2024 20:45,AERGOUSDT,0.05,16.5254
11/6/2024 20:45,DYMUSDT,0.0474,16.5728
11/6/2024 20:45,C98USDT,0.0483,16.6211
11/6/2024 21:00,ENSUSDT,0.0458,16.6669
11/6/2024 21:30,IDUSDT,0.0333,16.7002
11/6/2024 21:30,AIUSDT,0.0458,16.746
11/6/2024 21:30,MAGICUSDT,0.0472,16.7932
11/6/2024 21:30,FIDAUSDT,0.0452,16.8384
11/6/2024 21:30,IMXUSDT,0.0497,16.8881
11/6/2024 21:30,QUICKUSDT,0.0494,16.9375
11/6/2024 21:45,AUCTIONUSDT,-0.023,16.9145
11/6/2024 21:45,AXLUSDT,0.0463,16.9608
11/6/2024 22:30,BALUSDT,0.049,17.0098
11/6/2024 22:30,BNXUSDT,0.0384,17.0482
11/6/2024 22:30,ALICEUSDT,0.0398,17.088
11/6/2024 22:30,FLOWUSDT,-0.02,17.068
11/6/2024 22:45,SKLUSDT,0.0342,17.1022
11/6/2024 22:45,SAFEUSDT,0.0446,17.1468
11/6/2024 22:45,CFXUSDT,0.0333,17.1801
11/6/2024 22:45,NTRNUSDT,0.0407,17.2208
11/6/2024 22:45,1000LUNCUSDT,-0.0264,17.1944
11/7/2024 0:00,RSRUSDT,-0.0219,17.1725
11/7/2024 0:00,LQTYUSDT,-0.0203,17.1522
11/7/2024 0:00,STRKUSDT,0.046,17.1982
11/7/2024 0:00,PIXELUSDT,-0.0368,17.1614
11/7/2024 0:15,STGUSDT,-0.0209,17.1405
11/7/2024 0:15,BNBUSDT,0.0476,17.1881
11/7/2024 0:30,STORJUSDT,-0.0501,17.138
11/7/2024 0:45,COMPUSDT,0.0303,17.1683
11/7/2024 0:45,NEOUSDT,0.0478,17.2161
11/7/2024 0:45,DEFIUSDT,-0.0238,17.1923
11/7/2024 0:45,ALGOUSDT,0.048,17.2403
11/7/2024 1:00,SYNUSDT,-0.023,17.2173
11/7/2024 1:00,INJUSDT,-0.0221,17.1952
11/7/2024 1:00,BALUSDT,-0.0236,17.1716
11/7/2024 1:00,IOTAUSDT,-0.0256,17.146
11/7/2024 1:00,IDUSDT,-0.023,17.123
11/7/2024 1:00,TUSDT,-0.0283,17.0947
11/7/2024 1:00,SFPUSDT,-0.0206,17.0741
11/7/2024 1:00,QTUMUSDT,-0.0261,17.048
11/7/2024 1:00,DARUSDT,-0.0263,17.0217
11/7/2024 1:00,STEEMUSDT,-0.0217,17
11/7/2024 1:00,KEYUSDT,-0.0316,16.9684
11/7/2024 1:00,AERGOUSDT,-0.0249,16.9435
11/7/2024 1:00,SPELLUSDT,-0.0284,16.9151
11/7/2024 1:00,BNTUSDT,-0.0218,16.8933
11/7/2024 1:00,UMAUSDT,-0.0218,16.8715
11/7/2024 1:00,POWRUSDT,-0.0243,16.8472
11/7/2024 1:00,PERPUSDT,-0.0205,16.8267
11/7/2024 1:00,NULSUSDT,-0.0222,16.8045
11/7/2024 1:00,ETHUSDT,0.0348,16.8393
11/7/2024 1:00,LOOMUSDT,-0.0311,16.8082
11/7/2024 1:00,FLOWUSDT,-0.0233,16.7849
11/7/2024 1:00,ETCUSDT,0.0248,16.8097
11/7/2024 1:00,ZRXUSDT,-0.0238,16.7859
11/7/2024 1:00,ZENUSDT,0.0415,16.8274
11/7/2024 1:00,ZILUSDT,-0.0341,16.7933
11/7/2024 1:00,VETUSDT,-0.0243,16.769
11/7/2024 1:00,DASHUSDT,0.0382,16.8072
11/7/2024 1:00,ARBUSDT,0.0461,16.8533
11/7/2024 1:15,CHRUSDT,-0.0272,16.8261
11/7/2024 1:15,LITUSDT,-0.0253,16.8008
11/7/2024 1:15,BSWUSDT,-0.0246,16.7762
11/7/2024 1:15,BONDUSDT,-0.021,16.7552
11/7/2024 1:15,POLYXUSDT,-0.0263,16.7289
11/7/2024 1:15,GLMUSDT,-0.0325,16.6964
11/7/2024 1:15,LQTYUSDT,-0.031,16.6654
11/7/2024 1:15,MOVRUSDT,-0.0226,16.6428
11/7/2024 1:15,LTCUSDT,-0.0258,16.617
11/7/2024 1:15,ALICEUSDT,-0.0278,16.5892
11/7/2024 1:15,PHBUSDT,-0.0245,16.5647
11/7/2024 1:15,COTIUSDT,-0.0211,16.5436
11/7/2024 1:15,HOTUSDT,-0.0217,16.5219
11/7/2024 1:15,FILUSDT,-0.0279,16.494
11/7/2024 2:45,XVGUSDT,-0.023,16.471
11/7/2024 3:15,DUSKUSDT,-0.0238,16.4472
11/7/2024 3:45,POLYXUSDT,-0.0205,16.4267
11/7/2024 11:00,PONKEUSDT,-0.0259,16.4008
11/7/2024 11:30,RUNEUSDT,-0.0209,16.3799
11/7/2024 11:45,AUCTIONUSDT,-0.0212,16.3587
11/7/2024 11:45,1INCHUSDT,-0.0221,16.3366
11/7/2024 11:45,NEARUSDT,-0.0262,16.3104
11/7/2024 11:45,1000FLOKIUSDT,-0.0208,16.2896
11/7/2024 11:45,BLURUSDT,-0.0256,16.264
11/7/2024 11:45,CKBUSDT,-0.0234,16.2406
11/7/2024 11:45,JUPUSDT,-0.0228,16.2178
11/7/2024 13:30,SUNUSDT,-0.0293,16.1885
11/7/2024 13:45,XVSUSDT,-0.0249,16.1636
11/7/2024 13:45,CKBUSDT,-0.0273,16.1363
11/7/2024 16:45,GLMUSDT,-0.0257,16.1106
11/7/2024 18:15,BSVUSDT,-0.0232,16.0874
11/7/2024 18:15,POWRUSDT,-0.0227,16.0647
11/7/2024 18:30,XLMUSDT,0.0495,16.1142
11/7/2024 18:30,RUNEUSDT,-0.0221,16.0921
11/7/2024 19:45,SYNUSDT,-0.0239,16.0682
11/7/2024 19:45,AERGOUSDT,-0.02,16.0482
11/7/2024 20:00,PENDLEUSDT,0.0473,16.0955
11/7/2024 20:00,METISUSDT,-0.0203,16.0752
11/7/2024 20:00,LINKUSDT,0.0441,16.1193
11/7/2024 20:00,ZRXUSDT,-0.0226,16.0967
11/7/2024 20:00,ADAUSDT,0.0392,16.1359
11/7/2024 20:30,EDUUSDT,-0.02,16.1159
11/7/2024 20:45,KSMUSDT,-0.0202,16.0957
11/7/2024 21:00,PYTHUSDT,0.044,16.1397
11/7/2024 21:00,AVAXUSDT,-0.0207,16.119
11/7/2024 22:00,UNIUSDT,0.0453,16.1643
11/7/2024 22:30,ACHUSDT,0.0494,16.2137
11/7/2024 23:00,FXSUSDT,0.0449,16.2586
11/8/2024 0:00,ZRXUSDT,-0.02,16.2386
11/8/2024 6:45,WUSDT,-0.0284,16.2102
11/8/2024 7:00,GRTUSDT,-0.03,16.1802
11/8/2024 7:00,AMBUSDT,-0.0266,16.1536
11/8/2024 7:00,SFPUSDT,-0.0226,16.131
11/8/2024 7:00,NKNUSDT,-0.0265,16.1045
11/8/2024 7:00,VOXELUSDT,-0.0229,16.0816
11/8/2024 8:30,REZUSDT,-0.0211,16.0605
11/8/2024 12:30,XAIUSDT,-0.0222,16.0383
11/8/2024 12:45,INJUSDT,-0.0212,16.0171
11/8/2024 13:45,CAKEUSDT,-0.0234,15.9937
11/8/2024 14:00,ORBSUSDT,-0.0204,15.9733
11/8/2024 14:15,SKLUSDT,-0.0224,15.9509
11/8/2024 14:15,QTUMUSDT,-0.0294,15.9215
11/8/2024 14:15,MANAUSDT,-0.02,15.9015
11/8/2024 14:15,1INCHUSDT,-0.0263,15.8752
11/8/2024 14:15,IOSTUSDT,-0.0205,15.8547
11/8/2024 14:15,NTRNUSDT,-0.0343,15.8204
11/8/2024 14:15,BELUSDT,-0.0237,15.7967
11/8/2024 14:15,GLMUSDT,-0.0242,15.7725
11/8/2024 14:15,API3USDT,-0.024,15.7485
11/8/2024 14:15,KAVAUSDT,-0.022,15.7265
11/8/2024 14:15,ONTUSDT,-0.0237,15.7028
11/8/2024 14:15,TLMUSDT,-0.0257,15.6771
11/8/2024 14:15,AVAXUSDT,-0.0233,15.6538
11/8/2024 16:30,QNTUSDT,-0.0254,15.6284
11/8/2024 16:30,REIUSDT,-0.0288,15.5996
11/8/2024 16:30,LQTYUSDT,-0.0274,15.5722
11/8/2024 16:30,OMUSDT,-0.023,15.5492
11/8/2024 16:30,CYBERUSDT,-0.0364,15.5128
11/8/2024 16:30,HOTUSDT,-0.0248,15.488
11/8/2024 17:00,UNIUSDT,-0.0276,15.4604
11/8/2024 21:30,ALGOUSDT,0.0448,15.5052
11/8/2024 21:45,BSVUSDT,-0.0225,15.4827
11/8/2024 22:00,LITUSDT,0.0465,15.5292
11/8/2024 22:30,IOTXUSDT,0.0497,15.5789
11/9/2024 0:00,COMPUSDT,0.0437,15.6226
11/9/2024 0:30,KDAUSDT,-0.0203,15.6023
11/9/2024 1:00,MBOXUSDT,-0.02,15.5823
11/9/2024 2:00,BSWUSDT,0.0366,15.6189
11/9/2024 3:00,ZROUSDT,0.0414,15.6603
11/9/2024 3:15,RENDERUSDT,-0.0203,15.64
11/9/2024 3:45,BICOUSDT,-0.0207,15.6193
11/9/2024 3:45,PYTHUSDT,-0.0211,15.5982
11/9/2024 3:45,STORJUSDT,-0.0228,15.5754
11/9/2024 4:15,HFTUSDT,0.046,15.6214
11/9/2024 4:45,MBOXUSDT,0.044,15.6654
11/9/2024 5:00,LEVERUSDT,0.0492,15.7146
11/9/2024 5:15,RLCUSDT,0.0485,15.7631
11/9/2024 5:30,ZROUSDT,-0.0322,15.7309
11/9/2024 5:30,LUNA2USDT,0.0482,15.7791
11/9/2024 5:30,ALPHAUSDT,-0.0301,15.749
11/9/2024 5:45,ASTRUSDT,-0.0204,15.7286
11/9/2024 7:15,RLCUSDT,0.0464,15.775
11/9/2024 7:30,ARPAUSDT,0.0491,15.8241
11/9/2024 7:45,CHZUSDT,-0.0218,15.8023
11/9/2024 7:45,COTIUSDT,-0.0224,15.7799
11/9/2024 8:00,1000FLOKIUSDT,-0.0208,15.7591
11/9/2024 8:15,INJUSDT,-0.0218,15.7373
11/9/2024 8:15,BATUSDT,-0.0212,15.7161
11/9/2024 8:15,SUNUSDT,0.0495,15.7656
11/9/2024 8:15,NMRUSDT,-0.0218,15.7438
11/9/2024 8:15,XVGUSDT,-0.0207,15.7231
11/9/2024 8:15,MAGICUSDT,-0.0214,15.7017
11/9/2024 8:15,SYSUSDT,-0.0204,15.6813
11/9/2024 8:15,CFXUSDT,-0.0205,15.6608
11/9/2024 8:15,BELUSDT,-0.0215,15.6393
11/9/2024 8:15,NULSUSDT,-0.0212,15.6181
11/9/2024 8:15,DENTUSDT,-0.0218,15.5963
11/9/2024 8:15,RENUSDT,-0.0227,15.5736
11/9/2024 8:15,TLMUSDT,0.0481,15.6217
11/9/2024 8:15,GALAUSDT,0.0426,15.6643
11/9/2024 8:15,HOTUSDT,-0.0227,15.6416
11/9/2024 8:15,ZILUSDT,-0.02,15.6216
11/9/2024 8:15,FILUSDT,-0.0218,15.5998
11/9/2024 8:30,1INCHUSDT,-0.0269,15.5729
11/9/2024 8:30,HOOKUSDT,-0.0221,15.5508
11/9/2024 8:30,SANDUSDT,-0.0229,15.5279
11/9/2024 8:30,VETUSDT,-0.0223,15.5056
11/9/2024 9:00,ONGUSDT,-0.0205,15.4851
11/9/2024 9:15,BTCDOMUSDT,-0.0208,15.4643
11/9/2024 10:15,LUNA2USDT,0.0492,15.5135
11/9/2024 10:30,GRTUSDT,-0.0288,15.4847
11/9/2024 10:30,XMRUSDT,-0.0222,15.4625
11/9/2024 10:30,DASHUSDT,-0.0207,15.4418
11/9/2024 10:45,CELOUSDT,-0.0249,15.4169
11/9/2024 11:00,ACEUSDT,-0.0279,15.389
11/9/2024 11:00,ONGUSDT,-0.0218,15.3672
11/9/2024 11:15,GASUSDT,-0.0237,15.3435
11/9/2024 11:15,DEFIUSDT,-0.0245,15.319
11/9/2024 11:15,TWTUSDT,-0.0298,15.2892
11/9/2024 11:15,BLZUSDT,-0.0209,15.2683
11/9/2024 11:15,STORJUSDT,-0.0262,15.2421
11/9/2024 11:30,BRETTUSDT,-0.0205,15.2216
11/9/2024 11:30,CHZUSDT,-0.0207,15.2009
11/9/2024 11:30,ALPACAUSDT,0.045,15.2459
11/9/2024 11:45,QNTUSDT,-0.0243,15.2216
11/9/2024 11:45,RVNUSDT,-0.0283,15.1933
11/9/2024 17:00,DUSKUSDT,-0.0398,15.1535
11/9/2024 17:00,SFPUSDT,-0.0318,15.1217
11/9/2024 17:00,STXUSDT,-0.0249,15.0968
11/9/2024 17:00,JOEUSDT,-0.0281,15.0687
11/9/2024 17:00,PONKEUSDT,-0.0246,15.0441
11/9/2024 17:00,BNBUSDT,-0.0375,15.0066
11/9/2024 17:00,POWRUSDT,-0.0271,14.9795
11/9/2024 17:00,MEWUSDT,-0.0246,14.9549
11/9/2024 17:00,ARKMUSDT,-0.0254,14.9295
11/9/2024 17:00,KSMUSDT,-0.0237,14.9058
11/9/2024 20:15,MAGICUSDT,0.0474,14.9532
11/9/2024 20:15,DOTUSDT,0.0484,15.0016
11/9/2024 20:15,STORJUSDT,0.046,15.0476
11/9/2024 20:30,SXPUSDT,-0.0219,15.0257
11/9/2024 20:30,JTOUSDT,0.046,15.0717
11/9/2024 20:45,BRETTUSDT,0.0431,15.1148
11/9/2024 21:15,STEEMUSDT,0.0489,15.1637
11/9/2024 21:15,COMPUSDT,-0.0217,15.142
11/9/2024 21:15,PENDLEUSDT,-0.0223,15.1197
11/9/2024 21:15,ILVUSDT,0.0458,15.1655
11/9/2024 22:15,IOTAUSDT,0.0477,15.2132
11/9/2024 22:15,STEEMUSDT,-0.0218,15.1914
11/9/2024 22:15,FETUSDT,0.0406,15.232
11/9/2024 22:15,IOSTUSDT,0.0437,15.2757
11/9/2024 22:15,SYSUSDT,0.0418,15.3175
11/9/2024 22:15,JOEUSDT,0.0489,15.3664
11/9/2024 22:15,BNTUSDT,0.0497,15.4161
11/9/2024 22:15,GTCUSDT,-0.0266,15.3895
11/9/2024 22:15,GMTUSDT,0.0486,15.4381
11/9/2024 22:15,LSKUSDT,-0.023,15.4151
11/9/2024 22:15,ROSEUSDT,-0.0277,15.3874
11/9/2024 22:15,ONTUSDT,0.0464,15.4338
11/9/2024 22:15,ALPHAUSDT,0.0462,15.48
11/9/2024 22:15,RIFUSDT,0.0493,15.5293
11/9/2024 22:45,BRETTUSDT,0.0451,15.5744
11/9/2024 22:45,HIGHUSDT,0.0472,15.6216
11/9/2024 22:45,LINAUSDT,0.0459,15.6675
11/9/2024 22:45,TRBUSDT,0.0498,15.7173
11/9/2024 22:45,ILVUSDT,0.0374,15.7547
11/9/2024 22:45,LQTYUSDT,0.0458,15.8005
11/9/2024 22:45,ETHUSDT,0.0357,15.8362
11/9/2024 22:45,LOOMUSDT,0.0463,15.8825
11/9/2024 22:45,DYDXUSDT,-0.0252,15.8573
11/10/2024 0:30,1INCHUSDT,-0.0214,15.8359
11/10/2024 0:30,AERGOUSDT,-0.02,15.8159
11/10/2024 1:00,XRPUSDT,0.0342,15.8501
11/10/2024 2:00,BATUSDT,0.0457,15.8958
11/10/2024 2:00,CRVUSDT,0.05,15.9458
11/10/2024 2:00,EOSUSDT,0.0441,15.9899
11/10/2024 2:00,1000LUNCUSDT,0.0493,16.0392
11/10/2024 2:15,ICPUSDT,0.0481,16.0873
11/10/2024 2:15,BTCUSDT,0.0424,16.1297
11/10/2024 2:30,MANAUSDT,0.0476,16.1773
11/10/2024 2:30,LTCUSDT,0.0498,16.2271
11/10/2024 3:15,BAKEUSDT,0.048,16.2751
11/10/2024 4:00,SYNUSDT,0.0474,16.3225
11/10/2024 4:00,RAREUSDT,0.0486,16.3711
11/10/2024 4:30,1000LUNCUSDT,0.0459,16.417
11/10/2024 4:45,BNBUSDT,0.0369,16.4539
11/10/2024 4:45,COMBOUSDT,0.0437,16.4976
11/10/2024 4:45,SOLUSDT,0.0493,16.5469
11/10/2024 4:45,RUNEUSDT,0.0453,16.5922
11/10/2024 4:45,MYROUSDT,-0.0236,16.5686
11/10/2024 4:45,RIFUSDT,-0.0249,16.5437
11/10/2024 6:45,AMBUSDT,0.0378,16.5815
11/10/2024 6:45,DARUSDT,-0.0344,16.5471
11/10/2024 6:45,LINAUSDT,0.0441,16.5912
11/10/2024 6:45,VOXELUSDT,0.0157,16.6069
11/10/2024 6:45,BAKEUSDT,0.05,16.6569
11/10/2024 6:45,DODOXUSDT,0.0376,16.6945
11/10/2024 6:45,ALPHAUSDT,0.043,16.7375
11/10/2024 6:45,ATAUSDT,0.0449,16.7824
11/10/2024 7:00,COSUSDT,0.04,16.8224
11/10/2024 7:00,ALICEUSDT,0.0443,16.8667
11/10/2024 7:00,OXTUSDT,0.0498,16.9165
11/10/2024 7:15,MAGICUSDT,0.0497,16.9662
11/10/2024 7:15,MAVUSDT,0.0478,17.014
11/10/2024 7:15,C98USDT,0.05,17.064
11/10/2024 7:30,CHZUSDT,-0.02,17.044
11/10/2024 7:45,1INCHUSDT,0.0495,17.0935
11/10/2024 7:45,MINAUSDT,0.0476,17.1411
11/10/2024 7:45,RVNUSDT,0.0443,17.1854
11/10/2024 8:00,RAREUSDT,0.0396,17.225
11/10/2024 8:00,API3USDT,0.0405,17.2655
11/10/2024 8:00,KAVAUSDT,0.0466,17.3121
11/10/2024 8:00,SANDUSDT,0.0483,17.3604
11/10/2024 8:00,1000LUNCUSDT,0.0491,17.4095
11/10/2024 8:15,NMRUSDT,0.0468,17.4563
11/10/2024 8:15,MANAUSDT,0.0497,17.506
11/10/2024 8:15,XTZUSDT,-0.02,17.486
11/10/2024 8:30,HIFIUSDT,0.05,17.536
11/10/2024 8:30,ZENUSDT,0.0468,17.5828
11/10/2024 8:45,RSRUSDT,-0.0254,17.5574
11/10/2024 9:00,BATUSDT,0.0493,17.6067
11/10/2024 9:00,CELRUSDT,-0.0236,17.5831
11/10/2024 9:15,ORBSUSDT,0.0472,17.6303
11/10/2024 9:15,STORJUSDT,-0.0202,17.6101
11/10/2024 10:15,BONDUSDT,-0.023,17.5871
11/10/2024 11:30,HFTUSDT,0.0462,17.6333
11/10/2024 11:30,MAGICUSDT,-0.022,17.6113
11/10/2024 11:30,MAVUSDT,-0.0221,17.5892
11/10/2024 11:30,DYMUSDT,-0.022,17.5672
11/10/2024 11:30,BNBUSDT,-0.0241,17.5431
11/10/2024 11:30,SUPERUSDT,0.0491,17.5922
11/10/2024 11:45,CHRUSDT,-0.0279,17.5643
11/10/2024 11:45,IOTAUSDT,-0.0274,17.5369
11/10/2024 11:45,IOSTUSDT,-0.0235,17.5134
11/10/2024 11:45,XVSUSDT,-0.02,17.4934
11/10/2024 11:45,PHBUSDT,-0.0242,17.4692
11/10/2024 11:45,RVNUSDT,-0.0207,17.4485
11/10/2024 12:30,AVAXUSDT,-0.0228,17.4257
11/10/2024 12:45,ENJUSDT,-0.0226,17.4031
11/10/2024 12:45,QNTUSDT,-0.0251,17.378
11/10/2024 16:45,STMXUSDT,0.0458,17.4238
11/10/2024 17:15,ONGUSDT,-0.0288,17.395
11/10/2024 17:15,POWRUSDT,-0.0206,17.3744
11/10/2024 17:30,LSKUSDT,-0.0213,17.3531
11/11/2024 2:00,TNSRUSDT,-0.0319,17.3212
11/11/2024 2:15,POLUSDT,-0.0222,17.299
11/11/2024 4:00,ARKUSDT,0.0369,17.3359
11/11/2024 8:00,XMRUSDT,-0.0319,17.304
11/11/2024 11:30,AERGOUSDT,-0.02,17.284
11/11/2024 12:15,MOVRUSDT,0.0295,17.3135
11/11/2024 16:30,STORJUSDT,0.0482,17.3617
11/11/2024 18:45,DOTUSDT,0.0493,17.411
11/11/2024 18:45,LSKUSDT,-0.0204,17.3906
11/11/2024 18:45,XVSUSDT,-0.0225,17.3681
11/11/2024 20:00,ONGUSDT,-0.0201,17.348
11/11/2024 20:30,APEUSDT,-0.0277,17.3203
11/11/2024 20:30,TUSDT,-0.0211,17.2992
11/11/2024 20:30,ASTRUSDT,-0.0221,17.2771
11/11/2024 20:30,STEEMUSDT,-0.0203,17.2568
11/11/2024 20:30,1INCHUSDT,-0.0214,17.2354
11/11/2024 20:30,POLUSDT,-0.0254,17.21
11/11/2024 20:30,WAXPUSDT,-0.0256,17.1844
11/11/2024 20:30,GTCUSDT,-0.0236,17.1608
11/11/2024 20:30,ORBSUSDT,0.043,17.2038
11/11/2024 20:30,GMTUSDT,-0.0249,17.1789
11/11/2024 20:30,STMXUSDT,-0.0256,17.1533
11/11/2024 20:30,DEFIUSDT,-0.0225,17.1308
11/11/2024 20:30,ETHUSDT,-0.0228,17.108
11/11/2024 20:30,RDNTUSDT,-0.0303,17.0777
11/11/2024 20:30,DYDXUSDT,-0.0255,17.0522
11/11/2024 20:30,LINKUSDT,-0.0219,17.0303
11/11/2024 20:30,DODOXUSDT,0.0425,17.0728
11/11/2024 20:30,JASMYUSDT,-0.0211,17.0517
11/11/2024 20:30,XTZUSDT,0.0481,17.0998
11/11/2024 20:30,KSMUSDT,0.0466,17.1464
11/11/2024 20:30,LRCUSDT,-0.0346,17.1118
11/11/2024 20:30,ARBUSDT,-0.0239,17.0879
11/11/2024 20:45,QNTUSDT,-0.0222,17.0657
11/11/2024 20:45,GUSDT,-0.0238,17.0419
11/11/2024 21:00,ICXUSDT,-0.0215,17.0204
11/11/2024 21:15,BTCDOMUSDT,-0.0243,16.9961
11/11/2024 22:45,ATOMUSDT,0.0384,17.0345
11/12/2024 3:15,BSWUSDT,-0.0205,17.014
11/12/2024 4:00,TONUSDT,-0.0205,16.9935
11/12/2024 4:45,PENDLEUSDT,-0.0234,16.9701
11/12/2024 7:15,BNXUSDT,-0.0255,16.9446
11/12/2024 8:30,TONUSDT,-0.0259,16.9187
11/12/2024 8:30,FILUSDT,-0.0216,16.8971
11/12/2024 8:45,DUSKUSDT,-0.0248,16.8723
11/12/2024 20:15,LQTYUSDT,-0.0337,16.8386
11/13/2024 0:00,STEEMUSDT,0.0222,16.8608
11/13/2024 0:15,IOSTUSDT,-0.0246,16.8362
11/13/2024 0:15,XTZUSDT,-0.02,16.8162
11/13/2024 0:15,CTSIUSDT,-0.0216,16.7946
11/13/2024 18:00,CELRUSDT,-0.0241,16.7705
11/14/2024 5:30,ETHWUSDT,-0.0273,16.7432
11/14/2024 6:00,GMTUSDT,-0.0237,16.7195
11/14/2024 13:45,RLCUSDT,0.0468,16.7663
11/14/2024 14:30,VETUSDT,0.0336,16.7999
11/14/2024 20:00,QTUMUSDT,-0.0274,16.7725
11/14/2024 20:00,TRXUSDT,-0.0262,16.7463
11/14/2024 20:30,OXTUSDT,-0.0203,16.726
11/14/2024 23:00,BTCUSDT,-0.0209,16.7051
11/15/2024 4:15,BNTUSDT,-0.0206,16.6845
11/15/2024 4:15,NKNUSDT,-0.0236,16.6609
11/15/2024 4:15,CHESSUSDT,-0.0251,16.6358
11/15/2024 8:45,TRXUSDT,0.0466,16.6824
11/15/2024 11:15,TRXUSDT,0.0371,16.7195
11/15/2024 11:45,PENDLEUSDT,-0.0209,16.6986
11/15/2024 11:45,GLMUSDT,-0.023,16.6756
11/15/2024 11:45,KAVAUSDT,-0.0216,16.654
11/15/2024 11:45,ATOMUSDT,-0.0204,16.6336
11/15/2024 11:45,MKRUSDT,-0.0249,16.6087
11/15/2024 12:00,SFPUSDT,-0.0235,16.5852
11/15/2024 12:00,ALTUSDT,-0.0287,16.5565
11/15/2024 12:00,SNXUSDT,-0.0233,16.5332
11/15/2024 12:00,SAGAUSDT,-0.0222,16.511
11/15/2024 12:00,SAFEUSDT,-0.0274,16.4836
11/15/2024 12:00,BSVUSDT,-0.0255,16.4581
11/15/2024 12:00,SUIUSDT,-0.0285,16.4296
11/15/2024 12:00,ZECUSDT,-0.0301,16.3995
11/15/2024 12:00,LINKUSDT,-0.0231,16.3764
11/15/2024 12:00,DODOXUSDT,-0.0258,16.3506
11/15/2024 12:00,AVAXUSDT,-0.0259,16.3247
11/15/2024 13:00,ENJUSDT,-0.0217,16.303
11/15/2024 13:00,ASTRUSDT,-0.0231,16.2799
11/15/2024 13:00,MANAUSDT,-0.0261,16.2538
11/15/2024 13:00,1INCHUSDT,-0.0223,16.2315
11/15/2024 13:00,HIFIUSDT,-0.0214,16.2101
11/15/2024 13:00,ONEUSDT,-0.0239,16.1862
11/15/2024 13:00,EGLDUSDT,-0.0264,16.1598
11/15/2024 13:00,CFXUSDT,-0.0201,16.1397
11/15/2024 13:00,DOTUSDT,-0.0325,16.1072
11/15/2024 13:00,KNCUSDT,-0.024,16.0832
11/15/2024 13:00,KAVAUSDT,-0.0334,16.0498
11/15/2024 13:00,FLMUSDT,-0.0284,16.0214
11/15/2024 13:00,ARKUSDT,-0.0202,16.0012
11/15/2024 13:00,CELRUSDT,-0.0225,15.9787
11/15/2024 13:00,ANKRUSDT,-0.0217,15.957
11/15/2024 13:00,TLMUSDT,-0.0208,15.9362
11/15/2024 13:00,AVAXUSDT,-0.0209,15.9153
11/15/2024 13:00,MINAUSDT,-0.0243,15.891
11/15/2024 13:00,CTSIUSDT,-0.0226,15.8684
11/15/2024 13:00,ZRXUSDT,-0.0238,15.8446
11/15/2024 13:00,C98USDT,-0.0212,15.8234
11/15/2024 13:00,HOTUSDT,-0.0208,15.8026
11/15/2024 13:00,ZILUSDT,-0.0288,15.7738
11/15/2024 13:00,VETUSDT,-0.0267,15.7471
11/15/2024 13:00,RVNUSDT,-0.0241,15.723
11/15/2024 13:15,ALPACAUSDT,-0.0254,15.6976
11/15/2024 13:15,NULSUSDT,-0.0302,15.6674
11/15/2024 13:15,DENTUSDT,-0.023,15.6444
11/15/2024 23:00,QTUMUSDT,0.0445,15.6889
11/15/2024 23:15,SAFEUSDT,-0.0223,15.6666
11/15/2024 23:45,GASUSDT,0.0372,15.7038
11/15/2024 23:45,ONGUSDT,-0.0203,15.6835
11/16/2024 0:15,LISTAUSDT,0.0472,15.7307
11/16/2024 0:15,CHRUSDT,-0.029,15.7017
11/16/2024 0:15,AMBUSDT,-0.0234,15.6783
11/16/2024 0:15,QTUMUSDT,0.0212,15.6995
11/16/2024 0:15,HIFIUSDT,0.0386,15.7381
11/16/2024 0:15,GTCUSDT,0.05,15.7881
11/16/2024 0:15,RSRUSDT,0.0426,15.8307
11/16/2024 0:15,ONDOUSDT,0.0432,15.8739
11/16/2024 0:15,BLURUSDT,0.0481,15.922
11/16/2024 0:15,OGNUSDT,0.0449,15.9669
11/16/2024 0:15,QUICKUSDT,0.045,16.0119
11/16/2024 0:30,ICXUSDT,0.0443,16.0562
11/16/2024 0:30,FLOWUSDT,0.0474,16.1036
11/16/2024 1:00,BALUSDT,0.0475,16.1511
11/16/2024 1:00,ORBSUSDT,0.045,16.1961
11/16/2024 1:00,ETHWUSDT,0.0491,16.2452
11/16/2024 1:00,YFIUSDT,0.0446,16.2898
11/16/2024 1:00,ZENUSDT,-0.0203,16.2695
11/16/2024 1:15,GMXUSDT,0.05,16.3195
11/16/2024 1:15,MAVUSDT,-0.0209,16.2986
11/16/2024 1:15,PERPUSDT,0.0441,16.3427
11/16/2024 1:30,DEFIUSDT,0.0494,16.3921
11/16/2024 1:30,BLZUSDT,0.0481,16.4402
11/16/2024 1:30,LOKAUSDT,-0.0247,16.4155
11/16/2024 1:30,ACHUSDT,0.0499,16.4654
11/16/2024 3:00,BLURUSDT,0.0477,16.5131
11/16/2024 3:15,LPTUSDT,0.0468,16.5599
11/16/2024 3:30,DOTUSDT,0.0471,16.607
11/16/2024 3:45,FLMUSDT,-0.024,16.583
11/16/2024 3:45,SUSHIUSDT,0.0485,16.6315
11/16/2024 3:45,ONTUSDT,0.0483,16.6798
11/16/2024 3:45,C98USDT,-0.02,16.6598
11/16/2024 3:45,ZENUSDT,-0.026,16.6338
11/16/2024 4:15,GASUSDT,-0.0047,16.6291
11/16/2024 5:00,JASMYUSDT,0.0481,16.6772
11/16/2024 5:15,GUSDT,-0.02,16.6572
11/16/2024 5:15,BANDUSDT,-0.0243,16.6329
11/16/2024 5:15,THETAUSDT,-0.0217,16.6112
11/16/2024 5:15,SANDUSDT,0.0441,16.6553
11/16/2024 5:30,COSUSDT,0.05,16.7053
11/16/2024 5:30,TROYUSDT,-0.025,16.6803
11/16/2024 5:30,NEOUSDT,-0.027,16.6533
11/16/2024 5:30,NTRNUSDT,-0.02,16.6333
11/16/2024 5:45,AXSUSDT,-0.0263,16.607
11/16/2024 6:00,BNBUSDT,-0.0206,16.5864
11/16/2024 6:00,TRBUSDT,-0.0372,16.5492
11/16/2024 7:45,XTZUSDT,0.0444,16.5936
11/16/2024 7:45,QUICKUSDT,0.0417,16.6353
11/16/2024 8:00,XMRUSDT,-0.0249,16.6104
11/16/2024 8:45,MINAUSDT,0.0455,16.6559
11/16/2024 9:00,AIUSDT,-0.0238,16.6321
11/16/2024 9:00,ICPUSDT,-0.0226,16.6095
11/16/2024 9:00,LINAUSDT,-0.0239,16.5856
11/16/2024 9:45,JTOUSDT,-0.0238,16.5618
11/16/2024 10:00,XTZUSDT,0.05,16.6118
11/16/2024 10:15,BALUSDT,0.0404,16.6522
11/16/2024 10:15,ENSUSDT,0.0463,16.6985
11/16/2024 10:15,IMXUSDT,0.0459,16.7444
11/16/2024 10:15,CELOUSDT,0.0431,16.7875
11/16/2024 10:15,KNCUSDT,0.0478,16.8353
11/16/2024 10:30,WAXPUSDT,0.0476,16.8829
11/16/2024 10:30,DEFIUSDT,-0.0224,16.8605
11/16/2024 10:30,CKBUSDT,-0.0208,16.8397
11/16/2024 10:30,SUSHIUSDT,0.0458,16.8855
11/16/2024 10:45,ONEUSDT,0.0481,16.9336
11/16/2024 11:00,LOKAUSDT,-0.0235,16.9101
11/16/2024 11:15,UNIUSDT,0.0481,16.9582
11/16/2024 11:15,QUICKUSDT,-0.021,16.9372
11/16/2024 11:45,STXUSDT,-0.0215,16.9157
11/16/2024 11:45,XEMUSDT,0.0398,16.9555
11/16/2024 14:30,IOTAUSDT,-0.0279,16.9276
11/16/2024 14:30,KNCUSDT,-0.0249,16.9027
11/16/2024 14:30,ALPHAUSDT,-0.025,16.8777
11/16/2024 14:45,NULSUSDT,-0.0216,16.8561
11/16/2024 14:45,CKBUSDT,-0.023,16.8331
11/16/2024 14:45,BANDUSDT,-0.0287,16.8044
11/16/2024 20:00,CAKEUSDT,-0.0212,16.7832
11/16/2024 21:00,KAVAUSDT,-0.021,16.7622
11/16/2024 21:15,IOTAUSDT,-0.0216,16.7406
11/16/2024 21:30,GLMUSDT,-0.0202,16.7204
11/16/2024 21:30,MANTAUSDT,-0.0226,16.6978
11/16/2024 21:45,CFXUSDT,-0.0201,16.6777
11/16/2024 22:00,AXSUSDT,0.0344,16.7121
11/16/2024 22:15,TUSDT,-0.0217,16.6904
11/16/2024 22:15,HMSTRUSDT,-0.022,16.6684
11/16/2024 23:45,HMSTRUSDT,-0.0218,16.6466
11/16/2024 23:45,ORBSUSDT,0.048,16.6946
11/16/2024 23:45,GLMUSDT,-0.0226,16.672
11/17/2024 0:15,HIGHUSDT,-0.0234,16.6486
11/17/2024 0:15,MAGICUSDT,-0.0265,16.6221
11/17/2024 0:15,BLZUSDT,-0.0222,16.5999
11/17/2024 0:30,TAOUSDT,0.0494,16.6493
11/17/2024 0:45,NTRNUSDT,-0.0243,16.625
11/17/2024 6:30,SUPERUSDT,-0.0248,16.6002
11/17/2024 6:30,BANDUSDT,-0.033,16.5672
11/17/2024 7:45,PENDLEUSDT,-0.0203,16.5469
11/17/2024 8:45,LOKAUSDT,-0.0234,16.5235
11/17/2024 9:15,NMRUSDT,-0.0244,16.4991
11/17/2024 9:45,C98USDT,0.0486,16.5477
11/17/2024 10:00,COMBOUSDT,-0.0236,16.5241
11/17/2024 10:15,HFTUSDT,-0.0292,16.4949
11/17/2024 10:15,TUSDT,-0.02,16.4749
11/17/2024 10:15,SYSUSDT,-0.0208,16.4541
11/17/2024 10:15,MAVUSDT,-0.0204,16.4337
11/17/2024 10:15,IMXUSDT,-0.0254,16.4083
11/17/2024 10:15,KNCUSDT,-0.0212,16.3871
11/17/2024 10:15,BANDUSDT,-0.0219,16.3652
11/17/2024 10:15,RDNTUSDT,-0.0232,16.342
11/17/2024 10:15,TLMUSDT,0.0463,16.3883
11/17/2024 10:15,CYBERUSDT,-0.0207,16.3676
11/17/2024 10:30,AMBUSDT,-0.027,16.3406
11/17/2024 10:30,BNTUSDT,-0.0225,16.3181
11/17/2024 10:30,RIFUSDT,-0.0212,16.2969
11/17/2024 10:30,OGNUSDT,0.0242,16.3211
11/17/2024 10:45,HIGHUSDT,-0.025,16.2961
11/17/2024 11:00,SYNUSDT,-0.0345,16.2616
11/17/2024 11:00,YGGUSDT,0.0455,16.3071
11/17/2024 14:00,RENUSDT,-0.0232,16.2839
11/17/2024 15:00,VETUSDT,-0.0205,16.2634
11/17/2024 17:00,DUSKUSDT,0.0438,16.3072
11/17/2024 18:00,INJUSDT,0.0485,16.3557
11/17/2024 18:15,SYNUSDT,0.0368,16.3925
11/17/2024 18:15,DUSKUSDT,0.0385,16.431
11/17/2024 18:15,AUCTIONUSDT,0.0367,16.4677
11/17/2024 18:15,KDAUSDT,0.0458,16.5135
11/17/2024 18:15,BATUSDT,0.0284,16.5419
11/17/2024 18:15,RONINUSDT,-0.029,16.5129
11/17/2024 18:15,GRTUSDT,0.0395,16.5524
11/17/2024 18:15,EDUUSDT,0.0355,16.5879
11/17/2024 18:15,SANTOSUSDT,-0.0228,16.5651
11/17/2024 18:15,BBUSDT,-0.0307,16.5344
11/17/2024 18:15,CHZUSDT,-0.0284,16.506
11/17/2024 18:15,AIUSDT,0.0383,16.5443
11/17/2024 18:15,HIGHUSDT,-0.0305,16.5138
11/17/2024 18:15,POLUSDT,-0.0206,16.4932
11/17/2024 18:15,LINAUSDT,-0.0303,16.4629
11/17/2024 18:15,ONGUSDT,-0.0303,16.4326
11/17/2024 18:15,EGLDUSDT,0.0441,16.4767
11/17/2024 18:15,UMAUSDT,0.0358,16.5125
11/17/2024 18:15,GMTUSDT,-0.0325,16.48
11/17/2024 18:15,BNBUSDT,-0.0265,16.4535
11/17/2024 18:15,NEOUSDT,0.0408,16.4943
11/17/2024 18:15,DEFIUSDT,0.0409,16.5352
11/17/2024 18:15,LSKUSDT,0.0381,16.5733
11/17/2024 18:15,ICXUSDT,0.0377,16.611
11/17/2024 18:15,RAREUSDT,-0.0292,16.5818
11/17/2024 18:15,FXSUSDT,-0.0318,16.55
11/17/2024 18:15,KNCUSDT,0.0404,16.5904
11/17/2024 18:15,DIAUSDT,0.0272,16.6176
11/17/2024 18:15,BANDUSDT,0.0398,16.6574
11/17/2024 18:15,SUSHIUSDT,0.0361,16.6935
11/17/2024 18:15,AXSUSDT,-0.0305,16.663
11/17/2024 18:15,CELRUSDT,-0.034,16.629
11/17/2024 18:15,PYTHUSDT,-0.0259,16.6031
11/17/2024 18:15,ANKRUSDT,-0.0306,16.5725
11/17/2024 18:15,MBOXUSDT,-0.0268,16.5457
11/17/2024 18:15,BADGERUSDT,-0.0276,16.5181
11/17/2024 18:15,TLMUSDT,-0.0288,16.4893
11/17/2024 18:15,SEIUSDT,0.0446,16.5339
11/17/2024 18:15,BAKEUSDT,-0.0272,16.5067
11/17/2024 18:15,FLOWUSDT,-0.0276,16.4791
11/17/2024 18:15,ETCUSDT,-0.0223,16.4568
11/17/2024 18:15,XTZUSDT,-0.0256,16.4312
11/17/2024 18:15,DASHUSDT,0.0337,16.4649
11/17/2024 20:15,DENTUSDT,-0.02,16.4449
11/17/2024 20:15,ALGOUSDT,-0.0222,16.4227
11/17/2024 21:30,BNBUSDT,-0.0204,16.4023
11/17/2024 21:45,SYNUSDT,-0.0263,16.376
11/17/2024 21:45,LISTAUSDT,-0.0211,16.3549
11/17/2024 21:45,AUCTIONUSDT,-0.0228,16.3321
11/17/2024 21:45,ENJUSDT,-0.0208,16.3113
11/17/2024 21:45,BATUSDT,-0.0242,16.2871
11/17/2024 21:45,VIDTUSDT,-0.0277,16.2594
11/17/2024 21:45,GHSTUSDT,-0.021,16.2384
11/17/2024 21:45,STGUSDT,-0.0218,16.2166
11/17/2024 21:45,IDUSDT,-0.0232,16.1934
11/17/2024 21:45,BBUSDT,-0.0212,16.1722
11/17/2024 21:45,CHZUSDT,-0.0223,16.1499
11/17/2024 21:45,SFPUSDT,-0.0241,16.1258
11/17/2024 21:45,GRASSUSDT,-0.0249,16.1009
11/17/2024 21:45,QTUMUSDT,-0.0205,16.0804
11/17/2024 21:45,DARUSDT,-0.0265,16.0539
11/17/2024 21:45,STEEMUSDT,-0.0215,16.0324
11/17/2024 21:45,SCRUSDT,-0.0212,16.0112
11/17/2024 21:45,HIGHUSDT,-0.0244,15.9868
11/17/2024 21:45,TAOUSDT,-0.0246,15.9622
11/17/2024 21:45,MAGICUSDT,-0.0274,15.9348
11/17/2024 21:45,1INCHUSDT,-0.0209,15.9139
11/17/2024 21:45,PENDLEUSDT,-0.0254,15.8885
11/17/2024 21:45,PORTALUSDT,-0.0277,15.8608
11/17/2024 21:45,AERGOUSDT,-0.0254,15.8354
11/17/2024 21:45,MAVUSDT,-0.0234,15.812
11/17/2024 21:45,ONGUSDT,-0.0241,15.7879
11/17/2024 21:45,POWRUSDT,-0.0212,15.7667
11/17/2024 21:45,CELOUSDT,-0.0261,15.7406
11/17/2024 21:45,ETHWUSDT,-0.0219,15.7187
11/17/2024 21:45,API3USDT,-0.0238,15.6949
11/17/2024 21:45,IOUSDT,-0.0309,15.664
11/17/2024 21:45,LDOUSDT,-0.0241,15.6399
11/17/2024 21:45,SANDUSDT,-0.0282,15.6117
11/17/2024 21:45,BADGERUSDT,-0.0249,15.5868
11/17/2024 21:45,FLOWUSDT,-0.0225,15.5643
11/17/2024 21:45,ACHUSDT,-0.0225,15.5418
11/17/2024 21:45,ORDIUSDT,-0.0224,15.5194
11/17/2024 21:45,TONUSDT,-0.0232,15.4962
11/17/2024 21:45,HOTUSDT,-0.0211,15.4751
11/17/2024 21:45,USTCUSDT,-0.0232,15.4519
11/17/2024 23:00,ALPACAUSDT,-0.0234,15.4285
11/18/2024 3:45,BALUSDT,-0.02,15.4085
11/18/2024 3:45,SFPUSDT,-0.0216,15.3869
11/18/2024 3:45,BTCDOMUSDT,-0.0263,15.3606
11/18/2024 4:00,ORDIUSDT,0.0394,15.4
11/18/2024 4:15,GALAUSDT,-0.0207,15.3793
11/18/2024 5:15,BSVUSDT,-0.0209,15.3584
11/18/2024 5:15,1000XECUSDT,-0.0281,15.3303
11/18/2024 5:15,RIFUSDT,0.0436,15.3739
11/18/2024 5:30,GUSDT,-0.02,15.3539
11/18/2024 5:30,BCHUSDT,-0.0202,15.3337
11/18/2024 5:45,IOTAUSDT,0.0486,15.3823
11/18/2024 5:45,CHZUSDT,0.0362,15.4185
11/18/2024 5:45,1INCHUSDT,-0.0229,15.3956
11/18/2024 5:45,BNTUSDT,-0.0238,15.3718
11/18/2024 5:45,DEFIUSDT,-0.0204,15.3514
11/18/2024 5:45,DOTUSDT,-0.0248,15.3266
11/18/2024 5:45,FLMUSDT,-0.0249,15.3017
11/18/2024 5:45,MOVRUSDT,0.0463,15.348
11/18/2024 5:45,ATOMUSDT,-0.0241,15.3239
11/18/2024 5:45,ONTUSDT,-0.022,15.3019
11/18/2024 5:45,LINKUSDT,0.0474,15.3493
11/18/2024 5:45,CYBERUSDT,0.0437,15.393
11/18/2024 5:45,HOTUSDT,-0.0219,15.3711
11/18/2024 6:00,BATUSDT,0.0397,15.4108
11/18/2024 6:00,CHRUSDT,0.0419,15.4527
11/18/2024 6:00,ETHFIUSDT,-0.0201,15.4326
11/18/2024 6:00,IOSTUSDT,0.0464,15.479
11/18/2024 6:00,AERGOUSDT,-0.02,15.459
11/18/2024 6:00,WAXPUSDT,0.0467,15.5057
11/18/2024 6:00,GTCUSDT,-0.0242,15.4815
11/18/2024 6:00,EGLDUSDT,-0.0218,15.4597
11/18/2024 6:00,IOTXUSDT,-0.0252,15.4345
11/18/2024 6:00,COMBOUSDT,-0.0203,15.4142
11/18/2024 6:00,LOOMUSDT,-0.0297,15.3845
11/18/2024 6:00,TLMUSDT,-0.0232,15.3613
11/18/2024 6:00,AEVOUSDT,0.04,15.4013
11/18/2024 6:00,STORJUSDT,-0.0209,15.3804
11/18/2024 6:00,ZILUSDT,0.0477,15.4281
11/18/2024 6:15,LITUSDT,-0.0236,15.4045
11/18/2024 6:15,MANAUSDT,-0.0224,15.3821
11/18/2024 6:15,BEAMXUSDT,0.0442,15.4263
11/18/2024 6:15,MAVUSDT,-0.0242,15.4021
11/18/2024 6:15,UMAUSDT,-0.0253,15.3768
11/18/2024 6:15,ORBSUSDT,-0.0214,15.3554
11/18/2024 6:15,CELOUSDT,-0.022,15.3334
11/18/2024 6:15,YGGUSDT,-0.0241,15.3093
11/18/2024 6:15,SANDUSDT,-0.0225,15.2868
11/18/2024 6:15,GALAUSDT,-0.0221,15.2647
11/18/2024 6:45,BNBUSDT,-0.0213,15.2434
11/18/2024 7:00,TRBUSDT,-0.022,15.2214
11/18/2024 7:00,DIAUSDT,-0.02,15.2014
11/18/2024 7:45,GRTUSDT,-0.0201,15.1813
11/18/2024 7:45,KNCUSDT,-0.0207,15.1606
11/18/2024 8:00,OMGUSDT,-0.022,15.1386
11/18/2024 9:15,ORBSUSDT,-0.0287,15.1099
11/18/2024 9:30,BEAMXUSDT,-0.0319,15.078
11/18/2024 10:45,JTOUSDT,-0.0204,15.0576
11/18/2024 11:00,CETUSUSDT,0.0466,15.1042
11/18/2024 11:00,SAGAUSDT,-0.0201,15.0841
11/18/2024 13:00,RONINUSDT,-0.0318,15.0523
11/18/2024 13:00,MASKUSDT,-0.0222,15.0301
11/18/2024 13:00,BANANAUSDT,-0.0249,15.0052
11/18/2024 13:00,PEOPLEUSDT,-0.0204,14.9848
11/18/2024 13:00,BNBUSDT,-0.0219,14.9629
11/18/2024 17:30,HIGHUSDT,-0.0242,14.9387
11/18/2024 17:45,1000LUNCUSDT,-0.0207,14.918
11/18/2024 22:15,NKNUSDT,-0.0229,14.8951
11/18/2024 23:30,REZUSDT,-0.0224,14.8727
11/19/2024 0:15,STEEMUSDT,-0.0279,14.8448
11/19/2024 2:15,AUCTIONUSDT,0.0416,14.8864
11/19/2024 4:00,SANDUSDT,0.0434,14.9298
11/19/2024 4:15,SAFEUSDT,-0.0216,14.9082
11/19/2024 7:00,ALGOUSDT,-0.0218,14.8864
11/19/2024 8:00,FETUSDT,-0.0231,14.8633
11/19/2024 8:00,APTUSDT,-0.0202,14.8431
11/19/2024 8:00,SAGAUSDT,0.0491,14.8922
11/19/2024 8:00,YGGUSDT,0.0483,14.9405
11/19/2024 8:00,FLUXUSDT,-0.0207,14.9198
11/19/2024 8:00,PIXELUSDT,0.0495,14.9693
11/19/2024 8:00,QUICKUSDT,0.0471,15.0164
11/19/2024 8:15,OMNIUSDT,0.047,15.0634
11/19/2024 8:15,BIGTIMEUSDT,0.0484,15.1118
11/19/2024 8:15,LINAUSDT,-0.02,15.0918
11/19/2024 8:15,UXLINKUSDT,0.028,15.1198
11/19/2024 8:15,RLCUSDT,-0.0217,15.0981
11/19/2024 9:15,APEUSDT,-0.0304,15.0677
11/19/2024 9:15,BANANAUSDT,-0.0251,15.0426
11/19/2024 9:15,BBUSDT,-0.0229,15.0197
11/19/2024 9:15,QTUMUSDT,-0.0296,14.9901
11/19/2024 9:15,BOMEUSDT,-0.0243,14.9658
11/19/2024 9:15,HIGHUSDT,-0.026,14.9398
11/19/2024 9:15,BSWUSDT,0.0462,14.986
11/19/2024 9:15,GASUSDT,-0.035,14.951
11/19/2024 9:15,OMNIUSDT,0.0443,14.9953
11/19/2024 9:15,WLDUSDT,-0.0229,14.9724
11/19/2024 9:15,BIGTIMEUSDT,-0.0286,14.9438
11/19/2024 9:15,PENDLEUSDT,-0.0223,14.9215
11/19/2024 9:15,SPELLUSDT,-0.0207,14.9008
11/19/2024 9:15,SAGAUSDT,-0.0201,14.8807
11/19/2024 9:15,SAFEUSDT,-0.0301,14.8506
11/19/2024 9:15,ARUSDT,-0.0248,14.8258
11/19/2024 9:15,EIGENUSDT,0.0275,14.8533
11/19/2024 9:15,TROYUSDT,-0.0351,14.8182
11/19/2024 9:15,1000RATSUSDT,-0.0303,14.7879
11/19/2024 9:15,BLURUSDT,-0.0251,14.7628
11/19/2024 9:15,ETHWUSDT,-0.0417,14.7211
11/19/2024 9:15,IOUSDT,-0.0213,14.6998
11/19/2024 9:15,FLMUSDT,-0.0403,14.6595
11/19/2024 9:15,DENTUSDT,-0.0423,14.6172
11/19/2024 9:15,YGGUSDT,-0.0229,14.5943
11/19/2024 9:15,MBOXUSDT,-0.0347,14.5596
11/19/2024 9:15,ZKUSDT,-0.0268,14.5328
11/19/2024 9:15,BAKEUSDT,-0.0246,14.5082
11/19/2024 9:15,FLOWUSDT,-0.0285,14.4797
11/19/2024 9:15,PIXELUSDT,-0.0267,14.453
11/19/2024 9:15,ATAUSDT,0.0325,14.4855
11/19/2024 11:00,COMBOUSDT,-0.0338,14.4517
11/19/2024 11:15,ATAUSDT,-0.0229,14.4288
11/19/2024 13:00,XMRUSDT,-0.0201,14.4087
11/19/2024 16:45,PORTALUSDT,-0.0205,14.3882
11/19/2024 16:45,BLZUSDT,-0.0235,14.3647
11/19/2024 17:00,AAVEUSDT,-0.029,14.3357
11/19/2024 18:30,BTCDOMUSDT,-0.0309,14.3048
11/19/2024 21:30,XMRUSDT,-0.0265,14.2783
11/20/2024 0:15,PONKEUSDT,0.0459,14.3242
11/20/2024 0:15,ZECUSDT,-0.027,14.2972
11/20/2024 1:15,DASHUSDT,-0.0211,14.2761
11/20/2024 2:00,SOLUSDT,-0.0218,14.2543
11/20/2024 3:00,COSUSDT,-0.0204,14.2339
11/20/2024 3:00,1INCHUSDT,-0.0241,14.2098
11/20/2024 3:00,ORBSUSDT,-0.0301,14.1797
11/20/2024 3:00,KAVAUSDT,-0.0217,14.158
11/20/2024 3:00,ONTUSDT,-0.0246,14.1334
11/20/2024 3:00,THETAUSDT,-0.0254,14.108
11/20/2024 3:00,DASHUSDT,-0.0234,14.0846
11/20/2024 5:15,LQTYUSDT,-0.0201,14.0645
11/20/2024 11:00,REIUSDT,-0.0247,14.0398
11/20/2024 15:30,MKRUSDT,-0.0229,14.0169
11/20/2024 15:45,SUPERUSDT,-0.0205,13.9964
11/20/2024 16:15,FIDAUSDT,0.0364,14.0328
11/20/2024 16:15,EIGENUSDT,0.043,14.0758
11/21/2024 0:15,TAOUSDT,-0.0203,14.0555
11/21/2024 2:00,GRTUSDT,-0.0367,14.0188
11/21/2024 2:00,LSKUSDT,-0.025,13.9938
11/21/2024 2:15,MKRUSDT,-0.0333,13.9605
11/21/2024 8:30,STGUSDT,-0.024,13.9365
11/21/2024 8:30,BSWUSDT,-0.0255,13.911
11/21/2024 8:30,RAREUSDT,-0.0228,13.8882
11/21/2024 8:30,KSMUSDT,-0.0218,13.8664
11/21/2024 8:30,ALPHAUSDT,-0.0215,13.8449
11/21/2024 14:30,OMUSDT,-0.0298,13.8151
11/21/2024 20:00,TRBUSDT,-0.0256,13.7895
11/21/2024 20:15,BONDUSDT,0.0483,13.8378
11/21/2024 20:45,RLCUSDT,-0.0217,13.8161
11/22/2024 1:30,BTCDOMUSDT,-0.022,13.7941
11/22/2024 2:15,POWRUSDT,-0.023,13.7711
11/22/2024 4:15,GRTUSDT,-0.0337,13.7374
11/22/2024 4:15,GTCUSDT,-0.0213,13.7161
11/22/2024 4:30,SFPUSDT,-0.0209,13.6952
11/22/2024 5:30,LPTUSDT,-0.0214,13.6738
11/22/2024 5:30,GTCUSDT,-0.0233,13.6505
11/22/2024 5:30,STMXUSDT,-0.0266,13.6239
11/22/2024 5:30,KNCUSDT,-0.0221,13.6018
11/22/2024 5:30,FLOWUSDT,-0.0256,13.5762
11/22/2024 5:30,FLUXUSDT,0.0481,13.6243
11/22/2024 5:30,CYBERUSDT,-0.0334,13.5909
11/22/2024 5:30,MAVIAUSDT,-0.0325,13.5584
11/22/2024 6:00,ONEUSDT,0.0452,13.6036
11/22/2024 6:45,LOOMUSDT,-0.0255,13.5781
11/22/2024 7:00,GTCUSDT,-0.02,13.5581
11/22/2024 7:00,ONTUSDT,-0.02,13.5381
11/22/2024 7:45,ONDOUSDT,0.0466,13.5847
11/22/2024 8:15,BATUSDT,-0.0236,13.5611
11/22/2024 8:45,EOSUSDT,-0.0245,13.5366
11/22/2024 9:15,TOKENUSDT,0.0431,13.5797
11/22/2024 10:00,PONKEUSDT,0.0442,13.6239
11/22/2024 10:15,CKBUSDT,-0.0273,13.5966
11/22/2024 13:00,PONKEUSDT,0.0486,13.6452
11/22/2024 13:15,AKTUSDT,-0.0414,13.6038
11/22/2024 18:45,TRUUSDT,-0.0214,13.5824
11/22/2024 23:00,MASKUSDT,0.045,13.6274
11/22/2024 23:00,CHZUSDT,0.0481,13.6755
11/22/2024 23:00,STXUSDT,0.0474,13.7229
11/22/2024 23:00,1INCHUSDT,0.0454,13.7683
11/22/2024 23:00,BANDUSDT,0.0481,13.8164
11/22/2024 23:15,PORTALUSDT,0.0434,13.8598
11/22/2024 23:15,SPELLUSDT,0.0456,13.9054
11/22/2024 23:15,BLZUSDT,0.0465,13.9519
11/22/2024 23:15,DODOXUSDT,0.048,13.9999
11/22/2024 23:15,ZRXUSDT,0.0477,14.0476
11/22/2024 23:15,HOTUSDT,0.0484,14.096
11/22/2024 23:15,LRCUSDT,0.0468,14.1428
11/22/2024 23:30,POLUSDT,0.0427,14.1855
11/22/2024 23:30,ENSUSDT,0.0429,14.2284
11/22/2024 23:30,ZETAUSDT,0.0354,14.2638
11/22/2024 23:30,WUSDT,0.0451,14.3089
11/22/2024 23:30,CELOUSDT,0.0438,14.3527
11/22/2024 23:30,COWUSDT,0.0463,14.399
11/23/2024 1:00,TUSDT,-0.0221,14.3769
11/23/2024 1:00,ONGUSDT,0.0308,14.4077
11/23/2024 1:15,KASUSDT,0.0454,14.4531
11/23/2024 1:45,SAFEUSDT,-0.0249,14.4282
11/23/2024 1:45,STMXUSDT,-0.0215,14.4067
11/23/2024 3:45,GMXUSDT,0.0496,14.4563
11/23/2024 4:45,OMNIUSDT,0.0473,14.5036
11/23/2024 6:00,TRXUSDT,0.0495,14.5531
11/23/2024 6:45,XMRUSDT,-0.0247,14.5284
11/23/2024 6:45,USTCUSDT,-0.0211,14.5073
11/23/2024 7:15,DODOXUSDT,0.0499,14.5572
11/23/2024 8:15,MAGICUSDT,-0.0258,14.5314
11/23/2024 8:15,METISUSDT,-0.0352,14.4962
11/23/2024 8:15,LQTYUSDT,0.032,14.5282
11/23/2024 8:15,STRKUSDT,-0.0395,14.4887
11/23/2024 8:30,TRXUSDT,0.0483,14.537
11/23/2024 9:15,ALPHAUSDT,0.0468,14.5838
11/23/2024 9:15,PIXELUSDT,0.0481,14.6319
11/23/2024 9:45,CHRUSDT,-0.0233,14.6086
11/23/2024 10:00,DOGSUSDT,0.0495,14.6581
11/23/2024 10:00,TONUSDT,0.0463,14.7044
11/23/2024 11:00,KNCUSDT,-0.0211,14.6833
11/23/2024 11:15,BATUSDT,0.0372,14.7205
11/23/2024 11:15,AXLUSDT,0.0425,14.763
11/23/2024 11:15,BELUSDT,0.0269,14.7899
11/23/2024 11:15,ACHUSDT,0.0416,14.8315
11/23/2024 11:15,RLCUSDT,0.0496,14.8811
11/23/2024 11:30,AKTUSDT,-0.0218,14.8593
11/23/2024 11:45,CHZUSDT,0.0464,14.9057
11/23/2024 11:45,CYBERUSDT,0.049,14.9547
11/23/2024 11:45,DASHUSDT,0.0451,14.9998
11/23/2024 12:00,GMXUSDT,0.0485,15.0483
11/23/2024 12:00,STMXUSDT,-0.0222,15.0261
11/23/2024 12:15,BEAMXUSDT,0.0488,15.0749
11/23/2024 12:15,BICOUSDT,-0.0286,15.0463
11/23/2024 12:15,RDNTUSDT,0.0437,15.09
11/23/2024 12:15,ZROUSDT,0.0413,15.1313
11/23/2024 12:15,NOTUSDT,0.0429,15.1742
11/23/2024 12:15,TONUSDT,0.0376,15.2118
11/23/2024 12:30,BNTUSDT,-0.032,15.1798
11/23/2024 12:30,WUSDT,0.0479,15.2277
11/23/2024 12:30,LSKUSDT,-0.0205,15.2072
11/23/2024 12:30,FXSUSDT,-0.0201,15.1871
11/23/2024 14:45,LSKUSDT,-0.0207,15.1664
11/23/2024 15:15,ILVUSDT,-0.0218,15.1446
11/23/2024 15:15,CTSIUSDT,-0.0235,15.1211
11/23/2024 20:00,BTCUSDT,-0.0201,15.101
11/24/2024 0:30,NMRUSDT,0.0463,15.1473
11/24/2024 0:30,BSWUSDT,0.0472,15.1945
11/24/2024 3:15,TRBUSDT,-0.0253,15.1692
11/24/2024 3:45,LISTAUSDT,-0.0206,15.1486
11/24/2024 3:45,DIAUSDT,-0.0205,15.1281
11/24/2024 3:45,UXLINKUSDT,-0.0232,15.1049
11/24/2024 4:00,KDAUSDT,-0.02,15.0849
11/24/2024 4:00,CKBUSDT,-0.0345,15.0504
11/24/2024 6:45,BNBUSDT,0.044,15.0944
11/24/2024 8:00,1000LUNCUSDT,-0.0244,15.07
11/24/2024 8:15,HIFIUSDT,-0.0218,15.0482
11/24/2024 8:30,1000XUSDT,0.037,15.0852
11/24/2024 8:30,POPCATUSDT,0.0366,15.1218
11/24/2024 8:30,PONKEUSDT,0.0477,15.1695
11/24/2024 8:30,1000CATUSDT,0.0322,15.2017
11/24/2024 10:30,BTCDOMUSDT,0.0492,15.2509
11/24/2024 10:30,ADAUSDT,0.0498,15.3007
11/24/2024 15:30,BTCUSDT,-0.0207,15.28
11/24/2024 22:00,ENAUSDT,0.0451,15.3251
11/24/2024 22:00,OMNIUSDT,0.0407,15.3658
11/24/2024 22:00,DOGSUSDT,-0.0226,15.3432
11/24/2024 23:15,VETUSDT,-0.0215,15.3217
11/25/2024 5:30,SWELLUSDT,-0.0258,15.2959
11/25/2024 5:30,ONTUSDT,-0.0204,15.2755
11/25/2024 5:45,FIOUSDT,-0.026,15.2495
11/25/2024 6:30,RSRUSDT,-0.0235,15.226
11/25/2024 7:15,ASTRUSDT,-0.0203,15.2057
11/25/2024 7:30,SYNUSDT,0.0485,15.2542
11/25/2024 7:30,WOOUSDT,-0.0371,15.2171
11/25/2024 7:30,QNTUSDT,0.0488,15.2659
11/25/2024 7:30,GMXUSDT,0.0272,15.2931
11/25/2024 7:30,DEFIUSDT,0.0452,15.3383
11/25/2024 7:30,ETHUSDT,0.0325,15.3708
11/25/2024 7:30,MKRUSDT,0.0466,15.4174
11/25/2024 7:30,ETCUSDT,0.0348,15.4522
11/25/2024 8:45,SYNUSDT,0.0434,15.4956
11/25/2024 9:00,UXLINKUSDT,-0.0206,15.475
11/25/2024 10:45,1000SHIBUSDT,-0.0255,15.4495
11/25/2024 10:45,KEYUSDT,-0.0227,15.4268
11/25/2024 10:45,DENTUSDT,-0.02,15.4068
11/25/2024 10:45,PHBUSDT,-0.0268,15.38
11/25/2024 10:45,TONUSDT,-0.0214,15.3586
11/25/2024 11:00,STGUSDT,-0.0234,15.3352
11/25/2024 11:15,BLZUSDT,-0.0273,15.3079
11/25/2024 14:45,GTCUSDT,-0.0383,15.2696
11/25/2024 22:15,XMRUSDT,0.037,15.3066
11/26/2024 3:45,DARUSDT,-0.0217,15.2849
11/26/2024 3:45,GTCUSDT,-0.0214,15.2635
11/26/2024 3:45,GUSDT,-0.022,15.2415
11/26/2024 4:15,MANAUSDT,-0.0223,15.2192
11/26/2024 4:15,AERGOUSDT,-0.0239,15.1953
11/26/2024 5:45,ALTUSDT,-0.0225,15.1728
11/26/2024 6:00,LEVERUSDT,-0.0206,15.1522
11/26/2024 18:15,BTCDOMUSDT,-0.0222,15.13
11/26/2024 23:30,ATOMUSDT,-0.0234,15.1066
11/26/2024 23:45,FLUXUSDT,-0.0256,15.081
11/27/2024 0:00,GHSTUSDT,-0.0215,15.0595
11/27/2024 0:00,BNTUSDT,-0.0266,15.0329
11/27/2024 0:00,ONDOUSDT,-0.0263,15.0066
11/27/2024 0:00,LINKUSDT,-0.0218,14.9848
11/27/2024 0:00,ADAUSDT,-0.0266,14.9582
11/27/2024 2:45,TRXUSDT,0.05,15.0082
11/27/2024 4:00,REZUSDT,0.0425,15.0507
11/27/2024 4:00,ETHWUSDT,0.0453,15.096
11/27/2024 4:00,MKRUSDT,0.0468,15.1428
11/27/2024 4:00,STRKUSDT,-0.0262,15.1166
11/27/2024 4:00,HOTUSDT,0.0475,15.1641
11/27/2024 4:15,WOOUSDT,-0.0294,15.1347
11/27/2024 4:15,DUSKUSDT,-0.0325,15.1022
11/27/2024 4:15,REIUSDT,0.0375,15.1397
11/27/2024 4:15,SKLUSDT,0.0345,15.1742
11/27/2024 4:15,DARUSDT,0.0381,15.2123
11/27/2024 4:15,BSWUSDT,0.041,15.2533
11/27/2024 4:15,BEAMXUSDT,-0.0379,15.2154
11/27/2024 4:15,SYSUSDT,-0.0245,15.1909
11/27/2024 4:15,1000SHIBUSDT,-0.0226,15.1683
11/27/2024 4:15,SPELLUSDT,0.0429,15.2112
11/27/2024 4:15,BNTUSDT,0.0496,15.2608
11/27/2024 4:15,GTCUSDT,0.0422,15.303
11/27/2024 4:15,NEIROETHUSDT,-0.0292,15.2738
11/27/2024 4:15,DEGENUSDT,0.0469,15.3207
11/27/2024 4:15,IOTXUSDT,-0.0221,15.2986
11/27/2024 4:15,DEFIUSDT,0.0354,15.334
11/27/2024 4:15,TRBUSDT,0.0467,15.3807
11/27/2024 4:15,BELUSDT,0.0356,15.4163
11/27/2024 4:15,BNXUSDT,-0.0224,15.3939
11/27/2024 4:15,NULSUSDT,0.0364,15.4303
11/27/2024 4:15,NKNUSDT,0.0465,15.4768
11/27/2024 4:15,API3USDT,-0.0319,15.4449
11/27/2024 4:15,VOXELUSDT,-0.0274,15.4175
11/27/2024 4:15,DENTUSDT,0.0336,15.4511
11/27/2024 4:15,ALICEUSDT,0.0357,15.4868
11/27/2024 4:15,TURBOUSDT,-0.0285,15.4583
11/27/2024 4:15,BLZUSDT,0.0409,15.4992
11/27/2024 4:15,ZROUSDT,-0.0401,15.4591
11/27/2024 4:15,PHBUSDT,-0.0218,15.4373
11/27/2024 4:15,TLMUSDT,-0.0284,15.4089
11/27/2024 4:15,LOKAUSDT,-0.0303,15.3786
11/27/2024 4:15,BAKEUSDT,0.0355,15.4141
11/27/2024 4:15,DODOXUSDT,0.0367,15.4508
11/27/2024 4:15,LEVERUSDT,-0.0306,15.4202
11/27/2024 4:15,CTSIUSDT,0.0445,15.4647
11/27/2024 4:15,C98USDT,0.0424,15.5071
11/27/2024 4:15,RVNUSDT,0.0402,15.5473
11/27/2024 4:15,LRCUSDT,-0.0258,15.5215
11/27/2024 6:00,SFPUSDT,0.0488,15.5703
11/27/2024 6:00,BNTUSDT,0.0478,15.6181
11/27/2024 6:00,NKNUSDT,0.049,15.6671
11/27/2024 6:00,AXSUSDT,0.0499,15.717
11/27/2024 6:00,DODOXUSDT,0.0489,15.7659
11/27/2024 6:00,CTSIUSDT,0.0487,15.8146
11/27/2024 6:15,DEFIUSDT,0.0494,15.864
11/27/2024 6:15,BADGERUSDT,0.0484,15.9124
11/27/2024 6:15,FIOUSDT,0.0388,15.9512
11/27/2024 7:15,DOTUSDT,0.0498,16.001
11/27/2024 7:30,FIDAUSDT,-0.034,15.967
11/27/2024 7:45,ZETAUSDT,0.0497,16.0167
11/27/2024 9:15,SPELLUSDT,-0.0243,15.9924
11/27/2024 9:45,DOTUSDT,-0.0288,15.9636
11/27/2024 9:45,EOSUSDT,-0.0226,15.941
11/27/2024 9:45,VETUSDT,0.0402,15.9812
11/27/2024 10:00,ARKMUSDT,0.0448,16.026
11/27/2024 10:15,RUNEUSDT,-0.0212,16.0048
11/27/2024 10:30,VIDTUSDT,-0.0279,15.9769
11/27/2024 10:30,UNIUSDT,0.0426,16.0195
11/27/2024 10:30,XVSUSDT,0.0472,16.0667
11/27/2024 10:30,ARPAUSDT,-0.0245,16.0422
11/27/2024 10:30,SOLUSDT,0.0379,16.0801
11/27/2024 10:30,JUPUSDT,-0.0292,16.0509
11/27/2024 10:30,QUICKUSDT,0.0474,16.0983
11/27/2024 10:45,TWTUSDT,-0.0216,16.0767
11/27/2024 11:15,XMRUSDT,-0.0266,16.0501
11/27/2024 13:45,FETUSDT,0.0494,16.0995
11/27/2024 15:30,BSVUSDT,0.0474,16.1469
11/27/2024 15:30,1000XECUSDT,0.0478,16.1947
11/27/2024 15:30,ONDOUSDT,0.0406,16.2353
11/27/2024 17:45,NMRUSDT,-0.0306,16.2047
11/27/2024 17:45,XEMUSDT,-0.0249,16.1798
11/27/2024 17:45,DENTUSDT,0.0464,16.2262
11/27/2024 17:45,LOKAUSDT,-0.0246,16.2016
11/27/2024 18:15,KNCUSDT,-0.0202,16.1814
11/27/2024 19:15,TRBUSDT,-0.0207,16.1607
11/27/2024 19:30,NEIROETHUSDT,-0.0225,16.1382
11/27/2024 19:30,STRKUSDT,-0.027,16.1112
11/27/2024 20:00,WOOUSDT,-0.0246,16.0866
11/27/2024 20:00,CHZUSDT,-0.0243,16.0623
11/27/2024 20:00,GTCUSDT,-0.02,16.0423
11/27/2024 20:00,GMTUSDT,-0.0201,16.0222
11/27/2024 20:00,NEOUSDT,0.0458,16.068
11/27/2024 20:00,IMXUSDT,-0.0219,16.0461
11/27/2024 20:00,DEFIUSDT,-0.0246,16.0215
11/27/2024 20:00,DRIFTUSDT,0.0473,16.0688
11/27/2024 20:00,MANTAUSDT,-0.0245,16.0443
11/27/2024 20:15,DARUSDT,-0.0207,16.0236
11/27/2024 20:15,ICPUSDT,-0.0204,16.0032
11/27/2024 20:15,WLDUSDT,0.0482,16.0514
11/27/2024 20:15,MEMEUSDT,0.0474,16.0988
11/27/2024 20:15,ALICEUSDT,-0.0213,16.0775
11/27/2024 20:15,ARKUSDT,-0.0221,16.0554
11/27/2024 20:15,ONTUSDT,-0.022,16.0334
11/27/2024 20:15,ZKUSDT,0.046,16.0794
11/27/2024 20:15,KSMUSDT,-0.027,16.0524
11/27/2024 20:15,VETUSDT,-0.0283,16.0241
11/27/2024 21:15,TLMUSDT,-0.02,16.0041
11/27/2024 21:30,XEMUSDT,-0.0249,15.9792
11/27/2024 21:45,JASMYUSDT,-0.0303,15.9489
11/27/2024 22:00,CFXUSDT,-0.0202,15.9287
11/27/2024 22:00,BNBUSDT,0.0484,15.9771
11/27/2024 22:00,NOTUSDT,-0.0234,15.9537
11/27/2024 22:00,STRKUSDT,0.0323,15.986
11/27/2024 22:15,IDUSDT,-0.0255,15.9605
11/27/2024 22:15,STXUSDT,-0.022,15.9385
11/27/2024 22:15,GASUSDT,-0.0228,15.9157
11/27/2024 22:15,APTUSDT,0.0495,15.9652
11/27/2024 22:15,NEOUSDT,0.0492,16.0144
11/27/2024 22:15,EOSUSDT,-0.02,15.9944
11/27/2024 22:15,TURBOUSDT,-0.0212,15.9732
11/27/2024 22:15,ZKUSDT,0.0467,16.0199
11/27/2024 22:15,FLUXUSDT,-0.0222,15.9977
11/27/2024 22:30,RONINUSDT,0.0457,16.0434
11/27/2024 22:30,1INCHUSDT,-0.0215,16.0219
11/27/2024 22:30,PYTHUSDT,0.0471,16.069
11/27/2024 22:30,FLOWUSDT,-0.026,16.043
11/27/2024 22:45,FXSUSDT,-0.0252,16.0178
11/27/2024 22:45,KNCUSDT,-0.0226,15.9952
11/27/2024 23:15,ONDOUSDT,-0.0211,15.9741
11/27/2024 23:30,PEOPLEUSDT,-0.022,15.9521
11/27/2024 23:30,NEIROETHUSDT,-0.0208,15.9313
11/28/2024 0:15,RONINUSDT,-0.0265,15.9048
11/28/2024 0:15,TURBOUSDT,-0.0211,15.8837
11/28/2024 0:30,NOTUSDT,-0.022,15.8617
11/28/2024 0:45,C98USDT,-0.0229,15.8388
11/28/2024 1:00,APEUSDT,-0.0212,15.8176
11/28/2024 1:15,IOTXUSDT,-0.0214,15.7962
11/28/2024 1:15,COTIUSDT,-0.02,15.7762
11/28/2024 1:45,REIUSDT,-0.0205,15.7557
11/28/2024 1:45,OGNUSDT,-0.0212,15.7345
11/28/2024 6:00,SEIUSDT,-0.0227,15.7118
11/28/2024 7:45,NEARUSDT,-0.0215,15.6903
11/28/2024 7:45,AVAXUSDT,-0.0203,15.67
11/28/2024 8:00,STGUSDT,-0.0239,15.6461
11/28/2024 8:00,NMRUSDT,-0.0203,15.6258
11/28/2024 8:00,GASUSDT,-0.0203,15.6055
11/28/2024 8:00,SAFEUSDT,-0.0209,15.5846
11/28/2024 8:00,STORJUSDT,-0.0255,15.5591
11/28/2024 9:30,XMRUSDT,-0.0229,15.5362
11/28/2024 9:45,GRTUSDT,-0.0235,15.5127
11/28/2024 9:45,1000XUSDT,-0.0203,15.4924
11/28/2024 9:45,SFPUSDT,-0.0224,15.47
11/28/2024 9:45,BTCUSDT,-0.0241,15.4459
11/28/2024 9:45,STMXUSDT,-0.0217,15.4242
11/28/2024 9:45,RSRUSDT,-0.0265,15.3977
11/28/2024 9:45,SUPERUSDT,-0.0214,15.3763
11/28/2024 9:45,SOLUSDT,-0.0256,15.3507
11/28/2024 9:45,YFIUSDT,-0.0246,15.3261
11/28/2024 9:45,PHBUSDT,-0.0212,15.3049
11/28/2024 9:45,TLMUSDT,-0.0204,15.2845
11/28/2024 9:45,KASUSDT,-0.0221,15.2624
11/28/2024 9:45,AVAXUSDT,-0.0235,15.2389
11/28/2024 9:45,XTZUSDT,-0.0246,15.2143
11/28/2024 9:45,BCHUSDT,-0.024,15.1903
11/28/2024 9:45,ADAUSDT,-0.0231,15.1672
11/28/2024 10:00,CKBUSDT,-0.0215,15.1457
11/28/2024 10:00,JTOUSDT,-0.0204,15.1253
11/28/2024 11:00,BLZUSDT,-0.0239,15.1014
11/28/2024 11:00,AVAXUSDT,-0.0214,15.08
11/28/2024 11:00,JASMYUSDT,-0.0204,15.0596
11/28/2024 12:15,BNBUSDT,-0.0229,15.0367
11/28/2024 12:30,AXLUSDT,-0.0233,15.0134
11/28/2024 12:30,RLCUSDT,-0.0222,14.9912
11/28/2024 12:30,SLERFUSDT,-0.0221,14.9691
11/28/2024 13:00,SYSUSDT,-0.0205,14.9486
11/28/2024 13:30,STXUSDT,-0.0257,14.9229
11/28/2024 14:00,DIAUSDT,-0.0288,14.8941
11/28/2024 14:15,COMPUSDT,-0.0253,14.8688
11/28/2024 15:30,SANTOSUSDT,-0.0217,14.8471
11/28/2024 15:45,ATAUSDT,-0.0228,14.8243
11/28/2024 17:45,UNIUSDT,-0.0231,14.8012
11/28/2024 18:00,CKBUSDT,-0.0234,14.7778
11/28/2024 19:30,JOEUSDT,-0.021,14.7568
11/28/2024 20:15,LQTYUSDT,-0.0233,14.7335
11/28/2024 21:00,PERPUSDT,-0.03,14.7035
11/28/2024 21:00,REEFUSDT,-0.0253,14.6782
11/28/2024 21:15,CHZUSDT,-0.0211,14.6571
11/28/2024 21:30,VOXELUSDT,-0.022,14.6351
11/28/2024 21:30,TWTUSDT,0.0435,14.6786
11/28/2024 22:00,ONEUSDT,0.0473,14.7259
11/28/2024 22:00,ALICEUSDT,-0.0234,14.7025
11/28/2024 22:15,PORTALUSDT,-0.0238,14.6787
11/28/2024 22:15,SANDUSDT,0.0438,14.7225
11/29/2024 0:15,RONINUSDT,-0.0234,14.6991
11/29/2024 2:00,BTCUSDT,0.0374,14.7365
11/29/2024 2:00,AVAXUSDT,-0.0241,14.7124
11/29/2024 3:15,1000000MOGUSDT,-0.0284,14.684
11/29/2024 5:15,MEWUSDT,-0.0312,14.6528
11/29/2024 5:45,STMXUSDT,-0.0302,14.6226
11/29/2024 5:45,ZROUSDT,-0.0235,14.5991
11/29/2024 5:45,LEVERUSDT,-0.0246,14.5745
11/29/2024 6:00,SYSUSDT,-0.0277,14.5468
11/29/2024 6:00,1000XECUSDT,-0.0213,14.5255
11/29/2024 6:00,NTRNUSDT,-0.0216,14.5039
11/29/2024 6:00,LINKUSDT,-0.0217,14.4822
11/29/2024 6:00,ACHUSDT,-0.0258,14.4564
11/29/2024 6:00,ALPHAUSDT,-0.0266,14.4298
11/29/2024 6:45,STEEMUSDT,-0.02,14.4098
11/29/2024 6:45,LSKUSDT,-0.0205,14.3893
11/29/2024 6:45,ARKUSDT,-0.0261,14.3632
11/29/2024 6:45,QUICKUSDT,-0.0235,14.3397
11/29/2024 7:00,UNIUSDT,-0.0235,14.3162
11/29/2024 7:15,TUSDT,-0.0301,14.2861
11/29/2024 7:15,ONGUSDT,-0.0332,14.2529
11/29/2024 7:45,EOSUSDT,-0.022,14.2309
11/29/2024 7:45,XTZUSDT,-0.026,14.2049
11/29/2024 8:45,LQTYUSDT,-0.0235,14.1814
11/29/2024 12:30,MKRUSDT,-0.0217,14.1597
11/29/2024 13:00,DARUSDT,0.0361,14.1958
11/29/2024 13:00,BONDUSDT,0.0453,14.2411
11/29/2024 13:00,BELUSDT,-0.022,14.2191
11/29/2024 13:00,FLMUSDT,0.0454,14.2645
11/29/2024 13:00,RDNTUSDT,-0.0445,14.22
11/29/2024 13:15,ENAUSDT,0.049,14.269
11/29/2024 13:30,CHRUSDT,-0.0208,14.2482
11/29/2024 13:30,BOMEUSDT,0.0495,14.2977
11/29/2024 13:45,IDUSDT,0.0486,14.3463
11/29/2024 13:45,LITUSDT,-0.0226,14.3237
11/29/2024 13:45,DOGEUSDT,0.0402,14.3639
11/29/2024 13:45,RAREUSDT,-0.0217,14.3422
11/29/2024 13:45,DENTUSDT,0.0448,14.387
11/29/2024 13:45,ALICEUSDT,0.0431,14.4301
11/29/2024 13:45,DODOXUSDT,0.0373,14.4674
11/29/2024 13:45,ATAUSDT,0.0458,14.5132
11/29/2024 14:15,SXPUSDT,0.0482,14.5614
11/29/2024 14:30,BTCUSDT,-0.0212,14.5402
11/29/2024 14:30,1000XECUSDT,0.0483,14.5885
11/29/2024 14:30,ARKUSDT,-0.0236,14.5649
11/29/2024 14:30,ZROUSDT,0.0467,14.6116
11/29/2024 14:45,RUNEUSDT,0.0445,14.6561
11/29/2024 15:00,BONDUSDT,-0.0283,14.6278
11/29/2024 15:00,SNXUSDT,-0.0224,14.6054
11/29/2024 15:00,BNTUSDT,-0.0245,14.5809
11/29/2024 15:00,STMXUSDT,-0.0222,14.5587
11/29/2024 15:00,BNBUSDT,-0.0245,14.5342
11/29/2024 15:00,1000RATSUSDT,-0.0204,14.5138
11/29/2024 15:00,ROSEUSDT,-0.0247,14.4891
11/29/2024 15:00,TONUSDT,-0.0307,14.4584
11/29/2024 16:00,OXTUSDT,-0.0204,14.438
11/29/2024 16:30,MEMEUSDT,-0.0242,14.4138
11/29/2024 17:30,ZRXUSDT,-0.0206,14.3932
11/29/2024 18:30,CHZUSDT,0.049,14.4422
11/29/2024 19:00,XAIUSDT,-0.0228,14.4194
11/29/2024 19:15,FLUXUSDT,-0.0209,14.3985
11/29/2024 19:30,AERGOUSDT,0.05,14.4485
11/29/2024 19:30,WAXPUSDT,0.0495,14.498
11/29/2024 19:30,SXPUSDT,-0.0257,14.4723
11/29/2024 19:30,KAVAUSDT,-0.0226,14.4497
11/29/2024 19:45,STEEMUSDT,-0.0222,14.4275
11/29/2024 19:45,GTCUSDT,0.0409,14.4684
11/29/2024 19:45,DOGEUSDT,-0.0315,14.4369
11/29/2024 20:00,ZRXUSDT,-0.0205,14.4164
11/29/2024 20:15,ONDOUSDT,0.0464,14.4628
11/29/2024 21:30,REIUSDT,0.0101,14.4729
11/29/2024 21:45,BBUSDT,-0.0251,14.4478
11/29/2024 21:45,HIFIUSDT,-0.0221,14.4257
11/29/2024 21:45,AEVOUSDT,0.0392,14.4649
11/29/2024 21:45,DASHUSDT,-0.03,14.4349
11/29/2024 22:00,NEARUSDT,-0.0202,14.4147
11/29/2024 22:15,GHSTUSDT,-0.0224,14.3923
11/29/2024 22:15,XAIUSDT,-0.0263,14.366
11/29/2024 22:30,LDOUSDT,-0.021,14.345
11/29/2024 22:30,FLMUSDT,-0.0225,14.3225
11/29/2024 22:30,PYTHUSDT,-0.0225,14.3
11/29/2024 22:30,KASUSDT,-0.0208,14.2792
11/29/2024 23:15,ONGUSDT,-0.0217,14.2575
11/29/2024 23:45,OMGUSDT,-0.0229,14.2346
11/29/2024 23:45,LTCUSDT,-0.0219,14.2127
11/30/2024 0:15,SSVUSDT,0.0179,14.2306
11/30/2024 0:15,FILUSDT,0.0408,14.2714
11/30/2024 0:45,GMXUSDT,0.0498,14.3212
11/30/2024 2:45,AXLUSDT,-0.0229,14.2983
11/30/2024 3:15,SANTOSUSDT,0.0408,14.3391
11/30/2024 3:45,SYSUSDT,0.0487,14.3878
11/30/2024 5:00,KDAUSDT,-0.0211,14.3667
11/30/2024 5:30,ALTUSDT,0.0358,14.4025
11/30/2024 5:30,STRKUSDT,-0.0232,14.3793
11/30/2024 5:30,CHESSUSDT,0.0466,14.4259
11/30/2024 5:45,SYSUSDT,0.0238,14.4497
11/30/2024 5:45,POLUSDT,-0.0309,14.4188
11/30/2024 5:45,ZKUSDT,-0.0208,14.398
11/30/2024 5:45,MKRUSDT,0.0494,14.4474
11/30/2024 5:45,AEVOUSDT,-0.0246,14.4228
11/30/2024 5:45,SLERFUSDT,-0.0267,14.3961
11/30/2024 6:00,SNXUSDT,0.0465,14.4426
11/30/2024 6:00,MAGICUSDT,-0.0295,14.4131
11/30/2024 6:15,BONDUSDT,0.05,14.4631
11/30/2024 6:15,ARUSDT,0.0295,14.4926
11/30/2024 6:30,KDAUSDT,-0.0266,14.466
11/30/2024 6:30,MOODENGUSDT,0.0474,14.5134
11/30/2024 6:45,FIOUSDT,-0.0268,14.4866
11/30/2024 7:15,WOOUSDT,-0.0209,14.4657
11/30/2024 7:30,SUNUSDT,-0.0224,14.4433
11/30/2024 7:30,SNXUSDT,0.0417,14.485
11/30/2024 7:30,PEOPLEUSDT,-0.0229,14.4621
11/30/2024 7:30,BNTUSDT,-0.0305,14.4316
11/30/2024 7:30,HOOKUSDT,0.0451,14.4767
11/30/2024 7:30,ALICEUSDT,-0.0223,14.4544
11/30/2024 7:30,TWTUSDT,0.0475,14.5019
11/30/2024 7:30,GALAUSDT,0.0488,14.5507
11/30/2024 7:45,AMBUSDT,-0.0216,14.5291
11/30/2024 8:00,RONINUSDT,-0.029,14.5001
11/30/2024 9:15,TWTUSDT,-0.0254,14.4747
11/30/2024 9:30,VOXELUSDT,-0.0206,14.4541
11/30/2024 9:45,STGUSDT,-0.0211,14.433
11/30/2024 9:45,NEARUSDT,-0.023,14.41
11/30/2024 9:45,BCHUSDT,0.0258,14.4358
11/30/2024 9:45,CTSIUSDT,0.0348,14.4706
11/30/2024 9:45,OGNUSDT,-0.0236,14.447
11/30/2024 10:00,DIAUSDT,-0.0207,14.4263
11/30/2024 10:00,TONUSDT,-0.0225,14.4038
11/30/2024 10:15,APTUSDT,-0.0218,14.382
11/30/2024 13:15,SNXUSDT,0.0377,14.4197
11/30/2024 13:45,MOODENGUSDT,-0.0211,14.3986
11/30/2024 14:00,BONDUSDT,0.0471,14.4457
11/30/2024 14:15,LITUSDT,-0.0246,14.4211
11/30/2024 14:15,ICPUSDT,-0.0217,14.3994
11/30/2024 14:45,1000FLOKIUSDT,-0.0279,14.3715
11/30/2024 14:45,DOGEUSDT,-0.0257,14.3458
11/30/2024 14:45,SOLUSDT,0.0292,14.375
11/30/2024 14:45,SLERFUSDT,-0.0373,14.3377
11/30/2024 15:30,STORJUSDT,-0.0216,14.3161
11/30/2024 16:45,STXUSDT,-0.0319,14.2842
11/30/2024 17:15,NEARUSDT,-0.0202,14.264
11/30/2024 19:15,ALPACAUSDT,-0.022,14.242
11/30/2024 19:30,GMXUSDT,-0.0244,14.2176
11/30/2024 19:30,1000XECUSDT,-0.0213,14.1963
11/30/2024 19:30,ICXUSDT,0.05,14.2463
11/30/2024 19:45,SAGAUSDT,0.0494,14.2957
11/30/2024 20:00,INJUSDT,0.0498,14.3455
11/30/2024 20:00,LITUSDT,-0.0252,14.3203
11/30/2024 20:00,CELRUSDT,-0.0218,14.2985
11/30/2024 20:15,SUNUSDT,-0.0228,14.2757
11/30/2024 20:15,SEIUSDT,-0.0228,14.2529
11/30/2024 20:30,DRIFTUSDT,-0.026,14.2269
11/30/2024 20:45,CAKEUSDT,-0.0215,14.2054
11/30/2024 20:45,ZILUSDT,-0.0207,14.1847
11/30/2024 21:00,1000CATUSDT,-0.0215,14.1632
11/30/2024 21:00,ZROUSDT,-0.0307,14.1325
11/30/2024 21:45,ACHUSDT,-0.0233,14.1092
11/30/2024 22:00,MANTAUSDT,-0.0207,14.0885
11/30/2024 23:00,DIAUSDT,-0.0227,14.0658
11/30/2024 23:00,TURBOUSDT,-0.0322,14.0336
12/1/2024 1:00,OMUSDT,-0.0296,14.004
12/1/2024 2:30,CHRUSDT,-0.0204,13.9836
12/1/2024 2:30,XVGUSDT,-0.0246,13.959
12/1/2024 2:30,BCHUSDT,-0.0204,13.9386
12/1/2024 6:00,UNIUSDT,-0.0226,13.916
12/1/2024 7:45,RIFUSDT,-0.0265,13.8895
12/1/2024 8:30,FLMUSDT,-0.0257,13.8638
12/1/2024 8:30,CELRUSDT,0.0473,13.9111
12/1/2024 8:30,LEVERUSDT,-0.0202,13.8909
12/1/2024 10:15,CELRUSDT,-0.0228,13.8681
12/1/2024 11:00,QNTUSDT,0.0495,13.9176
12/1/2024 11:15,ASTRUSDT,-0.0232,13.8944
12/1/2024 11:15,AERGOUSDT,-0.0286,13.8658
12/1/2024 12:30,COMBOUSDT,-0.0203,13.8455
12/1/2024 13:00,CATIUSDT,-0.0274,13.8181
12/1/2024 13:15,WIFUSDT,0.0467,13.8648
12/1/2024 13:15,XEMUSDT,-0.02,13.8448
12/1/2024 13:15,POWRUSDT,-0.0242,13.8206
12/1/2024 13:15,ARKUSDT,0.0485,13.8691
12/1/2024 14:15,BANANAUSDT,-0.0209,13.8482
12/1/2024 14:30,MTLUSDT,-0.0202,13.828
12/1/2024 14:30,KAVAUSDT,-0.0244,13.8036
12/1/2024 14:45,CHRUSDT,-0.0283,13.7753
12/1/2024 14:45,POWRUSDT,-0.0205,13.7548
12/1/2024 14:45,BNXUSDT,-0.0229,13.7319
12/1/2024 14:45,KNCUSDT,-0.0245,13.7074
12/1/2024 14:45,ATOMUSDT,-0.0266,13.6808
12/1/2024 14:45,LRCUSDT,-0.0269,13.6539
12/1/2024 15:00,VIDTUSDT,-0.0232,13.6307
12/1/2024 15:15,IDUSDT,-0.0248,13.6059
12/1/2024 15:15,APTUSDT,-0.0369,13.569
12/1/2024 15:15,TROYUSDT,0.0464,13.6154
12/1/2024 15:15,TURBOUSDT,-0.0219,13.5935
12/1/2024 15:30,WOOUSDT,0.0464,13.6399
12/1/2024 16:15,ZRXUSDT,-0.0289,13.611
12/1/2024 19:15,ADAUSDT,0.0365,13.6475
12/1/2024 19:45,XAIUSDT,0.0494,13.6969
12/1/2024 20:00,FETUSDT,-0.0311,13.6658
12/1/2024 20:15,SOLUSDT,-0.0238,13.642
12/1/2024 23:00,SXPUSDT,-0.0203,13.6217
12/1/2024 23:00,ATOMUSDT,0.0447,13.6664
12/1/2024 23:45,BNTUSDT,-0.0202,13.6462
12/1/2024 23:45,BADGERUSDT,-0.0211,13.6251
12/2/2024 0:30,FILUSDT,0.032,13.6571
12/2/2024 1:00,BALUSDT,-0.02,13.6371
12/2/2024 1:00,VOXELUSDT,-0.0278,13.6093
12/2/2024 2:15,JTOUSDT,0.0492,13.6585
12/2/2024 2:30,LUNA2USDT,-0.0224,13.6361
12/2/2024 3:15,YFIUSDT,-0.0271,13.609
12/2/2024 3:30,DIAUSDT,-0.0228,13.5862
12/2/2024 3:30,TURBOUSDT,0.0433,13.6295
12/2/2024 3:45,STGUSDT,0.0202,13.6497
12/2/2024 3:45,TUSDT,0.0374,13.6871
12/2/2024 3:45,XEMUSDT,0.0305,13.7176
12/2/2024 3:45,POWRUSDT,0.0242,13.7418
12/2/2024 3:45,ARKUSDT,0.0374,13.7792
12/2/2024 3:45,UXLINKUSDT,0.0364,13.8156
12/2/2024 3:45,LEVERUSDT,-0.0358,13.7798
12/2/2024 8:15,GMXUSDT,-0.0355,13.7443
12/2/2024 12:45,SOLUSDT,-0.0261,13.7182
12/2/2024 19:45,CHZUSDT,0.0473,13.7655
12/2/2024 19:45,STORJUSDT,0.046,13.8115
12/2/2024 19:45,OGNUSDT,0.0461,13.8576
12/2/2024 20:00,CKBUSDT,0.0407,13.8983
12/2/2024 23:00,OMGUSDT,0.0485,13.9468
12/2/2024 23:00,GLMUSDT,0.0468,13.9936
12/2/2024 23:00,TRUUSDT,0.0498,14.0434
12/2/2024 23:00,ORDIUSDT,0.0456,14.089
12/2/2024 23:00,STRKUSDT,0.0483,14.1373
12/2/2024 23:15,LPTUSDT,0.0472,14.1845
12/2/2024 23:30,NFPUSDT,0.0466,14.2311
12/2/2024 23:45,BNTUSDT,-0.0241,14.207
12/2/2024 23:45,RENDERUSDT,0.0392,14.2462
12/2/2024 23:45,LOOMUSDT,-0.0202,14.226
12/3/2024 0:00,GHSTUSDT,-0.0216,14.2044
12/3/2024 0:00,FLMUSDT,0.05,14.2544
12/3/2024 0:45,RSRUSDT,0.0436,14.298
12/3/2024 1:00,BTCDOMUSDT,-0.0223,14.2757
12/3/2024 1:00,ETCUSDT,-0.0217,14.254
12/3/2024 1:30,ACEUSDT,-0.0226,14.2314
12/3/2024 2:15,MASKUSDT,0.0495,14.2809
12/3/2024 2:30,VIDTUSDT,0.0471,14.328
12/3/2024 2:30,BBUSDT,-0.0319,14.2961
12/3/2024 2:30,WIFUSDT,-0.0263,14.2698
12/3/2024 2:30,BSWUSDT,0.0463,14.3161
12/3/2024 2:30,ORBSUSDT,-0.0221,14.294
12/3/2024 2:30,STMXUSDT,0.0409,14.3349
12/3/2024 2:30,XVSUSDT,0.0396,14.3745
12/3/2024 2:30,ARPAUSDT,0.0473,14.4218
12/3/2024 2:30,NKNUSDT,-0.021,14.4008
12/3/2024 2:30,BADGERUSDT,-0.022,14.3788
12/3/2024 2:30,RIFUSDT,0.0437,14.4225
12/3/2024 2:45,SANTOSUSDT,-0.0202,14.4023
12/3/2024 2:45,NTRNUSDT,0.0476,14.4499
12/3/2024 2:45,RLCUSDT,0.0476,14.4975
12/3/2024 4:00,CHESSUSDT,0.05,14.5475
12/3/2024 4:15,RAREUSDT,0.0457,14.5932
12/3/2024 4:15,DODOXUSDT,0.048,14.6412
12/3/2024 4:15,RIFUSDT,-0.0205,14.6207
12/3/2024 4:30,ARPAUSDT,-0.0262,14.5945
12/3/2024 4:45,INJUSDT,-0.0247,14.5698
12/3/2024 5:15,REIUSDT,-0.023,14.5468
12/3/2024 5:15,CELOUSDT,-0.0222,14.5246
12/3/2024 5:15,TWTUSDT,-0.0229,14.5017
12/3/2024 5:15,FLUXUSDT,0.0449,14.5466
12/3/2024 5:15,CHESSUSDT,-0.0226,14.524
12/3/2024 5:30,MASKUSDT,-0.0208,14.5032
12/3/2024 5:30,OMNIUSDT,0.0412,14.5444
12/3/2024 6:00,GRTUSDT,-0.0233,14.5211
12/3/2024 6:00,WIFUSDT,0.0371,14.5582
12/3/2024 6:00,NFPUSDT,-0.0294,14.5288
12/3/2024 6:00,1000BONKUSDT,-0.0296,14.4992
12/3/2024 6:00,ORBSUSDT,-0.024,14.4752
12/3/2024 6:00,DRIFTUSDT,-0.0252,14.45
12/3/2024 6:00,HOTUSDT,0.0472,14.4972
12/3/2024 6:15,UMAUSDT,-0.0226,14.4746
12/3/2024 10:45,NEIROUSDT,0.0339,14.5085
12/3/2024 10:45,ETHUSDT,0.0488,14.5573
12/3/2024 13:30,GRASSUSDT,0.0439,14.6012
12/3/2024 19:30,C98USDT,0.0453,14.6465
12/3/2024 19:45,VIDTUSDT,0.0454,14.6919
12/3/2024 20:00,SANTOSUSDT,-0.0274,14.6645
12/3/2024 21:30,BANDUSDT,-0.0239,14.6406
12/3/2024 22:30,TAOUSDT,0.0497,14.6903
12/3/2024 22:45,SFPUSDT,0.0474,14.7377
12/4/2024 0:00,1000XUSDT,-0.0229,14.7148
12/4/2024 0:00,1000FLOKIUSDT,0.0444,14.7592
12/4/2024 0:00,MKRUSDT,-0.0486,14.7106
12/4/2024 0:15,MAGICUSDT,-0.0204,14.6902
12/4/2024 1:45,RDNTUSDT,-0.0202,14.67
12/4/2024 5:00,DEGENUSDT,-0.0209,14.6491
12/4/2024 6:00,ARUSDT,-0.0262,14.6229
12/4/2024 6:15,BATUSDT,-0.0211,14.6018
12/4/2024 6:45,NEARUSDT,-0.027,14.5748
12/4/2024 7:00,DYMUSDT,0.0484,14.6232
12/4/2024 7:15,BANANAUSDT,-0.0213,14.6019
12/4/2024 7:45,LOKAUSDT,-0.0241,14.5778
12/4/2024 9:15,ZKUSDT,-0.0231,14.5547
12/4/2024 9:15,AVAXUSDT,-0.021,14.5337
12/4/2024 9:30,AAVEUSDT,-0.0321,14.5016
12/4/2024 10:15,DARUSDT,0.0421,14.5437
12/4/2024 10:15,XAIUSDT,-0.025,14.5187
12/4/2024 11:00,WIFUSDT,-0.02,14.4987
12/4/2024 11:00,MANAUSDT,0.0412,14.5399
12/4/2024 11:00,MAGICUSDT,0.0435,14.5834
12/4/2024 11:00,BADGERUSDT,-0.0207,14.5627
12/4/2024 11:00,ACHUSDT,-0.0269,14.5358
12/4/2024 11:00,CTSIUSDT,-0.0295,14.5063
12/4/2024 11:00,PIXELUSDT,-0.0226,14.4837
12/4/2024 12:15,OMUSDT,0.049,14.5327
12/4/2024 21:00,RLCUSDT,0.0455,14.5782
12/4/2024 23:15,BTCDOMUSDT,0.0448,14.623
12/5/2024 9:30,AKTUSDT,0.043,14.666
12/5/2024 10:15,GTCUSDT,-0.0226,14.6434
12/5/2024 10:15,ZKUSDT,-0.0259,14.6175
12/5/2024 11:00,STEEMUSDT,-0.0233,14.5942
12/5/2024 11:00,POLUSDT,-0.0236,14.5706
12/5/2024 11:00,MEWUSDT,0.0498,14.6204
12/5/2024 11:15,NMRUSDT,-0.0318,14.5886
12/5/2024 11:15,FIDAUSDT,-0.0207,14.5679
12/5/2024 11:15,SOLUSDT,-0.0203,14.5476
12/5/2024 11:15,LTCUSDT,0.0195,14.5671
12/5/2024 11:15,JUPUSDT,0.0448,14.6119
12/5/2024 11:30,VIDTUSDT,0.047,14.6589
12/5/2024 11:30,LITUSDT,-0.0212,14.6377
12/5/2024 11:45,GOATUSDT,0.0421,14.6798
12/5/2024 13:00,ORBSUSDT,0.0322,14.712
12/5/2024 13:45,THEUSDT,-0.0389,14.6731
12/5/2024 14:00,NEARUSDT,-0.0218,14.6513
12/5/2024 14:00,SLERFUSDT,-0.0219,14.6294
12/5/2024 14:15,SNXUSDT,-0.0294,14.6
12/5/2024 17:45,GRASSUSDT,-0.0232,14.5768
12/5/2024 18:45,RONINUSDT,0.0465,14.6233
12/5/2024 19:15,TNSRUSDT,-0.0255,14.5978
12/5/2024 22:15,BTCUSDT,0.0032,14.601
12/5/2024 22:15,OMUSDT,-0.0484,14.5526
12/6/2024 2:30,RAREUSDT,-0.0213,14.5313
12/6/2024 2:45,NOTUSDT,-0.0264,14.5049
12/6/2024 3:45,REZUSDT,-0.0277,14.4772
12/6/2024 3:45,DYMUSDT,0.047,14.5242
12/6/2024 4:30,KASUSDT,-0.0208,14.5034
12/6/2024 4:45,RDNTUSDT,-0.0251,14.4783
12/6/2024 5:00,BLZUSDT,-0.021,14.4573
12/6/2024 5:00,CELRUSDT,0.0429,14.5002
12/6/2024 5:15,BANANAUSDT,-0.0213,14.4789
12/6/2024 6:00,AUCTIONUSDT,0.0421,14.521
12/6/2024 6:00,OPUSDT,-0.0288,14.4922
12/6/2024 6:00,MAVUSDT,-0.0291,14.4631
12/6/2024 6:00,TRBUSDT,-0.0212,14.4419
12/6/2024 6:00,MKRUSDT,-0.0201,14.4218
12/6/2024 6:00,ACHUSDT,-0.0284,14.3934
12/6/2024 6:00,AEVOUSDT,0.04,14.4334
12/6/2024 6:00,ARBUSDT,-0.0292,14.4042
12/6/2024 6:15,BEAMXUSDT,-0.0213,14.3829
12/6/2024 6:15,JOEUSDT,-0.026,14.3569
12/6/2024 6:15,ILVUSDT,-0.0285,14.3284
12/6/2024 6:15,ETHUSDT,-0.024,14.3044
12/6/2024 7:30,MASKUSDT,-0.0242,14.2802
12/6/2024 7:30,ROSEUSDT,-0.0239,14.2563
12/6/2024 7:45,BLZUSDT,-0.0217,14.2346
12/6/2024 8:00,DASHUSDT,-0.0202,14.2144
12/6/2024 8:15,ACEUSDT,-0.0342,14.1802
12/6/2024 8:15,KASUSDT,-0.0244,14.1558
12/6/2024 8:15,STRKUSDT,-0.0231,14.1327
12/6/2024 8:30,REZUSDT,-0.0208,14.1119
12/6/2024 8:30,STMXUSDT,-0.0269,14.085
12/6/2024 8:30,OMUSDT,-0.0219,14.0631
12/6/2024 8:45,FXSUSDT,0.0456,14.1087
12/6/2024 12:15,SANTOSUSDT,-0.0247,14.084
12/6/2024 12:15,NULSUSDT,0.0489,14.1329
12/6/2024 12:15,SEIUSDT,-0.0226,14.1103
12/6/2024 12:30,SFPUSDT,-0.0248,14.0855
12/6/2024 12:30,BOMEUSDT,-0.0281,14.0574
12/6/2024 12:30,GASUSDT,-0.0217,14.0357
12/6/2024 12:30,1000FLOKIUSDT,-0.0205,14.0152
12/6/2024 12:30,BIGTIMEUSDT,-0.0242,13.991
12/6/2024 12:30,SAFEUSDT,-0.0242,13.9668
12/6/2024 12:30,METISUSDT,-0.0223,13.9445
12/6/2024 12:30,MEWUSDT,-0.0234,13.9211
12/6/2024 12:30,KNCUSDT,-0.0231,13.898
12/6/2024 12:30,RPLUSDT,-0.0219,13.8761
12/6/2024 12:30,1MBABYDOGEUSDT,-0.0218,13.8543
12/6/2024 12:30,ORDIUSDT,-0.0217,13.8326
12/6/2024 12:30,FIOUSDT,-0.0219,13.8107
12/6/2024 12:30,1000LUNCUSDT,-0.0239,13.7868
12/6/2024 12:30,USTCUSDT,-0.0207,13.7661
12/6/2024 12:45,NEIROUSDT,-0.0288,13.7373
12/6/2024 12:45,SWELLUSDT,-0.0292,13.7081
12/6/2024 12:45,TROYUSDT,-0.0322,13.6759
12/6/2024 12:45,RUNEUSDT,-0.0232,13.6527
12/6/2024 12:45,TRXUSDT,-0.0381,13.6146
12/6/2024 16:45,BADGERUSDT,-0.0207,13.5939
12/6/2024 18:00,BADGERUSDT,-0.0212,13.5727
12/6/2024 18:30,GMXUSDT,0.0414,13.6141
12/6/2024 18:30,PIXELUSDT,-0.0209,13.5932
12/6/2024 19:00,APEUSDT,-0.0291,13.5641
12/6/2024 19:00,WIFUSDT,-0.0378,13.5263
12/6/2024 19:00,MYROUSDT,-0.021,13.5053
12/6/2024 19:45,NTRNUSDT,-0.0286,13.4767
12/6/2024 20:00,ASTRUSDT,-0.0226,13.4541
12/6/2024 20:00,ALICEUSDT,-0.0289,13.4252
12/6/2024 20:30,ANKRUSDT,-0.0227,13.4025
12/6/2024 21:00,SEIUSDT,-0.0239,13.3786
12/6/2024 21:15,TAOUSDT,-0.0259,13.3527
12/6/2024 21:15,1INCHUSDT,0.0206,13.3733
12/6/2024 21:15,ARUSDT,-0.0301,13.3432
12/6/2024 21:30,MANAUSDT,-0.0253,13.3179
12/6/2024 21:30,LSKUSDT,-0.0216,13.2963
12/6/2024 21:30,ONDOUSDT,0.0479,13.3442
12/6/2024 22:30,ENJUSDT,-0.0229,13.3213
12/6/2024 22:30,STEEMUSDT,-0.0223,13.299
12/6/2024 22:30,IOSTUSDT,-0.0282,13.2708
12/6/2024 22:30,FLOWUSDT,-0.02,13.2508
12/6/2024 22:45,BATUSDT,-0.0228,13.228
12/6/2024 22:45,QTUMUSDT,-0.0243,13.2037
12/6/2024 22:45,GASUSDT,-0.0223,13.1814
12/6/2024 22:45,ONTUSDT,-0.0225,13.1589
12/6/2024 23:00,SXPUSDT,-0.0225,13.1364
12/6/2024 23:15,BRETTUSDT,-0.0299,13.1065
12/7/2024 0:00,GTCUSDT,-0.0212,13.0853
12/7/2024 0:00,ONTUSDT,-0.0247,13.0606
12/7/2024 0:45,VIDTUSDT,-0.0214,13.0392
12/7/2024 0:45,VANRYUSDT,-0.0201,13.0191
12/7/2024 3:00,SAFEUSDT,0.047,13.0661
12/7/2024 3:15,SOLUSDT,-0.021,13.0451
12/7/2024 4:00,CHRUSDT,-0.0218,13.0233
12/7/2024 4:00,GTCUSDT,-0.021,13.0023
12/7/2024 4:00,SUIUSDT,-0.025,12.9773
12/7/2024 5:00,GMXUSDT,-0.023,12.9543
12/7/2024 5:00,ZECUSDT,-0.023,12.9313
12/7/2024 5:00,ORDIUSDT,0.0407,12.972
12/7/2024 5:15,1000SATSUSDT,0.0486,13.0206
12/7/2024 5:30,AUCTIONUSDT,-0.0249,12.9957
12/7/2024 5:30,BTCUSDT,-0.0205,12.9752
12/7/2024 5:30,BCHUSDT,-0.021,12.9542
12/7/2024 6:00,FLMUSDT,-0.0233,12.9309
12/7/2024 6:00,SCRTUSDT,-0.0202,12.9107
12/7/2024 6:00,CYBERUSDT,-0.0217,12.889
12/7/2024 6:00,OGNUSDT,-0.0209,12.8681
12/7/2024 6:15,QTUMUSDT,-0.0249,12.8432
12/7/2024 6:45,AKTUSDT,-0.0203,12.8229
12/7/2024 7:15,ASTRUSDT,-0.0207,12.8022
12/7/2024 7:15,FETUSDT,0.0495,12.8517
12/7/2024 7:15,IMXUSDT,0.0463,12.898
12/7/2024 7:15,NKNUSDT,0.0458,12.9438
12/7/2024 7:15,CKBUSDT,-0.0268,12.917
12/7/2024 7:15,KAVAUSDT,-0.0205,12.8965
12/7/2024 7:15,UXLINKUSDT,-0.0255,12.871
12/7/2024 7:30,ACHUSDT,-0.0269,12.8441
12/7/2024 9:00,MEMEUSDT,0.0489,12.893
12/7/2024 9:45,AXLUSDT,-0.023,12.87
12/7/2024 9:45,PORTALUSDT,-0.0203,12.8497
12/7/2024 9:45,TRUUSDT,-0.0213,12.8284
12/7/2024 9:45,SEIUSDT,-0.0202,12.8082
12/7/2024 9:45,MINAUSDT,-0.0201,12.7881
12/7/2024 9:45,LRCUSDT,-0.0201,12.768
12/7/2024 10:00,REIUSDT,0.0455,12.8135
12/7/2024 10:15,ENSUSDT,-0.021,12.7925
12/7/2024 10:15,AXSUSDT,-0.022,12.7705
12/7/2024 12:30,SANTOSUSDT,-0.0205,12.75
12/7/2024 13:45,STEEMUSDT,-0.0224,12.7276
12/7/2024 14:00,HFTUSDT,0.042,12.7696
12/7/2024 14:45,BTCDOMUSDT,-0.0205,12.7491
12/7/2024 15:45,PORTALUSDT,-0.0218,12.7273
12/7/2024 17:00,ONDOUSDT,-0.0217,12.7056
12/7/2024 17:30,OMNIUSDT,-0.0202,12.6854
12/7/2024 17:30,ROSEUSDT,0.0442,12.7296
12/7/2024 19:45,1000SHIBUSDT,0.0357,12.7653
12/7/2024 20:00,KASUSDT,0.0497,12.815
12/7/2024 20:30,BEAMXUSDT,0.0432,12.8582
12/7/2024 22:45,ARUSDT,-0.0233,12.8349
12/7/2024 23:45,TWTUSDT,0.0438,12.8787
12/8/2024 0:00,AVAXUSDT,-0.0227,12.856
12/8/2024 0:45,APEUSDT,-0.0209,12.8351
12/8/2024 1:15,ZRXUSDT,0.0468,12.8819
12/8/2024 2:00,CELRUSDT,0.0454,12.9273
12/8/2024 2:45,XMRUSDT,-0.0239,12.9034
12/8/2024 3:45,TUSDT,0.0494,12.9528
12/8/2024 3:45,KNCUSDT,0.05,13.0028
12/8/2024 3:45,MOVRUSDT,-0.0258,12.977
12/8/2024 3:45,DODOXUSDT,-0.0218,12.9552
12/8/2024 3:45,RLCUSDT,0.0448,13
12/8/2024 4:00,ZRXUSDT,-0.0259,12.9741
12/8/2024 4:30,DYMUSDT,-0.0248,12.9493
12/8/2024 4:30,THETAUSDT,-0.0232,12.9261
12/8/2024 4:30,TOKENUSDT,0.0494,12.9755
12/8/2024 4:45,PERPUSDT,-0.0223,12.9532
12/8/2024 4:45,DENTUSDT,-0.02,12.9332
12/8/2024 5:00,ALTUSDT,0.0469,12.9801
12/8/2024 8:00,EDUUSDT,-0.0205,12.9596
12/8/2024 8:00,MORPHOUSDT,0.042,13.0016
12/8/2024 8:00,JUPUSDT,0.0482,13.0498
12/8/2024 8:15,RAREUSDT,-0.0208,13.029
12/8/2024 8:15,NOTUSDT,-0.0216,13.0074
12/8/2024 8:30,ZKUSDT,-0.0212,12.9862
12/8/2024 9:45,GHSTUSDT,-0.0235,12.9627
12/8/2024 9:45,BICOUSDT,-0.0268,12.9359
12/8/2024 9:45,AGLDUSDT,-0.0255,12.9104
12/8/2024 9:45,ARPAUSDT,-0.023,12.8874
12/8/2024 9:45,DENTUSDT,-0.0207,12.8667
12/8/2024 9:45,ACHUSDT,-0.0256,12.8411
12/8/2024 9:45,ZENUSDT,0.0382,12.8793
12/8/2024 14:15,STEEMUSDT,-0.0272,12.8521
12/8/2024 16:00,DIAUSDT,-0.0241,12.828
12/8/2024 17:15,LOKAUSDT,0.0193,12.8473
12/8/2024 17:30,SYSUSDT,-0.0241,12.8232
12/8/2024 17:30,ALPACAUSDT,-0.0249,12.7983
12/8/2024 17:30,ARKUSDT,0.05,12.8483
12/8/2024 17:30,ZECUSDT,-0.0235,12.8248
12/8/2024 17:45,WAXPUSDT,0.0467,12.8715
12/8/2024 18:15,OMNIUSDT,-0.0258,12.8457
12/8/2024 18:15,THETAUSDT,-0.0303,12.8154
12/8/2024 18:15,USTCUSDT,-0.0246,12.7908
12/8/2024 18:45,XMRUSDT,0.0427,12.8335
12/8/2024 19:00,CETUSUSDT,-0.0206,12.8129
12/8/2024 19:30,LITUSDT,-0.0249,12.788
12/8/2024 19:30,CTSIUSDT,-0.02,12.768
12/8/2024 20:15,ARKUSDT,0.0446,12.8126
12/8/2024 21:00,APTUSDT,-0.0234,12.7892
12/8/2024 21:00,THETAUSDT,-0.0225,12.7667
12/8/2024 21:00,ADAUSDT,-0.0204,12.7463
12/8/2024 21:15,1INCHUSDT,0.0471,12.7934
12/8/2024 21:15,GTCUSDT,-0.0272,12.7662
12/8/2024 21:30,FIDAUSDT,0.047,12.8132
12/8/2024 21:30,ICXUSDT,0.0436,12.8568
12/8/2024 21:30,BNXUSDT,-0.0235,12.8333
12/8/2024 21:30,FLMUSDT,-0.0282,12.8051
12/8/2024 21:30,XMRUSDT,0.0209,12.826
12/8/2024 22:00,AERGOUSDT,-0.02,12.806
12/8/2024 22:00,STMXUSDT,-0.0222,12.7838
12/8/2024 22:15,EDUUSDT,-0.0226,12.7612
12/8/2024 22:15,ONGUSDT,-0.02,12.7412
12/8/2024 22:15,ALPHAUSDT,-0.0299,12.7113
12/8/2024 22:30,BELUSDT,-0.025,12.6863
12/8/2024 22:45,WAXPUSDT,0.0483,12.7346
12/8/2024 22:45,UXLINKUSDT,-0.0209,12.7137
12/8/2024 22:45,MKRUSDT,-0.0288,12.6849
12/8/2024 23:00,ARKUSDT,0.0491,12.734
12/8/2024 23:45,RLCUSDT,-0.024,12.71
12/9/2024 1:45,ALTUSDT,0.0497,12.7597
12/9/2024 3:45,DOTUSDT,0.0478,12.8075
12/9/2024 3:45,ZILUSDT,0.0483,12.8558
12/9/2024 6:00,CELRUSDT,0.0447,12.9005
12/9/2024 6:00,DYDXUSDT,0.0484,12.9489
12/9/2024 6:15,FTMUSDT,0.0408,12.9897
12/9/2024 6:15,MASKUSDT,0.0493,13.039
12/9/2024 6:15,SKLUSDT,0.0385,13.0775
12/9/2024 6:15,LITUSDT,0.0467,13.1242
12/9/2024 6:15,FETUSDT,0.042,13.1662
12/9/2024 6:15,SNXUSDT,0.0451,13.2113
12/9/2024 6:15,AAVEUSDT,-0.023,13.1883
12/9/2024 6:15,GTCUSDT,0.0404,13.2287
12/9/2024 6:15,SAFEUSDT,0.0485,13.2772
12/9/2024 6:15,COMBOUSDT,0.0396,13.3168
12/9/2024 6:15,THETAUSDT,0.0467,13.3635
12/9/2024 6:15,BTCDOMUSDT,0.0469,13.4104
12/9/2024 6:15,XTZUSDT,0.0494,13.4598
12/9/2024 6:15,FLUXUSDT,0.0485,13.5083
12/9/2024 6:15,RIFUSDT,0.044,13.5523
12/9/2024 6:15,OGNUSDT,0.0467,13.599
12/9/2024 6:15,LRCUSDT,0.0459,13.6449
12/9/2024 7:00,SFPUSDT,0.0489,13.6938
12/9/2024 7:00,XEMUSDT,0.0473,13.7411
12/9/2024 7:00,FXSUSDT,-0.0324,13.7087
12/9/2024 7:00,SOLUSDT,0.0415,13.7502
12/9/2024 7:00,ETHUSDT,0.0457,13.7959
12/9/2024 8:15,TNSRUSDT,0.0499,13.8458
12/9/2024 8:30,ARUSDT,-0.0212,13.8246
12/9/2024 8:30,RLCUSDT,0.0485,13.8731
12/9/2024 11:15,AVAXUSDT,-0.0205,13.8526
12/9/2024 11:45,MKRUSDT,-0.0231,13.8295
12/9/2024 17:45,CELRUSDT,0.0457,13.8752
12/9/2024 19:00,RONINUSDT,0.0464,13.9216
12/9/2024 19:00,CELRUSDT,0.0478,13.9694
12/9/2024 19:30,BTCUSDT,0.0471,14.0165
12/9/2024 20:00,SUNUSDT,0.0359,14.0524
12/9/2024 20:00,JOEUSDT,0.0341,14.0865
12/9/2024 20:00,SAGAUSDT,0.0399,14.1264
12/9/2024 20:00,FXSUSDT,0.0351,14.1615
12/9/2024 20:00,AVAXUSDT,0.0298,14.1913
12/9/2024 20:00,QUICKUSDT,0.0443,14.2356
12/10/2024 10:30,1000CHEEMSUSDT,-0.0308,14.2048
12/11/2024 5:30,XMRUSDT,0.0476,14.2524
12/11/2024 6:00,TONUSDT,0.0485,14.3009
12/11/2024 8:00,BALUSDT,0.0448,14.3457
12/11/2024 8:00,BADGERUSDT,0.0464,14.3921
12/11/2024 8:15,PONKEUSDT,0.0455,14.4376
12/11/2024 8:15,SOLUSDT,0.0404,14.478
12/11/2024 9:45,PYTHUSDT,0.049,14.527
12/11/2024 10:45,STGUSDT,0.0475,14.5745
12/11/2024 10:45,QTUMUSDT,0.0475,14.622
12/11/2024 10:45,APTUSDT,0.0487,14.6707
12/11/2024 10:45,ICXUSDT,0.0494,14.7201
12/11/2024 10:45,KNCUSDT,0.0496,14.7697
12/11/2024 10:45,BCHUSDT,0.046,14.8157
12/11/2024 11:00,SANDUSDT,0.0478,14.8635
12/11/2024 11:15,INJUSDT,0.0449,14.9084
12/11/2024 11:15,CHRUSDT,0.0489,14.9573
12/11/2024 11:15,QNTUSDT,0.0448,15.0021
12/11/2024 11:15,FTMUSDT,0.0468,15.0489
12/11/2024 11:15,SKLUSDT,0.0486,15.0975
12/11/2024 11:15,LITUSDT,0.0466,15.1441
12/11/2024 11:15,NMRUSDT,0.0476,15.1917
12/11/2024 11:15,WLDUSDT,0.0495,15.2412
12/11/2024 11:15,WAXPUSDT,0.0481,15.2893
12/11/2024 11:15,DEFIUSDT,0.0441,15.3334
12/11/2024 11:15,AGLDUSDT,0.0464,15.3798
12/11/2024 11:15,API3USDT,0.0483,15.4281
12/11/2024 11:15,TWTUSDT,0.0376,15.4657
12/11/2024 11:15,KASUSDT,0.0478,15.5135
12/11/2024 11:15,SEIUSDT,0.0481,15.5616
12/11/2024 11:15,DODOXUSDT,0.0407,15.6023
12/11/2024 11:15,ZILUSDT,0.0417,15.644
12/11/2024 11:15,LRCUSDT,0.0391,15.6831
12/11/2024 11:15,ARBUSDT,0.0497,15.7328
12/11/2024 11:30,AXLUSDT,-0.0206,15.7122
12/11/2024 12:15,NFPUSDT,0.0431,15.7553
12/11/2024 12:15,HMSTRUSDT,0.0454,15.8007
12/11/2024 12:15,COMBOUSDT,0.044,15.8447
12/11/2024 12:15,NKNUSDT,0.0426,15.8873
12/11/2024 12:15,OXTUSDT,0.0474,15.9347
12/11/2024 12:30,1000SATSUSDT,0.0444,15.9791
12/11/2024 12:30,QUICKUSDT,0.0494,16.0285
12/11/2024 13:30,LISTAUSDT,0.0484,16.0769
12/11/2024 13:30,VIDTUSDT,0.0365,16.1134
12/11/2024 13:30,LITUSDT,0.0472,16.1606
12/11/2024 13:30,COMPUSDT,0.0459,16.2065
12/11/2024 13:30,KASUSDT,0.0434,16.2499
12/11/2024 14:45,ETHUSDT,0.0378,16.2877
12/11/2024 14:45,LTCUSDT,0.0441,16.3318
12/11/2024 15:00,DOGEUSDT,-0.031,16.3008
12/11/2024 15:00,TRXUSDT,0.0482,16.349
12/11/2024 20:00,LSKUSDT,-0.0202,16.3288
12/11/2024 20:00,STORJUSDT,0.0492,16.378
12/11/2024 20:30,ETCUSDT,-0.0204,16.3576
12/11/2024 22:00,SXPUSDT,-0.02,16.3376
12/11/2024 22:00,RIFUSDT,0.0416,16.3792
12/11/2024 22:45,LSKUSDT,-0.0206,16.3586
12/11/2024 23:00,SUIUSDT,0.0457,16.4043
12/12/2024 0:15,AUCTIONUSDT,0.0489,16.4532
12/12/2024 0:30,SEIUSDT,0.0462,16.4994
12/12/2024 1:00,LINKUSDT,0.045,16.5444
12/12/2024 1:15,GTCUSDT,0.048,16.5924
12/12/2024 1:15,UMAUSDT,0.0478,16.6402
12/12/2024 1:15,BANDUSDT,0.0484,16.6886
12/12/2024 2:15,ACEUSDT,0.0491,16.7377
12/12/2024 2:15,ALTUSDT,0.0492,16.7869
12/12/2024 2:15,SYSUSDT,0.0429,16.8298
12/12/2024 2:15,IMXUSDT,0.0453,16.8751
12/12/2024 2:15,NKNUSDT,0.0386,16.9137
12/12/2024 2:15,AEVOUSDT,0.0469,16.9606
12/12/2024 2:15,OGNUSDT,0.0476,17.0082
12/12/2024 2:30,RONINUSDT,0.0455,17.0537
12/12/2024 2:30,MTLUSDT,0.0378,17.0915
12/12/2024 2:30,REEFUSDT,0.0423,17.1338
12/12/2024 2:45,AVAXUSDT,0.0347,17.1685
12/12/2024 4:30,AUCTIONUSDT,0.0454,17.2139
12/12/2024 4:45,IDUSDT,-0.0214,17.1925
12/12/2024 5:15,GRTUSDT,-0.0246,17.1679
12/12/2024 5:15,STGUSDT,-0.0265,17.1414
12/12/2024 5:15,TUSDT,-0.0221,17.1193
12/12/2024 5:15,LITUSDT,-0.0251,17.0942
12/12/2024 5:15,ICXUSDT,-0.0227,17.0715
12/12/2024 5:15,NULSUSDT,-0.0232,17.0483
12/12/2024 5:15,KAVAUSDT,-0.0288,17.0195
12/12/2024 5:15,ARKUSDT,-0.0251,16.9944
12/12/2024 5:15,AXSUSDT,-0.021,16.9734
12/12/2024 5:15,BADGERUSDT,-0.0224,16.951
12/12/2024 5:15,FLOWUSDT,-0.0315,16.9195
12/12/2024 5:15,AVAXUSDT,0.0417,16.9612
12/12/2024 5:15,STORJUSDT,-0.0232,16.938
12/12/2024 5:15,RIFUSDT,-0.0208,16.9172
12/12/2024 5:15,ZILUSDT,-0.023,16.8942
12/12/2024 5:15,PIXELUSDT,-0.0225,16.8717
12/12/2024 5:30,RONINUSDT,-0.0233,16.8484
12/12/2024 5:30,STEEMUSDT,-0.0226,16.8258
12/12/2024 5:30,WAXPUSDT,-0.0304,16.7954
12/12/2024 5:30,ONGUSDT,-0.0217,16.7737
12/12/2024 5:30,POLYXUSDT,-0.0277,16.746
12/12/2024 5:30,DOGEUSDT,-0.0218,16.7242
12/12/2024 5:30,BSVUSDT,-0.0244,16.6998
12/12/2024 5:30,GLMUSDT,-0.0219,16.6779
12/12/2024 5:30,SOLUSDT,-0.0243,16.6536
12/12/2024 5:30,ILVUSDT,-0.0234,16.6302
12/12/2024 5:30,VOXELUSDT,-0.022,16.6082
12/12/2024 5:30,UXLINKUSDT,-0.0216,16.5866
12/12/2024 7:15,IMXUSDT,-0.0202,16.5664
12/12/2024 7:15,REEFUSDT,0.0467,16.6131
12/12/2024 8:00,POWRUSDT,-0.0215,16.5916
12/12/2024 8:15,LSKUSDT,-0.0236,16.568
12/12/2024 8:15,ARPAUSDT,-0.0216,16.5464
12/12/2024 8:30,RENDERUSDT,-0.0232,16.5232
12/12/2024 8:30,PYTHUSDT,-0.0204,16.5028
12/12/2024 8:45,ANKRUSDT,-0.0309,16.4719
12/12/2024 9:00,CKBUSDT,-0.0206,16.4513
12/12/2024 9:15,SUNUSDT,-0.0222,16.4291
12/12/2024 15:00,1000WHYUSDT,0.03,16.4591
12/12/2024 18:30,MYROUSDT,0.0488,16.5079
12/12/2024 21:30,BNBUSDT,-0.0201,16.4878
12/12/2024 21:30,OMUSDT,0.049,16.5368
12/12/2024 21:30,ARBUSDT,-0.0202,16.5166
12/12/2024 21:45,KASUSDT,0.049,16.5656
12/12/2024 22:00,BANANAUSDT,-0.0254,16.5402
12/12/2024 22:00,PENDLEUSDT,-0.0216,16.5186
12/12/2024 22:00,JUPUSDT,-0.0216,16.497
12/12/2024 22:00,SLERFUSDT,0.0448,16.5418
12/13/2024 0:00,SAFEUSDT,-0.0219,16.5199
12/13/2024 1:00,FTMUSDT,-0.0205,16.4994
12/13/2024 1:00,WIFUSDT,-0.0211,16.4783
12/13/2024 4:30,OMUSDT,0.0482,16.5265
12/13/2024 5:00,OPUSDT,-0.0233,16.5032
12/13/2024 5:45,SANTOSUSDT,0.0413,16.5445
12/13/2024 10:15,NULSUSDT,-0.0211,16.5234
12/13/2024 10:15,FXSUSDT,0.0419,16.5653
12/13/2024 11:00,SUIUSDT,0.0478,16.6131
12/13/2024 12:15,CYBERUSDT,-0.0284,16.5847
12/13/2024 13:15,SSVUSDT,-0.0241,16.5606
12/13/2024 13:15,SUPERUSDT,-0.0253,16.5353
12/13/2024 13:45,SUIUSDT,-0.0221,16.5132
12/13/2024 15:30,AAVEUSDT,-0.0203,16.4929
12/13/2024 15:30,LQTYUSDT,-0.0257,16.4672
12/13/2024 15:45,BNTUSDT,-0.0306,16.4366
12/13/2024 15:45,LINKUSDT,-0.0305,16.4061
12/13/2024 15:45,OXTUSDT,-0.0331,16.373
12/13/2024 20:00,DUSKUSDT,-0.0206,16.3524
12/13/2024 20:15,STEEMUSDT,-0.0239,16.3285
12/14/2024 1:00,SYSUSDT,-0.0226,16.3059
12/14/2024 1:00,HOTUSDT,-0.02,16.2859
12/14/2024 1:15,UNIUSDT,-0.0209,16.265
12/14/2024 1:15,SPELLUSDT,-0.0264,16.2386
12/14/2024 1:15,POWRUSDT,-0.0265,16.2121
12/14/2024 1:15,RAREUSDT,-0.0213,16.1908
12/14/2024 1:15,ARKMUSDT,-0.0249,16.1659
12/14/2024 1:15,KAVAUSDT,-0.0239,16.142
12/14/2024 4:30,TRXUSDT,-0.0214,16.1206
12/14/2024 6:30,HIPPOUSDT,-0.0225,16.0981
12/14/2024 6:30,LISTAUSDT,0.048,16.1461
12/14/2024 7:00,RIFUSDT,0.0465,16.1926
12/14/2024 7:00,LRCUSDT,0.0485,16.2411
12/14/2024 7:15,KDAUSDT,0.0482,16.2893
12/14/2024 7:15,IOTAUSDT,-0.0256,16.2637
12/14/2024 7:15,GHSTUSDT,0.0432,16.3069
12/14/2024 7:15,REZUSDT,0.044,16.3509
12/14/2024 7:15,RUNEUSDT,0.0441,16.395
12/14/2024 7:15,LOKAUSDT,0.0409,16.4359
12/14/2024 7:15,OGNUSDT,-0.0241,16.4118
12/14/2024 9:00,KDAUSDT,0.045,16.4568
12/14/2024 9:00,HFTUSDT,0.0483,16.5051
12/14/2024 9:00,EDUUSDT,0.0415,16.5466
12/14/2024 9:00,AMBUSDT,0.0408,16.5874
12/14/2024 9:00,REIUSDT,0.0439,16.6313
12/14/2024 9:00,RSRUSDT,0.038,16.6693
12/14/2024 9:00,VOXELUSDT,0.0494,16.7187
12/14/2024 9:00,DIAUSDT,0.0455,16.7642
12/14/2024 9:00,YFIUSDT,0.0395,16.8037
12/14/2024 9:00,RUNEUSDT,0.0463,16.85
12/14/2024 9:00,SUIUSDT,0.0331,16.8831
12/14/2024 9:00,MYROUSDT,0.045,16.9281
12/14/2024 9:00,KASUSDT,0.0394,16.9675
12/14/2024 9:00,LOKAUSDT,0.046,17.0135
12/14/2024 9:00,HOTUSDT,0.0471,17.0606
12/14/2024 9:00,RIFUSDT,0.0463,17.1069
12/14/2024 9:15,LQTYUSDT,0.0475,17.1544
12/14/2024 9:45,CETUSUSDT,0.0474,17.2018
12/14/2024 9:45,LRCUSDT,0.049,17.2508
12/14/2024 10:30,1MBABYDOGEUSDT,0.0472,17.298
12/14/2024 10:45,OPUSDT,-0.0223,17.2757
12/14/2024 11:30,FTMUSDT,0.0489,17.3246
12/14/2024 11:45,ICPUSDT,0.0487,17.3733
12/14/2024 11:45,FIDAUSDT,0.0439,17.4172
12/14/2024 11:45,ZROUSDT,0.05,17.4672
12/14/2024 11:45,TLMUSDT,0.049,17.5162
12/14/2024 11:45,ETCUSDT,0.0499,17.5661
12/14/2024 11:45,HOTUSDT,0.0485,17.6146
12/14/2024 12:00,SYNUSDT,0.0463,17.6609
12/14/2024 12:00,APEUSDT,0.047,17.7079
12/14/2024 12:00,KDAUSDT,0.0488,17.7567
12/14/2024 12:00,ENJUSDT,0.0447,17.8014
12/14/2024 12:00,SSVUSDT,0.0495,17.8509
12/14/2024 12:00,EDUUSDT,0.0452,17.8961
12/14/2024 12:00,REIUSDT,0.0475,17.9436
12/14/2024 12:00,BOMEUSDT,0.0481,17.9917
12/14/2024 12:00,MAGICUSDT,0.0471,18.0388
12/14/2024 12:00,IOSTUSDT,0.0431,18.0819
12/14/2024 12:00,WLDUSDT,0.047,18.1289
12/14/2024 12:00,SYSUSDT,0.049,18.1779
12/14/2024 12:00,POLUSDT,0.0465,18.2244
12/14/2024 12:00,HMSTRUSDT,0.0484,18.2728
12/14/2024 12:00,SPELLUSDT,0.0492,18.322
12/14/2024 12:00,SWELLUSDT,0.047,18.369
12/14/2024 12:00,HOOKUSDT,0.0483,18.4173
12/14/2024 12:00,GUSDT,0.0495,18.4668
12/14/2024 12:00,BSVUSDT,0.0487,18.5155
12/14/2024 12:00,CFXUSDT,0.0382,18.5537
12/14/2024 12:00,BICOUSDT,0.0491,18.6028
12/14/2024 12:00,LSKUSDT,0.0464,18.6492
12/14/2024 12:00,COMBOUSDT,0.0447,18.6939
12/14/2024 12:00,VANRYUSDT,0.046,18.7399
12/14/2024 12:00,GLMUSDT,0.048,18.7879
12/14/2024 12:00,ARKMUSDT,0.0497,18.8376
12/14/2024 12:00,KNCUSDT,0.0491,18.8867
12/14/2024 12:00,CKBUSDT,0.0496,18.9363
12/14/2024 12:00,ETHWUSDT,0.0464,18.9827
12/14/2024 12:00,API3USDT,0.0415,19.0242
12/14/2024 12:00,TNSRUSDT,0.0377,19.0619
12/14/2024 12:00,VOXELUSDT,0.0464,19.1083
12/14/2024 12:00,BANDUSDT,0.0474,19.1557
12/14/2024 12:00,ARKUSDT,0.0491,19.2048
12/14/2024 12:00,TWTUSDT,0.0498,19.2546
12/14/2024 12:00,CELRUSDT,0.05,19.3046
12/14/2024 12:00,JUPUSDT,0.0497,19.3543
12/14/2024 12:00,PHBUSDT,0.0424,19.3967
12/14/2024 12:00,LOKAUSDT,0.0464,19.4431
12/14/2024 12:00,MKRUSDT,0.047,19.4901
12/14/2024 12:00,STORJUSDT,0.0492,19.5393
12/14/2024 12:00,NOTUSDT,0.0484,19.5877
12/14/2024 12:00,KSMUSDT,0.0473,19.635
12/14/2024 12:00,CTSIUSDT,0.0493,19.6843
12/14/2024 12:00,1MBABYDOGEUSDT,0.0308,19.7151
12/14/2024 12:00,C98USDT,0.0461,19.7612
12/14/2024 12:00,SLERFUSDT,0.0393,19.8005
12/14/2024 12:00,OGNUSDT,0.0468,19.8473
12/14/2024 12:00,ATAUSDT,0.047,19.8943
12/14/2024 12:00,RVNUSDT,0.0441,19.9384
12/14/2024 12:00,LRCUSDT,0.0473,19.9857
12/14/2024 12:15,DUSKUSDT,0.0481,20.0338
12/14/2024 12:15,AMBUSDT,0.0459,20.0797
12/14/2024 12:15,DARUSDT,0.0489,20.1286
12/14/2024 12:15,STXUSDT,0.0481,20.1767
12/14/2024 12:15,HIGHUSDT,0.0464,20.2231
12/14/2024 12:15,CETUSUSDT,0.049,20.2721
12/14/2024 12:15,POPCATUSDT,0.0474,20.3195
12/14/2024 12:15,PORTALUSDT,0.0495,20.369
12/14/2024 12:15,ONEUSDT,0.05,20.419
12/14/2024 12:15,IOTXUSDT,0.0437,20.4627
12/14/2024 12:15,RSRUSDT,0.0481,20.5108
12/14/2024 12:15,BNXUSDT,0.049,20.5598
12/14/2024 12:15,ETHUSDT,0.0486,20.6084
12/14/2024 12:15,DIAUSDT,0.0479,20.6563
12/14/2024 12:15,YFIUSDT,0.0456,20.7019
12/14/2024 12:15,ALICEUSDT,0.0454,20.7473
12/14/2024 12:15,SUIUSDT,0.0475,20.7948
12/14/2024 12:15,YGGUSDT,0.0478,20.8426
12/14/2024 12:15,LEVERUSDT,0.0466,20.8892
12/14/2024 12:15,XAIUSDT,0.0446,20.9338
12/14/2024 12:15,GALAUSDT,0.0446,20.9784
12/14/2024 12:15,ORDIUSDT,0.049,21.0274
12/14/2024 12:30,SUPERUSDT,0.0354,21.0628
12/14/2024 12:30,REEFUSDT,0.0438,21.1066
12/14/2024 12:30,PYTHUSDT,0.0373,21.1439
12/14/2024 12:30,BAKEUSDT,0.0488,21.1927
12/14/2024 16:00,SYNUSDT,-0.0228,21.1699
12/14/2024 16:00,SFPUSDT,-0.021,21.1489
12/14/2024 16:00,ACEUSDT,-0.024,21.1249
12/14/2024 16:00,BSWUSDT,0.0412,21.1661
12/14/2024 16:00,DOGEUSDT,-0.0205,21.1456
12/14/2024 16:00,CFXUSDT,-0.0239,21.1217
12/14/2024 16:00,RSRUSDT,-0.0232,21.0985
12/14/2024 16:00,ALPACAUSDT,-0.023,21.0755
12/14/2024 16:00,FXSUSDT,0.0433,21.1188
12/14/2024 16:00,ETHWUSDT,-0.0242,21.0946
12/14/2024 16:00,JTOUSDT,-0.0232,21.0714
12/14/2024 16:00,FLUXUSDT,-0.0212,21.0502
12/14/2024 17:00,GHSTUSDT,0.0497,21.0999
12/14/2024 17:15,LISTAUSDT,-0.0204,21.0795
12/14/2024 17:15,ONEUSDT,-0.0204,21.0591
12/14/2024 17:15,METISUSDT,-0.0242,21.0349
12/14/2024 17:15,COMBOUSDT,0.05,21.0849
12/14/2024 17:15,SXPUSDT,-0.0204,21.0645
12/14/2024 17:15,BANDUSDT,-0.0238,21.0407
12/14/2024 17:15,ACHUSDT,-0.0225,21.0182
12/14/2024 17:15,JTOUSDT,0.0473,21.0655
12/14/2024 17:30,DUSKUSDT,-0.0228,21.0427
12/14/2024 17:30,BATUSDT,-0.0237,21.019
12/14/2024 17:30,STGUSDT,-0.0212,20.9978
12/14/2024 17:30,EDUUSDT,-0.0229,20.9749
12/14/2024 17:30,SFPUSDT,-0.0203,20.9546
12/14/2024 17:30,ACEUSDT,-0.0204,20.9342
12/14/2024 17:30,NFPUSDT,-0.0242,20.91
12/14/2024 17:30,LITUSDT,-0.02,20.89
12/14/2024 17:30,STEEMUSDT,-0.0216,20.8684
12/14/2024 17:30,NMRUSDT,-0.0223,20.8461
12/14/2024 17:30,MAGICUSDT,0.0477,20.8938
12/14/2024 17:30,IOSTUSDT,-0.021,20.8728
12/14/2024 17:30,JOEUSDT,-0.0201,20.8527
12/14/2024 17:30,BIGTIMEUSDT,-0.0212,20.8315
12/14/2024 17:30,PEOPLEUSDT,-0.0227,20.8088
12/14/2024 17:30,LINAUSDT,-0.02,20.7888
12/14/2024 17:30,1000SATSUSDT,-0.0216,20.7672
12/14/2024 17:30,MAVUSDT,-0.0206,20.7466
12/14/2024 17:30,WAXPUSDT,-0.0227,20.7239
12/14/2024 17:30,ONGUSDT,-0.0202,20.7037
12/14/2024 17:30,EGLDUSDT,-0.0206,20.6831
12/14/2024 17:30,POLYXUSDT,-0.0214,20.6617
12/14/2024 17:30,CATIUSDT,-0.025,20.6367
12/14/2024 17:30,BSVUSDT,-0.0229,20.6138
12/14/2024 17:30,CFXUSDT,-0.0239,20.5899
12/14/2024 17:30,MTLUSDT,-0.0218,20.5681
12/14/2024 17:30,POWRUSDT,-0.0204,20.5477
12/14/2024 17:30,HBARUSDT,-0.0215,20.5262
12/14/2024 17:30,BICOUSDT,-0.0207,20.5055
12/14/2024 17:30,1000XECUSDT,-0.0224,20.4831
12/14/2024 17:30,LSKUSDT,-0.0251,20.458
12/14/2024 17:30,ICXUSDT,-0.0222,20.4358
12/14/2024 17:30,RAREUSDT,-0.0204,20.4154
12/14/2024 17:30,REEFUSDT,-0.0234,20.392
12/14/2024 17:30,YFIUSDT,-0.0229,20.3691
12/14/2024 17:30,RPLUSDT,-0.0214,20.3477
12/14/2024 17:30,ALICEUSDT,-0.0241,20.3236
12/14/2024 17:30,ARKUSDT,-0.0227,20.3009
12/14/2024 17:30,YGGUSDT,-0.0246,20.2763
12/14/2024 17:30,RDNTUSDT,-0.0223,20.254
12/14/2024 17:30,PHBUSDT,-0.0221,20.2319
12/14/2024 17:30,BADGERUSDT,-0.0243,20.2076
12/14/2024 17:30,FLOWUSDT,-0.0238,20.1838
12/14/2024 17:30,STORJUSDT,-0.0232,20.1606
12/14/2024 17:30,CTSIUSDT,-0.0208,20.1398
12/14/2024 17:30,ORDIUSDT,-0.0205,20.1193
12/14/2024 17:30,FLUXUSDT,-0.024,20.0953
12/14/2024 17:30,OGNUSDT,-0.0249,20.0704
12/14/2024 17:30,QUICKUSDT,-0.0267,20.0437
12/14/2024 17:30,FILUSDT,-0.025,20.0187
12/14/2024 17:30,CHESSUSDT,-0.0234,19.9953
12/14/2024 17:45,ENAUSDT,-0.0277,19.9676
12/14/2024 17:45,SKLUSDT,-0.0211,19.9465
12/14/2024 17:45,DARUSDT,-0.0237,19.9228
12/14/2024 17:45,BSWUSDT,-0.0244,19.8984
12/14/2024 17:45,REZUSDT,-0.0221,19.8763
12/14/2024 17:45,CETUSUSDT,-0.0238,19.8525
12/14/2024 17:45,TRBUSDT,-0.0217,19.8308
12/14/2024 17:45,MOVRUSDT,-0.0214,19.8094
12/14/2024 17:45,MBOXUSDT,0.0433,19.8527
12/14/2024 17:45,LEVERUSDT,-0.024,19.8287
12/14/2024 17:45,LUNA2USDT,-0.0211,19.8076
12/14/2024 17:45,ALPHAUSDT,-0.0315,19.7761
12/14/2024 17:45,USTCUSDT,-0.0203,19.7558
12/14/2024 17:45,ATAUSDT,-0.0226,19.7332
12/14/2024 20:15,BONDUSDT,-0.02,19.7132
12/14/2024 20:30,XLMUSDT,-0.0207,19.6925
12/14/2024 20:30,SSVUSDT,-0.0218,19.6707
12/14/2024 20:30,SNXUSDT,-0.022,19.6487
12/14/2024 20:30,BNTUSDT,-0.0211,19.6276
12/14/2024 20:30,BANDUSDT,-0.0215,19.6061
12/14/2024 20:30,ROSEUSDT,-0.0203,19.5858
12/14/2024 20:30,FLOWUSDT,-0.02,19.5658
12/14/2024 20:30,MKRUSDT,-0.0226,19.5432
12/14/2024 20:30,ADAUSDT,-0.0231,19.5201
12/14/2024 20:30,SLERFUSDT,-0.0229,19.4972
12/14/2024 20:45,BATUSDT,-0.0219,19.4753
12/14/2024 20:45,RONINUSDT,-0.0251,19.4502
12/14/2024 20:45,BALUSDT,-0.0247,19.4255
12/14/2024 20:45,SUNUSDT,-0.0257,19.3998
12/14/2024 20:45,QNTUSDT,-0.0238,19.376
12/14/2024 20:45,IOTAUSDT,-0.0267,19.3493
12/14/2024 20:45,VIDTUSDT,-0.029,19.3203
12/14/2024 20:45,STGUSDT,-0.0243,19.296
12/14/2024 20:45,IDUSDT,-0.0228,19.2732
12/14/2024 20:45,CHZUSDT,-0.023,19.2502
12/14/2024 20:45,QTUMUSDT,-0.0247,19.2255
12/14/2024 20:45,ICPUSDT,-0.0212,19.2043
12/14/2024 20:45,STEEMUSDT,-0.0246,19.1797
12/14/2024 20:45,NMRUSDT,-0.0242,19.1555
12/14/2024 20:45,GMXUSDT,-0.0202,19.1353
12/14/2024 20:45,MAGICUSDT,-0.025,19.1103
12/14/2024 20:45,IOSTUSDT,-0.0232,19.0871
12/14/2024 20:45,SYSUSDT,-0.0313,19.0558
12/14/2024 20:45,JOEUSDT,-0.0202,19.0356
12/14/2024 20:45,BIGTIMEUSDT,-0.0249,19.0107
12/14/2024 20:45,POLUSDT,-0.0202,18.9905
12/14/2024 20:45,MEMEUSDT,-0.0218,18.9687
12/14/2024 20:45,SPELLUSDT,-0.0233,18.9454
12/14/2024 20:45,MAVUSDT,-0.024,18.9214
12/14/2024 20:45,WAXPUSDT,-0.0211,18.9003
12/14/2024 20:45,ONGUSDT,-0.0214,18.8789
12/14/2024 20:45,EGLDUSDT,-0.0215,18.8574
12/14/2024 20:45,IOTXUSDT,-0.0214,18.836
12/14/2024 20:45,UMAUSDT,-0.0235,18.8125
12/14/2024 20:45,ZETAUSDT,-0.0226,18.7899
12/14/2024 20:45,GUSDT,-0.0227,18.7672
12/14/2024 20:45,BSVUSDT,-0.0235,18.7437
12/14/2024 20:45,CFXUSDT,-0.0245,18.7192
12/14/2024 20:45,MTLUSDT,-0.0201,18.6991
12/14/2024 20:45,NEOUSDT,-0.0271,18.672
12/14/2024 20:45,HBARUSDT,-0.0209,18.6511
12/14/2024 20:45,RSRUSDT,-0.025,18.6261
12/14/2024 20:45,DEFIUSDT,-0.0266,18.5995
12/14/2024 20:45,DOTUSDT,-0.0251,18.5744
12/14/2024 20:45,LSKUSDT,-0.0252,18.5492
12/14/2024 20:45,ICXUSDT,-0.0249,18.5243
12/14/2024 20:45,SXPUSDT,-0.0263,18.498
12/14/2024 20:45,ALPACAUSDT,-0.0266,18.4714
12/14/2024 20:45,GLMUSDT,-0.0209,18.4505
12/14/2024 20:45,RAREUSDT,-0.0218,18.4287
12/14/2024 20:45,FXSUSDT,-0.032,18.3967
12/14/2024 20:45,KNCUSDT,-0.0231,18.3736
12/14/2024 20:45,ARPAUSDT,-0.024,18.3496
12/14/2024 20:45,CKBUSDT,-0.0222,18.3274
12/14/2024 20:45,API3USDT,-0.0229,18.3045
12/14/2024 20:45,KAVAUSDT,-0.0246,18.2799
12/14/2024 20:45,DIAUSDT,-0.0221,18.2578
12/14/2024 20:45,MOVRUSDT,-0.0247,18.2331
12/14/2024 20:45,EOSUSDT,-0.0234,18.2097
12/14/2024 20:45,DENTUSDT,-0.024,18.1857
12/14/2024 20:45,ALICEUSDT,-0.0221,18.1636
12/14/2024 20:45,RUNEUSDT,-0.0244,18.1392
12/14/2024 20:45,YGGUSDT,-0.0238,18.1154
12/14/2024 20:45,RDNTUSDT,-0.0265,18.0889
12/14/2024 20:45,ONTUSDT,-0.0228,18.0661
12/14/2024 20:45,JUPUSDT,-0.0224,18.0437
12/14/2024 20:45,PYTHUSDT,-0.0224,18.0213
12/14/2024 20:45,ANKRUSDT,-0.0207,18.0006
12/14/2024 20:45,ZKUSDT,-0.0221,17.9785
12/14/2024 20:45,THETAUSDT,-0.0236,17.9549
12/14/2024 20:45,MYROUSDT,-0.0297,17.9252
12/14/2024 20:45,SEIUSDT,-0.0218,17.9034
12/14/2024 20:45,BTCDOMUSDT,-0.0213,17.8821
12/14/2024 20:45,STORJUSDT,-0.0248,17.8573
12/14/2024 20:45,RLCUSDT,-0.0218,17.8355
12/14/2024 20:45,SCRTUSDT,-0.0207,17.8148
12/14/2024 20:45,ALGOUSDT,-0.021,17.7938
12/14/2024 20:45,NOTUSDT,-0.0203,17.7735
12/14/2024 20:45,OXTUSDT,-0.0251,17.7484
12/14/2024 20:45,COTIUSDT,-0.0251,17.7233
12/14/2024 20:45,CTSIUSDT,-0.026,17.6973
12/14/2024 20:45,1MBABYDOGEUSDT,-0.0224,17.6749
12/14/2024 20:45,ZRXUSDT,-0.0301,17.6448
12/14/2024 20:45,STRKUSDT,-0.0228,17.622
12/14/2024 20:45,LUNA2USDT,-0.0252,17.5968
12/14/2024 20:45,ALPHAUSDT,-0.0254,17.5714
12/14/2024 20:45,OMUSDT,-0.0223,17.5491
12/14/2024 20:45,TRXUSDT,-0.0204,17.5287
12/14/2024 20:45,1000PEPEUSDT,-0.0242,17.5045
12/14/2024 20:45,RIFUSDT,-0.0241,17.4804
12/14/2024 20:45,VETUSDT,-0.0233,17.4571
12/14/2024 20:45,FILUSDT,-0.0214,17.4357
12/14/2024 20:45,CHESSUSDT,-0.0255,17.4102
12/15/2024 3:00,OMGUSDT,-0.0238,17.3864
12/15/2024 4:15,BTCUSDT,-0.0377,17.3487
12/15/2024 4:15,AGLDUSDT,-0.0406,17.3081
12/15/2024 6:30,1000FLOKIUSDT,-0.0255,17.2826
12/15/2024 6:30,XVSUSDT,-0.0257,17.2569
12/15/2024 12:15,STXUSDT,0.0278,17.2847
12/15/2024 12:45,ASTRUSDT,0.0487,17.3334
12/15/2024 13:15,ZENUSDT,-0.0464,17.287
12/15/2024 16:00,XMRUSDT,-0.0212,17.2658
12/15/2024 16:15,ALTUSDT,-0.0237,17.2421
12/15/2024 16:15,MKRUSDT,-0.0257,17.2164
12/15/2024 16:30,BNBUSDT,-0.0227,17.1937
12/15/2024 16:30,CHESSUSDT,-0.0227,17.171
12/15/2024 16:45,IOTXUSDT,-0.0208,17.1502
12/15/2024 17:30,ACHUSDT,-0.0227,17.1275
12/15/2024 19:15,PYTHUSDT,-0.0275,17.1
12/15/2024 20:45,PYTHUSDT,-0.0334,17.0666
12/16/2024 6:30,AERGOUSDT,0.0489,17.1155
12/16/2024 6:45,HIPPOUSDT,0.0393,17.1548
12/16/2024 6:45,WIFUSDT,0.0406,17.1954
12/16/2024 6:45,NFPUSDT,0.0344,17.2298
12/16/2024 6:45,MOVRUSDT,0.0437,17.2735
12/16/2024 6:45,ATOMUSDT,-0.0235,17.25
12/16/2024 6:45,XTZUSDT,0.0383,17.2883
12/16/2024 8:00,AUCTIONUSDT,0.043,17.3313
12/16/2024 8:00,ENJUSDT,-0.022,17.3093
12/16/2024 8:00,BATUSDT,0.0423,17.3516
12/16/2024 8:00,XLMUSDT,-0.0218,17.3298
12/16/2024 8:00,VIDTUSDT,-0.02,17.3098
12/16/2024 8:00,STGUSDT,-0.0209,17.2889
12/16/2024 8:00,ASTRUSDT,0.0474,17.3363
12/16/2024 8:00,STEEMUSDT,0.0467,17.383
12/16/2024 8:00,FETUSDT,-0.0209,17.3621
12/16/2024 8:00,BSWUSDT,0.0487,17.4108
12/16/2024 8:00,MANAUSDT,-0.0247,17.3861
12/16/2024 8:00,HIFIUSDT,0.0477,17.4338
12/16/2024 8:00,POLYXUSDT,0.0444,17.4782
12/16/2024 8:00,CATIUSDT,0.0456,17.5238
12/16/2024 8:00,POWRUSDT,0.0443,17.5681
12/16/2024 8:00,RSRUSDT,-0.0217,17.5464
12/16/2024 8:00,IMXUSDT,-0.0217,17.5247
12/16/2024 8:00,CELOUSDT,-0.0216,17.5031
12/16/2024 8:00,ICXUSDT,-0.0212,17.4819
12/16/2024 8:00,FXSUSDT,0.0465,17.5284
12/16/2024 8:00,BLURUSDT,0.0483,17.5767
12/16/2024 8:00,CKBUSDT,0.046,17.6227
12/16/2024 8:00,KAVAUSDT,-0.0203,17.6024
12/16/2024 8:00,EOSUSDT,-0.0238,17.5786
12/16/2024 8:00,ALICEUSDT,0.0456,17.6242
12/16/2024 8:00,AXSUSDT,-0.0205,17.6037
12/16/2024 8:00,ATOMUSDT,-0.0224,17.5813
12/16/2024 8:00,ONTUSDT,-0.0205,17.5608
12/16/2024 8:00,MBOXUSDT,0.0476,17.6084
12/16/2024 8:00,ZKUSDT,0.0378,17.6462
12/16/2024 8:00,SANDUSDT,-0.0245,17.6217
12/16/2024 8:00,TLMUSDT,-0.0203,17.6014
12/16/2024 8:00,SEIUSDT,0.0456,17.647
12/16/2024 8:00,XTZUSDT,-0.0227,17.6243
12/16/2024 8:00,MINAUSDT,0.0471,17.6714
12/16/2024 8:00,SCRTUSDT,-0.0218,17.6496
12/16/2024 8:00,KSMUSDT,-0.022,17.6276
12/16/2024 8:00,COTIUSDT,-0.0262,17.6014
12/16/2024 8:00,GALAUSDT,-0.0214,17.58
12/16/2024 8:00,C98USDT,-0.0206,17.5594
12/16/2024 8:00,ZENUSDT,-0.0249,17.5345
12/16/2024 8:00,ZILUSDT,0.0428,17.5773
12/16/2024 8:00,LRCUSDT,0.0471,17.6244
12/16/2024 8:15,RONINUSDT,-0.0216,17.6028
12/16/2024 8:15,IOTAUSDT,0.0491,17.6519
12/16/2024 8:15,ACEUSDT,0.0475,17.6994
12/16/2024 8:15,QTUMUSDT,-0.0231,17.6763
12/16/2024 8:15,GASUSDT,-0.0222,17.6541
12/16/2024 8:15,IOSTUSDT,-0.0229,17.6312
12/16/2024 8:15,WLDUSDT,0.0496,17.6808
12/16/2024 8:15,LPTUSDT,-0.0217,17.6591
12/16/2024 8:15,LINAUSDT,-0.0231,17.636
12/16/2024 8:15,WAXPUSDT,-0.0223,17.6137
12/16/2024 8:15,GMTUSDT,0.0491,17.6628
12/16/2024 8:15,HOOKUSDT,-0.0248,17.638
12/16/2024 8:15,STMXUSDT,-0.0231,17.6149
12/16/2024 8:15,GUSDT,0.0456,17.6605
12/16/2024 8:15,DOTUSDT,-0.0246,17.6359
12/16/2024 8:15,LSKUSDT,0.045,17.6809
12/16/2024 8:15,NKNUSDT,-0.024,17.6569
12/16/2024 8:15,API3USDT,-0.024,17.6329
12/16/2024 8:15,DRIFTUSDT,-0.022,17.6109
12/16/2024 8:15,BLZUSDT,0.046,17.6569
12/16/2024 8:15,CELRUSDT,-0.0225,17.6344
12/16/2024 8:15,MKRUSDT,0.046,17.6804
12/16/2024 8:15,XAIUSDT,-0.0246,17.6558
12/16/2024 8:15,1000LUNCUSDT,-0.023,17.6328
12/16/2024 8:15,PIXELUSDT,-0.0215,17.6113
12/16/2024 8:45,BICOUSDT,-0.022,17.5893
12/16/2024 8:45,USTCUSDT,-0.0208,17.5685
12/16/2024 9:00,FLMUSDT,-0.0212,17.5473
12/16/2024 9:45,ZKUSDT,0.0499,17.5972
12/16/2024 9:45,1000LUNCUSDT,-0.0227,17.5745
12/16/2024 10:00,XRPUSDT,-0.0212,17.5533
12/16/2024 10:00,KAVAUSDT,-0.0223,17.531
12/16/2024 10:00,ADAUSDT,-0.02,17.511
12/16/2024 10:00,QUICKUSDT,-0.0217,17.4893
12/16/2024 11:00,JTOUSDT,-0.0237,17.4656
12/16/2024 11:15,LTCUSDT,-0.0287,17.4369
12/16/2024 11:15,ADAUSDT,-0.024,17.4129
12/16/2024 11:30,BALUSDT,-0.0218,17.3911
12/16/2024 11:30,WIFUSDT,0.0328,17.4239
12/16/2024 11:30,POLUSDT,-0.0231,17.4008
12/16/2024 11:30,ONEUSDT,-0.021,17.3798
12/16/2024 11:30,EGLDUSDT,-0.0201,17.3597
12/16/2024 11:30,XRPUSDT,0.0437,17.4034
12/16/2024 11:30,WUSDT,-0.0247,17.3787
12/16/2024 11:30,ARKMUSDT,-0.0255,17.3532
12/16/2024 11:30,TRUUSDT,-0.0265,17.3267
12/16/2024 11:30,1000000MOGUSDT,-0.0239,17.3028
12/16/2024 11:30,FLOWUSDT,-0.0251,17.2777
12/16/2024 11:30,DASHUSDT,0.0483,17.326
12/16/2024 11:45,CHRUSDT,-0.022,17.304
12/16/2024 11:45,BEAMXUSDT,-0.0234,17.2806
12/16/2024 11:45,BNBUSDT,-0.0241,17.2565
12/16/2024 11:45,RUNEUSDT,-0.0261,17.2304
12/16/2024 11:45,ZROUSDT,-0.0256,17.2048
12/16/2024 11:45,AVAXUSDT,-0.0222,17.1826
12/16/2024 11:45,1MBABYDOGEUSDT,-0.0284,17.1542
12/16/2024 11:45,TRXUSDT,-0.0225,17.1317
12/16/2024 18:45,1INCHUSDT,-0.0263,17.1054
12/16/2024 18:45,SAFEUSDT,-0.0224,17.083
12/16/2024 18:45,KAVAUSDT,-0.0265,17.0565
12/16/2024 20:15,YGGUSDT,-0.0208,17.0357
12/16/2024 20:15,PHBUSDT,-0.0208,17.0149
12/16/2024 23:00,BBUSDT,0.0495,17.0644
12/16/2024 23:45,GRASSUSDT,0.0489,17.1133
12/17/2024 2:45,KASUSDT,-0.0202,17.0931
12/17/2024 3:30,1000XECUSDT,-0.0206,17.0725
12/17/2024 4:00,VIDTUSDT,-0.0236,17.0489
12/17/2024 4:00,IDUSDT,0.048,17.0969
12/17/2024 4:00,OMNIUSDT,-0.0283,17.0686
12/17/2024 4:00,BELUSDT,0.0493,17.1179
12/17/2024 4:00,TRUUSDT,-0.0299,17.088
12/17/2024 4:00,LEVERUSDT,-0.0207,17.0673
12/17/2024 4:00,PIXELUSDT,-0.0234,17.0439
12/17/2024 4:15,BATUSDT,-0.0243,17.0196
12/17/2024 4:15,LITUSDT,-0.0241,16.9955
12/17/2024 4:15,CETUSUSDT,-0.0279,16.9676
12/17/2024 4:15,ONGUSDT,-0.0329,16.9347
12/17/2024 4:15,VANRYUSDT,-0.0231,16.9116
12/17/2024 4:15,ALICEUSDT,-0.0249,16.8867
12/17/2024 4:15,ARKUSDT,-0.0206,16.8661
12/17/2024 4:15,PHBUSDT,-0.0226,16.8435
12/17/2024 4:30,GHSTUSDT,-0.0237,16.8198
12/17/2024 4:30,DYMUSDT,-0.0215,16.7983
12/17/2024 4:30,POLYXUSDT,-0.0226,16.7757
12/17/2024 4:30,YFIUSDT,0.0443,16.82
12/17/2024 4:30,CHESSUSDT,-0.0215,16.7985
12/17/2024 4:45,APTUSDT,-0.0265,16.772
12/17/2024 5:45,BIGTIMEUSDT,0.0462,16.8182
12/17/2024 6:15,SYNUSDT,-0.0211,16.7971
12/17/2024 6:15,CAKEUSDT,-0.0201,16.777
12/17/2024 6:15,DUSKUSDT,-0.0214,16.7556
12/17/2024 6:15,LISTAUSDT,-0.0226,16.733
12/17/2024 6:15,CHRUSDT,-0.0204,16.7126
12/17/2024 6:15,SUNUSDT,-0.0222,16.6904
12/17/2024 6:15,ENAUSDT,-0.0263,16.6641
12/17/2024 6:15,SSVUSDT,-0.0232,16.6409
12/17/2024 6:15,ICPUSDT,-0.0204,16.6205
12/17/2024 6:15,NMRUSDT,-0.023,16.5975
12/17/2024 6:15,BSWUSDT,-0.0222,16.5753
12/17/2024 6:15,MAGICUSDT,-0.0226,16.5527
12/17/2024 6:15,REZUSDT,0.0465,16.5992
12/17/2024 6:15,FIDAUSDT,-0.0214,16.5778
12/17/2024 6:15,POLUSDT,-0.0204,16.5574
12/17/2024 6:15,ENSUSDT,-0.0216,16.5358
12/17/2024 6:15,DYMUSDT,-0.0272,16.5086
12/17/2024 6:15,ARUSDT,-0.0351,16.4735
12/17/2024 6:15,BNBUSDT,-0.0207,16.4528
12/17/2024 6:15,SUPERUSDT,0.048,16.5008
12/17/2024 6:15,CELOUSDT,-0.02,16.4808
12/17/2024 6:15,PERPUSDT,-0.0205,16.4603
12/17/2024 6:15,VANRYUSDT,-0.0213,16.439
12/17/2024 6:15,NULSUSDT,-0.02,16.419
12/17/2024 6:15,ETHWUSDT,-0.0251,16.3939
12/17/2024 6:15,BANDUSDT,-0.0263,16.3676
12/17/2024 6:15,ALICEUSDT,-0.0208,16.3468
12/17/2024 6:15,YGGUSDT,-0.0213,16.3255
12/17/2024 6:15,RDNTUSDT,-0.0202,16.3053
12/17/2024 6:15,ATOMUSDT,-0.0204,16.2849
12/17/2024 6:15,PHBUSDT,-0.0202,16.2647
12/17/2024 6:15,THETAUSDT,-0.0208,16.2439
12/17/2024 6:15,CYBERUSDT,-0.0216,16.2223
12/17/2024 6:15,ZILUSDT,-0.0232,16.1991
12/17/2024 6:15,ATAUSDT,-0.0214,16.1777
12/17/2024 6:30,ALTUSDT,-0.0211,16.1566
12/17/2024 7:45,GRTUSDT,-0.0206,16.136
12/17/2024 7:45,METISUSDT,-0.0205,16.1155
12/17/2024 7:45,IOUSDT,-0.0253,16.0902
12/17/2024 7:45,LINKUSDT,-0.0213,16.0689
12/17/2024 8:30,WIFUSDT,-0.0257,16.0432
12/17/2024 9:00,HMSTRUSDT,-0.0237,16.0195
12/17/2024 9:00,TROYUSDT,-0.0234,15.9961
12/17/2024 9:30,WIFUSDT,-0.0226,15.9735
12/17/2024 12:15,SOLUSDT,-0.0212,15.9523
12/17/2024 12:15,SUIUSDT,-0.0234,15.9289
12/17/2024 12:15,JUPUSDT,-0.0203,15.9086
12/17/2024 12:30,STGUSDT,-0.0214,15.8872
12/17/2024 12:30,JTOUSDT,-0.026,15.8612
12/17/2024 13:30,TNSRUSDT,-0.0213,15.8399
12/17/2024 13:45,1000SHIBUSDT,-0.0235,15.8164
12/17/2024 20:30,AERGOUSDT,-0.0249,15.7915
12/17/2024 20:30,TNSRUSDT,0.0486,15.8401
12/17/2024 22:00,TNSRUSDT,0.0457,15.8858
12/17/2024 22:15,BTCUSDT,0.0428,15.9286
12/17/2024 22:15,GMXUSDT,0.0482,15.9768
12/17/2024 22:30,CHRUSDT,0.0344,16.0112
12/17/2024 22:30,ENAUSDT,0.0489,16.0601
12/18/2024 0:30,EIGENUSDT,-0.0224,16.0377
12/18/2024 1:45,INJUSDT,-0.0207,16.017
12/18/2024 1:45,GMXUSDT,0.0489,16.0659
12/18/2024 1:45,FIDAUSDT,0.0479,16.1138
12/18/2024 1:45,GMTUSDT,0.0466,16.1604
12/18/2024 1:45,BNBUSDT,0.0481,16.2085
12/18/2024 1:45,FLUXUSDT,0.0494,16.2579
12/18/2024 1:45,ADAUSDT,0.0484,16.3063
12/18/2024 1:45,DASHUSDT,0.0498,16.3561
12/18/2024 1:45,CHESSUSDT,-0.0211,16.335
12/18/2024 3:30,IOTXUSDT,0.0486,16.3836
12/18/2024 3:45,GRTUSDT,0.0494,16.433
12/18/2024 3:45,CKBUSDT,0.048,16.481
12/18/2024 3:45,AVAXUSDT,0.047,16.528
12/18/2024 3:45,TRXUSDT,0.0462,16.5742
12/18/2024 4:00,INJUSDT,-0.0215,16.5527
12/18/2024 4:00,AXLUSDT,-0.0232,16.5295
12/18/2024 4:00,BRETTUSDT,-0.0213,16.5082
12/18/2024 4:00,1000SHIBUSDT,0.0487,16.5569
12/18/2024 4:00,NEARUSDT,0.0459,16.6028
12/18/2024 4:00,AERGOUSDT,-0.0208,16.582
12/18/2024 4:00,LINAUSDT,0.0483,16.6303
12/18/2024 4:00,HIFIUSDT,-0.0204,16.6099
12/18/2024 4:00,RENDERUSDT,-0.0211,16.5888
12/18/2024 4:00,DOGEUSDT,0.0489,16.6377
12/18/2024 4:00,GMTUSDT,0.0478,16.6855
12/18/2024 4:00,DEFIUSDT,0.0489,16.7344
12/18/2024 4:00,NTRNUSDT,0.0496,16.784
12/18/2024 4:00,GLMUSDT,0.0426,16.8266
12/18/2024 4:00,ROSEUSDT,-0.0234,16.8032
12/18/2024 4:00,ADAUSDT,-0.0272,16.776
12/18/2024 4:00,ATAUSDT,0.049,16.825
12/18/2024 4:15,TRBUSDT,0.0465,16.8715
12/18/2024 4:15,ETHUSDT,-0.0209,16.8506
12/18/2024 6:30,SCRUSDT,-0.0257,16.8249
12/18/2024 6:30,GASUSDT,-0.0215,16.8034
12/18/2024 6:30,1000SHIBUSDT,-0.0263,16.7771
12/18/2024 6:30,PONKEUSDT,-0.0244,16.7527
12/18/2024 6:30,BNTUSDT,0.0469,16.7996
12/18/2024 6:30,ARUSDT,-0.0216,16.778
12/18/2024 6:30,IMXUSDT,-0.0212,16.7568
12/18/2024 6:30,WUSDT,-0.0246,16.7322
12/18/2024 6:30,FXSUSDT,-0.0215,16.7107
12/18/2024 6:30,TNSRUSDT,-0.0249,16.6858
12/18/2024 6:30,SANDUSDT,-0.0207,16.6651
12/18/2024 6:30,FILUSDT,-0.0254,16.6397
12/18/2024 7:00,TONUSDT,-0.0218,16.6179
12/18/2024 8:00,BLZUSDT,-0.1151,16.5028
12/18/2024 8:15,VIDTUSDT,-0.0241,16.4787
12/18/2024 8:30,BSWUSDT,-0.0202,16.4585
12/18/2024 8:30,NULSUSDT,0.0482,16.5067
12/18/2024 8:45,IOSTUSDT,-0.0212,16.4855
12/18/2024 9:30,NMRUSDT,0.039,16.5245
12/18/2024 10:15,NULSUSDT,-0.021,16.5035
12/18/2024 12:00,NULSUSDT,-0.0212,16.4823
12/18/2024 12:15,NMRUSDT,-0.036,16.4463
12/18/2024 14:45,GLMUSDT,-0.02,16.4263
12/19/2024 1:45,LISTAUSDT,-0.0334,16.3929
12/19/2024 1:45,BTCUSDT,-0.0239,16.369
12/19/2024 1:45,SOLUSDT,-0.0266,16.3424
12/19/2024 1:45,ETHUSDT,-0.0227,16.3197
12/19/2024 17:15,AKTUSDT,0.0475,16.3672
12/19/2024 17:30,BTCUSDT,0.0426,16.4098
12/19/2024 17:30,BNBUSDT,0.0426,16.4524
12/20/2024 19:00,MEMEUSDT,0.0492,16.5016
12/20/2024 19:15,CAKEUSDT,-0.0227,16.4789
12/20/2024 19:15,IOTAUSDT,-0.0274,16.4515
12/20/2024 19:15,BTCUSDT,-0.0245,16.427
12/20/2024 19:15,GMXUSDT,-0.0208,16.4062
12/20/2024 19:15,BIGTIMEUSDT,0.0405,16.4467
12/20/2024 19:15,RENDERUSDT,-0.0255,16.4212
12/20/2024 19:15,XRPUSDT,-0.0288,16.3924
12/20/2024 19:15,IMXUSDT,-0.0217,16.3707
12/20/2024 19:15,1000RATSUSDT,0.0483,16.419
12/20/2024 19:15,SEIUSDT,0.0389,16.4579
12/20/2024 19:15,ETCUSDT,-0.0221,16.4358
12/20/2024 19:15,OXTUSDT,0.0366,16.4724
12/20/2024 19:15,BCHUSDT,0.0466,16.519
12/20/2024 19:15,PIXELUSDT,-0.0277,16.4913
12/20/2024 19:15,LRCUSDT,0.0458,16.5371
12/20/2024 22:15,BTCDOMUSDT,-0.0224,16.5147
12/20/2024 22:15,1000LUNCUSDT,0.0439,16.5586
12/20/2024 23:00,MASKUSDT,0.0438,16.6024
12/21/2024 0:15,MYROUSDT,0.0498,16.6522
12/21/2024 0:30,DODOXUSDT,0.046,16.6982
12/21/2024 0:45,NFPUSDT,0.0491,16.7473
12/21/2024 1:00,INJUSDT,0.0494,16.7967
12/21/2024 1:00,WOOUSDT,0.0446,16.8413
12/21/2024 1:00,QNTUSDT,0.0476,16.8889
12/21/2024 1:00,VIDTUSDT,0.0404,16.9293
12/21/2024 1:00,STGUSDT,0.0475,16.9768
12/21/2024 1:00,SANTOSUSDT,-0.024,16.9528
12/21/2024 1:00,REIUSDT,0.0433,16.9961
12/21/2024 1:00,OMGUSDT,-0.0232,16.9729
12/21/2024 1:00,QTUMUSDT,-0.0204,16.9525
12/21/2024 1:00,LITUSDT,0.0431,16.9956
12/21/2024 1:00,ALTUSDT,0.038,17.0336
12/21/2024 1:00,ICPUSDT,0.0488,17.0824
12/21/2024 1:00,STEEMUSDT,0.0434,17.1258
12/21/2024 1:00,BSWUSDT,0.0451,17.1709
12/21/2024 1:00,OPUSDT,0.0482,17.2191
12/21/2024 1:00,COMPUSDT,0.0499,17.269
12/21/2024 1:00,GASUSDT,0.0434,17.3124
12/21/2024 1:00,TIAUSDT,0.047,17.3594
12/21/2024 1:00,IOSTUSDT,0.0472,17.4066
12/21/2024 1:00,SYSUSDT,0.042,17.4486
12/21/2024 1:00,1000FLOKIUSDT,0.0372,17.4858
12/21/2024 1:00,SPELLUSDT,0.0396,17.5254
12/21/2024 1:00,SAGAUSDT,0.0424,17.5678
12/21/2024 1:00,WAXPUSDT,0.0417,17.6095
12/21/2024 1:00,HIFIUSDT,0.0472,17.6567
12/21/2024 1:00,DYMUSDT,0.0487,17.7054
12/21/2024 1:00,ONGUSDT,0.05,17.7554
12/21/2024 1:00,DOGEUSDT,0.0343,17.7897
12/21/2024 1:00,CFXUSDT,0.0472,17.8369
12/21/2024 1:00,IMXUSDT,0.0444,17.8813
12/21/2024 1:00,DEFIUSDT,0.0498,17.9311
12/21/2024 1:00,1000XECUSDT,-0.0217,17.9094
12/21/2024 1:00,LSKUSDT,0.0439,17.9533
12/21/2024 1:00,ICXUSDT,0.0405,17.9938
12/21/2024 1:00,PERPUSDT,0.044,18.0378
12/21/2024 1:00,SXPUSDT,0.0347,18.0725
12/21/2024 1:00,GLMUSDT,0.046,18.1185
12/21/2024 1:00,KNCUSDT,0.0482,18.1667
12/21/2024 1:00,TNSRUSDT,-0.0272,18.1395
12/21/2024 1:00,DIAUSDT,0.0471,18.1866
12/21/2024 1:00,MOVRUSDT,-0.022,18.1646
12/21/2024 1:00,BANDUSDT,0.0499,18.2145
12/21/2024 1:00,DENTUSDT,0.0343,18.2488
12/21/2024 1:00,RPLUSDT,-0.0277,18.2211
12/21/2024 1:00,ARKUSDT,0.0394,18.2605
12/21/2024 1:00,ROSEUSDT,0.0484,18.3089
12/21/2024 1:00,ONTUSDT,0.047,18.3559
12/21/2024 1:00,JUPUSDT,0.044,18.3999
12/21/2024 1:00,PHBUSDT,0.0305,18.4304
12/21/2024 1:00,TLMUSDT,0.0491,18.4795
12/21/2024 1:00,LOKAUSDT,0.0429,18.5224
12/21/2024 1:00,XTZUSDT,0.0491,18.5715
12/21/2024 1:00,LEVERUSDT,0.0455,18.617
12/21/2024 1:00,RLCUSDT,0.0452,18.6622
12/21/2024 1:00,MINAUSDT,0.0469,18.7091
12/21/2024 1:00,SCRTUSDT,-0.0243,18.6848
12/21/2024 1:00,C98USDT,0.0402,18.725
12/21/2024 1:00,STRKUSDT,0.0428,18.7678
12/21/2024 1:00,1000LUNCUSDT,0.0475,18.8153
12/21/2024 1:00,USTCUSDT,-0.0234,18.7919
12/21/2024 1:00,RIFUSDT,0.0438,18.8357
12/21/2024 1:00,PIXELUSDT,0.0499,18.8856
12/21/2024 1:00,ATAUSDT,0.0381,18.9237
12/21/2024 2:15,DASHUSDT,0.0489,18.9726
12/21/2024 2:30,DEFIUSDT,0.0488,19.0214
12/21/2024 2:30,XTZUSDT,0.047,19.0684
12/21/2024 2:30,BCHUSDT,0.0471,19.1155
12/21/2024 2:30,1000LUNCUSDT,0.0482,19.1637
12/21/2024 4:15,TAOUSDT,-0.0245,19.1392
12/21/2024 4:30,BATUSDT,0.048,19.1872
12/21/2024 4:30,DEFIUSDT,0.0471,19.2343
12/21/2024 5:00,STGUSDT,-0.0227,19.2116
12/21/2024 5:00,SPELLUSDT,0.0468,19.2584
12/21/2024 5:00,KNCUSDT,0.0403,19.2987
12/21/2024 5:00,MBOXUSDT,0.0453,19.344
12/21/2024 5:00,LEVERUSDT,-0.022,19.322
12/21/2024 5:30,ALICEUSDT,-0.02,19.302
12/21/2024 10:15,BCHUSDT,-0.0212,19.2808
12/21/2024 17:00,GHSTUSDT,-0.0205,19.2603
12/21/2024 19:00,MASKUSDT,-0.0301,19.2302
12/21/2024 23:00,ACEUSDT,-0.02,19.2102
12/21/2024 23:00,JOEUSDT,-0.0233,19.1869
12/21/2024 23:15,GRASSUSDT,-0.0306,19.1563
12/22/2024 4:45,RONINUSDT,-0.0237,19.1326
12/22/2024 4:45,KASUSDT,-0.0302,19.1024
12/22/2024 4:45,AKTUSDT,-0.0245,19.0779
12/22/2024 9:30,STEEMUSDT,0.0422,19.1201
12/22/2024 9:30,HIFIUSDT,0.0468,19.1669
12/22/2024 9:30,GUSDT,0.0388,19.2057
12/22/2024 9:30,LSKUSDT,0.0338,19.2395
12/22/2024 9:30,STORJUSDT,0.0437,19.2832
12/22/2024 12:30,STGUSDT,-0.0236,19.2596
12/22/2024 12:30,NMRUSDT,-0.0253,19.2343
12/22/2024 12:30,BSWUSDT,-0.0219,19.2124
12/22/2024 12:30,HMSTRUSDT,-0.0312,19.1812
12/22/2024 12:30,IOTXUSDT,-0.0223,19.1589
12/22/2024 12:30,UMAUSDT,-0.0238,19.1351
12/22/2024 12:30,GMTUSDT,-0.0231,19.112
12/22/2024 12:30,KNCUSDT,-0.0218,19.0902
12/22/2024 12:30,ARPAUSDT,-0.0225,19.0677
12/22/2024 12:30,LQTYUSDT,-0.0269,19.0408
12/22/2024 12:30,DIAUSDT,-0.0265,19.0143
12/22/2024 12:30,FLOWUSDT,-0.0236,18.9907
12/22/2024 12:30,C98USDT,-0.0294,18.9613
12/22/2024 12:30,1000PEPEUSDT,-0.0216,18.9397
12/22/2024 12:30,RIFUSDT,-0.021,18.9187
12/22/2024 13:00,1000XECUSDT,-0.03,18.8887
12/22/2024 13:15,MANAUSDT,-0.029,18.8597
12/22/2024 13:15,USTCUSDT,-0.0204,18.8393
12/22/2024 14:00,ONDOUSDT,0.0477,18.887
12/22/2024 18:30,AAVEUSDT,-0.0202,18.8668
12/22/2024 19:00,COMBOUSDT,-0.0254,18.8414
12/23/2024 11:30,POPCATUSDT,-0.0215,18.8199
12/23/2024 12:15,BNBUSDT,-0.0205,18.7994
12/23/2024 12:15,TRXUSDT,-0.0241,18.7753
12/23/2024 12:30,PENDLEUSDT,-0.02,18.7553
12/23/2024 12:30,RIFUSDT,-0.0203,18.735
12/23/2024 13:00,ENAUSDT,-0.0276,18.7074
12/23/2024 13:00,GRASSUSDT,-0.023,18.6844
12/23/2024 13:00,POPCATUSDT,-0.0225,18.6619
12/23/2024 13:15,MKRUSDT,-0.0207,18.6412
12/23/2024 14:30,BRETTUSDT,-0.0235,18.6177
12/23/2024 18:45,BTCUSDT,-0.0229,18.5948
12/23/2024 19:00,HMSTRUSDT,0.0488,18.6436
12/23/2024 19:15,GMTUSDT,0.0466,18.6902
12/23/2024 19:15,TONUSDT,0.0469,18.7371
12/23/2024 20:00,BTCUSDT,-0.0215,18.7156
12/23/2024 20:15,AVAXUSDT,0.0416,18.7572
12/23/2024 22:15,TRXUSDT,-0.0245,18.7327
12/23/2024 22:45,SUNUSDT,-0.0211,18.7116
12/23/2024 22:45,TONUSDT,-0.0208,18.6908
12/24/2024 0:00,GLMUSDT,-0.0284,18.6624
12/24/2024 0:00,DRIFTUSDT,0.0448,18.7072
12/24/2024 0:45,MTLUSDT,-0.0227,18.6845
12/24/2024 1:15,QNTUSDT,-0.0225,18.662
12/24/2024 8:00,LITUSDT,0.05,18.712
12/24/2024 8:45,STGUSDT,0.0478,18.7598
12/24/2024 10:15,REZUSDT,-0.0205,18.7393
12/24/2024 11:00,DUSKUSDT,0.0499,18.7892
12/24/2024 11:30,NMRUSDT,0.0485,18.8377
12/24/2024 11:45,1000CHEEMSUSDT,-0.0295,18.8082
12/24/2024 13:00,ALTUSDT,0.0408,18.849
12/24/2024 13:00,NMRUSDT,0.0407,18.8897
12/24/2024 13:00,SYSUSDT,0.0449,18.9346
12/24/2024 13:00,1000PEPEUSDT,0.0368,18.9714
12/24/2024 13:15,MAVUSDT,0.0427,19.0141
12/24/2024 15:15,MYROUSDT,-0.0202,18.9939
12/24/2024 15:15,SLERFUSDT,-0.0233,18.9706
12/24/2024 15:30,TIAUSDT,-0.0236,18.947
12/24/2024 15:30,WUSDT,-0.0238,18.9232
12/24/2024 15:30,ETHWUSDT,-0.0202,18.903
12/24/2024 15:30,TONUSDT,-0.0293,18.8737
12/24/2024 16:15,OXTUSDT,-0.0213,18.8524
12/24/2024 16:30,GRASSUSDT,-0.0354,18.817
12/24/2024 16:30,BTCDOMUSDT,0.0494,18.8664
12/24/2024 16:45,STORJUSDT,-0.02,18.8464
12/24/2024 17:30,XRPUSDT,-0.0202,18.8262
12/24/2024 18:00,XVSUSDT,-0.0215,18.8047
12/24/2024 18:00,ETHUSDT,-0.0235,18.7812
12/24/2024 18:15,USTCUSDT,-0.022,18.7592
12/24/2024 19:15,STEEMUSDT,0.0475,18.8067
12/25/2024 2:15,QNTUSDT,-0.0224,18.7843
12/25/2024 2:30,ONGUSDT,0.0435,18.8278
12/25/2024 2:45,1000SATSUSDT,-0.0298,18.798
12/25/2024 2:45,BNBUSDT,0.0442,18.8422
12/25/2024 2:45,XMRUSDT,0.0484,18.8906
12/25/2024 3:00,PEOPLEUSDT,-0.02,18.8706
12/25/2024 4:00,OXTUSDT,0.049,18.9196
12/25/2024 4:15,FIOUSDT,0.0494,18.969
12/25/2024 7:15,AERGOUSDT,-0.021,18.948
12/25/2024 7:15,HBARUSDT,-0.0244,18.9236
12/25/2024 7:45,ENAUSDT,-0.0205,18.9031
12/25/2024 8:15,XMRUSDT,-0.0221,18.881
12/25/2024 9:15,OMNIUSDT,-0.0219,18.8591
12/25/2024 11:45,MEWUSDT,0.0347,18.8938
12/25/2024 11:45,ARKUSDT,0.0319,18.9257
12/25/2024 13:30,TUSDT,0.0496,18.9753
12/25/2024 15:00,ICXUSDT,0.0489,19.0242
12/25/2024 15:00,AVAXUSDT,0.0467,19.0709
12/25/2024 15:15,TUSDT,0.0489,19.1198
12/25/2024 15:15,SAGAUSDT,0.0465,19.1663
12/25/2024 15:15,ARKUSDT,0.0492,19.2155
12/25/2024 16:30,LDOUSDT,-0.0205,19.195
12/25/2024 18:45,ENAUSDT,-0.0203,19.1747
12/25/2024 20:00,ENAUSDT,-0.0242,19.1505
12/25/2024 20:30,AXLUSDT,-0.0256,19.1249
12/25/2024 20:30,STEEMUSDT,-0.0212,19.1037
12/25/2024 20:30,JOEUSDT,-0.0219,19.0818
12/25/2024 20:30,1000WHYUSDT,0.0469,19.1287
12/25/2024 20:45,SFPUSDT,-0.0207,19.108
12/26/2024 0:15,MTLUSDT,0.0322,19.1402
12/26/2024 0:30,ACTUSDT,0.0487,19.1889
12/26/2024 0:30,MKRUSDT,0.0435,19.2324
12/26/2024 2:45,IOTAUSDT,0.0444,19.2768
12/26/2024 2:45,CETUSUSDT,0.0444,19.3212
12/26/2024 2:45,PNUTUSDT,0.049,19.3702
12/26/2024 2:45,1000WHYUSDT,0.046,19.4162
12/26/2024 2:45,BADGERUSDT,-0.0265,19.3897
12/26/2024 2:45,ZECUSDT,0.0437,19.4334
12/26/2024 2:45,ALGOUSDT,0.0458,19.4792
12/26/2024 2:45,1000LUNCUSDT,0.0486,19.5278
12/26/2024 3:00,SANTOSUSDT,-0.0207,19.5071
12/26/2024 3:00,1INCHUSDT,0.0478,19.5549
12/26/2024 3:00,LINKUSDT,0.0496,19.6045
12/26/2024 3:45,CELOUSDT,0.0484,19.6529
12/26/2024 3:45,FXSUSDT,0.0467,19.6996
12/26/2024 3:45,MORPHOUSDT,-0.0205,19.6791
12/26/2024 4:00,CHRUSDT,0.0475,19.7266
12/26/2024 4:00,GALAUSDT,0.0394,19.766
12/26/2024 4:00,AKTUSDT,0.0448,19.8108
12/26/2024 4:45,PNUTUSDT,0.0493,19.8601
12/26/2024 5:00,CRVUSDT,0.047,19.9071
12/26/2024 6:00,MOVRUSDT,0.0486,19.9557
12/26/2024 6:30,NKNUSDT,0.0493,20.005
12/26/2024 6:30,ETHWUSDT,0.0491,20.0541
12/26/2024 6:30,DYDXUSDT,-0.021,20.0331
12/26/2024 7:30,RONINUSDT,0.049,20.0821
12/26/2024 7:30,SSVUSDT,0.0491,20.1312
12/26/2024 7:30,LUNA2USDT,0.0458,20.177
12/26/2024 7:30,AKTUSDT,0.0426,20.2196
12/26/2024 7:30,SLERFUSDT,0.05,20.2696
12/26/2024 7:45,WOOUSDT,0.045,20.3146
12/26/2024 7:45,GALAUSDT,0.0492,20.3638
12/26/2024 8:00,APEUSDT,0.0422,20.406
12/26/2024 8:00,LISTAUSDT,0.0457,20.4517
12/26/2024 8:00,ETHFIUSDT,0.0405,20.4922
12/26/2024 8:00,MASKUSDT,0.0444,20.5366
12/26/2024 8:00,REIUSDT,0.0352,20.5718
12/26/2024 8:00,STEEMUSDT,-0.025,20.5468
12/26/2024 8:00,UNIUSDT,0.0315,20.5783
12/26/2024 8:00,REZUSDT,0.043,20.6213
12/26/2024 8:00,APTUSDT,0.0397,20.661
12/26/2024 8:00,AERGOUSDT,-0.0235,20.6375
12/26/2024 8:00,PEOPLEUSDT,-0.0236,20.6139
12/26/2024 8:00,LINAUSDT,0.0389,20.6528
12/26/2024 8:00,1000SATSUSDT,0.0472,20.7
12/26/2024 8:00,BNTUSDT,0.0263,20.7263
12/26/2024 8:00,HIFIUSDT,-0.0324,20.6939
12/26/2024 8:00,DYMUSDT,0.0366,20.7305
12/26/2024 8:00,RENDERUSDT,0.0295,20.76
12/26/2024 8:00,UMAUSDT,0.0353,20.7953
12/26/2024 8:00,METISUSDT,0.0289,20.8242
12/26/2024 8:00,BSVUSDT,0.0418,20.866
12/26/2024 8:00,POWRUSDT,-0.0309,20.8351
12/26/2024 8:00,NEOUSDT,0.0349,20.87
12/26/2024 8:00,BICOUSDT,0.0342,20.9042
12/26/2024 8:00,1000XECUSDT,0.0369,20.9411
12/26/2024 8:00,LSKUSDT,0.031,20.9721
12/26/2024 8:00,VANRYUSDT,-0.0292,20.9429
12/26/2024 8:00,RAREUSDT,0.0425,20.9854
12/26/2024 8:00,FXSUSDT,-0.0301,20.9553
12/26/2024 8:00,BLURUSDT,0.0372,20.9925
12/26/2024 8:00,ETHWUSDT,0.039,21.0315
12/26/2024 8:00,TRUUSDT,0.0388,21.0703
12/26/2024 8:00,REEFUSDT,0.0278,21.0981
12/26/2024 8:00,IOUSDT,0.0399,21.138
12/26/2024 8:00,YFIUSDT,0.0318,21.1698
12/26/2024 8:00,ATOMUSDT,0.0344,21.2042
12/26/2024 8:00,ZROUSDT,-0.0235,21.1807
12/26/2024 8:00,KASUSDT,0.0432,21.2239
12/26/2024 8:00,BAKEUSDT,0.0335,21.2574
12/26/2024 8:00,LEVERUSDT,-0.0277,21.2297
12/26/2024 8:00,XAIUSDT,0.0486,21.2783
12/26/2024 8:00,COTIUSDT,0.031,21.3093
12/26/2024 8:00,1MBABYDOGEUSDT,0.0395,21.3488
12/26/2024 8:00,ORDIUSDT,0.041,21.3898
12/26/2024 8:00,FLUXUSDT,-0.0252,21.3646
12/26/2024 8:00,ALPHAUSDT,0.0296,21.3942
12/26/2024 8:00,CYBERUSDT,0.0424,21.4366
12/26/2024 8:00,USTCUSDT,0.04,21.4766
12/26/2024 8:00,PIXELUSDT,-0.0254,21.4512
12/26/2024 8:15,BATUSDT,-0.0295,21.4217
12/26/2024 8:15,BBUSDT,-0.0317,21.39
12/26/2024 8:15,SCRUSDT,0.0491,21.4391
12/26/2024 8:15,POPCATUSDT,0.0478,21.4869
12/26/2024 12:45,EIGENUSDT,-0.0205,21.4664
12/26/2024 13:30,FTMUSDT,0.0395,21.5059
12/26/2024 14:30,PENDLEUSDT,-0.0202,21.4857
12/26/2024 14:30,SWELLUSDT,0.0492,21.5349
12/26/2024 14:30,1000CHEEMSUSDT,0.0447,21.5796
12/26/2024 15:45,ENAUSDT,-0.0219,21.5577
12/26/2024 15:45,PONKEUSDT,0.0492,21.6069
12/26/2024 15:45,TNSRUSDT,-0.0211,21.5858
12/26/2024 17:00,RLCUSDT,-0.0208,21.565
12/26/2024 17:15,DUSKUSDT,0.035,21.6
12/26/2024 17:15,HFTUSDT,-0.0309,21.5691
12/26/2024 17:15,CHRUSDT,-0.0315,21.5376
12/26/2024 17:15,ETHFIUSDT,-0.028,21.5096
12/26/2024 17:15,AMBUSDT,-0.0323,21.4773
12/26/2024 17:15,SANTOSUSDT,-0.0324,21.4449
12/26/2024 17:15,OMGUSDT,-0.0282,21.4167
12/26/2024 17:15,BRETTUSDT,-0.0218,21.3949
12/26/2024 17:15,COMPUSDT,-0.0303,21.3646
12/26/2024 17:15,GMXUSDT,-0.0284,21.3362
12/26/2024 17:15,BIGTIMEUSDT,-0.0214,21.3148
12/26/2024 17:15,PENDLEUSDT,-0.0216,21.2932
12/26/2024 17:15,PONKEUSDT,0.0397,21.3329
12/26/2024 17:15,DYMUSDT,-0.0301,21.3028
12/26/2024 17:15,DEGENUSDT,0.0351,21.3379
12/26/2024 17:15,UMAUSDT,-0.0221,21.3158
12/26/2024 17:15,STMXUSDT,-0.0251,21.2907
12/26/2024 17:15,NTRNUSDT,-0.0302,21.2605
12/26/2024 17:15,ONDOUSDT,-0.0214,21.2391
12/26/2024 17:15,PERPUSDT,-0.0306,21.2085
12/26/2024 17:15,NULSUSDT,-0.0276,21.1809
12/26/2024 17:15,KNCUSDT,-0.0311,21.1498
12/26/2024 17:15,IOUSDT,-0.021,21.1288
12/26/2024 17:15,DYDXUSDT,-0.0321,21.0967
12/26/2024 17:15,LOKAUSDT,-0.0321,21.0646
12/26/2024 17:15,SEIUSDT,-0.0284,21.0362
12/26/2024 17:15,FLOWUSDT,-0.0282,21.008
12/26/2024 17:15,JASMYUSDT,-0.0238,20.9842
12/26/2024 17:15,XAIUSDT,-0.0271,20.9571
12/26/2024 17:15,SCRTUSDT,-0.0316,20.9255
12/26/2024 17:15,ALGOUSDT,-0.0279,20.8976
12/26/2024 17:15,COTIUSDT,-0.0286,20.869
12/26/2024 17:15,CHESSUSDT,-0.0306,20.8384
12/26/2024 19:45,AERGOUSDT,-0.0208,20.8176
12/26/2024 20:00,PONKEUSDT,0.049,20.8666
12/26/2024 20:15,DUSKUSDT,-0.0251,20.8415
12/26/2024 20:15,OMGUSDT,-0.0256,20.8159
12/26/2024 20:15,AIUSDT,-0.0206,20.7953
12/26/2024 20:15,LDOUSDT,-0.0258,20.7695
12/26/2024 20:15,CRVUSDT,-0.02,20.7495
12/26/2024 20:15,ATAUSDT,-0.02,20.7295
12/26/2024 20:45,LISTAUSDT,-0.0209,20.7086
12/26/2024 21:00,ENJUSDT,-0.025,20.6836
12/26/2024 21:00,MASKUSDT,-0.0205,20.6631
12/26/2024 21:00,SKLUSDT,-0.0271,20.636
12/26/2024 21:00,BSWUSDT,-0.0202,20.6158
12/26/2024 21:00,OPUSDT,-0.0222,20.5936
12/26/2024 21:00,PEOPLEUSDT,-0.0235,20.5701
12/26/2024 21:00,WAXPUSDT,-0.0223,20.5478
12/26/2024 21:00,DOGSUSDT,-0.0216,20.5262
12/26/2024 21:00,POLYXUSDT,-0.0208,20.5054
12/26/2024 21:00,DOGEUSDT,-0.0234,20.482
12/26/2024 21:00,ZETAUSDT,-0.0203,20.4617
12/26/2024 21:00,STMXUSDT,-0.0223,20.4394
12/26/2024 21:00,ARUSDT,-0.0245,20.4149
12/26/2024 21:00,CATIUSDT,-0.0247,20.3902
12/26/2024 21:00,IMXUSDT,-0.0201,20.3701
12/26/2024 21:00,CELOUSDT,-0.0217,20.3484
12/26/2024 21:00,XVSUSDT,-0.024,20.3244
12/26/2024 21:00,CKBUSDT,-0.0211,20.3033
12/26/2024 21:00,REEFUSDT,-0.0227,20.2806
12/26/2024 21:00,ALICEUSDT,-0.0209,20.2597
12/26/2024 21:00,SUSHIUSDT,-0.0206,20.2391
12/26/2024 21:00,ZKUSDT,-0.0218,20.2173
12/26/2024 21:00,SANDUSDT,-0.0212,20.1961
12/26/2024 21:00,STORJUSDT,-0.0236,20.1725
12/26/2024 21:00,NOTUSDT,-0.0232,20.1493
12/26/2024 21:00,COTIUSDT,-0.0225,20.1268
12/26/2024 21:00,C98USDT,-0.0221,20.1047
12/26/2024 21:00,RIFUSDT,-0.0212,20.0835
12/26/2024 21:00,ZILUSDT,-0.0235,20.06
12/26/2024 21:00,VETUSDT,-0.0214,20.0386
12/26/2024 21:00,DASHUSDT,-0.0231,20.0155
12/26/2024 21:00,LRCUSDT,-0.0206,19.9949
12/26/2024 23:00,LPTUSDT,-0.0224,19.9725
12/26/2024 23:00,TURBOUSDT,-0.0329,19.9396
12/27/2024 1:45,COWUSDT,-0.0353,19.9043
12/27/2024 3:30,XVSUSDT,-0.0216,19.8827
12/27/2024 5:15,DASHUSDT,-0.0248,19.8579
12/27/2024 5:30,EDUUSDT,0.043,19.9009
12/27/2024 6:00,BANANAUSDT,-0.0241,19.8768
12/27/2024 6:15,APEUSDT,0.0498,19.9266
12/27/2024 6:15,KNCUSDT,0.0474,19.974
12/27/2024 6:45,ETHUSDT,-0.0238,19.9502
12/27/2024 10:45,STMXUSDT,-0.0216,19.9286
12/27/2024 11:45,ARKUSDT,-0.0206,19.908
12/27/2024 12:00,ETHWUSDT,-0.021,19.887
12/28/2024 0:30,NMRUSDT,-0.0237,19.8633
12/28/2024 1:00,AXLUSDT,-0.0219,19.8414
12/28/2024 1:15,INJUSDT,-0.0269,19.8145
12/28/2024 1:15,NFPUSDT,-0.0248,19.7897
12/28/2024 1:15,COMPUSDT,-0.0247,19.765
12/28/2024 1:15,OMNIUSDT,-0.0318,19.7332
12/28/2024 1:15,WLDUSDT,-0.0259,19.7073
12/28/2024 1:15,PORTALUSDT,-0.0212,19.6861
12/28/2024 1:15,PEOPLEUSDT,-0.0303,19.6558
12/28/2024 1:15,HMSTRUSDT,-0.0352,19.6206
12/28/2024 1:15,RENDERUSDT,-0.0251,19.5955
12/28/2024 1:15,IMXUSDT,-0.0299,19.5656
12/28/2024 1:15,NTRNUSDT,-0.0211,19.5445
12/28/2024 1:15,VANRYUSDT,-0.0227,19.5218
12/28/2024 1:15,ARKMUSDT,-0.0252,19.4966
12/28/2024 1:15,CKBUSDT,-0.0256,19.471
12/28/2024 1:15,1000000MOGUSDT,-0.0353,19.4357
12/28/2024 1:15,TNSRUSDT,-0.0263,19.4094
12/28/2024 1:15,LQTYUSDT,0.0434,19.4528
12/28/2024 1:15,TURBOUSDT,-0.0245,19.4283
12/28/2024 1:15,MANTAUSDT,-0.0292,19.3991
12/28/2024 1:15,GALAUSDT,-0.0241,19.375
12/28/2024 1:15,STRKUSDT,-0.02,19.355
12/28/2024 1:15,ADAUSDT,-0.024,19.331
12/28/2024 1:15,1000LUNCUSDT,-0.0224,19.3086
12/28/2024 1:15,PIXELUSDT,-0.0201,19.2885
12/28/2024 2:45,APEUSDT,-0.0207,19.2678
12/28/2024 2:45,NEIROUSDT,-0.0224,19.2454
12/28/2024 2:45,IOUSDT,-0.0229,19.2225
12/28/2024 2:45,LQTYUSDT,0.0447,19.2672
12/28/2024 2:45,TURBOUSDT,-0.0202,19.247
12/28/2024 2:45,FIOUSDT,-0.0216,19.2254
12/28/2024 2:45,1000LUNCUSDT,-0.0219,19.2035
12/28/2024 3:30,GTCUSDT,-0.0218,19.1817
12/28/2024 4:00,ZROUSDT,-0.0205,19.1612
12/28/2024 4:30,LPTUSDT,-0.0206,19.1406
12/28/2024 4:30,1000LUNCUSDT,-0.0221,19.1185
12/28/2024 4:30,USTCUSDT,-0.0237,19.0948
12/28/2024 5:00,WAXPUSDT,0.0362,19.131
12/28/2024 5:00,HIFIUSDT,0.0445,19.1755
12/28/2024 5:00,FLMUSDT,0.0418,19.2173
12/28/2024 5:00,ROSEUSDT,0.043,19.2603
12/28/2024 5:00,ACHUSDT,0.0412,19.3015
12/28/2024 5:45,USTCUSDT,-0.0238,19.2777
12/28/2024 6:15,APEUSDT,-0.0231,19.2546
12/28/2024 6:15,RONINUSDT,-0.0231,19.2315
12/28/2024 6:15,RENDERUSDT,-0.0206,19.2109
12/28/2024 6:15,JASMYUSDT,-0.0251,19.1858
12/28/2024 6:30,COMPUSDT,-0.0276,19.1582
12/28/2024 6:30,CATIUSDT,-0.0207,19.1375
12/28/2024 6:30,ETHWUSDT,-0.0256,19.1119
12/28/2024 6:30,MKRUSDT,-0.0283,19.0836
12/28/2024 6:30,XTZUSDT,-0.02,19.0636
12/28/2024 6:30,1000LUNCUSDT,-0.0227,19.0409
12/28/2024 7:15,KNCUSDT,0.0454,19.0863
12/28/2024 7:45,INJUSDT,-0.0208,19.0655
12/28/2024 7:45,KDAUSDT,-0.0219,19.0436
12/28/2024 7:45,SNXUSDT,-0.0235,19.0201
12/28/2024 7:45,COMPUSDT,-0.0247,18.9954
12/28/2024 7:45,GMXUSDT,-0.024,18.9714
12/28/2024 7:45,WLDUSDT,-0.023,18.9484
12/28/2024 7:45,YGGUSDT,-0.0226,18.9258
12/28/2024 7:45,DRIFTUSDT,-0.0244,18.9014
12/28/2024 7:45,LINKUSDT,-0.0276,18.8738
12/28/2024 7:45,MANTAUSDT,-0.0285,18.8453
12/28/2024 10:00,QNTUSDT,-0.0248,18.8205
12/28/2024 10:00,PERPUSDT,-0.0203,18.8002
12/28/2024 10:45,BNBUSDT,0.0463,18.8465
12/28/2024 10:45,LTCUSDT,-0.0217,18.8248
12/28/2024 10:45,DRIFTUSDT,-0.0206,18.8042
12/28/2024 11:15,1000XECUSDT,0.0417,18.8459
12/28/2024 12:45,GRASSUSDT,-0.0238,18.8221
12/28/2024 13:00,LINAUSDT,0.0217,18.8438
12/28/2024 13:00,ZETAUSDT,0.0456,18.8894
12/28/2024 13:00,1000XECUSDT,0.0426,18.932
12/28/2024 13:00,ALPACAUSDT,0.0366,18.9686
12/28/2024 13:00,PYTHUSDT,0.0485,19.0171
12/28/2024 13:00,CTSIUSDT,0.0023,19.0194
12/28/2024 13:15,SOLUSDT,0.0471,19.0665
12/28/2024 13:30,APTUSDT,-0.0209,19.0456
12/28/2024 13:45,AAVEUSDT,0.0481,19.0937
12/28/2024 14:00,BNBUSDT,0.0128,19.1065
12/28/2024 16:30,ONGUSDT,-0.0259,19.0806
12/28/2024 16:30,LUNA2USDT,-0.02,19.0606
12/28/2024 16:30,FILUSDT,-0.0215,19.0391
12/28/2024 16:45,BANANAUSDT,0.0457,19.0848
12/28/2024 16:45,BOMEUSDT,-0.0214,19.0634
12/28/2024 16:45,JOEUSDT,-0.0306,19.0328
12/28/2024 16:45,IMXUSDT,-0.0226,19.0102
12/28/2024 16:45,FIOUSDT,0.0333,19.0435
12/28/2024 17:00,CHRUSDT,-0.0259,19.0176
12/28/2024 17:00,BNTUSDT,-0.023,18.9946
12/28/2024 17:00,RENDERUSDT,-0.0264,18.9682
12/28/2024 17:00,NEIROETHUSDT,-0.0229,18.9453
12/28/2024 19:00,BNBUSDT,-0.0205,18.9248
12/28/2024 20:45,ZECUSDT,0.0405,18.9653
12/28/2024 21:30,NEARUSDT,0.0491,19.0144
12/28/2024 21:45,1INCHUSDT,-0.0211,18.9933
12/28/2024 21:45,EGLDUSDT,-0.0216,18.9717
12/28/2024 21:45,EIGENUSDT,-0.02,18.9517
12/28/2024 21:45,DEFIUSDT,-0.0238,18.9279
12/28/2024 21:45,SEIUSDT,-0.0253,18.9026
12/28/2024 22:00,DOTUSDT,-0.021,18.8816
12/28/2024 22:00,MOODENGUSDT,-0.0247,18.8569
12/28/2024 22:30,COMPUSDT,-0.0201,18.8368
12/28/2024 22:45,INJUSDT,-0.0214,18.8154
12/28/2024 22:45,BICOUSDT,-0.021,18.7944
12/29/2024 3:15,APEUSDT,-0.0206,18.7738
12/29/2024 4:30,STMXUSDT,0.05,18.8238
12/29/2024 5:30,ENSUSDT,-0.0201,18.8037
12/29/2024 6:15,SUNUSDT,0.0373,18.841
12/29/2024 6:15,SFPUSDT,-0.0222,18.8188
12/29/2024 9:00,LITUSDT,0.0468,18.8656
12/29/2024 9:45,CKBUSDT,-0.0203,18.8453
12/29/2024 10:15,FXSUSDT,-0.0233,18.822
12/29/2024 10:45,BRETTUSDT,0.0449,18.8669
12/29/2024 11:00,KDAUSDT,0.0465,18.9134
12/29/2024 11:00,CHZUSDT,0.0495,18.9629
12/29/2024 11:00,REZUSDT,-0.022,18.9409
12/29/2024 11:00,DYMUSDT,-0.022,18.9189
12/29/2024 11:00,POLYXUSDT,0.044,18.9629
12/29/2024 11:00,NEOUSDT,0.0498,19.0127
12/29/2024 11:00,IMXUSDT,0.0489,19.0616
12/29/2024 11:00,YGGUSDT,0.0495,19.1111
12/29/2024 11:00,LRCUSDT,-0.0226,19.0885
12/29/2024 11:15,NKNUSDT,-0.0221,19.0664
12/29/2024 11:15,DIAUSDT,0.0457,19.1121
12/29/2024 11:15,MANTAUSDT,-0.0205,19.0916
12/29/2024 11:15,VETUSDT,0.0455,19.1371
12/29/2024 11:45,LITUSDT,0.0413,19.1784
12/29/2024 11:45,DEFIUSDT,-0.0239,19.1545
12/29/2024 11:45,SUSHIUSDT,0.0447,19.1992
12/29/2024 12:15,CETUSUSDT,0.0415,19.2407
12/29/2024 12:15,1000BONKUSDT,0.0458,19.2865
12/29/2024 12:15,TONUSDT,0.0452,19.3317
12/29/2024 12:15,USTCUSDT,-0.0344,19.2973
12/29/2024 14:15,IOTAUSDT,0.0463,19.3436
12/29/2024 14:15,ACEUSDT,-0.0215,19.3221
12/29/2024 14:15,1000BONKUSDT,-0.022,19.3001
12/29/2024 14:15,RSRUSDT,-0.026,19.2741
12/29/2024 14:15,AKTUSDT,0.0482,19.3223
12/29/2024 14:15,DASHUSDT,-0.0212,19.3011
12/29/2024 14:30,BATUSDT,0.0472,19.3483
12/29/2024 14:30,TUSDT,-0.0245,19.3238
12/29/2024 14:30,BRETTUSDT,0.0432,19.367
12/29/2024 14:30,STXUSDT,0.0444,19.4114
12/29/2024 14:30,FETUSDT,-0.0228,19.3886
12/29/2024 14:30,TAOUSDT,-0.0246,19.364
12/29/2024 14:30,COMPUSDT,-0.026,19.338
12/29/2024 14:30,MANAUSDT,0.0447,19.3827
12/29/2024 14:30,GASUSDT,-0.0262,19.3565
12/29/2024 14:30,IOSTUSDT,-0.0228,19.3337
12/29/2024 14:30,1000FLOKIUSDT,-0.0235,19.3102
12/29/2024 14:30,POLUSDT,0.0433,19.3535
12/29/2024 14:30,ONGUSDT,-0.0225,19.331
12/29/2024 14:30,POLYXUSDT,-0.0239,19.3071
12/29/2024 14:30,METISUSDT,0.0435,19.3506
12/29/2024 14:30,BSVUSDT,0.0444,19.395
12/29/2024 14:30,PNUTUSDT,-0.0243,19.3707
12/29/2024 14:30,SXPUSDT,-0.0223,19.3484
12/29/2024 14:30,ARKMUSDT,0.0486,19.397
12/29/2024 14:30,ILVUSDT,-0.0231,19.3739
12/29/2024 14:30,LDOUSDT,-0.0213,19.3526
12/29/2024 14:30,ZKUSDT,-0.0235,19.3291
12/29/2024 14:30,ZECUSDT,-0.02,19.3091
12/29/2024 14:30,XTZUSDT,-0.0256,19.2835
12/29/2024 14:30,ZILUSDT,-0.0251,19.2584
12/29/2024 16:00,CAKEUSDT,0.0494,19.3078
12/29/2024 16:00,RONINUSDT,-0.0216,19.2862
12/29/2024 16:00,ALTUSDT,-0.0215,19.2647
12/29/2024 16:00,HIGHUSDT,-0.0225,19.2422
12/29/2024 16:00,MEMEUSDT,-0.0203,19.2219
12/29/2024 16:00,TROYUSDT,-0.0203,19.2016
12/29/2024 16:00,POWRUSDT,-0.0243,19.1773
12/29/2024 16:00,TRUUSDT,0.046,19.2233
12/29/2024 16:00,JASMYUSDT,0.0493,19.2726
12/29/2024 16:00,ALGOUSDT,0.0458,19.3184
12/29/2024 16:00,OXTUSDT,-0.025,19.2934
12/29/2024 16:00,ZRXUSDT,-0.0225,19.2709
12/29/2024 16:15,INJUSDT,-0.0236,19.2473
12/29/2024 16:15,SSVUSDT,-0.0213,19.226
12/29/2024 16:15,1000XUSDT,0.0495,19.2755
12/29/2024 16:15,ICPUSDT,-0.0253,19.2502
12/29/2024 16:15,STXUSDT,0.0475,19.2977
12/29/2024 16:15,MANAUSDT,0.0442,19.3419
12/29/2024 16:15,1INCHUSDT,-0.0285,19.3134
12/29/2024 16:15,FIDAUSDT,-0.0253,19.2881
12/29/2024 16:15,SYSUSDT,-0.0248,19.2633
12/29/2024 16:15,1000FLOKIUSDT,-0.0254,19.2379
12/29/2024 16:15,POLUSDT,0.047,19.2849
12/29/2024 16:15,PORTALUSDT,-0.0317,19.2532
12/29/2024 16:15,PEOPLEUSDT,0.0397,19.2929
12/29/2024 16:15,SPELLUSDT,0.0438,19.3367
12/29/2024 16:15,RENDERUSDT,0.0475,19.3842
12/29/2024 16:15,XRPUSDT,0.0466,19.4308
12/29/2024 16:15,NEOUSDT,-0.0212,19.4096
12/29/2024 16:15,CELOUSDT,-0.0241,19.3855
12/29/2024 16:15,GLMUSDT,-0.0203,19.3652
12/29/2024 16:15,API3USDT,-0.0238,19.3414
12/29/2024 16:15,ROSEUSDT,-0.0249,19.3165
12/29/2024 16:15,ONTUSDT,-0.023,19.2935
12/29/2024 16:15,ANKRUSDT,0.0443,19.3378
12/29/2024 16:15,MBOXUSDT,0.0479,19.3857
12/29/2024 16:15,TLMUSDT,-0.0228,19.3629
12/29/2024 16:15,LINKUSDT,-0.0203,19.3426
12/29/2024 16:15,DODOXUSDT,-0.0233,19.3193
12/29/2024 16:15,ACHUSDT,-0.0237,19.2956
12/29/2024 16:15,LEVERUSDT,-0.0213,19.2743
12/29/2024 16:15,COTIUSDT,0.0447,19.319
12/29/2024 16:15,LUNA2USDT,0.0469,19.3659
12/29/2024 16:15,LRCUSDT,-0.0217,19.3442
12/29/2024 16:45,STMXUSDT,-0.02,19.3242
12/29/2024 16:45,ZECUSDT,-0.024,19.3002
12/29/2024 18:00,OMNIUSDT,-0.0234,19.2768
12/29/2024 18:15,ACEUSDT,-0.0217,19.2551
12/29/2024 18:15,ENSUSDT,-0.0214,19.2337
12/29/2024 20:00,KDAUSDT,-0.0202,19.2135
12/29/2024 20:00,HFTUSDT,0.0479,19.2614
12/29/2024 20:00,RONINUSDT,-0.0205,19.2409
12/29/2024 20:00,CHRUSDT,0.0478,19.2887
12/29/2024 20:00,COSUSDT,0.0475,19.3362
12/29/2024 20:00,BRETTUSDT,0.0487,19.3849
12/29/2024 20:00,CHZUSDT,-0.0252,19.3597
12/29/2024 20:00,SKLUSDT,0.0472,19.4069
12/29/2024 20:00,AIUSDT,-0.0234,19.3835
12/29/2024 20:00,GMXUSDT,0.0474,19.4309
12/29/2024 20:00,MANAUSDT,0.0483,19.4792
12/29/2024 20:00,APTUSDT,-0.0208,19.4584
12/29/2024 20:00,SYSUSDT,-0.0272,19.4312
12/29/2024 20:00,SWELLUSDT,-0.0217,19.4095
12/29/2024 20:00,HIFIUSDT,-0.0207,19.3888
12/29/2024 20:00,MTLUSDT,-0.025,19.3638
12/29/2024 20:00,COMBOUSDT,-0.0209,19.3429
12/29/2024 20:00,ICXUSDT,-0.0268,19.3161
12/29/2024 20:00,VANRYUSDT,0.0369,19.353
12/29/2024 20:00,CKBUSDT,-0.0241,19.3289
12/29/2024 20:00,REEFUSDT,-0.0313,19.2976
12/29/2024 20:00,IOUSDT,0.0459,19.3435
12/29/2024 20:00,JUPUSDT,-0.0205,19.323
12/29/2024 20:00,AVAXUSDT,-0.0204,19.3026
12/29/2024 20:00,ALGOUSDT,-0.0227,19.2799
12/29/2024 20:00,CTSIUSDT,-0.025,19.2549
12/29/2024 20:00,VETUSDT,-0.0206,19.2343
12/29/2024 20:15,APEUSDT,-0.0246,19.2097
12/29/2024 20:15,EDUUSDT,-0.0222,19.1875
12/29/2024 20:15,TUSDT,-0.0245,19.163
12/29/2024 20:15,ACEUSDT,-0.0234,19.1396
12/29/2024 20:15,NFPUSDT,-0.0227,19.1169
12/29/2024 20:15,BOMEUSDT,-0.0215,19.0954
12/29/2024 20:15,ASTRUSDT,-0.0208,19.0746
12/29/2024 20:15,OMNIUSDT,-0.0219,19.0527
12/29/2024 20:15,MEMEUSDT,-0.024,19.0287
12/29/2024 20:15,MAVUSDT,-0.0244,19.0043
12/29/2024 20:15,ONEUSDT,-0.0221,18.9822
12/29/2024 20:15,BSVUSDT,-0.0282,18.954
12/29/2024 20:15,DOTUSDT,-0.0228,18.9312
12/29/2024 20:15,TRBUSDT,-0.0228,18.9084
12/29/2024 20:15,NULSUSDT,-0.0215,18.8869
12/29/2024 20:15,KNCUSDT,-0.0221,18.8648
12/29/2024 20:15,NKNUSDT,-0.0245,18.8403
12/29/2024 20:15,API3USDT,-0.0204,18.8199
12/29/2024 20:15,TNSRUSDT,-0.026,18.7939
12/29/2024 20:15,FLMUSDT,-0.0258,18.7681
12/29/2024 20:15,DIAUSDT,-0.02,18.7481
12/29/2024 20:15,BANDUSDT,-0.026,18.7221
12/29/2024 20:15,LTCUSDT,-0.024,18.6981
12/29/2024 20:15,YGGUSDT,-0.0238,18.6743
12/29/2024 20:15,DYDXUSDT,-0.0248,18.6495
12/29/2024 20:15,AEVOUSDT,-0.0238,18.6257
12/29/2024 20:15,NOTUSDT,-0.0214,18.6043
12/29/2024 20:15,ZRXUSDT,-0.0208,18.5835
12/29/2024 20:15,C98USDT,-0.0234,18.5601
12/29/2024 20:15,ORDIUSDT,-0.0205,18.5396
12/29/2024 20:15,LUNA2USDT,-0.0205,18.5191
12/29/2024 20:15,HOTUSDT,-0.0237,18.4954
12/29/2024 20:15,SLERFUSDT,-0.0253,18.4701
12/29/2024 20:15,RIFUSDT,-0.0223,18.4478
12/29/2024 21:45,COSUSDT,-0.0286,18.4192
12/29/2024 21:45,SANTOSUSDT,-0.0205,18.3987
12/29/2024 21:45,WLDUSDT,-0.022,18.3767
12/29/2024 21:45,1000BONKUSDT,-0.0232,18.3535
12/29/2024 21:45,XRPUSDT,-0.0249,18.3286
12/29/2024 21:45,WUSDT,-0.0201,18.3085
12/29/2024 21:45,TONUSDT,-0.0394,18.2691
12/29/2024 22:00,SYNUSDT,-0.0275,18.2416
12/29/2024 22:00,CAKEUSDT,-0.0255,18.2161
12/29/2024 22:00,APEUSDT,-0.0211,18.195
12/29/2024 22:00,KDAUSDT,-0.0213,18.1737
12/29/2024 22:00,ENJUSDT,-0.0238,18.1499
12/29/2024 22:00,BATUSDT,-0.0251,18.1248
12/29/2024 22:00,HFTUSDT,-0.0231,18.1017
12/29/2024 22:00,BALUSDT,-0.0259,18.0758
12/29/2024 22:00,IOTAUSDT,-0.0227,18.0531
12/29/2024 22:00,GHSTUSDT,-0.0224,18.0307
12/29/2024 22:00,MASKUSDT,-0.0223,18.0084
12/29/2024 22:00,EDUUSDT,-0.0214,17.987
12/29/2024 22:00,AMBUSDT,-0.0231,17.9639
12/29/2024 22:00,OMGUSDT,-0.0254,17.9385
12/29/2024 22:00,BRETTUSDT,-0.0206,17.9179
12/29/2024 22:00,1000XUSDT,-0.0202,17.8977
12/29/2024 22:00,WIFUSDT,-0.0233,17.8744
12/29/2024 22:00,CHZUSDT,-0.0226,17.8518
12/29/2024 22:00,BOMEUSDT,-0.0225,17.8293
12/29/2024 22:00,ASTRUSDT,-0.0201,17.8092
12/29/2024 22:00,COMPUSDT,-0.021,17.7882
12/29/2024 22:00,GMXUSDT,-0.0248,17.7634
12/29/2024 22:00,GASUSDT,-0.0248,17.7386
12/29/2024 22:00,IOSTUSDT,-0.0248,17.7138
12/29/2024 22:00,APTUSDT,-0.0209,17.6929
12/29/2024 22:00,FIDAUSDT,-0.0218,17.6711
12/29/2024 22:00,SYSUSDT,-0.0206,17.6505
12/29/2024 22:00,NEIROUSDT,-0.0232,17.6273
12/29/2024 22:00,NEARUSDT,-0.0216,17.6057
12/29/2024 22:00,CETUSUSDT,-0.0216,17.5841
12/29/2024 22:00,PORTALUSDT,-0.023,17.5611
12/29/2024 22:00,MEMEUSDT,-0.0265,17.5346
12/29/2024 22:00,1000SATSUSDT,-0.0253,17.5093
12/29/2024 22:00,SAGAUSDT,-0.0229,17.4864
12/29/2024 22:00,MAVUSDT,-0.0238,17.4626
12/29/2024 22:00,HIFIUSDT,-0.0229,17.4397
12/29/2024 22:00,DYMUSDT,-0.0206,17.4191
12/29/2024 22:00,ONGUSDT,-0.0237,17.3954
12/29/2024 22:00,RENDERUSDT,-0.0238,17.3716
12/29/2024 22:00,NEIROETHUSDT,-0.0223,17.3493
12/29/2024 22:00,EGLDUSDT,-0.0253,17.324
12/29/2024 22:00,DOGSUSDT,-0.0222,17.3018
12/29/2024 22:00,POLYXUSDT,-0.0202,17.2816
12/29/2024 22:00,ZETAUSDT,-0.0221,17.2595
12/29/2024 22:00,METISUSDT,-0.0207,17.2388
12/29/2024 22:00,CFXUSDT,-0.0261,17.2127
12/29/2024 22:00,MTLUSDT,-0.0204,17.1923
12/29/2024 22:00,IMXUSDT,-0.0231,17.1692
12/29/2024 22:00,1000CATUSDT,-0.0249,17.1443
12/29/2024 22:00,DEFIUSDT,-0.0241,17.1202
12/29/2024 22:00,1000XECUSDT,-0.022,17.0982
12/29/2024 22:00,DOTUSDT,-0.0209,17.0773
12/29/2024 22:00,LSKUSDT,-0.0266,17.0507
12/29/2024 22:00,COMBOUSDT,-0.0206,17.0301
12/29/2024 22:00,TRBUSDT,-0.0266,17.0035
12/29/2024 22:00,ALPACAUSDT,-0.0258,16.9777
12/29/2024 22:00,RAREUSDT,-0.0236,16.9541
12/29/2024 22:00,ARKMUSDT,-0.0204,16.9337
12/29/2024 22:00,KNCUSDT,-0.0278,16.9059
12/29/2024 22:00,ARPAUSDT,-0.0208,16.8851
12/29/2024 22:00,ETHWUSDT,-0.027,16.8581
12/29/2024 22:00,TRUUSDT,-0.024,16.8341
12/29/2024 22:00,API3USDT,-0.0244,16.8097
12/29/2024 22:00,IOUSDT,-0.0213,16.7884
12/29/2024 22:00,TNSRUSDT,-0.025,16.7634
12/29/2024 22:00,FLMUSDT,-0.0261,16.7373
12/29/2024 22:00,DIAUSDT,-0.0231,16.7142
12/29/2024 22:00,MOVRUSDT,-0.0242,16.69
12/29/2024 22:00,ALICEUSDT,-0.0234,16.6666
12/29/2024 22:00,ARKUSDT,-0.0281,16.6385
12/29/2024 22:00,YGGUSDT,-0.0283,16.6102
12/29/2024 22:00,ATOMUSDT,-0.0258,16.5844
12/29/2024 22:00,ONTUSDT,-0.0231,16.5613
12/29/2024 22:00,JUPUSDT,-0.0247,16.5366
12/29/2024 22:00,THETAUSDT,-0.024,16.5126
12/29/2024 22:00,TLMUSDT,-0.0213,16.4913
12/29/2024 22:00,DYDXUSDT,-0.0262,16.4651
12/29/2024 22:00,LOKAUSDT,-0.0245,16.4406
12/29/2024 22:00,SEIUSDT,-0.0236,16.417
12/29/2024 22:00,MOODENGUSDT,-0.0213,16.3957
12/29/2024 22:00,FLOWUSDT,-0.0218,16.3739
12/29/2024 22:00,ACHUSDT,-0.0276,16.3463
12/29/2024 22:00,AEVOUSDT,-0.0238,16.3225
12/29/2024 22:00,STORJUSDT,-0.0242,16.2983
12/29/2024 22:00,MINAUSDT,-0.0208,16.2775
12/29/2024 22:00,NOTUSDT,-0.0226,16.2549
12/29/2024 22:00,BCHUSDT,-0.0262,16.2287
12/29/2024 22:00,1MBABYDOGEUSDT,-0.0201,16.2086
12/29/2024 22:00,C98USDT,-0.0208,16.1878
12/29/2024 22:00,ORDIUSDT,-0.0226,16.1652
12/29/2024 22:00,1000LUNCUSDT,-0.0237,16.1415
12/29/2024 22:00,SLERFUSDT,-0.0253,16.1162
12/29/2024 22:00,USTCUSDT,-0.0265,16.0897
12/29/2024 22:00,VETUSDT,-0.0242,16.0655
12/29/2024 22:00,RVNUSDT,-0.0213,16.0442
12/29/2024 22:00,FILUSDT,-0.02,16.0242
12/29/2024 22:00,LRCUSDT,-0.0255,15.9987
12/30/2024 4:00,DOGSUSDT,-0.0225,15.9762
12/30/2024 5:45,TUSDT,-0.0219,15.9543
12/30/2024 5:45,ONGUSDT,-0.0217,15.9326
12/30/2024 6:00,OPUSDT,-0.0223,15.9103
12/30/2024 6:00,GASUSDT,-0.0224,15.8879
12/30/2024 6:00,FLOWUSDT,-0.0271,15.8608
12/30/2024 6:00,SLERFUSDT,-0.0237,15.8371
12/30/2024 6:15,WAXPUSDT,-0.0209,15.8162
12/30/2024 10:30,BBUSDT,-0.0305,15.7857
12/30/2024 10:30,WLDUSDT,-0.0222,15.7635
12/30/2024 11:00,EDUUSDT,-0.0238,15.7397
12/30/2024 11:00,LPTUSDT,-0.0214,15.7183
12/30/2024 11:00,CRVUSDT,0.0436,15.7619
12/30/2024 11:00,TWTUSDT,-0.0257,15.7362
12/30/2024 11:00,RLCUSDT,-0.0287,15.7075
12/30/2024 11:00,KSMUSDT,-0.0253,15.6822
12/30/2024 11:00,1000LUNCUSDT,-0.0234,15.6588
12/30/2024 11:00,DASHUSDT,-0.0292,15.6296
12/30/2024 11:45,LDOUSDT,-0.0334,15.5962
12/30/2024 12:30,ATAUSDT,-0.0253,15.5709
12/30/2024 13:15,TRXUSDT,-0.0226,15.5483
12/30/2024 13:30,SFPUSDT,-0.0264,15.5219
12/30/2024 20:30,SWELLUSDT,-0.0204,15.5015
12/31/2024 0:15,POPCATUSDT,-0.0224,15.4791
12/31/2024 0:15,SAGAUSDT,0.0485,15.5276
12/31/2024 0:15,ONDOUSDT,-0.0217,15.5059
12/31/2024 0:15,VANRYUSDT,-0.0212,15.4847
12/31/2024 0:15,MYROUSDT,0.0463,15.531
12/31/2024 0:15,RIFUSDT,-0.0202,15.5108
12/31/2024 0:45,INJUSDT,-0.0203,15.4905
12/31/2024 0:45,MEMEUSDT,-0.0232,15.4673
12/31/2024 0:45,API3USDT,-0.0218,15.4455
12/31/2024 1:00,ILVUSDT,-0.0218,15.4237
12/31/2024 3:00,BANANAUSDT,-0.0218,15.4019
12/31/2024 3:00,SCRUSDT,0.0497,15.4516
12/31/2024 3:00,BSWUSDT,-0.0222,15.4294
12/31/2024 3:00,SNXUSDT,-0.0239,15.4055
12/31/2024 3:00,IOTXUSDT,-0.0206,15.3849
12/31/2024 3:00,ADAUSDT,-0.0269,15.358
12/31/2024 3:30,LQTYUSDT,-0.0209,15.3371
12/31/2024 3:30,ZKUSDT,-0.0227,15.3144
12/31/2024 3:45,BLURUSDT,-0.0233,15.2911
12/31/2024 3:45,RPLUSDT,-0.0206,15.2705
12/31/2024 3:45,KASUSDT,-0.0219,15.2486
12/31/2024 4:15,NULSUSDT,-0.0261,15.2225
12/31/2024 4:15,CHILLGUYUSDT,-0.0242,15.1983
12/31/2024 4:15,BAKEUSDT,-0.0239,15.1744
12/31/2024 4:30,WOOUSDT,-0.0238,15.1506
12/31/2024 4:30,BATUSDT,-0.0214,15.1292
12/31/2024 4:30,ENAUSDT,-0.0267,15.1025
12/31/2024 4:30,BANANAUSDT,-0.0209,15.0816
12/31/2024 4:30,BRETTUSDT,-0.02,15.0616
12/31/2024 4:30,1000XUSDT,-0.0259,15.0357
12/31/2024 4:30,THEUSDT,-0.0212,15.0145
12/31/2024 4:30,SNXUSDT,-0.0216,14.9929
12/31/2024 4:30,REZUSDT,-0.02,14.9729
12/31/2024 4:30,NEIROUSDT,-0.0228,14.9501
12/31/2024 4:30,JOEUSDT,-0.0202,14.9299
12/31/2024 4:30,PEOPLEUSDT,-0.02,14.9099
12/31/2024 4:30,SPELLUSDT,-0.02,14.8899
12/31/2024 4:30,SAGAUSDT,-0.0251,14.8648
12/31/2024 4:30,MAVUSDT,-0.023,14.8418
12/31/2024 4:30,ENSUSDT,-0.0208,14.821
12/31/2024 4:30,DYMUSDT,-0.0231,14.7979
12/31/2024 4:30,DOGSUSDT,-0.0286,14.7693
12/31/2024 4:30,NEOUSDT,-0.0266,14.7427
12/31/2024 4:30,SUPERUSDT,-0.0232,14.7195
12/31/2024 4:30,COMBOUSDT,-0.0284,14.6911
12/31/2024 4:30,VANRYUSDT,-0.0233,14.6678
12/31/2024 4:30,1000000MOGUSDT,-0.0219,14.6459
12/31/2024 4:30,API3USDT,-0.0224,14.6235
12/31/2024 4:30,ATOMUSDT,-0.0243,14.5992
12/31/2024 4:30,ONTUSDT,-0.0218,14.5774
12/31/2024 4:30,TLMUSDT,-0.0245,14.5529
12/31/2024 4:30,SEIUSDT,-0.0213,14.5316
12/31/2024 4:30,AVAXUSDT,-0.0221,14.5095
12/31/2024 4:30,MINAUSDT,-0.0214,14.4881
12/31/2024 4:30,KSMUSDT,-0.0217,14.4664
12/31/2024 4:30,ADAUSDT,-0.0271,14.4393
12/31/2024 4:30,PIXELUSDT,-0.0289,14.4104
12/31/2024 4:30,CHESSUSDT,-0.02,14.3904
12/31/2024 4:45,GRTUSDT,-0.0209,14.3695
12/31/2024 4:45,IDUSDT,-0.0247,14.3448
12/31/2024 4:45,WIFUSDT,-0.0254,14.3194
12/31/2024 4:45,SFPUSDT,-0.0237,14.2957
12/31/2024 4:45,STXUSDT,-0.0207,14.275
12/31/2024 4:45,APTUSDT,-0.0221,14.2529
12/31/2024 4:45,NEARUSDT,-0.0217,14.2312
12/31/2024 4:45,1000FLOKIUSDT,-0.0238,14.2074
12/31/2024 4:45,BIGTIMEUSDT,-0.023,14.1844
12/31/2024 4:45,1000SATSUSDT,-0.0242,14.1602
12/31/2024 4:45,WAXPUSDT,-0.0216,14.1386
12/31/2024 4:45,ONGUSDT,-0.0213,14.1173
12/31/2024 4:45,UMAUSDT,-0.0254,14.0919
12/31/2024 4:45,PNUTUSDT,-0.0248,14.0671
12/31/2024 4:45,GLMUSDT,-0.0221,14.045
12/31/2024 4:45,RAREUSDT,-0.0223,14.0227
12/31/2024 4:45,YFIUSDT,-0.0237,13.999
12/31/2024 4:45,LTCUSDT,-0.0227,13.9763
12/31/2024 4:45,ALICEUSDT,-0.0277,13.9486
12/31/2024 4:45,RUNEUSDT,-0.0252,13.9234
12/31/2024 4:45,SANDUSDT,-0.0207,13.9027
12/31/2024 4:45,BADGERUSDT,-0.022,13.8807
12/31/2024 4:45,KASUSDT,-0.0254,13.8553
12/31/2024 4:45,LINKUSDT,-0.0231,13.8322
12/31/2024 4:45,AEVOUSDT,-0.0255,13.8067
12/31/2024 4:45,LEVERUSDT,-0.0265,13.7802
12/31/2024 4:45,NOTUSDT,-0.0289,13.7513
12/31/2024 4:45,COTIUSDT,-0.0242,13.7271
12/31/2024 4:45,BCHUSDT,-0.0226,13.7045
12/31/2024 4:45,CTSIUSDT,-0.0212,13.6833
12/31/2024 4:45,ZRXUSDT,-0.0253,13.658
12/31/2024 4:45,ORDIUSDT,-0.021,13.637
12/31/2024 4:45,HOTUSDT,-0.0208,13.6162
12/31/2024 4:45,RVNUSDT,-0.0279,13.5883
12/31/2024 6:30,AAVEUSDT,-0.0203,13.568
12/31/2024 6:30,PNUTUSDT,-0.0232,13.5448
12/31/2024 6:30,COWUSDT,-0.0215,13.5233
12/31/2024 6:30,THETAUSDT,-0.0202,13.5031
12/31/2024 7:30,ENAUSDT,-0.022,13.4811
12/31/2024 7:30,SCRTUSDT,-0.0297,13.4514
12/31/2024 12:00,JOEUSDT,0.0492,13.5006
12/31/2024 12:00,RUNEUSDT,0.0454,13.546
12/31/2024 12:00,ALGOUSDT,0.0438,13.5898
12/31/2024 12:15,VIDTUSDT,-0.0231,13.5667
12/31/2024 12:15,BTCUSDT,-0.0204,13.5463
12/31/2024 12:15,RDNTUSDT,-0.0209,13.5254
12/31/2024 12:15,STORJUSDT,-0.0242,13.5012
12/31/2024 12:15,ADAUSDT,-0.025,13.4762
12/31/2024 12:30,IOUSDT,0.0476,13.5238
12/31/2024 12:45,ZKUSDT,-0.0248,13.499
12/31/2024 12:45,SCRTUSDT,-0.0274,13.4716
12/31/2024 13:15,XLMUSDT,-0.0391,13.4325
12/31/2024 13:15,BEAMXUSDT,-0.0264,13.4061
12/31/2024 13:15,PEOPLEUSDT,0.0177,13.4238
12/31/2024 13:15,BNXUSDT,-0.0396,13.3842
12/31/2024 13:15,ETHWUSDT,-0.0343,13.3499
12/31/2024 13:15,LQTYUSDT,0.0198,13.3697
12/31/2024 13:15,MKRUSDT,-0.0345,13.3352
12/31/2024 14:45,RUNEUSDT,-0.0209,13.3143
12/31/2024 16:15,AMBUSDT,-0.0235,13.2908
12/31/2024 22:00,NKNUSDT,-0.0205,13.2703
12/31/2024 22:00,TNSRUSDT,-0.0221,13.2482
12/31/2024 22:00,LQTYUSDT,-0.0208,13.2274
12/31/2024 22:15,BALUSDT,-0.0264,13.201
12/31/2024 22:15,IOTAUSDT,-0.0212,13.1798
12/31/2024 22:15,COSUSDT,-0.0221,13.1577
12/31/2024 22:15,EDUUSDT,-0.0265,13.1312
12/31/2024 22:15,1000XUSDT,-0.0288,13.1024
12/31/2024 22:15,AIUSDT,-0.0226,13.0798
12/31/2024 22:15,QTUMUSDT,-0.0251,13.0547
12/31/2024 22:15,NMRUSDT,-0.0232,13.0315
12/31/2024 22:15,SNXUSDT,-0.02,13.0115
12/31/2024 22:15,GASUSDT,-0.0239,12.9876
12/31/2024 22:15,BEAMXUSDT,-0.0205,12.9671
12/31/2024 22:15,JOEUSDT,-0.0251,12.942
12/31/2024 22:15,PORTALUSDT,-0.0211,12.9209
12/31/2024 22:15,DYMUSDT,0.0479,12.9688
12/31/2024 22:15,ZETAUSDT,-0.0253,12.9435
12/31/2024 22:15,GUSDT,0.0434,12.9869
12/31/2024 22:15,DEFIUSDT,-0.0247,12.9622
12/31/2024 22:15,NTRNUSDT,-0.023,12.9392
12/31/2024 22:15,RAREUSDT,-0.0202,12.919
12/31/2024 22:15,ARPAUSDT,-0.0236,12.8954
12/31/2024 22:15,ILVUSDT,-0.0267,12.8687
12/31/2024 22:15,API3USDT,-0.0244,12.8443
12/31/2024 22:15,KAVAUSDT,-0.0257,12.8186
12/31/2024 22:15,LDOUSDT,0.0365,12.8551
12/31/2024 22:15,VOXELUSDT,-0.0272,12.8279
12/31/2024 22:15,ALICEUSDT,-0.0255,12.8024
12/31/2024 22:15,SUSHIUSDT,-0.0213,12.7811
12/31/2024 22:15,PYTHUSDT,-0.0228,12.7583
12/31/2024 22:15,LOKAUSDT,-0.0279,12.7304
12/31/2024 22:15,SEIUSDT,-0.0225,12.7079
12/31/2024 22:15,AVAXUSDT,-0.0211,12.6868
12/31/2024 22:15,MANTAUSDT,-0.0227,12.6641
12/31/2024 22:15,OXTUSDT,-0.031,12.6331
12/31/2024 22:15,FIOUSDT,-0.0209,12.6122
12/31/2024 22:15,CYBERUSDT,-0.0291,12.5831
12/31/2024 22:15,QUICKUSDT,-0.021,12.5621
12/31/2024 22:15,CHESSUSDT,0,12.5621
12/31/2024 22:30,ALPACAUSDT,-0.0206,12.5415
1/1/2025 2:00,XLMUSDT,0.0486,12.5901
1/1/2025 3:00,IMXUSDT,0.048,12.6381
1/1/2025 3:45,MASKUSDT,-0.0209,12.6172
1/1/2025 3:45,UMAUSDT,0.0486,12.6658
1/1/2025 4:00,1000CATUSDT,0.0421,12.7079
1/1/2025 4:30,STGUSDT,-0.0213,12.6866
1/1/2025 5:45,DENTUSDT,-0.0237,12.6629
1/1/2025 6:00,HIPPOUSDT,0.0484,12.7113
1/1/2025 6:00,FETUSDT,0.047,12.7583
1/1/2025 6:00,PONKEUSDT,0.0464,12.8047
1/1/2025 6:00,GUSDT,0.0439,12.8486
1/1/2025 6:00,WUSDT,-0.0211,12.8275
1/1/2025 6:00,CELOUSDT,0.0451,12.8726
1/1/2025 6:00,ALPACAUSDT,0.0434,12.916
1/1/2025 6:00,FLUXUSDT,0.0445,12.9605
1/1/2025 6:00,PIXELUSDT,-0.0248,12.9357
1/1/2025 6:00,ARBUSDT,0.0492,12.9849
1/1/2025 6:30,BRETTUSDT,0.0478,13.0327
1/1/2025 6:30,UMAUSDT,0.0469,13.0796
1/1/2025 6:30,YGGUSDT,-0.0241,13.0555
1/1/2025 6:30,ONTUSDT,0.0463,13.1018
1/1/2025 7:00,ZENUSDT,-0.0247,13.0771
1/1/2025 8:00,STMXUSDT,0.05,13.1271
1/1/2025 8:15,CHRUSDT,-0.0216,13.1055
1/1/2025 8:15,GHSTUSDT,-0.0243,13.0812
1/1/2025 8:15,ETHFIUSDT,-0.0235,13.0577
1/1/2025 8:15,EDUUSDT,-0.0287,13.029
1/1/2025 8:15,IDUSDT,0.0491,13.0781
1/1/2025 8:15,BBUSDT,-0.0243,13.0538
1/1/2025 8:15,WIFUSDT,0.0428,13.0966
1/1/2025 8:15,QTUMUSDT,-0.0228,13.0738
1/1/2025 8:15,ALTUSDT,-0.0233,13.0505
1/1/2025 8:15,FETUSDT,-0.0217,13.0288
1/1/2025 8:15,HIGHUSDT,-0.0215,13.0073
1/1/2025 8:15,GMXUSDT,0.0484,13.0557
1/1/2025 8:15,SYSUSDT,-0.0226,13.0331
1/1/2025 8:15,NEIROUSDT,-0.021,13.0121
1/1/2025 8:15,MEMEUSDT,-0.0202,12.9919
1/1/2025 8:15,SAGAUSDT,-0.0206,12.9713
1/1/2025 8:15,UMAUSDT,0.05,13.0213
1/1/2025 8:15,HOOKUSDT,0.0435,13.0648
1/1/2025 8:15,GUSDT,0.0469,13.1117
1/1/2025 8:15,IMXUSDT,-0.0253,13.0864
1/1/2025 8:15,XVSUSDT,-0.0326,13.0538
1/1/2025 8:15,BELUSDT,0.0399,13.0937
1/1/2025 8:15,ALPACAUSDT,-0.0266,13.0671
1/1/2025 8:15,TRUUSDT,-0.0239,13.0432
1/1/2025 8:15,API3USDT,-0.022,13.0212
1/1/2025 8:15,DIAUSDT,-0.0228,12.9984
1/1/2025 8:15,BANDUSDT,-0.0208,12.9776
1/1/2025 8:15,RPLUSDT,-0.0293,12.9483
1/1/2025 8:15,SUSHIUSDT,-0.0243,12.924
1/1/2025 8:15,ATOMUSDT,-0.0298,12.8942
1/1/2025 8:15,MBOXUSDT,-0.0211,12.8731
1/1/2025 8:15,FLOWUSDT,0.0421,12.9152
1/1/2025 8:15,COTIUSDT,-0.0236,12.8916
1/1/2025 8:15,FLUXUSDT,0.0424,12.934
1/1/2025 8:15,1000PEPEUSDT,0.049,12.983
1/1/2025 8:15,RIFUSDT,-0.0219,12.9611
1/1/2025 8:15,OGNUSDT,-0.02,12.9411
1/1/2025 8:15,ARBUSDT,-0.0229,12.9182
1/1/2025 8:45,MAGICUSDT,-0.0248,12.8934
1/1/2025 8:45,REZUSDT,-0.0274,12.866
1/1/2025 8:45,NEIROETHUSDT,-0.0224,12.8436
1/1/2025 8:45,ILVUSDT,-0.0217,12.8219
1/1/2025 8:45,MYROUSDT,-0.023,12.7989
1/1/2025 8:45,JTOUSDT,-0.022,12.7769
1/1/2025 8:45,CTSIUSDT,-0.0213,12.7556
1/1/2025 8:45,SLERFUSDT,-0.02,12.7356
1/1/2025 8:45,PIXELUSDT,-0.0226,12.713
1/1/2025 9:15,XAIUSDT,-0.0223,12.6907
1/1/2025 11:45,UXLINKUSDT,-0.0214,12.6693
1/1/2025 15:30,XRPUSDT,0.04,12.7093
1/1/2025 15:45,AAVEUSDT,0.0417,12.751
1/1/2025 15:45,POLUSDT,0.0427,12.7937
1/1/2025 15:45,EOSUSDT,0.042,12.8357
1/1/2025 15:45,ATOMUSDT,0.0431,12.8788
1/1/2025 15:45,JASMYUSDT,0.0462,12.925
1/1/2025 15:45,MINAUSDT,0.0436,12.9686
1/1/2025 15:45,ADAUSDT,0.0408,13.0094
1/1/2025 15:45,DASHUSDT,0.0457,13.0551
1/1/2025 16:00,STEEMUSDT,-0.0265,13.0286
1/1/2025 16:30,SCRTUSDT,-0.0286,13
1/1/2025 17:30,ZECUSDT,0.0444,13.0444
1/1/2025 17:45,SCRUSDT,0.0476,13.092
1/1/2025 18:15,TIAUSDT,0.0482,13.1402
1/1/2025 18:15,POLUSDT,0.0499,13.1901
1/1/2025 18:15,SEIUSDT,0.0465,13.2366
1/1/2025 18:30,VIDTUSDT,0.0454,13.282
1/1/2025 18:30,EDUUSDT,0.047,13.329
1/1/2025 18:30,QTUMUSDT,0.0478,13.3768
1/1/2025 18:30,ASTRUSDT,0.0437,13.4205
1/1/2025 18:30,GASUSDT,0.0498,13.4703
1/1/2025 18:30,OMNIUSDT,0.0483,13.5186
1/1/2025 18:30,APTUSDT,0.0454,13.564
1/1/2025 18:30,1000SHIBUSDT,0.0421,13.6061
1/1/2025 18:30,SAFEUSDT,0.0438,13.6499
1/1/2025 18:30,ENSUSDT,0.0459,13.6958
1/1/2025 18:30,DYMUSDT,0.047,13.7428
1/1/2025 18:30,POLYXUSDT,0.0399,13.7827
1/1/2025 18:30,ZETAUSDT,0.0385,13.8212
1/1/2025 18:30,CATIUSDT,0.0424,13.8636
1/1/2025 18:30,DEFIUSDT,0.0445,13.9081
1/1/2025 18:30,1000XECUSDT,0.0432,13.9513
1/1/2025 18:30,CELOUSDT,0.0454,13.9967
1/1/2025 18:30,KNCUSDT,0.0462,14.0429
1/1/2025 18:30,ARPAUSDT,0.0485,14.0914
1/1/2025 18:30,CKBUSDT,0.0473,14.1387
1/1/2025 18:30,REEFUSDT,0.0461,14.1848
1/1/2025 18:30,RUNEUSDT,0.0481,14.2329
1/1/2025 18:30,ONTUSDT,0.0449,14.2778
1/1/2025 18:30,ZROUSDT,0.0429,14.3207
1/1/2025 18:30,BADGERUSDT,-0.0257,14.295
1/1/2025 18:30,BTCDOMUSDT,0.039,14.334
1/1/2025 18:30,BCHUSDT,0.0449,14.3789
1/1/2025 18:30,STRKUSDT,0.0468,14.4257
1/1/2025 21:15,LUNA2USDT,0.0489,14.4746
1/1/2025 22:30,STGUSDT,-0.0221,14.4525
1/1/2025 22:30,PONKEUSDT,0.0498,14.5023
1/1/2025 22:30,MINAUSDT,0.0467,14.549
1/1/2025 22:45,COSUSDT,0.0496,14.5986
1/1/2025 22:45,SKLUSDT,0.0493,14.6479
1/1/2025 22:45,HMSTRUSDT,0.048,14.6959
1/1/2025 22:45,SWELLUSDT,0.0478,14.7437
1/1/2025 22:45,HOOKUSDT,0.0461,14.7898
1/1/2025 22:45,NKNUSDT,0.0488,14.8386
1/1/2025 22:45,BAKEUSDT,0.0062,14.8448
1/1/2025 22:45,FLOWUSDT,0.05,14.8948
1/1/2025 22:45,KSMUSDT,0.0446,14.9394
1/1/2025 22:45,C98USDT,0.0478,14.9872
1/1/2025 22:45,AKTUSDT,0.05,15.0372
1/1/2025 22:45,SLERFUSDT,0.0486,15.0858
1/1/2025 22:45,OGNUSDT,0.041,15.1268
1/1/2025 23:00,WAXPUSDT,-0.02,15.1068
1/1/2025 23:00,DIAUSDT,0.0497,15.1565
1/1/2025 23:45,NMRUSDT,-0.0498,15.1067
1/2/2025 0:00,ETHFIUSDT,0.0411,15.1478
1/2/2025 0:00,XRPUSDT,0.0333,15.1811
1/2/2025 0:00,LINKUSDT,0.0435,15.2246
1/2/2025 0:00,FLUXUSDT,0.0276,15.2522
1/2/2025 0:15,APEUSDT,0.0359,15.2881
1/2/2025 0:15,BATUSDT,0.0307,15.3188
1/2/2025 0:15,AMBUSDT,0.022,15.3408
1/2/2025 0:15,TUSDT,0.0491,15.3899
1/2/2025 0:15,WIFUSDT,0.0488,15.4387
1/2/2025 0:15,SNXUSDT,0.0322,15.4709
1/2/2025 0:15,1INCHUSDT,0.0218,15.4927
1/2/2025 0:15,FIDAUSDT,0.0262,15.5189
1/2/2025 0:15,NEARUSDT,0.0413,15.5602
1/2/2025 0:15,JOEUSDT,0.0261,15.5863
1/2/2025 0:15,PENDLEUSDT,0.0462,15.6325
1/2/2025 0:15,MEMEUSDT,0.0128,15.6453
1/2/2025 0:15,1000SATSUSDT,0.0375,15.6828
1/2/2025 0:15,MAVUSDT,0.0354,15.7182
1/2/2025 0:15,ONEUSDT,0.0411,15.7593
1/2/2025 0:15,DYMUSDT,0.037,15.7963
1/2/2025 0:15,POLYXUSDT,-0.0219,15.7744
1/2/2025 0:15,DOGEUSDT,0.004,15.7784
1/2/2025 0:15,BSVUSDT,0.0298,15.8082
1/2/2025 0:15,1000XECUSDT,0.0246,15.8328
1/2/2025 0:15,PERPUSDT,0.0305,15.8633
1/2/2025 0:15,BELUSDT,0.0314,15.8947
1/2/2025 0:15,KNCUSDT,0.0365,15.9312
1/2/2025 0:15,NKNUSDT,0.0285,15.9597
1/2/2025 0:15,DIAUSDT,0.0314,15.9911
1/2/2025 0:15,RUNEUSDT,0.0464,16.0375
1/2/2025 0:15,TURBOUSDT,0.0404,16.0779
1/2/2025 0:15,RDNTUSDT,0.0395,16.1174
1/2/2025 0:15,ROSEUSDT,0.0473,16.1647
1/2/2025 0:15,ONTUSDT,0.0394,16.2041
1/2/2025 0:15,ZROUSDT,0.0362,16.2403
1/2/2025 0:15,ZKUSDT,0.0483,16.2886
1/2/2025 0:15,CTSIUSDT,0.0464,16.335
1/2/2025 0:15,C98USDT,0.0471,16.3821
1/2/2025 0:15,LUNA2USDT,0.0381,16.4202
1/2/2025 0:15,SLERFUSDT,0.0455,16.4657
1/2/2025 0:15,RVNUSDT,0.0376,16.5033
1/2/2025 2:15,ZECUSDT,-0.0208,16.4825
1/2/2025 2:30,FXSUSDT,0.0426,16.5251
1/2/2025 2:45,PORTALUSDT,0.0489,16.574
1/2/2025 2:45,HOOKUSDT,-0.0223,16.5517
1/2/2025 2:45,ALPACAUSDT,0.049,16.6007
1/2/2025 2:45,VOXELUSDT,0.0452,16.6459
1/2/2025 2:45,TWTUSDT,-0.0204,16.6255
1/2/2025 2:45,BADGERUSDT,-0.0215,16.604
1/2/2025 2:45,KASUSDT,0.0451,16.6491
1/2/2025 2:45,ETCUSDT,0.0476,16.6967
1/2/2025 3:45,HOTUSDT,0.0443,16.741
1/2/2025 4:00,SOLUSDT,0.0482,16.7892
1/2/2025 4:00,KASUSDT,0.0271,16.8163
1/2/2025 4:30,INJUSDT,0.0411,16.8574
1/2/2025 4:30,VIDTUSDT,0.0478,16.9052
1/2/2025 4:30,AMBUSDT,0.0369,16.9421
1/2/2025 4:30,LITUSDT,0.0357,16.9778
1/2/2025 4:30,BOMEUSDT,-0.0328,16.945
1/2/2025 4:30,GMXUSDT,0.0431,16.9881
1/2/2025 4:30,GASUSDT,0.0452,17.0333
1/2/2025 4:30,SYSUSDT,0.0432,17.0765
1/2/2025 4:30,NEARUSDT,0.0422,17.1187
1/2/2025 4:30,CETUSUSDT,0.0298,17.1485
1/2/2025 4:30,1000FLOKIUSDT,-0.0311,17.1174
1/2/2025 4:30,JOEUSDT,0.0446,17.162
1/2/2025 4:30,SWELLUSDT,-0.0273,17.1347
1/2/2025 4:30,NEIROETHUSDT,-0.034,17.1007
1/2/2025 4:30,CATIUSDT,-0.0304,17.0703
1/2/2025 4:30,SUPERUSDT,0.038,17.1083
1/2/2025 4:30,XVSUSDT,0.0375,17.1458
1/2/2025 4:30,ALPACAUSDT,0.0428,17.1886
1/2/2025 4:30,VOXELUSDT,-0.0217,17.1669
1/2/2025 4:30,MOVRUSDT,-0.029,17.1379
1/2/2025 4:30,BANDUSDT,0.0413,17.1792
1/2/2025 4:30,TURBOUSDT,-0.0299,17.1493
1/2/2025 4:30,RDNTUSDT,-0.0273,17.122
1/2/2025 4:30,PYTHUSDT,-0.025,17.097
1/2/2025 4:30,ACHUSDT,-0.0268,17.0702
1/2/2025 4:30,AEVOUSDT,-0.023,17.0472
1/2/2025 4:30,ETCUSDT,0.0455,17.0927
1/2/2025 4:30,LEVERUSDT,0.0328,17.1255
1/2/2025 4:30,ORDIUSDT,-0.0334,17.0921
1/2/2025 4:30,STRKUSDT,0.0446,17.1367
1/2/2025 4:30,1000LUNCUSDT,-0.0237,17.113
1/2/2025 4:30,TRXUSDT,0.0406,17.1536
1/2/2025 4:30,PIXELUSDT,-0.0272,17.1264
1/2/2025 5:45,1000CHEEMSUSDT,-0.0211,17.1053
1/2/2025 6:15,1000000MOGUSDT,-0.0295,17.0758
1/2/2025 7:00,INJUSDT,0.0485,17.1243
1/2/2025 7:00,GMXUSDT,-0.0226,17.1017
1/2/2025 7:00,DYMUSDT,0.0474,17.1491
1/2/2025 7:15,WOOUSDT,0.0461,17.1952
1/2/2025 7:15,BALUSDT,-0.0207,17.1745
1/2/2025 7:15,AAVEUSDT,-0.0236,17.1509
1/2/2025 7:15,FIDAUSDT,-0.0237,17.1272
1/2/2025 7:15,CETUSUSDT,-0.025,17.1022
1/2/2025 7:15,VANRYUSDT,0.0284,17.1306
1/2/2025 7:15,ALPACAUSDT,0.0494,17.18
1/2/2025 7:15,SEIUSDT,-0.0204,17.1596
1/2/2025 7:15,CTSIUSDT,0.0476,17.2072
1/2/2025 7:15,C98USDT,0.0411,17.2483
1/2/2025 7:15,SLERFUSDT,-0.0216,17.2267
1/2/2025 7:30,DODOXUSDT,-0.0218,17.2049
1/2/2025 8:00,ZETAUSDT,-0.0229,17.182
1/2/2025 8:00,ETHUSDT,0.0463,17.2283
1/2/2025 8:45,RDNTUSDT,-0.0213,17.207
1/2/2025 9:00,SUNUSDT,-0.03,17.177
1/2/2025 9:00,UNIUSDT,0.0481,17.2251
1/2/2025 9:00,POLYXUSDT,-0.0208,17.2043
1/2/2025 9:00,CKBUSDT,-0.028,17.1763
1/2/2025 9:00,KAVAUSDT,-0.0221,17.1542
1/2/2025 9:15,APEUSDT,-0.0201,17.1341
1/2/2025 9:15,AXLUSDT,0.0413,17.1754
1/2/2025 9:15,LITUSDT,0.0481,17.2235
1/2/2025 9:15,SNXUSDT,-0.0207,17.2028
1/2/2025 9:15,SAGAUSDT,-0.0213,17.1815
1/2/2025 9:15,BNTUSDT,-0.0244,17.1571
1/2/2025 9:15,EGLDUSDT,-0.0249,17.1322
1/2/2025 9:15,METISUSDT,-0.0261,17.1061
1/2/2025 9:15,LSKUSDT,-0.0232,17.0829
1/2/2025 9:15,CELOUSDT,-0.02,17.0629
1/2/2025 9:15,ETHWUSDT,-0.0277,17.0352
1/2/2025 9:15,VOXELUSDT,-0.0222,17.013
1/2/2025 9:15,ROSEUSDT,-0.0202,16.9928
1/2/2025 9:15,COTIUSDT,-0.0215,16.9713
1/2/2025 9:30,MTLUSDT,0.0498,17.0211
1/2/2025 9:45,VIDTUSDT,-0.0238,16.9973
1/2/2025 9:45,HIGHUSDT,-0.0235,16.9738
1/2/2025 9:45,REZUSDT,-0.0248,16.949
1/2/2025 9:45,PENDLEUSDT,-0.0249,16.9241
1/2/2025 9:45,HMSTRUSDT,-0.0344,16.8897
1/2/2025 9:45,SUIUSDT,-0.026,16.8637
1/2/2025 9:45,PYTHUSDT,-0.0241,16.8396
1/2/2025 9:45,AEVOUSDT,-0.0335,16.8061
1/2/2025 10:00,1000CHEEMSUSDT,-0.0226,16.7835
1/2/2025 10:30,COTIUSDT,-0.0211,16.7624
1/2/2025 11:00,CETUSUSDT,-0.0214,16.741
1/2/2025 11:30,GUSDT,-0.0216,16.7194
1/2/2025 11:30,GLMUSDT,-0.0203,16.6991
1/2/2025 11:30,ARKUSDT,0.0477,16.7468
1/2/2025 11:30,STORJUSDT,-0.0205,16.7263
1/2/2025 11:30,NOTUSDT,-0.0223,16.704
1/2/2025 11:45,CAKEUSDT,-0.0217,16.6823
1/2/2025 11:45,ENAUSDT,-0.0211,16.6612
1/2/2025 11:45,REZUSDT,-0.0207,16.6405
1/2/2025 11:45,MTLUSDT,0.0479,16.6884
1/2/2025 11:45,SUPERUSDT,-0.0217,16.6667
1/2/2025 11:45,ILVUSDT,-0.0224,16.6443
1/2/2025 11:45,TRUUSDT,-0.0203,16.624
1/2/2025 11:45,RPLUSDT,-0.0207,16.6033
1/2/2025 11:45,TWTUSDT,-0.0207,16.5826
1/2/2025 12:00,RONINUSDT,-0.024,16.5586
1/2/2025 12:00,AMBUSDT,-0.0228,16.5358
1/2/2025 12:00,TUSDT,-0.0222,16.5136
1/2/2025 12:00,LITUSDT,-0.022,16.4916
1/2/2025 12:00,STXUSDT,-0.0238,16.4678
1/2/2025 12:00,SYSUSDT,-0.0244,16.4434
1/2/2025 12:00,BIGTIMEUSDT,-0.0225,16.4209
1/2/2025 12:00,MAVUSDT,-0.02,16.4009
1/2/2025 12:00,BNTUSDT,-0.0226,16.3783
1/2/2025 12:00,WAXPUSDT,-0.0263,16.352
1/2/2025 12:00,HIFIUSDT,-0.0304,16.3216
1/2/2025 12:00,CELOUSDT,-0.02,16.3016
1/2/2025 12:00,1000RATSUSDT,-0.0207,16.2809
1/2/2025 12:00,VANRYUSDT,-0.0361,16.2448
1/2/2025 12:00,ALPACAUSDT,-0.0214,16.2234
1/2/2025 12:00,NULSUSDT,-0.02,16.2034
1/2/2025 12:00,ANKRUSDT,-0.0205,16.1829
1/2/2025 12:00,BTCDOMUSDT,-0.0233,16.1596
1/2/2025 12:00,FLOWUSDT,-0.0228,16.1368
1/2/2025 12:00,LINKUSDT,-0.0211,16.1157
1/2/2025 12:00,ACHUSDT,-0.0205,16.0952
1/2/2025 12:00,LEVERUSDT,-0.0203,16.0749
1/2/2025 12:00,FLUXUSDT,-0.021,16.0539
1/2/2025 12:15,ONDOUSDT,-0.0226,16.0313
1/2/2025 12:30,HIGHUSDT,-0.0227,16.0086
1/2/2025 12:45,VIDTUSDT,-0.0216,15.987
1/2/2025 12:45,BRETTUSDT,-0.0221,15.9649
1/2/2025 12:45,COMBOUSDT,-0.0251,15.9398
1/2/2025 12:45,TNSRUSDT,-0.0224,15.9174
1/2/2025 12:45,MANTAUSDT,-0.0216,15.8958
1/2/2025 12:45,QUICKUSDT,-0.024,15.8718
1/2/2025 13:00,ORDIUSDT,-0.0259,15.8459
1/2/2025 15:45,RLCUSDT,0.0426,15.8885
1/2/2025 16:15,BSVUSDT,-0.0303,15.8582
1/2/2025 20:30,COWUSDT,-0.024,15.8342
1/2/2025 22:00,CHRUSDT,-0.0301,15.8041
1/2/2025 22:00,ACTUSDT,-0.0251,15.779
1/2/2025 22:00,SWELLUSDT,-0.0297,15.7493
1/2/2025 22:00,BNXUSDT,-0.0215,15.7278
1/2/2025 22:00,COWUSDT,-0.0291,15.6987
1/2/2025 22:15,QNTUSDT,-0.021,15.6777
1/2/2025 22:15,DOTUSDT,-0.0234,15.6543
1/2/2025 22:15,ETHWUSDT,-0.0269,15.6274
1/3/2025 0:45,JTOUSDT,0.0208,15.6482
1/3/2025 1:00,TWTUSDT,-0.0221,15.6261
1/3/2025 1:00,XTZUSDT,-0.021,15.6051
1/3/2025 1:00,OXTUSDT,-0.0257,15.5794
1/3/2025 2:45,SSVUSDT,-0.0212,15.5582
1/3/2025 3:45,BEAMXUSDT,-0.0216,15.5366
1/3/2025 3:45,VETUSDT,-0.0212,15.5154
1/3/2025 4:15,MAVUSDT,-0.0211,15.4943
1/3/2025 4:15,LEVERUSDT,-0.0203,15.474
1/3/2025 4:30,CHILLGUYUSDT,-0.024,15.45
1/3/2025 4:30,CYBERUSDT,-0.0206,15.4294
1/3/2025 4:45,LITUSDT,-0.0222,15.4072
1/3/2025 5:45,XMRUSDT,0.0491,15.4563
1/3/2025 6:00,NEARUSDT,-0.0245,15.4318
1/3/2025 6:45,AUCTIONUSDT,-0.0238,15.408
1/3/2025 6:45,SSVUSDT,-0.0209,15.3871
1/3/2025 6:45,AXLUSDT,-0.0225,15.3646
1/3/2025 6:45,AAVEUSDT,0.0428,15.4074
1/3/2025 6:45,WLDUSDT,-0.0261,15.3813
1/3/2025 6:45,PENDLEUSDT,-0.0287,15.3526
1/3/2025 6:45,1000CATUSDT,-0.0236,15.329
1/3/2025 6:45,PNUTUSDT,-0.0233,15.3057
1/3/2025 6:45,LDOUSDT,-0.0202,15.2855
1/3/2025 6:45,ACHUSDT,-0.0204,15.2651
1/3/2025 7:00,GHSTUSDT,-0.0215,15.2436
1/3/2025 7:00,REIUSDT,-0.029,15.2146
1/3/2025 7:00,NFPUSDT,-0.0227,15.1919
1/3/2025 7:00,THEUSDT,-0.032,15.1599
1/3/2025 7:00,HMSTRUSDT,-0.0278,15.1321
1/3/2025 7:00,DYMUSDT,-0.0242,15.1079
1/3/2025 7:00,DOGSUSDT,-0.0231,15.0848
1/3/2025 7:00,POLYXUSDT,-0.0209,15.0639
1/3/2025 7:00,ZETAUSDT,-0.0207,15.0432
1/3/2025 7:00,XVSUSDT,-0.0213,15.0219
1/3/2025 7:00,ALPACAUSDT,-0.0213,15.0006
1/3/2025 7:00,FXSUSDT,-0.0208,14.9798
1/3/2025 7:00,NKNUSDT,-0.0207,14.9591
1/3/2025 7:00,REEFUSDT,-0.0217,14.9374
1/3/2025 7:00,LTCUSDT,-0.0301,14.9073
1/3/2025 7:00,DENTUSDT,-0.021,14.8863
1/3/2025 7:00,YGGUSDT,-0.0248,14.8615
1/3/2025 7:00,MBOXUSDT,-0.0219,14.8396
1/3/2025 7:00,JASMYUSDT,-0.0239,14.8157
1/3/2025 7:00,AEVOUSDT,-0.023,14.7927
1/3/2025 7:00,ALPHAUSDT,-0.0257,14.767
1/3/2025 7:00,CYBERUSDT,-0.0222,14.7448
1/3/2025 7:15,1000RATSUSDT,-0.0221,14.7227
1/3/2025 7:15,MOODENGUSDT,-0.0227,14.7
1/3/2025 7:15,TOKENUSDT,-0.0202,14.6798
1/3/2025 10:30,CHZUSDT,0.0482,14.728
1/3/2025 10:30,QTUMUSDT,0.0489,14.7769
1/3/2025 10:30,AXSUSDT,0.0471,14.824
1/3/2025 10:30,MINAUSDT,0.049,14.873
1/3/2025 10:30,ZILUSDT,0.05,14.923
1/3/2025 11:00,TLMUSDT,0.0498,14.9728
1/3/2025 11:15,FETUSDT,0.0371,15.0099
1/3/2025 11:15,1000SHIBUSDT,0.0432,15.0531
1/3/2025 11:15,ARKMUSDT,0.0479,15.101
1/3/2025 11:15,DIAUSDT,0,15.101
1/3/2025 11:15,CTSIUSDT,0.0435,15.1445
1/3/2025 11:30,JUPUSDT,0.0434,15.1879
1/3/2025 13:15,ENSUSDT,0.0323,15.2202
1/3/2025 13:15,PHBUSDT,0.0374,15.2576
1/3/2025 13:30,BNTUSDT,0.0483,15.3059
1/3/2025 13:30,DOGSUSDT,0.0496,15.3555
1/3/2025 13:30,GMTUSDT,0.0423,15.3978
1/3/2025 13:30,MTLUSDT,0.0483,15.4461
1/3/2025 14:00,CAKEUSDT,0.0485,15.4946
1/3/2025 14:00,SCRUSDT,0.0475,15.5421
1/3/2025 14:00,COMPUSDT,0.0498,15.5919
1/3/2025 14:00,OMNIUSDT,0.0477,15.6396
1/3/2025 14:00,SYSUSDT,0.0464,15.686
1/3/2025 14:00,WAXPUSDT,0.0463,15.7323
1/3/2025 14:00,NTRNUSDT,0.0482,15.7805
1/3/2025 14:00,ICXUSDT,0.0449,15.8254
1/3/2025 14:00,SXPUSDT,0.0472,15.8726
1/3/2025 14:00,LTCUSDT,0.0461,15.9187
1/3/2025 14:00,RDNTUSDT,0.0449,15.9636
1/3/2025 14:00,CELRUSDT,0.0476,16.0112
1/3/2025 14:00,ANKRUSDT,0.0487,16.0599
1/3/2025 14:00,LOKAUSDT,0.0467,16.1066
1/3/2025 14:00,MANTAUSDT,0.0351,16.1417
1/3/2025 14:00,MINAUSDT,0.0466,16.1883
1/3/2025 14:00,COTIUSDT,0.0477,16.236
1/3/2025 14:00,CTSIUSDT,0.0474,16.2834
1/3/2025 14:00,ZRXUSDT,0.0493,16.3327
1/3/2025 14:15,HFTUSDT,0.046,16.3787
1/3/2025 14:15,CHRUSDT,0.0449,16.4236
1/3/2025 14:15,IDUSDT,-0.0215,16.4021
1/3/2025 14:15,WIFUSDT,0.048,16.4501
1/3/2025 14:15,NFPUSDT,0.0455,16.4956
1/3/2025 14:15,STXUSDT,0.0455,16.5411
1/3/2025 14:15,UNIUSDT,0.0475,16.5886
1/3/2025 14:15,BIGTIMEUSDT,0.0452,16.6338
1/3/2025 14:15,WUSDT,-0.0262,16.6076
1/3/2025 14:15,PERPUSDT,-0.0213,16.5863
1/3/2025 14:15,SOLUSDT,-0.0215,16.5648
1/3/2025 14:15,TRUUSDT,0.0468,16.6116
1/3/2025 14:15,IOUSDT,0.0372,16.6488
1/3/2025 14:15,VOXELUSDT,0.0464,16.6952
1/3/2025 14:15,BANDUSDT,0.0497,16.7449
1/3/2025 14:15,ONTUSDT,0.045,16.7899
1/3/2025 14:15,ZKUSDT,0.0461,16.836
1/3/2025 14:15,TLMUSDT,0.0434,16.8794
1/3/2025 14:15,OXTUSDT,0.0394,16.9188
1/3/2025 14:15,ORDIUSDT,0.0469,16.9657
1/3/2025 14:15,RIFUSDT,0.0436,17.0093
1/3/2025 14:15,QUICKUSDT,0.0425,17.0518
1/3/2025 14:15,DASHUSDT,0.0456,17.0974
1/3/2025 14:30,CHZUSDT,0.0416,17.139
1/3/2025 14:30,DOTUSDT,-0.0234,17.1156
1/3/2025 14:30,FLMUSDT,0.0474,17.163
1/3/2025 14:30,AXSUSDT,-0.0209,17.1421
1/3/2025 14:30,AVAXUSDT,-0.0207,17.1214
1/3/2025 14:45,VANRYUSDT,0.0478,17.1692
1/3/2025 16:00,SAFEUSDT,0.0451,17.2143
1/3/2025 18:00,BSWUSDT,-0.0206,17.1937
1/3/2025 18:15,POLYXUSDT,-0.0215,17.1722
1/3/2025 18:15,ZETAUSDT,-0.0216,17.1506
1/3/2025 18:15,BNXUSDT,-0.0217,17.1289
1/3/2025 18:15,RPLUSDT,-0.0211,17.1078
1/3/2025 18:15,YGGUSDT,-0.0209,17.0869
1/3/2025 18:30,SSVUSDT,-0.0269,17.06
1/3/2025 18:30,REIUSDT,-0.0213,17.0387
1/3/2025 18:30,SNXUSDT,-0.02,17.0187
1/3/2025 18:30,JOEUSDT,-0.0201,16.9986
1/3/2025 18:30,MKRUSDT,-0.0275,16.9711
1/3/2025 18:45,JASMYUSDT,-0.0226,16.9485
1/3/2025 19:00,ZECUSDT,-0.0208,16.9277
1/3/2025 19:30,SUNUSDT,-0.0254,16.9023
1/3/2025 19:30,LPTUSDT,-0.0298,16.8725
1/3/2025 19:30,SPELLUSDT,-0.0208,16.8517
1/3/2025 19:30,RVNUSDT,-0.0397,16.812
1/3/2025 20:15,ARUSDT,0.0481,16.8601
1/3/2025 20:30,AMBUSDT,0.0486,16.9087
1/3/2025 20:30,NKNUSDT,-0.021,16.8877
1/3/2025 20:45,ONTUSDT,-0.0207,16.867
1/3/2025 21:15,TUSDT,0.0492,16.9162
1/3/2025 21:15,OPUSDT,-0.0215,16.8947
1/3/2025 21:15,GASUSDT,-0.0219,16.8728
1/3/2025 21:15,ZECUSDT,-0.02,16.8528
1/3/2025 21:15,RLCUSDT,-0.0229,16.8299
1/3/2025 21:30,STEEMUSDT,-0.0227,16.8072
1/3/2025 21:45,FLMUSDT,-0.02,16.7872
1/3/2025 22:15,JOEUSDT,-0.0236,16.7636
1/3/2025 22:15,BSVUSDT,-0.0216,16.742
1/3/2025 22:15,BANDUSDT,-0.0209,16.7211
1/3/2025 22:30,HIFIUSDT,-0.0214,16.6997
1/3/2025 22:30,ARKUSDT,-0.02,16.6797
1/3/2025 23:45,SAFEUSDT,0.0488,16.7285
1/3/2025 23:45,LDOUSDT,-0.0242,16.7043
1/3/2025 23:45,YGGUSDT,-0.0299,16.6744
1/4/2025 0:00,WAXPUSDT,-0.0226,16.6518
1/4/2025 0:00,GOATUSDT,-0.0216,16.6302
1/4/2025 0:00,ALPHAUSDT,-0.0221,16.6081
1/4/2025 0:15,1000SHIBUSDT,-0.0254,16.5827
1/4/2025 5:00,ARKUSDT,0.036,16.6187
1/4/2025 5:15,REIUSDT,-0.0222,16.5965
1/4/2025 5:15,TUSDT,-0.024,16.5725
1/4/2025 5:30,POWRUSDT,0.0492,16.6217
1/4/2025 10:00,DUSKUSDT,-0.0242,16.5975
1/4/2025 10:00,IMXUSDT,-0.0249,16.5726
1/4/2025 10:00,ZENUSDT,-0.0226,16.55
1/4/2025 14:15,FETUSDT,-0.0219,16.5281
1/4/2025 14:15,SEIUSDT,-0.0227,16.5054
1/4/2025 14:30,DRIFTUSDT,-0.0216,16.4838
1/4/2025 14:45,LINAUSDT,-0.02,16.4638
1/4/2025 15:00,CHRUSDT,-0.024,16.4398
1/4/2025 15:00,MANTAUSDT,-0.0213,16.4185
1/5/2025 0:00,SXPUSDT,-0.0277,16.3908
1/5/2025 0:00,LEVERUSDT,-0.026,16.3648
1/5/2025 0:45,TRUUSDT,-0.0214,16.3434
1/5/2025 7:45,SUSHIUSDT,-0.0216,16.3218
1/5/2025 8:00,BRETTUSDT,-0.0352,16.2866
1/5/2025 8:00,BOMEUSDT,-0.0347,16.2519
1/5/2025 8:00,BEAMXUSDT,0.0347,16.2866
1/5/2025 8:00,POLUSDT,-0.0255,16.2611
1/5/2025 8:00,ENSUSDT,0.0362,16.2973
1/5/2025 8:00,ETHWUSDT,-0.03,16.2673
1/5/2025 8:00,REEFUSDT,-0.0278,16.2395
1/5/2025 8:00,IOUSDT,-0.0306,16.2089
1/5/2025 8:00,STRKUSDT,0.0355,16.2444
1/5/2025 8:00,TRXUSDT,0.0434,16.2878
1/5/2025 8:00,TOKENUSDT,-0.0293,16.2585
1/5/2025 9:15,1000CHEEMSUSDT,-0.0218,16.2367
1/5/2025 9:45,SSVUSDT,-0.021,16.2157
1/5/2025 9:45,SAGAUSDT,-0.0205,16.1952
1/5/2025 9:45,BICOUSDT,-0.0213,16.1739
1/5/2025 9:45,TLMUSDT,-0.0222,16.1517
1/5/2025 12:30,STMXUSDT,-0.02,16.1317
1/5/2025 12:30,BELUSDT,-0.0212,16.1105
1/5/2025 13:45,DOGEUSDT,-0.0271,16.0834
1/5/2025 13:45,MKRUSDT,-0.026,16.0574
1/5/2025 13:45,LEVERUSDT,0.0411,16.0985
1/5/2025 14:00,SUNUSDT,-0.0244,16.0741
1/5/2025 14:00,SSVUSDT,-0.0254,16.0487
1/5/2025 14:00,EGLDUSDT,-0.0243,16.0244
1/5/2025 14:00,MYROUSDT,-0.0245,15.9999
1/5/2025 14:15,HIPPOUSDT,-0.021,15.9789
1/5/2025 14:15,QNTUSDT,-0.0222,15.9567
1/5/2025 15:45,RUNEUSDT,-0.0358,15.9209
1/5/2025 16:30,GOATUSDT,0.0476,15.9685
1/5/2025 17:45,QNTUSDT,-0.02,15.9485
1/5/2025 17:45,SCRTUSDT,-0.0203,15.9282
1/5/2025 21:30,NEARUSDT,-0.0208,15.9074
1/5/2025 21:45,GASUSDT,-0.0301,15.8773
1/5/2025 21:45,APTUSDT,-0.023,15.8543
1/5/2025 21:45,TNSRUSDT,-0.0215,15.8328
1/5/2025 22:15,APEUSDT,-0.0206,15.8122
1/5/2025 22:15,IOSTUSDT,-0.0222,15.79
1/5/2025 22:15,WUSDT,-0.0222,15.7678
1/5/2025 22:15,AVAXUSDT,-0.0258,15.742
1/5/2025 22:15,VETUSDT,-0.0227,15.7193
1/5/2025 22:30,IDUSDT,-0.0215,15.6978
1/5/2025 22:30,TRUUSDT,-0.021,15.6768
1/5/2025 22:30,KAVAUSDT,0.0479,15.7247
1/5/2025 22:30,ROSEUSDT,-0.0223,15.7024
1/5/2025 22:30,LOKAUSDT,-0.0207,15.6817
1/5/2025 22:30,MINAUSDT,-0.0228,15.6589
1/5/2025 22:30,CYBERUSDT,-0.0238,15.6351
1/5/2025 22:45,STXUSDT,-0.0281,15.607
1/5/2025 22:45,ALICEUSDT,-0.02,15.587
1/5/2025 23:00,MASKUSDT,-0.0222,15.5648
1/5/2025 23:00,QTUMUSDT,-0.0235,15.5413
1/5/2025 23:00,XRPUSDT,-0.0213,15.52
1/5/2025 23:00,HOTUSDT,-0.0209,15.4991
1/6/2025 3:45,AVAXUSDT,-0.0212,15.4779
1/6/2025 4:45,TUSDT,0.0491,15.527
1/6/2025 5:15,TIAUSDT,-0.0261,15.5009
1/6/2025 5:15,SAFEUSDT,-0.0211,15.4798
1/6/2025 5:15,ENSUSDT,-0.0206,15.4592
1/6/2025 5:15,CRVUSDT,-0.02,15.4392
1/6/2025 5:15,BANDUSDT,-0.0218,15.4174
1/6/2025 5:15,XMRUSDT,0.0499,15.4673
1/6/2025 5:15,SEIUSDT,-0.022,15.4453
1/6/2025 5:15,MKRUSDT,-0.02,15.4253
1/6/2025 5:15,1000PEPEUSDT,-0.024,15.4013
1/6/2025 5:15,LRCUSDT,-0.027,15.3743
1/6/2025 5:30,LPTUSDT,-0.0284,15.3459
1/6/2025 5:30,ICXUSDT,-0.0221,15.3238
1/6/2025 5:30,BLURUSDT,-0.0259,15.2979
1/6/2025 5:30,ZILUSDT,-0.0224,15.2755
1/6/2025 7:00,DENTUSDT,-0.0234,15.2521
1/6/2025 8:30,SSVUSDT,-0.026,15.2261
1/6/2025 8:30,ACEUSDT,-0.0216,15.2045
1/6/2025 8:30,1000BONKUSDT,-0.0203,15.1842
1/6/2025 8:30,TRUUSDT,-0.0222,15.162
1/6/2025 8:30,LDOUSDT,-0.027,15.135
1/6/2025 8:30,OXTUSDT,-0.0219,15.1131
1/6/2025 8:30,1000LUNCUSDT,-0.0261,15.087
1/6/2025 8:30,USTCUSDT,-0.0213,15.0657
1/6/2025 9:30,KSMUSDT,-0.0231,15.0426
1/6/2025 10:00,OMNIUSDT,-0.0245,15.0181
1/6/2025 10:00,SEIUSDT,-0.0224,14.9957
1/6/2025 11:15,AVAXUSDT,-0.0217,14.974
1/6/2025 12:45,TWTUSDT,-0.0206,14.9534
1/6/2025 13:15,ANKRUSDT,-0.0212,14.9322
1/6/2025 13:30,ONTUSDT,-0.0248,14.9074
1/6/2025 14:15,IOTXUSDT,-0.0239,14.8835
1/6/2025 14:45,TRBUSDT,-0.0201,14.8634
1/6/2025 14:45,JUPUSDT,-0.0247,14.8387
1/6/2025 14:45,ZILUSDT,-0.027,14.8117
1/6/2025 14:45,VETUSDT,-0.0283,14.7834
1/6/2025 17:30,BTCDOMUSDT,0.0497,14.8331
1/6/2025 19:30,GLMUSDT,-0.02,14.8131
1/6/2025 20:00,DRIFTUSDT,-0.0206,14.7925
1/6/2025 20:15,BNBUSDT,-0.0217,14.7708
1/6/2025 20:30,COWUSDT,0.0492,14.82
1/7/2025 0:00,POWRUSDT,0.0427,14.8627
1/7/2025 0:45,XVGUSDT,0.046,14.9087
1/7/2025 0:45,RPLUSDT,-0.0203,14.8884
1/7/2025 1:00,GMXUSDT,0.0491,14.9375
1/7/2025 1:00,POPCATUSDT,0.0247,14.9622
1/7/2025 2:15,EGLDUSDT,0.0495,15.0117
1/7/2025 2:15,BICOUSDT,0.0491,15.0608
1/7/2025 2:15,1000RATSUSDT,0.0469,15.1077
1/7/2025 2:15,MOVRUSDT,-0.027,15.0807
1/7/2025 2:15,RPLUSDT,-0.0203,15.0604
1/7/2025 2:15,MBOXUSDT,0.0473,15.1077
1/7/2025 2:15,MYROUSDT,-0.0296,15.0781
1/7/2025 2:15,LEVERUSDT,0.0492,15.1273
1/7/2025 2:15,OXTUSDT,0.0496,15.1769
1/7/2025 2:30,MAGICUSDT,0.0492,15.2261
1/7/2025 2:30,PENDLEUSDT,0.0446,15.2707
1/7/2025 2:30,PORTALUSDT,0,15.2707
1/7/2025 2:30,SAGAUSDT,0.0451,15.3158
1/7/2025 2:30,MTLUSDT,0.0495,15.3653
1/7/2025 2:30,TRUUSDT,0.0498,15.4151
1/7/2025 2:30,KAVAUSDT,-0.0209,15.3942
1/7/2025 2:45,CAKEUSDT,0.0495,15.4437
1/7/2025 2:45,WOOUSDT,0.0467,15.4904
1/7/2025 2:45,VIDTUSDT,0.0456,15.536
1/7/2025 2:45,SSVUSDT,0.0457,15.5817
1/7/2025 2:45,WUSDT,0.0478,15.6295
1/7/2025 2:45,ARPAUSDT,0.0463,15.6758
1/7/2025 2:45,COWUSDT,0.047,15.7228
1/7/2025 2:45,YFIUSDT,-0.0244,15.6984
1/7/2025 2:45,BANDUSDT,0.046,15.7444
1/7/2025 2:45,MORPHOUSDT,-0.0221,15.7223
1/7/2025 2:45,BADGERUSDT,0.0484,15.7707
1/7/2025 2:45,MANTAUSDT,0.0451,15.8158
1/7/2025 2:45,1000PEPEUSDT,0.0483,15.8641
1/7/2025 3:00,SFPUSDT,0.0485,15.9126
1/7/2025 4:15,IOTAUSDT,-0.0209,15.8917
1/7/2025 4:15,RLCUSDT,-0.0203,15.8714
1/7/2025 4:45,CAKEUSDT,-0.0249,15.8465
1/7/2025 4:45,ASTRUSDT,-0.0225,15.824
1/7/2025 4:45,GMTUSDT,0.0482,15.8722
1/7/2025 4:45,ALPACAUSDT,-0.022,15.8502
1/7/2025 4:45,YFIUSDT,-0.0213,15.8289
1/7/2025 5:00,DUSKUSDT,0.0494,15.8783
1/7/2025 5:00,LITUSDT,-0.0237,15.8546
1/7/2025 5:00,XVGUSDT,-0.0314,15.8232
1/7/2025 5:00,GMXUSDT,-0.0202,15.803
1/7/2025 5:00,1INCHUSDT,-0.0206,15.7824
1/7/2025 5:00,PEOPLEUSDT,0.0429,15.8253
1/7/2025 5:00,HMSTRUSDT,-0.0217,15.8036
1/7/2025 5:00,UMAUSDT,-0.0225,15.7811
1/7/2025 5:00,HOOKUSDT,-0.0283,15.7528
1/7/2025 5:00,DEFIUSDT,-0.0239,15.7289
1/7/2025 5:00,PNUTUSDT,-0.0234,15.7055
1/7/2025 5:00,XVSUSDT,-0.0207,15.6848
1/7/2025 5:00,ILVUSDT,-0.0227,15.6621
1/7/2025 5:00,LQTYUSDT,0.0469,15.709
1/7/2025 5:00,EOSUSDT,-0.0222,15.6868
1/7/2025 5:00,BANDUSDT,-0.0262,15.6606
1/7/2025 5:00,ARKUSDT,-0.0269,15.6337
1/7/2025 5:00,YGGUSDT,-0.0234,15.6103
1/7/2025 5:00,ZROUSDT,-0.0246,15.5857
1/7/2025 5:00,DODOXUSDT,0.0496,15.6353
1/7/2025 5:00,KSMUSDT,-0.0205,15.6148
1/7/2025 5:00,ZRXUSDT,-0.0214,15.5934
1/7/2025 5:00,C98USDT,-0.021,15.5724
1/7/2025 5:00,RIFUSDT,-0.0207,15.5517
1/7/2025 5:00,PIXELUSDT,-0.0213,15.5304
1/7/2025 5:15,SAFEUSDT,-0.0277,15.5027
1/7/2025 5:30,ROSEUSDT,-0.0213,15.4814
1/7/2025 6:00,TRXUSDT,-0.0212,15.4602
1/7/2025 7:15,STORJUSDT,0.0477,15.5079
1/7/2025 7:30,DUSKUSDT,0.0495,15.5574
1/7/2025 7:30,GMXUSDT,-0.0226,15.5348
1/7/2025 7:30,SUPERUSDT,0.0452,15.58
1/7/2025 7:30,ETHWUSDT,0.0352,15.6152
1/7/2025 7:30,API3USDT,0.0477,15.6629
1/7/2025 7:30,ACHUSDT,0.0442,15.7071
1/7/2025 8:00,THEUSDT,0.0414,15.7485
1/7/2025 8:00,TOKENUSDT,0.0498,15.7983
1/7/2025 8:30,DOTUSDT,-0.0228,15.7755
1/7/2025 9:00,BCHUSDT,0.0492,15.8247
1/7/2025 9:15,BSWUSDT,0.0477,15.8724
1/7/2025 9:30,PEOPLEUSDT,0.046,15.9184
1/7/2025 9:30,REEFUSDT,-0.0218,15.8966
1/7/2025 10:15,THEUSDT,0.0491,15.9457
1/7/2025 11:30,DUSKUSDT,-0.0366,15.9091
1/7/2025 11:30,LISTAUSDT,0.042,15.9511
1/7/2025 11:30,AUCTIONUSDT,-0.031,15.9201
1/7/2025 11:30,BATUSDT,-0.0344,15.8857
1/7/2025 11:30,TUSDT,0.0319,15.9176
1/7/2025 11:30,STXUSDT,0.0251,15.9427
1/7/2025 11:30,BSWUSDT,0.0373,15.98
1/7/2025 11:30,SNXUSDT,0.0177,15.9977
1/7/2025 11:30,AAVEUSDT,0.0456,16.0433
1/7/2025 11:30,LINAUSDT,0.0303,16.0736
1/7/2025 11:30,SPELLUSDT,0.045,16.1186
1/7/2025 11:30,MAVUSDT,0.0347,16.1533
1/7/2025 11:30,GMTUSDT,-0.0403,16.113
1/7/2025 11:30,1000XECUSDT,0.0316,16.1446
1/7/2025 11:30,SUPERUSDT,-0.0315,16.1131
1/7/2025 11:30,ICXUSDT,0.0362,16.1493
1/7/2025 11:30,SXPUSDT,-0.0318,16.1175
1/7/2025 11:30,SOLUSDT,0.0405,16.158
1/7/2025 11:30,REEFUSDT,-0.0385,16.1195
1/7/2025 11:30,API3USDT,0.0483,16.1678
1/7/2025 11:30,FLMUSDT,-0.0287,16.1391
1/7/2025 11:30,ETHUSDT,0.0317,16.1708
1/7/2025 11:30,AXSUSDT,0.0255,16.1963
1/7/2025 11:30,PYTHUSDT,0.0293,16.2256
1/7/2025 11:30,THETAUSDT,-0.0481,16.1775
1/7/2025 11:30,BADGERUSDT,0.0467,16.2242
1/7/2025 11:30,DODOXUSDT,0.0344,16.2586
1/7/2025 11:30,ORDIUSDT,0.0404,16.299
1/7/2025 11:30,STRKUSDT,0.04,16.339
1/7/2025 11:30,ALPHAUSDT,-0.0368,16.3022
1/7/2025 11:30,CYBERUSDT,-0.0282,16.274
1/7/2025 11:30,PIXELUSDT,0.0337,16.3077
1/7/2025 14:45,CAKEUSDT,0.0461,16.3538
1/7/2025 14:45,RONINUSDT,0.0388,16.3926
1/7/2025 14:45,BRETTUSDT,0.0452,16.4378
1/7/2025 14:45,1000XUSDT,-0.0078,16.43
1/7/2025 14:45,WIFUSDT,0.038,16.468
1/7/2025 14:45,CHZUSDT,0.0426,16.5106
1/7/2025 14:45,BSWUSDT,0.0335,16.5441
1/7/2025 14:45,GMXUSDT,0.0345,16.5786
1/7/2025 14:45,1000BONKUSDT,0.0388,16.6174
1/7/2025 14:45,POLUSDT,0.0408,16.6582
1/7/2025 14:45,AERGOUSDT,0.0471,16.7053
1/7/2025 14:45,WAXPUSDT,0.0418,16.7471
1/7/2025 14:45,HIFIUSDT,0.0448,16.7919
1/7/2025 14:45,ONEUSDT,0.0475,16.8394
1/7/2025 14:45,UMAUSDT,0.0475,16.8869
1/7/2025 14:45,CFXUSDT,0.032,16.9189
1/7/2025 14:45,IMXUSDT,0.035,16.9539
1/7/2025 14:45,AGLDUSDT,0.0467,17.0006
1/7/2025 14:45,GLMUSDT,0.0389,17.0395
1/7/2025 14:45,COWUSDT,0.0395,17.079
1/7/2025 14:45,KAVAUSDT,0.0361,17.1151
1/7/2025 14:45,LQTYUSDT,0.043,17.1581
1/7/2025 14:45,LTCUSDT,0.0401,17.1982
1/7/2025 14:45,RUNEUSDT,0.0443,17.2425
1/7/2025 14:45,CELRUSDT,0.0373,17.2798
1/7/2025 14:45,ROSEUSDT,0.0414,17.3212
1/7/2025 14:45,PYTHUSDT,0.0486,17.3698
1/7/2025 14:45,BADGERUSDT,0.0392,17.409
1/7/2025 14:45,BAKEUSDT,0.0276,17.4366
1/7/2025 14:45,JASMYUSDT,0.0396,17.4762
1/7/2025 14:45,BCHUSDT,0.0237,17.4999
1/7/2025 14:45,ORDIUSDT,0.0316,17.5315
1/7/2025 14:45,STRKUSDT,0.0421,17.5736
1/7/2025 14:45,DASHUSDT,0.0461,17.6197
1/7/2025 14:45,ARBUSDT,0.037,17.6567
1/7/2025 21:30,ETHFIUSDT,0.0495,17.7062
1/7/2025 21:45,CAKEUSDT,0.0487,17.7549
1/7/2025 21:45,DUSKUSDT,0.0474,17.8023
1/7/2025 21:45,ENJUSDT,0.0481,17.8504
1/7/2025 21:45,CHRUSDT,0.047,17.8974
1/7/2025 21:45,QNTUSDT,-0.0203,17.8771
1/7/2025 21:45,VIDTUSDT,0.0477,17.9248
1/7/2025 21:45,MASKUSDT,0.045,17.9698
1/7/2025 21:45,IDUSDT,0.049,18.0188
1/7/2025 21:45,REIUSDT,0.0496,18.0684
1/7/2025 21:45,TUSDT,0.0474,18.1158
1/7/2025 21:45,ACEUSDT,0.0478,18.1636
1/7/2025 21:45,SKLUSDT,0.0481,18.2117
1/7/2025 21:45,QTUMUSDT,0.05,18.2617
1/7/2025 21:45,ASTRUSDT,0.0481,18.3098
1/7/2025 21:45,NMRUSDT,0.0444,18.3542
1/7/2025 21:45,OPUSDT,-0.0229,18.3313
1/7/2025 21:45,GMXUSDT,-0.025,18.3063
1/7/2025 21:45,MANAUSDT,0.0481,18.3544
1/7/2025 21:45,MAGICUSDT,0.0471,18.4015
1/7/2025 21:45,TIAUSDT,0.0445,18.446
1/7/2025 21:45,1INCHUSDT,0.0494,18.4954
1/7/2025 21:45,NEARUSDT,0.0491,18.5445
1/7/2025 21:45,BIGTIMEUSDT,0.0465,18.591
1/7/2025 21:45,AERGOUSDT,0.0491,18.6401
1/7/2025 21:45,BNTUSDT,0.0461,18.6862
1/7/2025 21:45,ONGUSDT,-0.0252,18.661
1/7/2025 21:45,DOGSUSDT,0.0478,18.7088
1/7/2025 21:45,GMTUSDT,0.0442,18.753
1/7/2025 21:45,BSVUSDT,0.0468,18.7998
1/7/2025 21:45,BNBUSDT,-0.0231,18.7767
1/7/2025 21:45,MTLUSDT,-0.022,18.7547
1/7/2025 21:45,NEOUSDT,0.0456,18.8003
1/7/2025 21:45,DEFIUSDT,0.0499,18.8502
1/7/2025 21:45,WUSDT,0.0496,18.8998
1/7/2025 21:45,SUPERUSDT,0.0453,18.9451
1/7/2025 21:45,CELOUSDT,0.0484,18.9935
1/7/2025 21:45,ALPACAUSDT,0.0492,19.0427
1/7/2025 21:45,KNCUSDT,0.0459,19.0886
1/7/2025 21:45,SOLUSDT,0.0458,19.1344
1/7/2025 21:45,ILVUSDT,0.0451,19.1795
1/7/2025 21:45,TRUUSDT,0.0474,19.2269
1/7/2025 21:45,LDOUSDT,0.0448,19.2717
1/7/2025 21:45,ETHUSDT,-0.0202,19.2515
1/7/2025 21:45,BANDUSDT,0.0484,19.2999
1/7/2025 21:45,RPLUSDT,0.0442,19.3441
1/7/2025 21:45,ALICEUSDT,0.047,19.3911
1/7/2025 21:45,RDNTUSDT,0.0447,19.4358
1/7/2025 21:45,ONTUSDT,0.0492,19.485
1/7/2025 21:45,JUPUSDT,0.0456,19.5306
1/7/2025 21:45,PYTHUSDT,0.0479,19.5785
1/7/2025 21:45,ZROUSDT,-0.0239,19.5546
1/7/2025 21:45,MBOXUSDT,0.0464,19.601
1/7/2025 21:45,TLMUSDT,0.0454,19.6464
1/7/2025 21:45,SEIUSDT,0.0456,19.692
1/7/2025 21:45,BAKEUSDT,0.0478,19.7398
1/7/2025 21:45,ZECUSDT,-0.0217,19.7181
1/7/2025 21:45,FLOWUSDT,0.05,19.7681
1/7/2025 21:45,DODOXUSDT,0.0473,19.8154
1/7/2025 21:45,MKRUSDT,0.0466,19.862
1/7/2025 21:45,ACHUSDT,0.0466,19.9086
1/7/2025 21:45,MANTAUSDT,0.0459,19.9545
1/7/2025 21:45,STORJUSDT,-0.0213,19.9332
1/7/2025 21:45,JTOUSDT,0.0446,19.9778
1/7/2025 21:45,KSMUSDT,0.0499,20.0277
1/7/2025 21:45,COTIUSDT,0.0473,20.075
1/7/2025 21:45,CTSIUSDT,0.0457,20.1207
1/7/2025 21:45,STRKUSDT,0.0474,20.1681
1/7/2025 21:45,ALPHAUSDT,0.0479,20.216
1/7/2025 21:45,1000LUNCUSDT,0.0423,20.2583
1/7/2025 21:45,CYBERUSDT,0.0478,20.3061
1/7/2025 21:45,HOTUSDT,0.0496,20.3557
1/7/2025 21:45,USTCUSDT,0.0447,20.4004
1/7/2025 21:45,RIFUSDT,0.0475,20.4479
1/7/2025 21:45,ZILUSDT,0.0471,20.495
1/7/2025 21:45,PIXELUSDT,0.0475,20.5425
1/7/2025 21:45,RVNUSDT,0.0495,20.592
1/7/2025 21:45,LRCUSDT,0.0477,20.6397
1/7/2025 23:00,GHSTUSDT,0.0489,20.6886
1/7/2025 23:00,LDOUSDT,0.0495,20.7381
1/7/2025 23:30,DENTUSDT,0.05,20.7881
1/7/2025 23:45,DUSKUSDT,0.0347,20.8228
1/7/2025 23:45,AUCTIONUSDT,0.0494,20.8722
1/7/2025 23:45,NFPUSDT,0.0492,20.9214
1/7/2025 23:45,ICPUSDT,-0.0239,20.8975
1/7/2025 23:45,BSWUSDT,-0.0202,20.8773
1/7/2025 23:45,TIAUSDT,0.0485,20.9258
1/7/2025 23:45,JOEUSDT,-0.0209,20.9049
1/7/2025 23:45,LINAUSDT,0.0476,20.9525
1/7/2025 23:45,HIFIUSDT,0.0496,21.0021
1/7/2025 23:45,EGLDUSDT,0.0467,21.0488
1/7/2025 23:45,PERPUSDT,-0.0212,21.0276
1/7/2025 23:45,BELUSDT,-0.0218,21.0058
1/7/2025 23:45,CRVUSDT,0.0445,21.0503
1/7/2025 23:45,MOVRUSDT,0.0487,21.099
1/7/2025 23:45,RUNEUSDT,-0.0209,21.0781
1/7/2025 23:45,SUSHIUSDT,-0.0215,21.0566
1/7/2025 23:45,ANKRUSDT,0.0455,21.1021
1/7/2025 23:45,PHBUSDT,0.0462,21.1483
1/7/2025 23:45,LOKAUSDT,0.05,21.1983
1/7/2025 23:45,BAKEUSDT,-0.0211,21.1772
1/7/2025 23:45,AVAXUSDT,-0.0259,21.1513
1/7/2025 23:45,KSMUSDT,-0.0218,21.1295
1/7/2025 23:45,COTIUSDT,-0.0206,21.1089
1/7/2025 23:45,GALAUSDT,-0.0207,21.0882
1/7/2025 23:45,USTCUSDT,0.0481,21.1363
1/8/2025 0:00,STGUSDT,0.0453,21.1816
1/8/2025 0:00,JTOUSDT,0.045,21.2266
1/8/2025 1:00,ENAUSDT,0.0493,21.2759
1/8/2025 1:00,GHSTUSDT,0.0382,21.3141
1/8/2025 1:00,SCRUSDT,0.0497,21.3638
1/8/2025 1:00,XVGUSDT,0.0432,21.407
1/8/2025 1:00,POPCATUSDT,0.0459,21.4529
1/8/2025 1:00,1000CHEEMSUSDT,0.0436,21.4965
1/8/2025 1:00,GOATUSDT,0.0495,21.546
1/8/2025 1:00,UMAUSDT,0.0488,21.5948
1/8/2025 1:00,NTRNUSDT,0.0481,21.6429
1/8/2025 1:00,NULSUSDT,0.049,21.6919
1/8/2025 1:00,COWUSDT,0,21.6919
1/8/2025 1:00,TNSRUSDT,0.0482,21.7401
1/8/2025 1:00,RPLUSDT,0.0496,21.7897
1/8/2025 1:00,RLCUSDT,0.0494,21.8391
1/8/2025 1:30,WOOUSDT,0.0449,21.884
1/8/2025 1:30,CHRUSDT,0.0488,21.9328
1/8/2025 1:30,EDUUSDT,-0.0203,21.9125
1/8/2025 1:30,TIAUSDT,0.0499,21.9624
1/8/2025 1:30,IOSTUSDT,0.0482,22.0106
1/8/2025 1:30,HIFIUSDT,0.0479,22.0585
1/8/2025 1:30,1000XECUSDT,0.0496,22.1081
1/8/2025 1:30,MOVRUSDT,0.0461,22.1542
1/8/2025 1:30,PYTHUSDT,0.0469,22.2011
1/8/2025 1:30,ANKRUSDT,0.0464,22.2475
1/8/2025 1:30,PHBUSDT,0.0494,22.2969
1/8/2025 1:30,LOKAUSDT,0.0491,22.346
1/8/2025 1:30,RIFUSDT,0.0492,22.3952
1/8/2025 1:45,DUSKUSDT,0.0482,22.4434
1/8/2025 2:45,AUCTIONUSDT,0.0489,22.4923
1/8/2025 2:45,SSVUSDT,0.0496,22.5419
1/8/2025 2:45,NFPUSDT,0.0427,22.5846
1/8/2025 2:45,GRASSUSDT,0.05,22.6346
1/8/2025 2:45,FETUSDT,0.0428,22.6774
1/8/2025 2:45,BSWUSDT,0,22.6774
1/8/2025 2:45,COMPUSDT,0.0448,22.7222
1/8/2025 2:45,GASUSDT,0.0468,22.769
1/8/2025 2:45,LPTUSDT,0.0446,22.8136
1/8/2025 2:45,HMSTRUSDT,0.0481,22.8617
1/8/2025 2:45,LINAUSDT,0.0472,22.9089
1/8/2025 2:45,UMAUSDT,0.0384,22.9473
1/8/2025 2:45,RSRUSDT,0.0493,22.9966
1/8/2025 2:45,BANDUSDT,0.0494,23.046
1/8/2025 2:45,PHBUSDT,0.0472,23.0932
1/8/2025 2:45,TLMUSDT,0.0459,23.1391
1/8/2025 2:45,LOKAUSDT,0.0443,23.1834
1/8/2025 2:45,LEVERUSDT,0.047,23.2304
1/8/2025 3:00,HFTUSDT,0.0395,23.2699
1/8/2025 3:00,CHRUSDT,0.0422,23.3121
1/8/2025 3:00,MASKUSDT,0.0365,23.3486
1/8/2025 3:00,IDUSDT,0.0408,23.3894
1/8/2025 3:00,SKLUSDT,0.0419,23.4313
1/8/2025 3:00,QTUMUSDT,0.0343,23.4656
1/8/2025 3:00,SCRUSDT,0.0299,23.4955
1/8/2025 3:00,HIGHUSDT,0.0383,23.5338
1/8/2025 3:00,MANAUSDT,0.0455,23.5793
1/8/2025 3:00,1INCHUSDT,0.0433,23.6226
1/8/2025 3:00,PEOPLEUSDT,0.039,23.6616
1/8/2025 3:00,SPELLUSDT,0.0427,23.7043
1/8/2025 3:00,MAVUSDT,0.0427,23.747
1/8/2025 3:00,ONEUSDT,0.0429,23.7899
1/8/2025 3:00,ENSUSDT,0.0476,23.8375
1/8/2025 3:00,NEIROETHUSDT,0.0454,23.8829
1/8/2025 3:00,NEOUSDT,0.0415,23.9244
1/8/2025 3:00,DEFIUSDT,0.041,23.9654
1/8/2025 3:00,DOTUSDT,0.0431,24.0085
1/8/2025 3:00,1000RATSUSDT,0.0372,24.0457
1/8/2025 3:00,PERPUSDT,0.0442,24.0899
1/8/2025 3:00,REEFUSDT,0.0346,24.1245
1/8/2025 3:00,API3USDT,0.0429,24.1674
1/8/2025 3:00,KAVAUSDT,0.0447,24.2121
1/8/2025 3:00,FLMUSDT,0.0383,24.2504
1/8/2025 3:00,CRVUSDT,0.0474,24.2978
1/8/2025 3:00,EOSUSDT,0.0449,24.3427
1/8/2025 3:00,ALICEUSDT,0.0374,24.3801
1/8/2025 3:00,SUSHIUSDT,-0.0312,24.3489
1/8/2025 3:00,CELRUSDT,0.0252,24.3741
1/8/2025 3:00,ATOMUSDT,0.0464,24.4205
1/8/2025 3:00,MOODENGUSDT,0.0415,24.462
1/8/2025 3:00,ACHUSDT,0.0385,24.5005
1/8/2025 3:00,STORJUSDT,-0.0254,24.4751
1/8/2025 3:00,XTZUSDT,0.0439,24.519
1/8/2025 3:00,OXTUSDT,0.0378,24.5568
1/8/2025 3:00,KSMUSDT,0.0377,24.5945
1/8/2025 3:00,USTCUSDT,0.0345,24.629
1/8/2025 3:00,RIFUSDT,0.0401,24.6691
1/8/2025 3:00,OGNUSDT,0.0409,24.71
1/8/2025 3:00,VETUSDT,0.0403,24.7503
1/8/2025 3:00,RVNUSDT,0.045,24.7953
1/8/2025 3:00,LRCUSDT,0.0431,24.8384
1/8/2025 4:15,VIDTUSDT,0.049,24.8874
1/8/2025 4:15,OMGUSDT,-0.023,24.8644
1/8/2025 4:30,JOEUSDT,0.05,24.9144
1/8/2025 4:30,SAFEUSDT,0.0493,24.9637
1/8/2025 5:45,LISTAUSDT,-0.0249,24.9388
1/8/2025 5:45,LITUSDT,0.05,24.9888
1/8/2025 5:45,RENDERUSDT,0.0492,25.038
1/8/2025 5:45,DENTUSDT,0.0474,25.0854
1/8/2025 5:45,RPLUSDT,0.0497,25.1351
1/8/2025 5:45,CELRUSDT,0.0485,25.1836
1/8/2025 5:45,BAKEUSDT,0.0481,25.2317
1/8/2025 5:45,KSMUSDT,0.0491,25.2808
1/8/2025 5:45,QUICKUSDT,0.05,25.3308
1/8/2025 5:45,ARBUSDT,-0.02,25.3108
1/8/2025 6:00,THETAUSDT,0.0453,25.3561
1/8/2025 6:15,CAKEUSDT,-0.0265,25.3296
1/8/2025 6:15,ENJUSDT,0.0428,25.3724
1/8/2025 6:15,RONINUSDT,-0.0306,25.3418
1/8/2025 6:15,CHRUSDT,0.0495,25.3913
1/8/2025 6:15,SUNUSDT,-0.0214,25.3699
1/8/2025 6:15,GRTUSDT,-0.0266,25.3433
1/8/2025 6:15,SANTOSUSDT,-0.0263,25.317
1/8/2025 6:15,IDUSDT,-0.0289,25.2881
1/8/2025 6:15,REIUSDT,-0.0249,25.2632
1/8/2025 6:15,TUSDT,-0.0218,25.2414
1/8/2025 6:15,CHZUSDT,-0.0255,25.2159
1/8/2025 6:15,SFPUSDT,-0.0305,25.1854
1/8/2025 6:15,SKLUSDT,0.0437,25.2291
1/8/2025 6:15,QTUMUSDT,0.0461,25.2752
1/8/2025 6:15,ASTRUSDT,-0.0248,25.2504
1/8/2025 6:15,ICPUSDT,-0.0243,25.2261
1/8/2025 6:15,NMRUSDT,-0.0275,25.1986
1/8/2025 6:15,COMPUSDT,0.0405,25.2391
1/8/2025 6:15,MANAUSDT,0.0457,25.2848
1/8/2025 6:15,GASUSDT,-0.0203,25.2645
1/8/2025 6:15,UNIUSDT,0.0415,25.306
1/8/2025 6:15,MAGICUSDT,-0.0295,25.2765
1/8/2025 6:15,BEAMXUSDT,-0.0262,25.2503
1/8/2025 6:15,POLUSDT,-0.027,25.2233
1/8/2025 6:15,AERGOUSDT,-0.0224,25.2009
1/8/2025 6:15,LINAUSDT,0.0389,25.2398
1/8/2025 6:15,SPELLUSDT,-0.0275,25.2123
1/8/2025 6:15,SWELLUSDT,0.0479,25.2602
1/8/2025 6:15,1000SATSUSDT,0.0457,25.3059
1/8/2025 6:15,BNTUSDT,-0.0299,25.276
1/8/2025 6:15,WAXPUSDT,-0.025,25.251
1/8/2025 6:15,SAFEUSDT,-0.025,25.226
1/8/2025 6:15,ONGUSDT,-0.023,25.203
1/8/2025 6:15,GOATUSDT,0.0446,25.2476
1/8/2025 6:15,DOGSUSDT,-0.0226,25.225
1/8/2025 6:15,ZETAUSDT,0.0442,25.2692
1/8/2025 6:15,STMXUSDT,-0.0268,25.2424
1/8/2025 6:15,BSVUSDT,-0.0245,25.2179
1/8/2025 6:15,NEOUSDT,-0.0262,25.1917
1/8/2025 6:15,HBARUSDT,0.0465,25.2382
1/8/2025 6:15,1000XECUSDT,-0.023,25.2152
1/8/2025 6:15,CELOUSDT,-0.0223,25.1929
1/8/2025 6:15,XVSUSDT,-0.0239,25.169
1/8/2025 6:15,ONDOUSDT,-0.0214,25.1476
1/8/2025 6:15,ICXUSDT,-0.0253,25.1223
1/8/2025 6:15,BELUSDT,0.0472,25.1695
1/8/2025 6:15,ARKMUSDT,0.0411,25.2106
1/8/2025 6:15,KNCUSDT,-0.0247,25.1859
1/8/2025 6:15,BLURUSDT,0.0461,25.232
1/8/2025 6:15,API3USDT,-0.0265,25.2055
1/8/2025 6:15,KAVAUSDT,-0.0206,25.1849
1/8/2025 6:15,FLMUSDT,-0.0261,25.1588
1/8/2025 6:15,CRVUSDT,0.0376,25.1964
1/8/2025 6:15,MOVRUSDT,0.0416,25.238
1/8/2025 6:15,EOSUSDT,0.0486,25.2866
1/8/2025 6:15,ALICEUSDT,-0.0302,25.2564
1/8/2025 6:15,AXSUSDT,0.0497,25.3061
1/8/2025 6:15,RDNTUSDT,-0.0268,25.2793
1/8/2025 6:15,ROSEUSDT,0.0442,25.3235
1/8/2025 6:15,ONTUSDT,-0.0248,25.2987
1/8/2025 6:15,PYTHUSDT,0.041,25.3397
1/8/2025 6:15,PHBUSDT,0.0428,25.3825
1/8/2025 6:15,MBOXUSDT,0.0415,25.424
1/8/2025 6:15,TLMUSDT,0.0398,25.4638
1/8/2025 6:15,FLOWUSDT,0.0452,25.509
1/8/2025 6:15,DODOXUSDT,-0.0247,25.4843
1/8/2025 6:15,AVAXUSDT,-0.025,25.4593
1/8/2025 6:15,ACHUSDT,0.046,25.5053
1/8/2025 6:15,JASMYUSDT,0.0458,25.5511
1/8/2025 6:15,LEVERUSDT,0.0405,25.5916
1/8/2025 6:15,COTIUSDT,0.0383,25.6299
1/8/2025 6:15,BCHUSDT,-0.0216,25.6083
1/8/2025 6:15,GALAUSDT,0.0448,25.6531
1/8/2025 6:15,C98USDT,0.0438,25.6969
1/8/2025 6:15,LUNA2USDT,-0.0273,25.6696
1/8/2025 6:15,ALPHAUSDT,0.0464,25.716
1/8/2025 6:15,1000LUNCUSDT,-0.0244,25.6916
1/8/2025 6:15,CYBERUSDT,-0.034,25.6576
1/8/2025 6:15,HOTUSDT,0.0394,25.697
1/8/2025 6:15,USTCUSDT,-0.0285,25.6685
1/8/2025 6:15,1000PEPEUSDT,-0.0244,25.6441
1/8/2025 6:15,ZILUSDT,-0.029,25.6151
1/8/2025 6:15,OGNUSDT,-0.0317,25.5834
1/8/2025 6:15,ATAUSDT,0.0423,25.6257
1/8/2025 6:15,VETUSDT,0.0469,25.6726
1/8/2025 6:15,RVNUSDT,-0.02,25.6526
1/8/2025 6:15,FILUSDT,0.0466,25.6992
1/8/2025 6:15,LRCUSDT,-0.0302,25.669
1/8/2025 6:30,BTCUSDT,0.0415,25.7105
1/8/2025 6:30,XVGUSDT,-0.0247,25.6858
1/8/2025 6:30,HIFIUSDT,-0.0231,25.6627
1/8/2025 6:30,ENSUSDT,-0.0251,25.6376
1/8/2025 6:30,POLYXUSDT,-0.0232,25.6144
1/8/2025 6:30,RSRUSDT,0.0393,25.6537
1/8/2025 6:30,BNXUSDT,-0.0219,25.6318
1/8/2025 6:30,ETHWUSDT,-0.0255,25.6063
1/8/2025 6:30,BADGERUSDT,-0.0232,25.5831
1/8/2025 6:30,TRXUSDT,-0.0313,25.5518
1/8/2025 6:45,OMGUSDT,-0.0254,25.5264
1/8/2025 6:45,ZECUSDT,0.0325,25.5589
1/8/2025 9:45,FLOWUSDT,-0.0215,25.5374
1/8/2025 11:30,QTUMUSDT,-0.0291,25.5083
1/8/2025 11:30,FLOWUSDT,-0.0223,25.486
1/8/2025 12:30,PENDLEUSDT,0.0387,25.5247
1/8/2025 12:45,IOTAUSDT,0.044,25.5687
1/8/2025 12:45,GHSTUSDT,-0.0207,25.548
1/8/2025 12:45,ONEUSDT,-0.022,25.526
1/8/2025 12:45,COMBOUSDT,-0.0204,25.5056
1/8/2025 12:45,RUNEUSDT,-0.0214,25.4842
1/8/2025 12:45,YGGUSDT,-0.0215,25.4627
1/8/2025 12:45,ROSEUSDT,-0.0294,25.4333
1/8/2025 15:15,TNSRUSDT,0.0495,25.4828
1/8/2025 16:30,ADAUSDT,0.0486,25.5314
1/8/2025 16:45,ENJUSDT,0.0316,25.563
1/8/2025 16:45,MAGICUSDT,0.0377,25.6007
1/8/2025 16:45,TIAUSDT,0.0437,25.6444
1/8/2025 16:45,XRPUSDT,-0.0215,25.6229
1/8/2025 16:45,BICOUSDT,0.0397,25.6626
1/8/2025 16:45,TNSRUSDT,0.0387,25.7013
1/8/2025 16:45,DRIFTUSDT,0.047,25.7483
1/8/2025 23:30,MKRUSDT,-0.0237,25.7246
1/9/2025 1:00,RONINUSDT,-0.0261,25.6985
1/9/2025 2:30,CYBERUSDT,-0.0231,25.6754
1/9/2025 2:45,1INCHUSDT,-0.0223,25.6531
1/9/2025 4:45,CYBERUSDT,-0.0212,25.6319
1/9/2025 5:15,AXSUSDT,-0.0202,25.6117
1/9/2025 5:15,FLOWUSDT,-0.02,25.5917
1/9/2025 5:30,LOKAUSDT,0.0475,25.6392
1/9/2025 6:00,ZENUSDT,-0.022,25.6172
1/9/2025 6:45,NEARUSDT,0.0483,25.6655
1/9/2025 6:45,SOLUSDT,0.0474,25.7129
1/9/2025 6:45,JUPUSDT,0,25.7129
1/9/2025 6:45,USTCUSDT,0.0441,25.757
1/9/2025 7:15,OMGUSDT,0.0407,25.7977
1/9/2025 7:15,SAFEUSDT,-0.0331,25.7646
1/9/2025 7:15,DENTUSDT,0.0374,25.802
1/9/2025 12:30,XRPUSDT,-0.0203,25.7817
1/9/2025 12:30,NULSUSDT,-0.0227,25.759
1/9/2025 13:30,NEARUSDT,-0.0295,25.7295
1/9/2025 19:30,ASTRUSDT,0,25.7295
1/9/2025 20:45,XVSUSDT,0,25.7295
1/10/2025 2:15,SANTOSUSDT,-0.0205,25.709
1/10/2025 5:30,RONINUSDT,-0.0259,25.6831
1/10/2025 5:30,VIDTUSDT,-0.0243,25.6588
1/10/2025 5:30,REIUSDT,-0.0273,25.6315
1/10/2025 5:30,SAGAUSDT,-0.0353,25.5962
1/10/2025 5:30,PNUTUSDT,-0.0262,25.57
1/10/2025 5:30,RPLUSDT,-0.0271,25.5429
1/10/2025 5:30,MYROUSDT,-0.0368,25.5061
1/10/2025 5:30,MOODENGUSDT,-0.027,25.4791
1/10/2025 5:30,PIXELUSDT,-0.0338,25.4453
1/11/2025 0:45,DOGSUSDT,-0.0216,25.4237
1/11/2025 8:30,SAFEUSDT,-0.0209,25.4028
1/11/2025 8:30,DYMUSDT,-0.0234,25.3794
1/11/2025 12:30,AERGOUSDT,-0.0247,25.3547
1/11/2025 17:00,THEUSDT,-0.0209,25.3338
1/11/2025 17:00,IOUSDT,-0.0203,25.3135
1/11/2025 18:30,IOUSDT,-0.0265,25.287
1/12/2025 2:15,THEUSDT,0.0482,25.3352
1/12/2025 5:30,THEUSDT,-0.0216,25.3136
1/12/2025 5:30,AERGOUSDT,0.0448,25.3584
1/12/2025 7:00,THEUSDT,-0.0245,25.3339
1/12/2025 8:45,ACTUSDT,-0.0248,25.3091
1/12/2025 9:30,HIPPOUSDT,-0.0378,25.2713
1/12/2025 9:30,1000XUSDT,-0.0246,25.2467
1/12/2025 9:30,TNSRUSDT,-0.0265,25.2202
1/12/2025 9:30,STRKUSDT,-0.0266,25.1936
1/13/2025 5:00,STRKUSDT,0.0481,25.2417
1/13/2025 8:15,RONINUSDT,0.048,25.2897
1/13/2025 8:15,REIUSDT,0.0439,25.3336
1/13/2025 8:15,RENDERUSDT,0.0498,25.3834
1/13/2025 8:15,NULSUSDT,0.0476,25.431
1/13/2025 8:15,STRKUSDT,0.0487,25.4797
1/14/2025 1:00,SAGAUSDT,0.0459,25.5256
1/14/2025 1:00,IOUSDT,-0.0256,25.5
1/14/2025 2:15,RONINUSDT,0.0452,25.5452
1/14/2025 2:15,DOGSUSDT,0,25.5452
1/14/2025 4:45,SANTOSUSDT,-0.0219,25.5233
1/14/2025 4:45,TNSRUSDT,0.0478,25.5711
1/14/2025 5:00,POLUSDT,-0.026,25.5451
1/14/2025 5:00,SAGAUSDT,0.0394,25.5845
1/14/2025 5:00,DYMUSDT,0.0471,25.6316
1/14/2025 9:15,RONINUSDT,-0.0293,25.6023
1/15/2025 23:15,DYMUSDT,-0.022,25.5803
